{
    "header": {
        "metadata": [
            {
                "metaName": "adskFileFormatVersion",
                "metaValue": "100L"
            }
        ]
    },
    "namespaces": [],
    "types": [],
    "compounds": [
        {
            "name": "BPM::g2m_bifrost_pack_0::shading::g2m_rgb_color",
            "uriImported": "stream:/stream",
            "metadata": [
                {
                    "metaName": "io_nodes",
                    "metadata": [
                        {
                            "metaName": "io_inodes",
                            "metadata": [
                                {
                                    "metaName": "input",
                                    "metadata": [
                                        {
                                            "metaName": "DisplayMode",
                                            "metaType": "string",
                                            "metaValue": "2"
                                        },
                                        {
                                            "metaName": "LayoutPos",
                                            "metaType": "string",
                                            "metaValue": "-1005 -61"
                                        },
                                        {
                                            "metaName": "io_ports",
                                            "metadata": [
                                                {
                                                    "metaName": "rgb"
                                                },
                                                {
                                                    "metaName": "rgba"
                                                }
                                            ]
                                        }
                                    ]
                                }
                            ]
                        },
                        {
                            "metaName": "io_onodes",
                            "metadata": [
                                {
                                    "metaName": "output",
                                    "metadata": [
                                        {
                                            "metaName": "DisplayMode",
                                            "metaType": "string",
                                            "metaValue": "2"
                                        },
                                        {
                                            "metaName": "LayoutPos",
                                            "metaType": "string",
                                            "metaValue": "-485.878 -61.1215"
                                        },
                                        {
                                            "metaName": "io_ports",
                                            "metadata": [
                                                {
                                                    "metaName": "rgb_out"
                                                },
                                                {
                                                    "metaName": "rgba_out"
                                                }
                                            ]
                                        }
                                    ]
                                }
                            ]
                        }
                    ]
                },
                {
                    "metaName": "ViewportRect",
                    "metaType": "string",
                    "metaValue": "-1707.48 -533.43 1727.68 1161.62"
                },
                {
                    "metaName": "DisplayMode",
                    "metaType": "string",
                    "metaValue": "2"
                },
                {
                    "metaName": "LayoutPos",
                    "metaType": "string",
                    "metaValue": "236.676 -32.0588"
                }
            ],
            "ports": [
                {
                    "portName": "rgb",
                    "portDirection": "input",
                    "portType": "Math::float3",
                    "portDefault": {
                        "x": "1f",
                        "y": "0f",
                        "z": "0f"
                    },
                    "metadata": [
                        {
                            "metaName": "UIWidget",
                            "metaType": "string",
                            "metaValue": "ColorPicker"
                        }
                    ]
                },
                {
                    "portName": "rgb_out",
                    "portDirection": "output",
                    "portType": "Math::float3"
                },
                {
                    "portName": "rgba",
                    "portDirection": "input",
                    "portType": "Math::float4",
                    "portDefault": {
                        "x": "1f",
                        "y": "0f",
                        "z": "0f",
                        "w": "0f"
                    },
                    "metadata": [
                        {
                            "metaName": "UIWidget",
                            "metaType": "string",
                            "metaValue": "ColorPicker"
                        }
                    ]
                },
                {
                    "portName": "rgba_out",
                    "portDirection": "output",
                    "portType": "Math::float4"
                }
            ],
            "compoundNodes": [],
            "connections": [
                {
                    "source": ".rgb",
                    "target": ".rgb_out"
                },
                {
                    "source": ".rgba",
                    "target": ".rgba_out"
                }
            ],
            "reservedNodeNames": [
                {
                    "name": "input"
                },
                {
                    "name": "output"
                }
            ]
        }
    ]
}