{
    "header": {
        "metadata": [
            {
                "metaName": "adskFileFormatVersion",
                "metaValue": "100L"
            }
        ]
    },
    "namespaces": [],
    "types": [],
    "compounds": [
        {
            "name": "BPM::g2m_bifrost_pack_0::math::g2m_project_point_to_vector",
            "uriImported": "stream:/bifrostGraphShape1",
            "metadata": [
                {
                    "metaName": "io_nodes",
                    "metadata": [
                        {
                            "metaName": "io_inodes",
                            "metadata": [
                                {
                                    "metaName": "input",
                                    "metadata": [
                                        {
                                            "metaName": "DisplayMode",
                                            "metaType": "string",
                                            "metaValue": "2"
                                        },
                                        {
                                            "metaName": "LayoutPos",
                                            "metaType": "string",
                                            "metaValue": "-1182.93 -78.0193"
                                        },
                                        {
                                            "metaName": "io_ports",
                                            "metadata": [
                                                {
                                                    "metaName": "point"
                                                },
                                                {
                                                    "metaName": "vector_start"
                                                },
                                                {
                                                    "metaName": "vector_end"
                                                }
                                            ]
                                        }
                                    ]
                                }
                            ]
                        },
                        {
                            "metaName": "io_onodes",
                            "metadata": [
                                {
                                    "metaName": "output",
                                    "metadata": [
                                        {
                                            "metaName": "DisplayMode",
                                            "metaType": "string",
                                            "metaValue": "2"
                                        },
                                        {
                                            "metaName": "LayoutPos",
                                            "metaType": "string",
                                            "metaValue": "2052.85 -41.8295"
                                        },
                                        {
                                            "metaName": "io_ports",
                                            "metadata": [
                                                {
                                                    "metaName": "project_position"
                                                },
                                                {
                                                    "metaName": "reject_position"
                                                },
                                                {
                                                    "metaName": "projection_distance"
                                                },
                                                {
                                                    "metaName": "projected_length"
                                                }
                                            ]
                                        }
                                    ]
                                }
                            ]
                        }
                    ]
                },
                {
                    "metaName": "backdrop1",
                    "metadata": [
                        {
                            "metaName": "type",
                            "metaType": "string",
                            "metaValue": "backdrop"
                        },
                        {
                            "metaName": "coords",
                            "metaType": "string",
                            "metaValue": "808.306 -970.57 1098.52 598.906"
                        },
                        {
                            "metaName": "text",
                            "metaType": "string",
                            "metaValue": "\u756b\u9ede\u548c\u7dab"
                        }
                    ]
                },
                {
                    "metaName": "_recentNode_",
                    "metaType": "string",
                    "metaValue": "BifrostGraph,Core::Math,subtract"
                },
                {
                    "metaName": "_recentNode_",
                    "metaType": "string",
                    "metaValue": "BifrostGraph,Core::Math,length"
                },
                {
                    "metaName": "_recentNode_",
                    "metaType": "string",
                    "metaValue": "BifrostGraph,Core::Array,build_array"
                },
                {
                    "metaName": "_recentNode_",
                    "metaType": "string",
                    "metaValue": "BifrostGraph,Modeling::Instances,create_instances"
                },
                {
                    "metaName": "_recentNode_",
                    "metaType": "string",
                    "metaValue": "BifrostGraph,Geometry::Internal,create_instance_shape"
                },
                {
                    "metaName": "ViewportRect",
                    "metaType": "string",
                    "metaValue": "-374.881 -676.1 2556.34 1356.63"
                },
                {
                    "metaName": "DisplayMode",
                    "metaType": "string",
                    "metaValue": "2"
                },
                {
                    "metaName": "LayoutPos",
                    "metaType": "string",
                    "metaValue": "-685.408 -14.5196"
                },
                {
                    "metaName": "terminal_node_disabled_flags",
                    "metaType": "string",
                    "metaValue": "Core::Graph::terminal::diagnostic"
                }
            ],
            "ports": [
                {
                    "portName": "project_position",
                    "portDirection": "output"
                },
                {
                    "portName": "reject_position",
                    "portDirection": "output"
                },
                {
                    "portName": "projection_distance",
                    "portDirection": "output"
                },
                {
                    "portName": "point",
                    "portDirection": "input",
                    "portType": "Math::float3",
                    "portDefault": {
                        "x": "0f",
                        "y": "0f",
                        "z": "0f"
                    }
                },
                {
                    "portName": "vector_start",
                    "portDirection": "input",
                    "portType": "Math::float3",
                    "portDefault": {
                        "x": "0f",
                        "y": "0f",
                        "z": "0f"
                    }
                },
                {
                    "portName": "vector_end",
                    "portDirection": "input",
                    "portType": "Math::float3",
                    "portDefault": {
                        "x": "0f",
                        "y": "0f",
                        "z": "0f"
                    }
                },
                {
                    "portName": "projected_length",
                    "portDirection": "output"
                }
            ],
            "compoundNodes": [
                {
                    "nodeName": "C",
                    "nodeType": "Core::Math::subtract",
                    "multiInPortNames": [
                        "value",
                        "first1"
                    ],
                    "metadata": [
                        {
                            "metaName": "DisplayMode",
                            "metaType": "string",
                            "metaValue": "2"
                        },
                        {
                            "metaName": "LayoutPos",
                            "metaType": "string",
                            "metaValue": "-337.037 -299.352"
                        }
                    ]
                },
                {
                    "nodeName": "B",
                    "nodeType": "Core::Math::subtract",
                    "multiInPortNames": [
                        "last",
                        "value"
                    ],
                    "metadata": [
                        {
                            "metaName": "DisplayMode",
                            "metaType": "string",
                            "metaValue": "2"
                        },
                        {
                            "metaName": "LayoutPos",
                            "metaType": "string",
                            "metaValue": "-332.536 153.049"
                        }
                    ]
                },
                {
                    "nodeName": "orthogonal_vector",
                    "nodeType": "Core::Math::add",
                    "multiInPortNames": [
                        "orthogonal_vector",
                        "first1"
                    ],
                    "metadata": [
                        {
                            "metaName": "DisplayMode",
                            "metaType": "string",
                            "metaValue": "2"
                        },
                        {
                            "metaName": "LayoutPos",
                            "metaType": "string",
                            "metaValue": "474.701 -115.655"
                        }
                    ]
                },
                {
                    "nodeName": "parallel_vector",
                    "nodeType": "Core::Math::add",
                    "multiInPortNames": [
                        "parallel_vector",
                        "first1"
                    ],
                    "metadata": [
                        {
                            "metaName": "DisplayMode",
                            "metaType": "string",
                            "metaValue": "2"
                        },
                        {
                            "metaName": "LayoutPos",
                            "metaType": "string",
                            "metaValue": "470.95 -351.569"
                        }
                    ]
                },
                {
                    "nodeName": "point",
                    "nodeType": "Core::Graph::pass",
                    "metadata": [
                        {
                            "metaName": "DisplayMode",
                            "metaType": "string",
                            "metaValue": "2"
                        },
                        {
                            "metaName": "LayoutPos",
                            "metaType": "string",
                            "metaValue": "-767.594 -457.507"
                        }
                    ]
                },
                {
                    "nodeName": "project_vector1",
                    "nodeType": "Core::Math::project_vector",
                    "metadata": [
                        {
                            "metaName": "DisplayMode",
                            "metaType": "string",
                            "metaValue": "2"
                        },
                        {
                            "metaName": "LayoutPos",
                            "metaType": "string",
                            "metaValue": "-12.9603 82.5967"
                        }
                    ]
                },
                {
                    "nodeName": "vector_end",
                    "nodeType": "Core::Graph::pass",
                    "metadata": [
                        {
                            "metaName": "DisplayMode",
                            "metaType": "string",
                            "metaValue": "2"
                        },
                        {
                            "metaName": "LayoutPos",
                            "metaType": "string",
                            "metaValue": "-769.691 308.027"
                        }
                    ]
                },
                {
                    "nodeName": "vector_start",
                    "nodeType": "Core::Graph::pass",
                    "metadata": [
                        {
                            "metaName": "DisplayMode",
                            "metaType": "string",
                            "metaValue": "2"
                        },
                        {
                            "metaName": "LayoutPos",
                            "metaType": "string",
                            "metaValue": "-770.19 -75.1233"
                        }
                    ]
                },
                {
                    "nodeName": "construct_points",
                    "nodeType": "Geometry::Points::construct_points",
                    "metadata": [
                        {
                            "metaName": "DisplayMode",
                            "metaType": "string",
                            "metaValue": "2"
                        },
                        {
                            "metaName": "LayoutPos",
                            "metaType": "string",
                            "metaValue": "1436.15 -895.658"
                        }
                    ]
                },
                {
                    "nodeName": "point_scope",
                    "nodeType": "Diagnostic::Display::point_scope",
                    "metadata": [
                        {
                            "metaName": "DisplayMode",
                            "metaType": "string",
                            "metaValue": "2"
                        },
                        {
                            "metaName": "LayoutPos",
                            "metaType": "string",
                            "metaValue": "1674.99 -919.693"
                        },
                        {
                            "metaName": "PortExpandedState",
                            "metadata": [
                                {
                                    "metaName": "Point Shape",
                                    "metaType": "string",
                                    "metaValue": "0"
                                },
                                {
                                    "metaName": "Color",
                                    "metaType": "string",
                                    "metaValue": "0"
                                }
                            ]
                        }
                    ]
                },
                {
                    "nodeName": "vector_start__array",
                    "nodeType": "Core::Array::build_array",
                    "multiInPortNames": [
                        "output",
                        "output1",
                        "output2"
                    ],
                    "metadata": [
                        {
                            "metaName": "DisplayMode",
                            "metaType": "string",
                            "metaValue": "2"
                        },
                        {
                            "metaName": "LayoutPos",
                            "metaType": "string",
                            "metaValue": "841.535 -901.274"
                        }
                    ]
                },
                {
                    "nodeName": "create_arrow_strands",
                    "nodeType": "Modeling::Strands::create_arrow_strands",
                    "metadata": [
                        {
                            "metaName": "DisplayMode",
                            "metaType": "string",
                            "metaValue": "2"
                        },
                        {
                            "metaName": "LayoutPos",
                            "metaType": "string",
                            "metaValue": "1317.28 -678.956"
                        }
                    ]
                },
                {
                    "nodeName": "vector_end_array",
                    "nodeType": "Core::Array::build_array",
                    "multiInPortNames": [
                        "output",
                        "output1",
                        "output2"
                    ],
                    "metadata": [
                        {
                            "metaName": "DisplayMode",
                            "metaType": "string",
                            "metaValue": "2"
                        },
                        {
                            "metaName": "LayoutPos",
                            "metaType": "string",
                            "metaValue": "1014.23 -631.628"
                        }
                    ]
                },
                {
                    "nodeName": "terminal",
                    "nodeType": "Core::Graph::terminal",
                    "fanInPortNames": {
                        "final": [],
                        "proxy": [],
                        "diagnostic": [
                            "diagnostic_geo",
                            "strands"
                        ]
                    },
                    "deactivatedTerminals": [
                        "Core::Graph::terminal::final",
                        "Core::Graph::terminal::proxy"
                    ],
                    "metadata": [
                        {
                            "metaName": "DisplayMode",
                            "metaType": "string",
                            "metaValue": "2"
                        },
                        {
                            "metaName": "LayoutPos",
                            "metaType": "string",
                            "metaValue": "2054.19 -725.377"
                        }
                    ]
                },
                {
                    "nodeName": "build_array",
                    "nodeType": "Core::Array::build_array",
                    "multiInPortNames": [
                        "array1",
                        "output",
                        "output1"
                    ],
                    "metadata": [
                        {
                            "metaName": "DisplayMode",
                            "metaType": "string",
                            "metaValue": "2"
                        },
                        {
                            "metaName": "LayoutPos",
                            "metaType": "string",
                            "metaValue": "1190.53 -924.546"
                        }
                    ]
                },
                {
                    "nodeName": "projected_length",
                    "nodeType": "Core::Math::length",
                    "metadata": [
                        {
                            "metaName": "DisplayMode",
                            "metaType": "string",
                            "metaValue": "2"
                        },
                        {
                            "metaName": "LayoutPos",
                            "metaType": "string",
                            "metaValue": "474.933 136.718"
                        }
                    ]
                },
                {
                    "nodeName": "subtract",
                    "nodeType": "Core::Math::subtract",
                    "multiInPortNames": [
                        "output1",
                        "parallel_vector"
                    ],
                    "metadata": [
                        {
                            "metaName": "DisplayMode",
                            "metaType": "string",
                            "metaValue": "2"
                        },
                        {
                            "metaName": "LayoutPos",
                            "metaType": "string",
                            "metaValue": "475.246 344.364"
                        }
                    ]
                },
                {
                    "nodeName": "Height1",
                    "nodeType": "Core::Math::length",
                    "metadata": [
                        {
                            "metaName": "DisplayMode",
                            "metaType": "string",
                            "metaValue": "2"
                        },
                        {
                            "metaName": "LayoutPos",
                            "metaType": "string",
                            "metaValue": "737.528 319.847"
                        }
                    ]
                }
            ],
            "connections": [
                {
                    "source": "vector_end.output",
                    "target": "B.first.last"
                },
                {
                    "source": "project_vector1.orthogonal_vector",
                    "target": "orthogonal_vector.first.orthogonal_vector"
                },
                {
                    "source": "orthogonal_vector.output",
                    "target": ".reject_position"
                },
                {
                    "source": "project_vector1.parallel_vector",
                    "target": "parallel_vector.first.parallel_vector"
                },
                {
                    "source": "parallel_vector.output",
                    "target": ".project_position"
                },
                {
                    "source": ".point",
                    "target": "point.input"
                },
                {
                    "source": ".vector_end",
                    "target": "vector_end.input"
                },
                {
                    "source": ".vector_start",
                    "target": "vector_start.input"
                },
                {
                    "source": "construct_points.points",
                    "target": "point_scope.point_geo"
                },
                {
                    "source": "parallel_vector.output",
                    "target": "vector_end_array.first.output"
                },
                {
                    "source": "parallel_vector.output",
                    "target": "vector_end_array.first.output1"
                },
                {
                    "source": "orthogonal_vector.output",
                    "target": "vector_end_array.first.output2"
                },
                {
                    "source": "vector_start__array.array",
                    "target": "create_arrow_strands.start_positions"
                },
                {
                    "source": "vector_end_array.array",
                    "target": "create_arrow_strands.end_positions"
                },
                {
                    "source": "point_scope.diagnostic_geo",
                    "target": "terminal.diagnostic.diagnostic_geo"
                },
                {
                    "source": "create_arrow_strands.strands",
                    "target": "terminal.diagnostic.strands"
                },
                {
                    "source": "vector_start.output",
                    "target": "B.first.value"
                },
                {
                    "source": "point.output",
                    "target": "C.first.value"
                },
                {
                    "source": "vector_start.output",
                    "target": "C.first.first1"
                },
                {
                    "source": "point.output",
                    "target": "vector_start__array.first.output1"
                },
                {
                    "source": "point.output",
                    "target": "vector_start__array.first.output2"
                },
                {
                    "source": "vector_start.output",
                    "target": "vector_start__array.first.output"
                },
                {
                    "source": "C.output",
                    "target": "project_vector1.vector"
                },
                {
                    "source": "B.output",
                    "target": "project_vector1.onto_vector"
                },
                {
                    "source": "vector_start.output",
                    "target": "parallel_vector.first.first1"
                },
                {
                    "source": "vector_start.output",
                    "target": "orthogonal_vector.first.first1"
                },
                {
                    "source": "vector_start__array.array",
                    "target": "build_array.first.array1"
                },
                {
                    "source": "parallel_vector.output",
                    "target": "build_array.first.output"
                },
                {
                    "source": "orthogonal_vector.output",
                    "target": "build_array.first.output1"
                },
                {
                    "source": "build_array.array",
                    "target": "construct_points.point_position"
                },
                {
                    "source": "projected_length.length",
                    "target": ".projected_length"
                },
                {
                    "source": "C.output",
                    "target": "subtract.first.output1"
                },
                {
                    "source": "project_vector1.parallel_vector",
                    "target": "subtract.first.parallel_vector"
                },
                {
                    "source": "subtract.output",
                    "target": "Height1.vector"
                },
                {
                    "source": "Height1.length",
                    "target": ".projection_distance"
                },
                {
                    "source": "project_vector1.parallel_vector",
                    "target": "projected_length.vector"
                }
            ],
            "values": [
                {
                    "valueName": "point_scope.shape",
                    "valueType": "Geometry::PointShapes",
                    "value": "Disk"
                },
                {
                    "valueName": "point_scope.default_size",
                    "valueType": "float",
                    "value": "0.0500000007f"
                },
                {
                    "valueName": "point_scope.cull_by_scalar_property",
                    "valueType": "bool",
                    "value": "false"
                },
                {
                    "valueName": "point_scope.cull_property",
                    "valueType": "string",
                    "value": "point_age"
                },
                {
                    "valueName": "point_scope.keep_max_value",
                    "valueType": "float",
                    "value": "3f"
                },
                {
                    "valueName": "point_scope.invert_range",
                    "valueType": "bool",
                    "value": "false"
                },
                {
                    "valueName": "point_scope.coloring_property",
                    "valueType": "string",
                    "value": "point_normal"
                },
                {
                    "valueName": "point_scope.coloring_mode",
                    "valueType": "Diagnostic::ColoringMode",
                    "value": "Color"
                },
                {
                    "valueName": "point_scope.color",
                    "valueType": "Math::float3",
                    "value": {
                        "x": "1f",
                        "y": "1f",
                        "z": "1f"
                    }
                },
                {
                    "valueName": "point_scope.heatmap_R",
                    "valueType": "Amino::FCurve",
                    "value": {
                        "version": "1",
                        "preExtrapolation": "0",
                        "postExtrapolation": "0",
                        "points": [
                            {
                                "point": {
                                    "locked": "1",
                                    "interpolation": "2",
                                    "pcn": {
                                        "xp": "-0.40000000000000002",
                                        "yp": "0.10000000000000001",
                                        "x": "0",
                                        "y": "0.10000000000000001",
                                        "xn": "0.40000000000000002",
                                        "yn": "0.10000000000000001"
                                    }
                                }
                            },
                            {
                                "point": {
                                    "locked": "1",
                                    "interpolation": "2",
                                    "pcn": {
                                        "xp": "9.5999999999999996",
                                        "yp": "1",
                                        "x": "10",
                                        "y": "1",
                                        "xn": "10.4",
                                        "yn": "1"
                                    }
                                }
                            }
                        ]
                    }
                },
                {
                    "valueName": "point_scope.heatmap_G",
                    "valueType": "Amino::FCurve",
                    "value": {
                        "version": "1",
                        "preExtrapolation": "0",
                        "postExtrapolation": "0",
                        "points": [
                            {
                                "point": {
                                    "locked": "1",
                                    "interpolation": "2",
                                    "pcn": {
                                        "xp": "-1.3999999999999999",
                                        "yp": "0",
                                        "x": "-1",
                                        "y": "0",
                                        "xn": "-0.59999999999999998",
                                        "yn": "0"
                                    }
                                }
                            },
                            {
                                "point": {
                                    "locked": "1",
                                    "interpolation": "2",
                                    "pcn": {
                                        "xp": "4.7000000000000002",
                                        "yp": "1",
                                        "x": "5",
                                        "y": "1",
                                        "xn": "5.2999999999999998",
                                        "yn": "1"
                                    }
                                }
                            },
                            {
                                "point": {
                                    "locked": "1",
                                    "interpolation": "2",
                                    "pcn": {
                                        "xp": "9.5999999999999996",
                                        "yp": "0",
                                        "x": "10",
                                        "y": "0",
                                        "xn": "10.4",
                                        "yn": "0"
                                    }
                                }
                            }
                        ]
                    }
                },
                {
                    "valueName": "point_scope.heatmap_B",
                    "valueType": "Amino::FCurve",
                    "value": {
                        "version": "1",
                        "preExtrapolation": "0",
                        "postExtrapolation": "0",
                        "points": [
                            {
                                "point": {
                                    "locked": "1",
                                    "interpolation": "2",
                                    "pcn": {
                                        "xp": "-0.40000000000000002",
                                        "yp": "1",
                                        "x": "0",
                                        "y": "1",
                                        "xn": "0.40000000000000002",
                                        "yn": "1"
                                    }
                                }
                            },
                            {
                                "point": {
                                    "locked": "1",
                                    "interpolation": "2",
                                    "pcn": {
                                        "xp": "9.5999999999999996",
                                        "yp": "0.10000000000000001",
                                        "x": "10",
                                        "y": "0.10000000000000001",
                                        "xn": "10.4",
                                        "yn": "0.10000000000000001"
                                    }
                                }
                            }
                        ]
                    }
                },
                {
                    "valueName": "point_scope.arrow_property",
                    "valueType": "string",
                    "value": "point_velocity"
                },
                {
                    "valueName": "point_scope.normalize_arrow",
                    "valueType": "bool",
                    "value": "false"
                },
                {
                    "valueName": "point_scope.enable_arrows",
                    "valueType": "bool",
                    "value": "false"
                },
                {
                    "valueName": "point_scope.length_scale",
                    "valueType": "float",
                    "value": "1f"
                },
                {
                    "valueName": "create_arrow_strands.arrowhead_size",
                    "valueType": "float",
                    "value": "0.100000001f"
                },
                {
                    "valueName": "create_arrow_strands.stem_width_ratio",
                    "valueType": "float",
                    "value": "0.100000001f"
                }
            ],
            "reservedNodeNames": [
                {
                    "name": "input"
                },
                {
                    "name": "output"
                }
            ]
        }
    ]
}