{
    "header": {
        "metadata": [
            {
                "metaName": "adskFileFormatVersion",
                "metaValue": "100L"
            }
        ]
    },
    "dependencies": [
        {
            "uri": "file:///Math_types.json"
        },
        {
            "uri": "file:///Math_array.json"
        },
        {
            "uri": "file:///Math_char.json"
        },
        {
            "uri": "file:///Math_float.json"
        },
        {
            "uri": "file:///Math_double.json"
        },
        {
            "uri": "file:///Math_uint.json"
        },
        {
            "uri": "file:///Math_short.json"
        },
        {
            "uri": "file:///Math_ulong.json"
        },
        {
            "uri": "file:///Math_int.json"
        },
        {
            "uri": "file:///Math_uchar.json"
        },
        {
            "uri": "file:///Math_ushort.json"
        },
        {
            "uri": "file:///Math_long.json"
        },
        {
            "uri": "file:///increment_decrement.json"
        },
        {
            "uri": "file:///Math_bool.json"
        },
        {
            "uri": "file:///Core_Array_all_any_array.json"
        },
        {
            "uri": "file:///riv_types.json"
        },
        {
            "uri": "file:///bifrost_object_i.json"
        },
        {
            "uri": "file:///point_types.json"
        },
        {
            "uri": "file:///FCurve.json"
        },
        {
            "uri": "file:///riv_ops.json"
        }
    ],
    "namespaces": [],
    "types": [],
    "compounds": [
        {
            "name": "BPM::g2m_bifrost_pack_0::array::g2m_array_resize",
            "uriImported": "stream:/stream",
            "metadata": [
                {
                    "metaName": "documentation",
                    "metaType": "string",
                    "metaValue": "docs/g2m_array_resize.md"
                },
                {
                    "metaName": "icon",
                    "metaType": "string",
                    "metaValue": "icons/g2m_default.png"
                },
                {
                    "metaName": "io_nodes",
                    "metadata": [
                        {
                            "metaName": "io_inodes",
                            "metadata": [
                                {
                                    "metaName": "input",
                                    "metadata": [
                                        {
                                            "metaName": "DisplayMode",
                                            "metaType": "string",
                                            "metaValue": "2"
                                        },
                                        {
                                            "metaName": "LayoutPos",
                                            "metaType": "string",
                                            "metaValue": "-895.825 -149.482"
                                        },
                                        {
                                            "metaName": "io_ports",
                                            "metadata": [
                                                {
                                                    "metaName": "in_array"
                                                },
                                                {
                                                    "metaName": "new_size"
                                                },
                                                {
                                                    "metaName": "remove_first"
                                                },
                                                {
                                                    "metaName": "remove_last"
                                                },
                                                {
                                                    "metaName": "repeat_last"
                                                },
                                                {
                                                    "metaName": "repeat_all"
                                                }
                                            ]
                                        }
                                    ]
                                }
                            ]
                        },
                        {
                            "metaName": "io_onodes",
                            "metadata": [
                                {
                                    "metaName": "output",
                                    "metadata": [
                                        {
                                            "metaName": "DisplayMode",
                                            "metaType": "string",
                                            "metaValue": "2"
                                        },
                                        {
                                            "metaName": "io_ports",
                                            "metadata": [
                                                {
                                                    "metaName": "out_repeat_last"
                                                },
                                                {
                                                    "metaName": "out_repeat_all"
                                                }
                                            ]
                                        },
                                        {
                                            "metaName": "LayoutPos",
                                            "metaType": "string",
                                            "metaValue": "3984.74 413.37"
                                        }
                                    ]
                                }
                            ]
                        }
                    ]
                },
                {
                    "metaName": "backdrop",
                    "metadata": [
                        {
                            "metaName": "type",
                            "metaType": "string",
                            "metaValue": "backdrop"
                        },
                        {
                            "metaName": "text",
                            "metaType": "string",
                            "metaValue": "\u8a08\u7b97\u9700\u8981\u91cd\u8907\u591a\u5c11\u6b21\u624d\u80fd\u7528\u820a\u6578\u7d44\u586b\u6eff\u65b0\u7684\u5c3a\u5bf8\u3002"
                        },
                        {
                            "metaName": "coords",
                            "metaType": "string",
                            "metaValue": "3349.32 -553.597 1208.43 597.479"
                        }
                    ]
                },
                {
                    "metaName": "backdrop1",
                    "metadata": [
                        {
                            "metaName": "type",
                            "metaType": "string",
                            "metaValue": "backdrop"
                        },
                        {
                            "metaName": "text",
                            "metaType": "string",
                            "metaValue": "remove first or/and last element."
                        },
                        {
                            "metaName": "coords",
                            "metaType": "string",
                            "metaValue": "-516.126 -708.209 2886.54 1000.11"
                        },
                        {
                            "metaName": "color",
                            "metaType": "string",
                            "metaValue": "#536b6d"
                        }
                    ]
                },
                {
                    "metaName": "_recentNode_",
                    "metaType": "string",
                    "metaValue": "BifrostGraph,Core::Logic,if"
                },
                {
                    "metaName": "_recentNode_",
                    "metaType": "string",
                    "metaValue": "BifrostGraph,Core::Logic,greater"
                },
                {
                    "metaName": "_recentNode_",
                    "metaType": "string",
                    "metaValue": "BifrostGraph,Core::Array,build_array"
                },
                {
                    "metaName": "_recentNode_",
                    "metaType": "string",
                    "metaValue": "BifrostGraph,Core::Array,last_in_array"
                },
                {
                    "metaName": "_recentNode_",
                    "metaType": "string",
                    "metaValue": "BifrostGraph,Core::Graph,pass"
                },
                {
                    "metaName": "ViewportRect",
                    "metaType": "string",
                    "metaValue": "1694.41 -900.119 3206.64 1819.7"
                },
                {
                    "metaName": "DisplayMode",
                    "metaType": "string",
                    "metaValue": "2"
                },
                {
                    "metaName": "LayoutPos",
                    "metaType": "string",
                    "metaValue": "-250.664 -642.686"
                }
            ],
            "ports": [
                {
                    "portName": "in_array",
                    "portDirection": "input"
                },
                {
                    "portName": "new_size",
                    "portDirection": "input",
                    "portType": "long",
                    "portDefault": "0"
                },
                {
                    "portName": "remove_first",
                    "portDirection": "input",
                    "portType": "bool",
                    "portDefault": "false"
                },
                {
                    "portName": "remove_last",
                    "portDirection": "input",
                    "portType": "bool",
                    "portDefault": "false"
                },
                {
                    "portName": "repeat_last",
                    "portDirection": "input",
                    "portType": "bool",
                    "portDefault": "true"
                },
                {
                    "portName": "repeat_all",
                    "portDirection": "input",
                    "portType": "bool",
                    "portDefault": "false"
                },
                {
                    "portName": "out_repeat_last",
                    "portDirection": "output"
                },
                {
                    "portName": "out_repeat_all",
                    "portDirection": "output"
                }
            ],
            "compoundNodes": [
                {
                    "nodeName": "get_from_array",
                    "nodeType": "Core::Array::get_from_array",
                    "metadata": [
                        {
                            "metaName": "DisplayMode",
                            "metaType": "string",
                            "metaValue": "2"
                        },
                        {
                            "metaName": "LayoutPos",
                            "metaType": "string",
                            "metaValue": "1600.28 -195.972"
                        }
                    ]
                },
                {
                    "nodeName": "array_size",
                    "nodeType": "Core::Array::array_size",
                    "metadata": [
                        {
                            "metaName": "DisplayMode",
                            "metaType": "string",
                            "metaValue": "2"
                        },
                        {
                            "metaName": "LayoutPos",
                            "metaType": "string",
                            "metaValue": "833.069 -68.4285"
                        }
                    ]
                },
                {
                    "nodeName": "sequence_array",
                    "nodeType": "Core::Array::sequence_array",
                    "metadata": [
                        {
                            "metaName": "DisplayMode",
                            "metaType": "string",
                            "metaValue": "2"
                        },
                        {
                            "metaName": "LayoutPos",
                            "metaType": "string",
                            "metaValue": "1380.13 4.64491"
                        }
                    ]
                },
                {
                    "nodeName": "decrement",
                    "nodeType": "Core::Math::decrement",
                    "metadata": [
                        {
                            "metaName": "DisplayMode",
                            "metaType": "string",
                            "metaValue": "2"
                        },
                        {
                            "metaName": "LayoutPos",
                            "metaType": "string",
                            "metaValue": "1113.54 -92.7799"
                        }
                    ]
                },
                {
                    "nodeName": "resize_array",
                    "nodeType": "Core::Array::resize_array",
                    "metadata": [
                        {
                            "metaName": "DisplayMode",
                            "metaType": "string",
                            "metaValue": "2"
                        },
                        {
                            "metaName": "LayoutPos",
                            "metaType": "string",
                            "metaValue": "3250.77 238.235"
                        }
                    ]
                },
                {
                    "nodeName": "if",
                    "nodeType": "Core::Logic::if",
                    "metadata": [
                        {
                            "metaName": "DisplayMode",
                            "metaType": "string",
                            "metaValue": "2"
                        },
                        {
                            "metaName": "LayoutPos",
                            "metaType": "string",
                            "metaValue": "45.3297 -654.908"
                        }
                    ]
                },
                {
                    "nodeName": "value1",
                    "valueType": "char",
                    "metadata": [
                        {
                            "metaName": "DisplayMode",
                            "metaType": "string",
                            "metaValue": "2"
                        },
                        {
                            "metaName": "valuenode_defaultvalue",
                            "metaType": "string",
                            "metaValue": "0"
                        },
                        {
                            "metaName": "LayoutPos",
                            "metaType": "string",
                            "metaValue": "-506.126 -481.703"
                        }
                    ]
                },
                {
                    "nodeName": "if1",
                    "nodeType": "Core::Logic::if",
                    "metadata": [
                        {
                            "metaName": "DisplayMode",
                            "metaType": "string",
                            "metaValue": "2"
                        },
                        {
                            "metaName": "LayoutPos",
                            "metaType": "string",
                            "metaValue": "647.724 -649.814"
                        }
                    ]
                },
                {
                    "nodeName": "increment",
                    "nodeType": "Core::Math::increment",
                    "metadata": [
                        {
                            "metaName": "DisplayMode",
                            "metaType": "string",
                            "metaValue": "2"
                        },
                        {
                            "metaName": "LayoutPos",
                            "metaType": "string",
                            "metaValue": "-270.515 -660.001"
                        }
                    ]
                },
                {
                    "nodeName": "increment1",
                    "nodeType": "Core::Math::increment",
                    "metadata": [
                        {
                            "metaName": "DisplayMode",
                            "metaType": "string",
                            "metaValue": "2"
                        },
                        {
                            "metaName": "LayoutPos",
                            "metaType": "string",
                            "metaValue": "339.521 -698.209"
                        }
                    ]
                },
                {
                    "nodeName": "build_array",
                    "nodeType": "Core::Array::build_array",
                    "multiInPortNames": [
                        "remove_first",
                        "remove_last"
                    ],
                    "metadata": [
                        {
                            "metaName": "DisplayMode",
                            "metaType": "string",
                            "metaValue": "2"
                        },
                        {
                            "metaName": "LayoutPos",
                            "metaType": "string",
                            "metaValue": "1887.98 -571.438"
                        }
                    ]
                },
                {
                    "nodeName": "any_true_in_array",
                    "nodeType": "Core::Array::any_true_in_array",
                    "metadata": [
                        {
                            "metaName": "DisplayMode",
                            "metaType": "string",
                            "metaValue": "2"
                        },
                        {
                            "metaName": "LayoutPos",
                            "metaType": "string",
                            "metaValue": "2137.61 -596.534"
                        }
                    ]
                },
                {
                    "nodeName": "if_remove_element",
                    "nodeType": "Core::Logic::if",
                    "metadata": [
                        {
                            "metaName": "DisplayMode",
                            "metaType": "string",
                            "metaValue": "2"
                        },
                        {
                            "metaName": "LayoutPos",
                            "metaType": "string",
                            "metaValue": "2462.76 -509.615"
                        }
                    ]
                },
                {
                    "nodeName": "divide",
                    "nodeType": "Core::Math::divide",
                    "multiInPortNames": [
                        "output1",
                        "size"
                    ],
                    "metadata": [
                        {
                            "metaName": "DisplayMode",
                            "metaType": "string",
                            "metaValue": "2"
                        },
                        {
                            "metaName": "LayoutPos",
                            "metaType": "string",
                            "metaValue": "3626 -261.979"
                        }
                    ]
                },
                {
                    "nodeName": "new_size",
                    "nodeType": "Core::Graph::pass",
                    "metadata": [
                        {
                            "metaName": "DisplayMode",
                            "metaType": "string",
                            "metaValue": "2"
                        },
                        {
                            "metaName": "LayoutPos",
                            "metaType": "string",
                            "metaValue": "2465.89 -278.279"
                        }
                    ]
                },
                {
                    "nodeName": "array_size1",
                    "nodeType": "Core::Array::array_size",
                    "metadata": [
                        {
                            "metaName": "DisplayMode",
                            "metaType": "string",
                            "metaValue": "2"
                        },
                        {
                            "metaName": "LayoutPos",
                            "metaType": "string",
                            "metaValue": "3359.75 -141.118"
                        }
                    ]
                },
                {
                    "nodeName": "modulo",
                    "nodeType": "Core::Math::modulo",
                    "metadata": [
                        {
                            "metaName": "DisplayMode",
                            "metaType": "string",
                            "metaValue": "2"
                        },
                        {
                            "metaName": "LayoutPos",
                            "metaType": "string",
                            "metaValue": "3762.94 -494.49"
                        }
                    ]
                },
                {
                    "nodeName": "greater",
                    "nodeType": "Core::Logic::greater",
                    "metadata": [
                        {
                            "metaName": "DisplayMode",
                            "metaType": "string",
                            "metaValue": "2"
                        },
                        {
                            "metaName": "LayoutPos",
                            "metaType": "string",
                            "metaValue": "4029.34 -519.043"
                        }
                    ]
                },
                {
                    "nodeName": "if3",
                    "nodeType": "Core::Logic::if",
                    "metadata": [
                        {
                            "metaName": "DisplayMode",
                            "metaType": "string",
                            "metaValue": "2"
                        },
                        {
                            "metaName": "LayoutPos",
                            "metaType": "string",
                            "metaValue": "4322.75 -543.597"
                        }
                    ]
                },
                {
                    "nodeName": "increment2",
                    "nodeType": "Core::Math::increment",
                    "metadata": [
                        {
                            "metaName": "DisplayMode",
                            "metaType": "string",
                            "metaValue": "2"
                        },
                        {
                            "metaName": "LayoutPos",
                            "metaType": "string",
                            "metaValue": "3982.68 -285.79"
                        }
                    ]
                },
                {
                    "nodeName": "repeat_last",
                    "nodeType": "Core::Graph::pass",
                    "metadata": [
                        {
                            "metaName": "DisplayMode",
                            "metaType": "string",
                            "metaValue": "2"
                        },
                        {
                            "metaName": "LayoutPos",
                            "metaType": "string",
                            "metaValue": "2467.09 -66.4031"
                        }
                    ]
                },
                {
                    "nodeName": "repeat_all",
                    "nodeType": "Core::Graph::pass",
                    "metadata": [
                        {
                            "metaName": "DisplayMode",
                            "metaType": "string",
                            "metaValue": "2"
                        },
                        {
                            "metaName": "LayoutPos",
                            "metaType": "string",
                            "metaValue": "2465.99 142.436"
                        }
                    ]
                },
                {
                    "nodeName": "last_in_array",
                    "nodeType": "Core::Array::last_in_array",
                    "metadata": [
                        {
                            "metaName": "DisplayMode",
                            "metaType": "string",
                            "metaValue": "2"
                        },
                        {
                            "metaName": "LayoutPos",
                            "metaType": "string",
                            "metaValue": "2984.49 308.706"
                        }
                    ]
                },
                {
                    "nodeName": "if4",
                    "nodeType": "Core::Logic::if",
                    "metadata": [
                        {
                            "metaName": "DisplayMode",
                            "metaType": "string",
                            "metaValue": "2"
                        },
                        {
                            "metaName": "LayoutPos",
                            "metaType": "string",
                            "metaValue": "3614.69 164.751"
                        }
                    ]
                },
                {
                    "nodeName": "if5",
                    "nodeType": "Core::Logic::if",
                    "metadata": [
                        {
                            "metaName": "DisplayMode",
                            "metaType": "string",
                            "metaValue": "2"
                        },
                        {
                            "metaName": "LayoutPos",
                            "metaType": "string",
                            "metaValue": "3624.3 631.809"
                        }
                    ]
                },
                {
                    "nodeName": "build_array1",
                    "nodeType": "Core::Array::build_array",
                    "multiInPortNames": [
                        "output",
                        "output1"
                    ],
                    "metadata": [
                        {
                            "metaName": "DisplayMode",
                            "metaType": "string",
                            "metaValue": "2"
                        },
                        {
                            "metaName": "LayoutPos",
                            "metaType": "string",
                            "metaValue": "3216.42 681.394"
                        }
                    ]
                }
            ],
            "connections": [
                {
                    "source": ".in_array",
                    "target": "get_from_array.array"
                },
                {
                    "source": ".in_array",
                    "target": "array_size.array"
                },
                {
                    "source": "sequence_array.sequence",
                    "target": "get_from_array.index"
                },
                {
                    "source": "array_size.size",
                    "target": "decrement.value"
                },
                {
                    "source": "decrement.output",
                    "target": "sequence_array.size"
                },
                {
                    "source": ".remove_first",
                    "target": "if.condition"
                },
                {
                    "source": ".remove_last",
                    "target": "if1.condition"
                },
                {
                    "source": "value1.output",
                    "target": "if.false_case"
                },
                {
                    "source": "value1.output",
                    "target": "increment.value"
                },
                {
                    "source": "increment.output",
                    "target": "if.true_case"
                },
                {
                    "source": "if.output",
                    "target": "increment1.value"
                },
                {
                    "source": "increment1.output",
                    "target": "if1.true_case"
                },
                {
                    "source": "if.output",
                    "target": "if1.false_case"
                },
                {
                    "source": "if1.output",
                    "target": "decrement.by"
                },
                {
                    "source": "if.output",
                    "target": "sequence_array.start"
                },
                {
                    "source": ".remove_first",
                    "target": "build_array.first.remove_first"
                },
                {
                    "source": ".remove_last",
                    "target": "build_array.first.remove_last"
                },
                {
                    "source": "build_array.array",
                    "target": "any_true_in_array.array"
                },
                {
                    "source": "any_true_in_array.any_true",
                    "target": "if_remove_element.condition"
                },
                {
                    "source": "get_from_array.value",
                    "target": "if_remove_element.true_case"
                },
                {
                    "source": ".in_array",
                    "target": "if_remove_element.false_case"
                },
                {
                    "source": ".new_size",
                    "target": "new_size.input"
                },
                {
                    "source": "new_size.output",
                    "target": "divide.first.output1"
                },
                {
                    "source": "if_remove_element.output",
                    "target": "array_size1.array"
                },
                {
                    "source": "array_size1.size",
                    "target": "divide.first.size"
                },
                {
                    "source": "new_size.output",
                    "target": "modulo.value"
                },
                {
                    "source": "array_size1.size",
                    "target": "modulo.divisor"
                },
                {
                    "source": "modulo.remainder",
                    "target": "greater.first"
                },
                {
                    "source": "greater.output",
                    "target": "if3.condition"
                },
                {
                    "source": "divide.output",
                    "target": "increment2.value"
                },
                {
                    "source": "increment2.output",
                    "target": "if3.true_case"
                },
                {
                    "source": "divide.output",
                    "target": "if3.false_case"
                },
                {
                    "source": ".repeat_last",
                    "target": "repeat_last.input"
                },
                {
                    "source": ".repeat_all",
                    "target": "repeat_all.input"
                },
                {
                    "source": "new_size.output",
                    "target": "resize_array.new_size"
                },
                {
                    "source": "if_remove_element.output",
                    "target": "resize_array.array"
                },
                {
                    "source": "if_remove_element.output",
                    "target": "last_in_array.array"
                },
                {
                    "source": "last_in_array.last",
                    "target": "resize_array.default"
                },
                {
                    "source": "repeat_last.output",
                    "target": "if4.condition"
                },
                {
                    "source": "resize_array.resized",
                    "target": "if4.true_case"
                },
                {
                    "source": "if_remove_element.output",
                    "target": "if4.false_case"
                },
                {
                    "source": "repeat_all.output",
                    "target": "if5.condition"
                },
                {
                    "source": "if_remove_element.output",
                    "target": "if5.false_case"
                },
                {
                    "source": "if_remove_element.output",
                    "target": "build_array1.first.output"
                },
                {
                    "source": "if_remove_element.output",
                    "target": "build_array1.first.output1"
                },
                {
                    "source": "build_array1.array",
                    "target": "if5.true_case"
                },
                {
                    "source": "if4.output",
                    "target": ".out_repeat_last"
                },
                {
                    "source": "if5.output",
                    "target": ".out_repeat_all"
                }
            ],
            "values": [
                {
                    "valueName": "decrement.by",
                    "valueType": "char",
                    "value": "1"
                },
                {
                    "valueName": "value1.value",
                    "valueType": "char",
                    "value": "0"
                }
            ],
            "reservedNodeNames": [
                {
                    "name": "input"
                },
                {
                    "name": "output"
                }
            ]
        }
    ]
}