{
    "header": {
        "metadata": [
            {
                "metaName": "adskFileFormatVersion",
                "metaValue": "100L"
            }
        ]
    },
    "namespaces": [],
    "types": [],
    "compounds": [
        {
            "name": "BPM::g2m_bifrost_pack_0::math::g2m_triangle_area_SSA",
            "uriImported": "file:///g2m_triangle_area.json",
            "metadata": [
                {
                    "metaName": "documentation",
                    "metaType": "string",
                    "metaValue": "docs/g2m_triangle_area_SSA.md"
                },
                {
                    "metaName": "icon",
                    "metaType": "string",
                    "metaValue": "icons/g2m_default.png"
                },
                {
                    "metaName": "io_nodes",
                    "metadata": [
                        {
                            "metaName": "io_inodes",
                            "metadata": [
                                {
                                    "metaName": "input",
                                    "metadata": [
                                        {
                                            "metaName": "DisplayMode",
                                            "metaType": "string",
                                            "metaValue": "2"
                                        },
                                        {
                                            "metaName": "LayoutPos",
                                            "metaType": "string",
                                            "metaValue": "-569 -61"
                                        },
                                        {
                                            "metaName": "io_ports",
                                            "metadata": [
                                                {
                                                    "metaName": "side_a"
                                                },
                                                {
                                                    "metaName": "side_b"
                                                },
                                                {
                                                    "metaName": "angle_C"
                                                }
                                            ]
                                        }
                                    ]
                                }
                            ]
                        },
                        {
                            "metaName": "io_onodes",
                            "metadata": [
                                {
                                    "metaName": "output",
                                    "metadata": [
                                        {
                                            "metaName": "DisplayMode",
                                            "metaType": "string",
                                            "metaValue": "2"
                                        },
                                        {
                                            "metaName": "LayoutPos",
                                            "metaType": "string",
                                            "metaValue": "550.673 -107.949"
                                        },
                                        {
                                            "metaName": "io_ports",
                                            "metadata": [
                                                {
                                                    "metaName": "triangle_area"
                                                }
                                            ]
                                        }
                                    ]
                                }
                            ]
                        }
                    ]
                },
                {
                    "metaName": "backdrop",
                    "metadata": [
                        {
                            "metaName": "type",
                            "metaType": "string",
                            "metaValue": "backdrop"
                        },
                        {
                            "metaName": "coords",
                            "metaType": "string",
                            "metaValue": "-539.659 -247.409 437.073 163.839"
                        },
                        {
                            "metaName": "text",
                            "metaType": "string",
                            "metaValue": "\u8a08\u7b97\u4e09\u89d2\u5f62\u7684\u9762\u7a4d\n\n\u53c3\u8003\uff1ahttps://www.calculator.net/triangle-calculator.html\n\n\u8f38\u5165\uff1a\na \u908a\nb \u908a\nC \u89d2(\u55ae\u4f4d\uff1a\u5f27\u5ea6)"
                        }
                    ]
                },
                {
                    "metaName": "ViewportRect",
                    "metaType": "string",
                    "metaValue": "-612.491 -366.447 1186.28 628.603"
                },
                {
                    "metaName": "DisplayMode",
                    "metaType": "string",
                    "metaValue": "2"
                },
                {
                    "metaName": "LayoutPos",
                    "metaType": "string",
                    "metaValue": "1724.17 -36.1542"
                }
            ],
            "ports": [
                {
                    "portName": "triangle_area",
                    "portDirection": "output"
                },
                {
                    "portName": "side_a",
                    "portDirection": "input",
                    "portType": "float",
                    "portDefault": "0f"
                },
                {
                    "portName": "side_b",
                    "portDirection": "input",
                    "portType": "float",
                    "portDefault": "0f"
                },
                {
                    "portName": "angle_C",
                    "portDirection": "input",
                    "portType": "float"
                }
            ],
            "compoundNodes": [
                {
                    "nodeName": "Area",
                    "nodeType": "Core::Math::half_of",
                    "metadata": [
                        {
                            "metaName": "DisplayMode",
                            "metaType": "string",
                            "metaValue": "2"
                        },
                        {
                            "metaName": "LayoutPos",
                            "metaType": "string",
                            "metaValue": "293.682 -107.865"
                        }
                    ]
                },
                {
                    "nodeName": "multiply3",
                    "nodeType": "Core::Math::multiply",
                    "multiInPortNames": [
                        "side_a",
                        "side_b",
                        "sine"
                    ],
                    "metadata": [
                        {
                            "metaName": "DisplayMode",
                            "metaType": "string",
                            "metaValue": "2"
                        },
                        {
                            "metaName": "LayoutPos",
                            "metaType": "string",
                            "metaValue": "17.5274 -83.9028"
                        }
                    ]
                },
                {
                    "nodeName": "sin",
                    "nodeType": "Core::Math::sin",
                    "metadata": [
                        {
                            "metaName": "DisplayMode",
                            "metaType": "string",
                            "metaValue": "2"
                        },
                        {
                            "metaName": "LayoutPos",
                            "metaType": "string",
                            "metaValue": "-258.301 37.4527"
                        }
                    ]
                }
            ],
            "connections": [
                {
                    "source": "multiply3.output",
                    "target": "Area.value"
                },
                {
                    "source": "Area.half_value",
                    "target": ".triangle_area"
                },
                {
                    "source": ".side_a",
                    "target": "multiply3.first.side_a"
                },
                {
                    "source": ".side_b",
                    "target": "multiply3.first.side_b"
                },
                {
                    "source": "sin.sine",
                    "target": "multiply3.first.sine"
                },
                {
                    "source": ".angle_C",
                    "target": "sin.value"
                }
            ],
            "values": [],
            "reservedNodeNames": [
                {
                    "name": "input"
                },
                {
                    "name": "output"
                }
            ]
        }
    ]
}