{
    "header": {
        "metadata": [
            {
                "metaName": "adskFileFormatVersion",
                "metaValue": "100L"
            }
        ]
    },
    "namespaces": [],
    "types": [],
    "compounds": [
        {
            "name": "BPM::g2m_bifrost_pack_0::array::g2m_get_four_elements",
            "uriImported": "stream:/stream",
            "metadata": [
                {
                    "metaName": "io_nodes",
                    "metadata": [
                        {
                            "metaName": "io_inodes",
                            "metadata": [
                                {
                                    "metaName": "input",
                                    "metadata": [
                                        {
                                            "metaName": "DisplayMode",
                                            "metaType": "string",
                                            "metaValue": "2"
                                        },
                                        {
                                            "metaName": "LayoutPos",
                                            "metaType": "string",
                                            "metaValue": "-1009.77 -101.374"
                                        },
                                        {
                                            "metaName": "io_ports",
                                            "metadata": [
                                                {
                                                    "metaName": "array"
                                                },
                                                {
                                                    "metaName": "offset"
                                                }
                                            ]
                                        }
                                    ]
                                }
                            ]
                        },
                        {
                            "metaName": "io_onodes",
                            "metadata": [
                                {
                                    "metaName": "output",
                                    "metadata": [
                                        {
                                            "metaName": "DisplayMode",
                                            "metaType": "string",
                                            "metaValue": "2"
                                        },
                                        {
                                            "metaName": "LayoutPos",
                                            "metaType": "string",
                                            "metaValue": "370.644 -209.218"
                                        },
                                        {
                                            "metaName": "io_ports",
                                            "metadata": [
                                                {
                                                    "metaName": "first"
                                                },
                                                {
                                                    "metaName": "second"
                                                },
                                                {
                                                    "metaName": "third"
                                                },
                                                {
                                                    "metaName": "fourth"
                                                }
                                            ]
                                        }
                                    ]
                                }
                            ]
                        }
                    ]
                },
                {
                    "metaName": "_recentNode_",
                    "metaType": "string",
                    "metaValue": "BifrostGraph,Core::Math,add"
                },
                {
                    "metaName": "_recentNode_",
                    "metaType": "string",
                    "metaValue": "BifrostGraph,Core::Math,increment"
                },
                {
                    "metaName": "_recentNode_",
                    "metaType": "string",
                    "metaValue": "BifrostGraph,Core::Array,get_from_array"
                },
                {
                    "metaName": "_recentNode_",
                    "metaType": "string",
                    "metaValue": "BifrostGraph,Geometry::Properties,get_point_position"
                },
                {
                    "metaName": "_recentNode_",
                    "metaType": "string",
                    "metaValue": "BifrostGraph,G2M::shading,g2m_basic_color"
                },
                {
                    "metaName": "ViewportRect",
                    "metaType": "string",
                    "metaValue": "-998.467 -610.457 1843.57 1349.49"
                },
                {
                    "metaName": "DisplayMode",
                    "metaType": "string",
                    "metaValue": "2"
                },
                {
                    "metaName": "LayoutPos",
                    "metaType": "string",
                    "metaValue": "447.249 154.582"
                }
            ],
            "ports": [
                {
                    "portName": "array",
                    "portDirection": "input"
                },
                {
                    "portName": "first",
                    "portDirection": "output"
                },
                {
                    "portName": "second",
                    "portDirection": "output"
                },
                {
                    "portName": "third",
                    "portDirection": "output"
                },
                {
                    "portName": "fourth",
                    "portDirection": "output"
                },
                {
                    "portName": "offset",
                    "portDirection": "input",
                    "portType": "long",
                    "portDefault": "0"
                }
            ],
            "compoundNodes": [
                {
                    "nodeName": "get_from_array",
                    "nodeType": "Core::Array::get_from_array",
                    "metadata": [
                        {
                            "metaName": "DisplayMode",
                            "metaType": "string",
                            "metaValue": "2"
                        },
                        {
                            "metaName": "LayoutPos",
                            "metaType": "string",
                            "metaValue": "49.6441 -451.218"
                        }
                    ]
                },
                {
                    "nodeName": "get_from_array1",
                    "nodeType": "Core::Array::get_from_array",
                    "metadata": [
                        {
                            "metaName": "DisplayMode",
                            "metaType": "string",
                            "metaValue": "2"
                        },
                        {
                            "metaName": "LayoutPos",
                            "metaType": "string",
                            "metaValue": "47.6441 -263.218"
                        }
                    ]
                },
                {
                    "nodeName": "get_from_array2",
                    "nodeType": "Core::Array::get_from_array",
                    "metadata": [
                        {
                            "metaName": "DisplayMode",
                            "metaType": "string",
                            "metaValue": "2"
                        },
                        {
                            "metaName": "LayoutPos",
                            "metaType": "string",
                            "metaValue": "59.6441 -61.2179"
                        }
                    ]
                },
                {
                    "nodeName": "get_from_array3",
                    "nodeType": "Core::Array::get_from_array",
                    "metadata": [
                        {
                            "metaName": "DisplayMode",
                            "metaType": "string",
                            "metaValue": "2"
                        },
                        {
                            "metaName": "LayoutPos",
                            "metaType": "string",
                            "metaValue": "43.4644 151.614"
                        }
                    ]
                },
                {
                    "nodeName": "add",
                    "nodeType": "Core::Math::add",
                    "multiInPortNames": [
                        "output1",
                        "offset"
                    ],
                    "metadata": [
                        {
                            "metaName": "DisplayMode",
                            "metaType": "string",
                            "metaValue": "2"
                        },
                        {
                            "metaName": "LayoutPos",
                            "metaType": "string",
                            "metaValue": "-364.058 -469.552"
                        }
                    ]
                },
                {
                    "nodeName": "value",
                    "valueType": "long",
                    "metadata": [
                        {
                            "metaName": "DisplayMode",
                            "metaType": "string",
                            "metaValue": "2"
                        },
                        {
                            "metaName": "LayoutPos",
                            "metaType": "string",
                            "metaValue": "-761.124 -445.881"
                        },
                        {
                            "metaName": "valuenode_defaultvalue",
                            "metaType": "string",
                            "metaValue": "0"
                        }
                    ]
                },
                {
                    "nodeName": "add1",
                    "nodeType": "Core::Math::add",
                    "multiInPortNames": [
                        "output1",
                        "offset"
                    ],
                    "metadata": [
                        {
                            "metaName": "DisplayMode",
                            "metaType": "string",
                            "metaValue": "2"
                        },
                        {
                            "metaName": "LayoutPos",
                            "metaType": "string",
                            "metaValue": "-378.612 -254.873"
                        }
                    ]
                },
                {
                    "nodeName": "value1",
                    "valueType": "long",
                    "metadata": [
                        {
                            "metaName": "DisplayMode",
                            "metaType": "string",
                            "metaValue": "2"
                        },
                        {
                            "metaName": "LayoutPos",
                            "metaType": "string",
                            "metaValue": "-767.944 -282.162"
                        },
                        {
                            "metaName": "valuenode_defaultvalue",
                            "metaType": "string",
                            "metaValue": "1"
                        }
                    ]
                },
                {
                    "nodeName": "value2",
                    "valueType": "long",
                    "metadata": [
                        {
                            "metaName": "DisplayMode",
                            "metaType": "string",
                            "metaValue": "2"
                        },
                        {
                            "metaName": "LayoutPos",
                            "metaType": "string",
                            "metaValue": "-809.788 96.2543"
                        },
                        {
                            "metaName": "valuenode_defaultvalue",
                            "metaType": "string",
                            "metaValue": "2"
                        }
                    ]
                },
                {
                    "nodeName": "add2",
                    "nodeType": "Core::Math::add",
                    "multiInPortNames": [
                        "output1",
                        "offset"
                    ],
                    "metadata": [
                        {
                            "metaName": "DisplayMode",
                            "metaType": "string",
                            "metaValue": "2"
                        },
                        {
                            "metaName": "LayoutPos",
                            "metaType": "string",
                            "metaValue": "-389.529 39.8547"
                        }
                    ]
                },
                {
                    "nodeName": "value3",
                    "valueType": "long",
                    "metadata": [
                        {
                            "metaName": "DisplayMode",
                            "metaType": "string",
                            "metaValue": "2"
                        },
                        {
                            "metaName": "LayoutPos",
                            "metaType": "string",
                            "metaValue": "-818.885 292.74"
                        },
                        {
                            "metaName": "valuenode_defaultvalue",
                            "metaType": "string",
                            "metaValue": "3"
                        }
                    ]
                },
                {
                    "nodeName": "add3",
                    "nodeType": "Core::Math::add",
                    "multiInPortNames": [
                        "output1",
                        "offset"
                    ],
                    "metadata": [
                        {
                            "metaName": "DisplayMode",
                            "metaType": "string",
                            "metaValue": "2"
                        },
                        {
                            "metaName": "LayoutPos",
                            "metaType": "string",
                            "metaValue": "-387.708 280.004"
                        }
                    ]
                }
            ],
            "connections": [
                {
                    "source": "get_from_array.value",
                    "target": ".first"
                },
                {
                    "source": "get_from_array1.value",
                    "target": ".second"
                },
                {
                    "source": "get_from_array2.value",
                    "target": ".third"
                },
                {
                    "source": "get_from_array3.value",
                    "target": ".fourth"
                },
                {
                    "source": "value.output",
                    "target": "add.first.output1"
                },
                {
                    "source": ".offset",
                    "target": "add.first.offset"
                },
                {
                    "source": "add.output",
                    "target": "get_from_array.index"
                },
                {
                    "source": "value1.output",
                    "target": "add1.first.output1"
                },
                {
                    "source": ".offset",
                    "target": "add1.first.offset"
                },
                {
                    "source": "add1.output",
                    "target": "get_from_array1.index"
                },
                {
                    "source": "value2.output",
                    "target": "add2.first.output1"
                },
                {
                    "source": ".offset",
                    "target": "add2.first.offset"
                },
                {
                    "source": "add2.output",
                    "target": "get_from_array2.index"
                },
                {
                    "source": "value3.output",
                    "target": "add3.first.output1"
                },
                {
                    "source": ".offset",
                    "target": "add3.first.offset"
                },
                {
                    "source": "add3.output",
                    "target": "get_from_array3.index"
                },
                {
                    "source": ".array",
                    "target": "get_from_array.array"
                },
                {
                    "source": ".array",
                    "target": "get_from_array1.array"
                },
                {
                    "source": ".array",
                    "target": "get_from_array2.array"
                },
                {
                    "source": ".array",
                    "target": "get_from_array3.array"
                }
            ],
            "values": [
                {
                    "valueName": "get_from_array1.index",
                    "valueType": "long",
                    "value": "1"
                },
                {
                    "valueName": "get_from_array2.index",
                    "valueType": "long",
                    "value": "2"
                },
                {
                    "valueName": "get_from_array3.index",
                    "valueType": "long",
                    "value": "3"
                },
                {
                    "valueName": "value.value",
                    "valueType": "long",
                    "value": "0"
                },
                {
                    "valueName": "value1.value",
                    "valueType": "long",
                    "value": "1"
                },
                {
                    "valueName": "value2.value",
                    "valueType": "long",
                    "value": "2"
                },
                {
                    "valueName": "value3.value",
                    "valueType": "long",
                    "value": "3"
                }
            ],
            "reservedNodeNames": [
                {
                    "name": "input"
                },
                {
                    "name": "output"
                }
            ]
        }
    ]
}