{
    "header": {
        "metadata": [
            {
                "metaName": "adskFileFormatVersion",
                "metaValue": "100L"
            }
        ]
    },
    "namespaces": [],
    "types": [],
    "compounds": [
        {
            "name": "BPM::g2m_bifrost_pack_0::array::g2m_array_pop",
            "uriImported": "file:///g2m_array_pop.json",
            "metadata": [
                {
                    "metaName": "io_nodes",
                    "metadata": [
                        {
                            "metaName": "io_inodes",
                            "metadata": [
                                {
                                    "metaName": "input",
                                    "metadata": [
                                        {
                                            "metaName": "DisplayMode",
                                            "metaType": "string",
                                            "metaValue": "2"
                                        },
                                        {
                                            "metaName": "LayoutPos",
                                            "metaType": "string",
                                            "metaValue": "-1033 -60.5"
                                        },
                                        {
                                            "metaName": "io_ports",
                                            "metadata": [
                                                {
                                                    "metaName": "array"
                                                }
                                            ]
                                        }
                                    ]
                                }
                            ]
                        },
                        {
                            "metaName": "io_onodes",
                            "metadata": [
                                {
                                    "metaName": "output",
                                    "metadata": [
                                        {
                                            "metaName": "DisplayMode",
                                            "metaType": "string",
                                            "metaValue": "2"
                                        },
                                        {
                                            "metaName": "LayoutPos",
                                            "metaType": "string",
                                            "metaValue": "102.385 -175.447"
                                        },
                                        {
                                            "metaName": "io_ports",
                                            "metadata": [
                                                {
                                                    "metaName": "last"
                                                },
                                                {
                                                    "metaName": "resized"
                                                }
                                            ]
                                        }
                                    ]
                                }
                            ]
                        }
                    ]
                },
                {
                    "metaName": "ViewportRect",
                    "metaType": "string",
                    "metaValue": "-1257.54 -920.276 2518.48 1843.53"
                },
                {
                    "metaName": "DisplayMode",
                    "metaType": "string",
                    "metaValue": "2"
                },
                {
                    "metaName": "LayoutPos",
                    "metaType": "string",
                    "metaValue": "55.8058 -600.349"
                }
            ],
            "ports": [
                {
                    "portName": "array",
                    "portDirection": "input"
                },
                {
                    "portName": "last",
                    "portDirection": "output"
                },
                {
                    "portName": "resized",
                    "portDirection": "output"
                }
            ],
            "compoundNodes": [
                {
                    "nodeName": "array_size4",
                    "nodeType": "Core::Array::array_size",
                    "metadata": [
                        {
                            "metaName": "DisplayMode",
                            "metaType": "string",
                            "metaValue": "2"
                        },
                        {
                            "metaName": "LayoutPos",
                            "metaType": "string",
                            "metaValue": "-728.515 48.9093"
                        }
                    ]
                },
                {
                    "nodeName": "resize_array",
                    "nodeType": "Core::Array::resize_array",
                    "metadata": [
                        {
                            "metaName": "DisplayMode",
                            "metaType": "string",
                            "metaValue": "2"
                        },
                        {
                            "metaName": "LayoutPos",
                            "metaType": "string",
                            "metaValue": "-170.759 -82.4904"
                        }
                    ]
                },
                {
                    "nodeName": "decrement",
                    "nodeType": "Core::Math::decrement",
                    "metadata": [
                        {
                            "metaName": "DisplayMode",
                            "metaType": "string",
                            "metaValue": "2"
                        },
                        {
                            "metaName": "LayoutPos",
                            "metaType": "string",
                            "metaValue": "-498.441 24.7497"
                        }
                    ]
                },
                {
                    "nodeName": "last_in_array",
                    "nodeType": "Core::Array::last_in_array",
                    "metadata": [
                        {
                            "metaName": "DisplayMode",
                            "metaType": "string",
                            "metaValue": "2"
                        },
                        {
                            "metaName": "LayoutPos",
                            "metaType": "string",
                            "metaValue": "-167.857 -268.411"
                        }
                    ]
                }
            ],
            "connections": [
                {
                    "source": ".array",
                    "target": "array_size4.array"
                },
                {
                    "source": ".array",
                    "target": "resize_array.array"
                },
                {
                    "source": "array_size4.size",
                    "target": "decrement.value"
                },
                {
                    "source": "decrement.output",
                    "target": "resize_array.new_size"
                },
                {
                    "source": ".array",
                    "target": "last_in_array.array"
                },
                {
                    "source": "last_in_array.last",
                    "target": ".last"
                },
                {
                    "source": "resize_array.resized",
                    "target": ".resized"
                }
            ],
            "values": [],
            "reservedNodeNames": [
                {
                    "name": "input"
                },
                {
                    "name": "output"
                }
            ]
        }
    ]
}