{
    "header": {
        "metadata": [
            {
                "metaName": "adskFileFormatVersion",
                "metaValue": "100L"
            }
        ]
    },
    "namespaces": [],
    "types": [],
    "compounds": [
        {
            "name": "BPM::g2m_bifrost_pack_0::array::g2m_print_vector2_array",
            "uriImported": "stream:/bifrostGraphShape1",
            "metadata": [
                {
                    "metaName": "documentation",
                    "metaType": "string",
                    "metaValue": "docs/g2m_print_number_array.md"
                },
                {
                    "metaName": "icon",
                    "metaType": "string",
                    "metaValue": "icons/g2m_default.png"
                },
                {
                    "metaName": "io_nodes",
                    "metadata": [
                        {
                            "metaName": "io_inodes",
                            "metadata": [
                                {
                                    "metaName": "input",
                                    "metadata": [
                                        {
                                            "metaName": "DisplayMode",
                                            "metaType": "string",
                                            "metaValue": "2"
                                        },
                                        {
                                            "metaName": "LayoutPos",
                                            "metaType": "string",
                                            "metaValue": "-971.889 120.11"
                                        },
                                        {
                                            "metaName": "io_ports",
                                            "metadata": [
                                                {
                                                    "metaName": "numbers"
                                                },
                                                {
                                                    "metaName": "decimal"
                                                }
                                            ]
                                        }
                                    ]
                                }
                            ]
                        },
                        {
                            "metaName": "io_onodes",
                            "metadata": [
                                {
                                    "metaName": "output",
                                    "metadata": [
                                        {
                                            "metaName": "DisplayMode",
                                            "metaType": "string",
                                            "metaValue": "2"
                                        },
                                        {
                                            "metaName": "io_ports",
                                            "metadata": [
                                                {
                                                    "metaName": "number_string"
                                                }
                                            ]
                                        },
                                        {
                                            "metaName": "LayoutPos",
                                            "metaType": "string",
                                            "metaValue": "613.43 56.9201"
                                        }
                                    ]
                                }
                            ]
                        }
                    ]
                },
                {
                    "metaName": "_recentNode_",
                    "metaType": "string",
                    "metaValue": "BifrostGraph,Core::Iterators,for_each"
                },
                {
                    "metaName": "_recentNode_",
                    "metaType": "string",
                    "metaValue": "BifrostGraph,Core::String,split_string"
                },
                {
                    "metaName": "_recentNode_",
                    "metaType": "string",
                    "metaValue": "BifrostGraph,Core::String,string_join"
                },
                {
                    "metaName": "_recentNode_",
                    "metaType": "string",
                    "metaValue": "BifrostGraph,Core::String,slice_string"
                },
                {
                    "metaName": "_recentNode_",
                    "metaType": "string",
                    "metaValue": "BifrostGraph,Core::String,number_to_string"
                },
                {
                    "metaName": "ViewportRect",
                    "metaType": "string",
                    "metaValue": "-779 -595 1074 1690"
                },
                {
                    "metaName": "DisplayMode",
                    "metaType": "string",
                    "metaValue": "2"
                },
                {
                    "metaName": "LayoutPos",
                    "metaType": "string",
                    "metaValue": "450.69 1189.07"
                }
            ],
            "ports": [
                {
                    "portName": "number_string",
                    "portDirection": "output",
                    "portType": "string"
                },
                {
                    "portName": "numbers",
                    "portDirection": "input"
                },
                {
                    "portName": "decimal",
                    "portDirection": "input",
                    "portType": "int",
                    "portDefault": "1L"
                }
            ],
            "compounds": [
                {
                    "name": "for_each",
                    "uriImported": "stream:/bifrostGraphShape1",
                    "metadata": [
                        {
                            "metaName": "icon",
                            "metaType": "string",
                            "metaValue": "<NATIVE>../icons/LoopForEach.svg"
                        },
                        {
                            "metaName": "icon",
                            "metaType": "string",
                            "metaValue": "<NATIVE>../icons/LoopForEach.svg"
                        },
                        {
                            "metaName": "icon",
                            "metaType": "string",
                            "metaValue": "<NATIVE>../icons/LoopForEach.svg"
                        },
                        {
                            "metaName": "io_nodes",
                            "metadata": [
                                {
                                    "metaName": "io_inodes",
                                    "metadata": [
                                        {
                                            "metaName": "input",
                                            "metadata": [
                                                {
                                                    "metaName": "DisplayMode",
                                                    "metaType": "string",
                                                    "metaValue": "2"
                                                },
                                                {
                                                    "metaName": "io_ports",
                                                    "metadata": [
                                                        {
                                                            "metaName": "current_index"
                                                        },
                                                        {
                                                            "metaName": "array"
                                                        },
                                                        {
                                                            "metaName": "trim"
                                                        }
                                                    ]
                                                },
                                                {
                                                    "metaName": "LayoutPos",
                                                    "metaType": "string",
                                                    "metaValue": "-750 -81.5"
                                                }
                                            ]
                                        }
                                    ]
                                },
                                {
                                    "metaName": "io_onodes",
                                    "metadata": [
                                        {
                                            "metaName": "output",
                                            "metadata": [
                                                {
                                                    "metaName": "DisplayMode",
                                                    "metaType": "string",
                                                    "metaValue": "2"
                                                },
                                                {
                                                    "metaName": "io_ports",
                                                    "metadata": [
                                                        {
                                                            "metaName": "output"
                                                        }
                                                    ]
                                                },
                                                {
                                                    "metaName": "LayoutPos",
                                                    "metaType": "string",
                                                    "metaValue": "1237.16 -175.46"
                                                }
                                            ]
                                        }
                                    ]
                                }
                            ]
                        },
                        {
                            "metaName": "_recentNode_",
                            "metaType": "string",
                            "metaValue": "BifrostGraph,Core::Constants,float"
                        },
                        {
                            "metaName": "_recentNode_",
                            "metaType": "string",
                            "metaValue": "BifrostGraph,Core::String,build_string"
                        },
                        {
                            "metaName": "_recentNode_",
                            "metaType": "string",
                            "metaValue": "BifrostGraph,Core::Conversion,vector2_to_scalar"
                        },
                        {
                            "metaName": "_recentNode_",
                            "metaType": "string",
                            "metaValue": "BifrostGraph,Core::Array,build_array"
                        },
                        {
                            "metaName": "_recentNode_",
                            "metaType": "string",
                            "metaValue": "BifrostGraph,Core::String,string_join"
                        },
                        {
                            "metaName": "ViewportRect",
                            "metaType": "string",
                            "metaValue": "203 -884 1074 1690"
                        }
                    ],
                    "ports": [
                        {
                            "portName": "current_index",
                            "portDirection": "input",
                            "portType": "long",
                            "portIterationCounter": "true"
                        },
                        {
                            "portName": "array",
                            "portDirection": "input",
                            "portIterationTarget": "true"
                        },
                        {
                            "portName": "trim",
                            "portDirection": "input",
                            "portType": "int"
                        },
                        {
                            "portName": "output",
                            "portDirection": "output",
                            "portIterationTarget": "true"
                        }
                    ],
                    "compounds": [
                        {
                            "name": "trim_string_number",
                            "uriImported": "stream:/bifrostGraphShape1",
                            "metadata": [
                                {
                                    "metaName": "backdrop",
                                    "metadata": [
                                        {
                                            "metaName": "type",
                                            "metaType": "string",
                                            "metaValue": "backdrop"
                                        },
                                        {
                                            "metaName": "text",
                                            "metaType": "string",
                                            "metaValue": "\u6aa2\u67e5\u662f\u5426\u6709\u5c0f\u6578"
                                        },
                                        {
                                            "metaName": "coords",
                                            "metaType": "string",
                                            "metaValue": "-189.834 -791.443 825.364 302.165"
                                        }
                                    ]
                                },
                                {
                                    "metaName": "backdrop1",
                                    "metadata": [
                                        {
                                            "metaName": "type",
                                            "metaType": "string",
                                            "metaValue": "backdrop"
                                        },
                                        {
                                            "metaName": "text",
                                            "metaType": "string",
                                            "metaValue": "\u5ffd\u7565\u4fdd\u7559\u4f4d(trim)\u4e4b\u5f8c\u7684\u5c0f\u6578\uff0c\u6c92\u6709\u56db\u6368\u4e94\u5165\u3002"
                                        },
                                        {
                                            "metaName": "coords",
                                            "metaType": "string",
                                            "metaValue": "357.549 5.427 1442.97 537.98"
                                        }
                                    ]
                                },
                                {
                                    "metaName": "io_nodes",
                                    "metadata": [
                                        {
                                            "metaName": "io_inodes",
                                            "metadata": [
                                                {
                                                    "metaName": "input",
                                                    "metadata": [
                                                        {
                                                            "metaName": "io_ports",
                                                            "metadata": [
                                                                {
                                                                    "metaName": "string"
                                                                },
                                                                {
                                                                    "metaName": "trim"
                                                                }
                                                            ]
                                                        }
                                                    ]
                                                }
                                            ]
                                        },
                                        {
                                            "metaName": "io_onodes",
                                            "metadata": [
                                                {
                                                    "metaName": "output",
                                                    "metadata": [
                                                        {
                                                            "metaName": "io_ports",
                                                            "metadata": [
                                                                {
                                                                    "metaName": "output"
                                                                }
                                                            ]
                                                        }
                                                    ]
                                                }
                                            ]
                                        }
                                    ]
                                }
                            ],
                            "ports": [
                                {
                                    "portName": "string",
                                    "portDirection": "input",
                                    "portType": "string"
                                },
                                {
                                    "portName": "output",
                                    "portDirection": "output"
                                },
                                {
                                    "portName": "trim",
                                    "portDirection": "input",
                                    "portType": "int"
                                }
                            ],
                            "compoundNodes": [
                                {
                                    "nodeName": "array_size",
                                    "nodeType": "Core::Array::array_size",
                                    "metadata": [
                                        {
                                            "metaName": "DisplayMode",
                                            "metaType": "string",
                                            "metaValue": "2"
                                        },
                                        {
                                            "metaName": "LayoutPos",
                                            "metaType": "string",
                                            "metaValue": "132.881 -784.283"
                                        }
                                    ]
                                },
                                {
                                    "nodeName": "build_array",
                                    "nodeType": "Core::Array::build_array",
                                    "multiInPortNames": [
                                        "first1",
                                        "slice"
                                    ],
                                    "metadata": [
                                        {
                                            "metaName": "DisplayMode",
                                            "metaType": "string",
                                            "metaValue": "2"
                                        },
                                        {
                                            "metaName": "LayoutPos",
                                            "metaType": "string",
                                            "metaValue": "963.726 182.574"
                                        }
                                    ]
                                },
                                {
                                    "nodeName": "first_in_array",
                                    "nodeType": "Core::Array::first_in_array",
                                    "metadata": [
                                        {
                                            "metaName": "DisplayMode",
                                            "metaType": "string",
                                            "metaValue": "2"
                                        },
                                        {
                                            "metaName": "LayoutPos",
                                            "metaType": "string",
                                            "metaValue": "623.019 85.4345"
                                        }
                                    ]
                                },
                                {
                                    "nodeName": "greater",
                                    "nodeType": "Core::Logic::greater",
                                    "metadata": [
                                        {
                                            "metaName": "DisplayMode",
                                            "metaType": "string",
                                            "metaValue": "2"
                                        },
                                        {
                                            "metaName": "LayoutPos",
                                            "metaType": "string",
                                            "metaValue": "386.493 -701.118"
                                        }
                                    ]
                                },
                                {
                                    "nodeName": "if",
                                    "nodeType": "Core::Logic::if",
                                    "metadata": [
                                        {
                                            "metaName": "DisplayMode",
                                            "metaType": "string",
                                            "metaValue": "2"
                                        },
                                        {
                                            "metaName": "LayoutPos",
                                            "metaType": "string",
                                            "metaValue": "1802.8 -262.204"
                                        }
                                    ]
                                },
                                {
                                    "nodeName": "last_in_array",
                                    "nodeType": "Core::Array::last_in_array",
                                    "metadata": [
                                        {
                                            "metaName": "DisplayMode",
                                            "metaType": "string",
                                            "metaValue": "2"
                                        },
                                        {
                                            "metaName": "LayoutPos",
                                            "metaType": "string",
                                            "metaValue": "438.41 221.944"
                                        }
                                    ]
                                },
                                {
                                    "nodeName": "slice_string",
                                    "nodeType": "Core::String::slice_string",
                                    "metadata": [
                                        {
                                            "metaName": "DisplayMode",
                                            "metaType": "string",
                                            "metaValue": "2"
                                        },
                                        {
                                            "metaName": "LayoutPos",
                                            "metaType": "string",
                                            "metaValue": "689.368 262"
                                        }
                                    ]
                                },
                                {
                                    "nodeName": "split_string",
                                    "nodeType": "Core::String::split_string",
                                    "metadata": [
                                        {
                                            "metaName": "DisplayMode",
                                            "metaType": "string",
                                            "metaValue": "2"
                                        },
                                        {
                                            "metaName": "LayoutPos",
                                            "metaType": "string",
                                            "metaValue": "-112.116 -742.505"
                                        }
                                    ]
                                },
                                {
                                    "nodeName": "string_join",
                                    "nodeType": "Core::String::string_join",
                                    "metadata": [
                                        {
                                            "metaName": "DisplayMode",
                                            "metaType": "string",
                                            "metaValue": "2"
                                        },
                                        {
                                            "metaName": "LayoutPos",
                                            "metaType": "string",
                                            "metaValue": "1229.78 160.002"
                                        }
                                    ]
                                },
                                {
                                    "nodeName": "value",
                                    "valueType": "long",
                                    "metadata": [
                                        {
                                            "metaName": "DisplayMode",
                                            "metaType": "string",
                                            "metaValue": "0"
                                        },
                                        {
                                            "metaName": "valuenode_defaultvalue",
                                            "metaType": "string",
                                            "metaValue": "1"
                                        },
                                        {
                                            "metaName": "LayoutPos",
                                            "metaType": "string",
                                            "metaValue": "136.493 -631.118"
                                        }
                                    ]
                                }
                            ],
                            "connections": [
                                {
                                    "source": "split_string.split",
                                    "target": "array_size.array"
                                },
                                {
                                    "source": "array_size.size",
                                    "target": "greater.first"
                                },
                                {
                                    "source": "first_in_array.first",
                                    "target": "build_array.first.first1"
                                },
                                {
                                    "source": "slice_string.slice",
                                    "target": "build_array.first.slice"
                                },
                                {
                                    "source": "build_array.array",
                                    "target": "string_join.strings"
                                },
                                {
                                    "source": "split_string.split",
                                    "target": "first_in_array.array"
                                },
                                {
                                    "source": "value.output",
                                    "target": "greater.second"
                                },
                                {
                                    "source": "greater.output",
                                    "target": "if.condition"
                                },
                                {
                                    "source": "string_join.joined",
                                    "target": "if.true_case"
                                },
                                {
                                    "source": ".string",
                                    "target": "if.false_case"
                                },
                                {
                                    "source": "if.output",
                                    "target": ".output"
                                },
                                {
                                    "source": "split_string.split",
                                    "target": "last_in_array.array"
                                },
                                {
                                    "source": "last_in_array.last",
                                    "target": "slice_string.string"
                                },
                                {
                                    "source": ".trim",
                                    "target": "slice_string.stop"
                                },
                                {
                                    "source": ".string",
                                    "target": "split_string.string"
                                }
                            ],
                            "values": [
                                {
                                    "valueName": "slice_string.stride",
                                    "valueType": "long",
                                    "value": "1"
                                },
                                {
                                    "valueName": "split_string.separator",
                                    "valueType": "string",
                                    "value": "."
                                },
                                {
                                    "valueName": "string_join.separator",
                                    "valueType": "string",
                                    "value": "."
                                },
                                {
                                    "valueName": "value.value",
                                    "valueType": "long",
                                    "value": "1"
                                }
                            ],
                            "reservedNodeNames": [
                                {
                                    "name": "input"
                                },
                                {
                                    "name": "output"
                                }
                            ]
                        },
                        {
                            "name": "trim_string_number1",
                            "uriImported": "stream:/bifrostGraphShape1",
                            "metadata": [
                                {
                                    "metaName": "io_nodes",
                                    "metadata": [
                                        {
                                            "metaName": "io_inodes",
                                            "metadata": [
                                                {
                                                    "metaName": "input",
                                                    "metadata": [
                                                        {
                                                            "metaName": "io_ports",
                                                            "metadata": [
                                                                {
                                                                    "metaName": "string"
                                                                },
                                                                {
                                                                    "metaName": "trim"
                                                                }
                                                            ]
                                                        },
                                                        {
                                                            "metaName": "DisplayMode",
                                                            "metaType": "string",
                                                            "metaValue": "2"
                                                        },
                                                        {
                                                            "metaName": "LayoutPos",
                                                            "metaType": "string",
                                                            "metaValue": "-396.454 -258.842"
                                                        }
                                                    ]
                                                }
                                            ]
                                        },
                                        {
                                            "metaName": "io_onodes",
                                            "metadata": [
                                                {
                                                    "metaName": "output",
                                                    "metadata": [
                                                        {
                                                            "metaName": "io_ports",
                                                            "metadata": [
                                                                {
                                                                    "metaName": "output"
                                                                }
                                                            ]
                                                        },
                                                        {
                                                            "metaName": "DisplayMode",
                                                            "metaType": "string",
                                                            "metaValue": "2"
                                                        },
                                                        {
                                                            "metaName": "LayoutPos",
                                                            "metaType": "string",
                                                            "metaValue": "2079 -265.358"
                                                        }
                                                    ]
                                                }
                                            ]
                                        }
                                    ]
                                },
                                {
                                    "metaName": "backdrop",
                                    "metadata": [
                                        {
                                            "metaName": "type",
                                            "metaType": "string",
                                            "metaValue": "backdrop"
                                        },
                                        {
                                            "metaName": "text",
                                            "metaType": "string",
                                            "metaValue": "\u6aa2\u67e5\u662f\u5426\u6709\u5c0f\u6578"
                                        },
                                        {
                                            "metaName": "coords",
                                            "metaType": "string",
                                            "metaValue": "-189.834 -791.443 825.364 302.165"
                                        }
                                    ]
                                },
                                {
                                    "metaName": "backdrop1",
                                    "metadata": [
                                        {
                                            "metaName": "type",
                                            "metaType": "string",
                                            "metaValue": "backdrop"
                                        },
                                        {
                                            "metaName": "text",
                                            "metaType": "string",
                                            "metaValue": "\u5ffd\u7565\u4fdd\u7559\u4f4d(trim)\u4e4b\u5f8c\u7684\u5c0f\u6578\uff0c\u6c92\u6709\u56db\u6368\u4e94\u5165\u3002"
                                        },
                                        {
                                            "metaName": "coords",
                                            "metaType": "string",
                                            "metaValue": "357.549 5.427 1442.97 537.98"
                                        }
                                    ]
                                },
                                {
                                    "metaName": "ViewportRect",
                                    "metaType": "string",
                                    "metaValue": "-272.489 -1128.62 1039.6 1635.87"
                                }
                            ],
                            "ports": [
                                {
                                    "portName": "string",
                                    "portDirection": "input",
                                    "portType": "string"
                                },
                                {
                                    "portName": "trim",
                                    "portDirection": "input",
                                    "portType": "int"
                                },
                                {
                                    "portName": "output",
                                    "portDirection": "output"
                                }
                            ],
                            "compoundNodes": [
                                {
                                    "nodeName": "array_size",
                                    "nodeType": "Core::Array::array_size",
                                    "metadata": [
                                        {
                                            "metaName": "DisplayMode",
                                            "metaType": "string",
                                            "metaValue": "2"
                                        },
                                        {
                                            "metaName": "LayoutPos",
                                            "metaType": "string",
                                            "metaValue": "132.881 -784.283"
                                        }
                                    ]
                                },
                                {
                                    "nodeName": "build_array",
                                    "nodeType": "Core::Array::build_array",
                                    "multiInPortNames": [
                                        "first1",
                                        "slice"
                                    ],
                                    "metadata": [
                                        {
                                            "metaName": "DisplayMode",
                                            "metaType": "string",
                                            "metaValue": "2"
                                        },
                                        {
                                            "metaName": "LayoutPos",
                                            "metaType": "string",
                                            "metaValue": "963.726 182.574"
                                        }
                                    ]
                                },
                                {
                                    "nodeName": "first_in_array",
                                    "nodeType": "Core::Array::first_in_array",
                                    "metadata": [
                                        {
                                            "metaName": "DisplayMode",
                                            "metaType": "string",
                                            "metaValue": "2"
                                        },
                                        {
                                            "metaName": "LayoutPos",
                                            "metaType": "string",
                                            "metaValue": "623.019 85.4345"
                                        }
                                    ]
                                },
                                {
                                    "nodeName": "greater",
                                    "nodeType": "Core::Logic::greater",
                                    "metadata": [
                                        {
                                            "metaName": "DisplayMode",
                                            "metaType": "string",
                                            "metaValue": "2"
                                        },
                                        {
                                            "metaName": "LayoutPos",
                                            "metaType": "string",
                                            "metaValue": "386.493 -701.118"
                                        }
                                    ]
                                },
                                {
                                    "nodeName": "if",
                                    "nodeType": "Core::Logic::if",
                                    "metadata": [
                                        {
                                            "metaName": "DisplayMode",
                                            "metaType": "string",
                                            "metaValue": "2"
                                        },
                                        {
                                            "metaName": "LayoutPos",
                                            "metaType": "string",
                                            "metaValue": "1802.8 -262.204"
                                        }
                                    ]
                                },
                                {
                                    "nodeName": "last_in_array",
                                    "nodeType": "Core::Array::last_in_array",
                                    "metadata": [
                                        {
                                            "metaName": "DisplayMode",
                                            "metaType": "string",
                                            "metaValue": "2"
                                        },
                                        {
                                            "metaName": "LayoutPos",
                                            "metaType": "string",
                                            "metaValue": "438.41 221.944"
                                        }
                                    ]
                                },
                                {
                                    "nodeName": "slice_string",
                                    "nodeType": "Core::String::slice_string",
                                    "metadata": [
                                        {
                                            "metaName": "DisplayMode",
                                            "metaType": "string",
                                            "metaValue": "2"
                                        },
                                        {
                                            "metaName": "LayoutPos",
                                            "metaType": "string",
                                            "metaValue": "689.368 262"
                                        }
                                    ]
                                },
                                {
                                    "nodeName": "split_string",
                                    "nodeType": "Core::String::split_string",
                                    "metadata": [
                                        {
                                            "metaName": "DisplayMode",
                                            "metaType": "string",
                                            "metaValue": "2"
                                        },
                                        {
                                            "metaName": "LayoutPos",
                                            "metaType": "string",
                                            "metaValue": "-112.116 -742.505"
                                        }
                                    ]
                                },
                                {
                                    "nodeName": "string_join",
                                    "nodeType": "Core::String::string_join",
                                    "metadata": [
                                        {
                                            "metaName": "DisplayMode",
                                            "metaType": "string",
                                            "metaValue": "2"
                                        },
                                        {
                                            "metaName": "LayoutPos",
                                            "metaType": "string",
                                            "metaValue": "1229.78 160.002"
                                        }
                                    ]
                                },
                                {
                                    "nodeName": "value",
                                    "valueType": "long",
                                    "metadata": [
                                        {
                                            "metaName": "DisplayMode",
                                            "metaType": "string",
                                            "metaValue": "0"
                                        },
                                        {
                                            "metaName": "valuenode_defaultvalue",
                                            "metaType": "string",
                                            "metaValue": "1"
                                        },
                                        {
                                            "metaName": "LayoutPos",
                                            "metaType": "string",
                                            "metaValue": "136.493 -631.118"
                                        }
                                    ]
                                }
                            ],
                            "connections": [
                                {
                                    "source": "array_size.size",
                                    "target": "greater.first"
                                },
                                {
                                    "source": "build_array.array",
                                    "target": "string_join.strings"
                                },
                                {
                                    "source": "first_in_array.first",
                                    "target": "build_array.first.first1"
                                },
                                {
                                    "source": "greater.output",
                                    "target": "if.condition"
                                },
                                {
                                    "source": "if.output",
                                    "target": ".output"
                                },
                                {
                                    "source": "last_in_array.last",
                                    "target": "slice_string.string"
                                },
                                {
                                    "source": "slice_string.slice",
                                    "target": "build_array.first.slice"
                                },
                                {
                                    "source": "split_string.split",
                                    "target": "array_size.array"
                                },
                                {
                                    "source": "split_string.split",
                                    "target": "first_in_array.array"
                                },
                                {
                                    "source": "split_string.split",
                                    "target": "last_in_array.array"
                                },
                                {
                                    "source": "string_join.joined",
                                    "target": "if.true_case"
                                },
                                {
                                    "source": "value.output",
                                    "target": "greater.second"
                                },
                                {
                                    "source": ".string",
                                    "target": "if.false_case"
                                },
                                {
                                    "source": ".string",
                                    "target": "split_string.string"
                                },
                                {
                                    "source": ".trim",
                                    "target": "slice_string.stop"
                                }
                            ],
                            "values": [
                                {
                                    "valueName": "slice_string.stride",
                                    "valueType": "long",
                                    "value": "1"
                                },
                                {
                                    "valueName": "split_string.separator",
                                    "valueType": "string",
                                    "value": "."
                                },
                                {
                                    "valueName": "string_join.separator",
                                    "valueType": "string",
                                    "value": "."
                                },
                                {
                                    "valueName": "value.value",
                                    "valueType": "long",
                                    "value": "1"
                                }
                            ],
                            "reservedNodeNames": [
                                {
                                    "name": "input"
                                },
                                {
                                    "name": "output"
                                }
                            ]
                        }
                    ],
                    "compoundNodes": [
                        {
                            "nodeName": "number_to_string",
                            "nodeType": "Core::String::number_to_string",
                            "metadata": [
                                {
                                    "metaName": "DisplayMode",
                                    "metaType": "string",
                                    "metaValue": "2"
                                },
                                {
                                    "metaName": "LayoutPos",
                                    "metaType": "string",
                                    "metaValue": "-38.728 -305.782"
                                }
                            ]
                        },
                        {
                            "nodeName": "trim_string_number",
                            "nodeType": "trim_string_number",
                            "metadata": [
                                {
                                    "metaName": "DisplayMode",
                                    "metaType": "string",
                                    "metaValue": "2"
                                },
                                {
                                    "metaName": "LayoutPos",
                                    "metaType": "string",
                                    "metaValue": "225.865 -339.949"
                                }
                            ]
                        },
                        {
                            "nodeName": "vector2_to_scalar",
                            "nodeType": "Core::Conversion::vector2_to_scalar",
                            "metadata": [
                                {
                                    "metaName": "DisplayMode",
                                    "metaType": "string",
                                    "metaValue": "2"
                                },
                                {
                                    "metaName": "LayoutPos",
                                    "metaType": "string",
                                    "metaValue": "-380.622 -110.068"
                                }
                            ]
                        },
                        {
                            "nodeName": "trim_string_number1",
                            "nodeType": "trim_string_number1",
                            "metadata": [
                                {
                                    "metaName": "DisplayMode",
                                    "metaType": "string",
                                    "metaValue": "2"
                                },
                                {
                                    "metaName": "LayoutPos",
                                    "metaType": "string",
                                    "metaValue": "225.854 -16.1151"
                                }
                            ]
                        },
                        {
                            "nodeName": "number_to_string1",
                            "nodeType": "Core::String::number_to_string",
                            "metadata": [
                                {
                                    "metaName": "DisplayMode",
                                    "metaType": "string",
                                    "metaValue": "2"
                                },
                                {
                                    "metaName": "LayoutPos",
                                    "metaType": "string",
                                    "metaValue": "-64.782 27.1344"
                                }
                            ]
                        },
                        {
                            "nodeName": "build_string",
                            "nodeType": "Core::String::build_string",
                            "fanInPortNames": {
                                "strings": [
                                    "output",
                                    "output1",
                                    "output2",
                                    "output3",
                                    "output4"
                                ]
                            },
                            "metadata": [
                                {
                                    "metaName": "DisplayMode",
                                    "metaType": "string",
                                    "metaValue": "2"
                                },
                                {
                                    "metaName": "LayoutPos",
                                    "metaType": "string",
                                    "metaValue": "832.879 -231.084"
                                },
                                {
                                    "metaName": "PortExpandedState",
                                    "metadata": [
                                        {
                                            "metaName": "strings",
                                            "metaType": "string",
                                            "metaValue": "0"
                                        }
                                    ]
                                }
                            ]
                        },
                        {
                            "nodeName": "value",
                            "valueType": "string",
                            "metadata": [
                                {
                                    "metaName": "valuenode_defaultvalue",
                                    "metaType": "string",
                                    "metaValue": "0"
                                },
                                {
                                    "metaName": "DisplayMode",
                                    "metaType": "string",
                                    "metaValue": "2"
                                },
                                {
                                    "metaName": "LayoutPos",
                                    "metaType": "string",
                                    "metaValue": "424.164 -489.707"
                                }
                            ]
                        },
                        {
                            "nodeName": "value1",
                            "valueType": "string",
                            "metadata": [
                                {
                                    "metaName": "valuenode_defaultvalue",
                                    "metaType": "string",
                                    "metaValue": "0"
                                },
                                {
                                    "metaName": "DisplayMode",
                                    "metaType": "string",
                                    "metaValue": "2"
                                },
                                {
                                    "metaName": "LayoutPos",
                                    "metaType": "string",
                                    "metaValue": "432.05 -150.595"
                                }
                            ]
                        },
                        {
                            "nodeName": "value2",
                            "valueType": "string",
                            "metadata": [
                                {
                                    "metaName": "valuenode_defaultvalue",
                                    "metaType": "string",
                                    "metaValue": "0"
                                },
                                {
                                    "metaName": "DisplayMode",
                                    "metaType": "string",
                                    "metaValue": "2"
                                },
                                {
                                    "metaName": "LayoutPos",
                                    "metaType": "string",
                                    "metaValue": "437.093 101.81"
                                }
                            ]
                        }
                    ],
                    "connections": [
                        {
                            "source": "number_to_string.string",
                            "target": "trim_string_number.string"
                        },
                        {
                            "source": ".trim",
                            "target": "trim_string_number.trim"
                        },
                        {
                            "source": ".array",
                            "target": "vector2_to_scalar.vector2"
                        },
                        {
                            "source": "vector2_to_scalar.x",
                            "target": "number_to_string.number"
                        },
                        {
                            "source": ".trim",
                            "target": "trim_string_number1.trim"
                        },
                        {
                            "source": "vector2_to_scalar.y",
                            "target": "number_to_string1.number"
                        },
                        {
                            "source": "number_to_string1.string",
                            "target": "trim_string_number1.string"
                        },
                        {
                            "source": "build_string.joined",
                            "target": ".output"
                        },
                        {
                            "source": "value.output",
                            "target": "build_string.strings.output"
                        },
                        {
                            "source": "trim_string_number.output",
                            "target": "build_string.strings.output1"
                        },
                        {
                            "source": "value1.output",
                            "target": "build_string.strings.output2"
                        },
                        {
                            "source": "trim_string_number1.output",
                            "target": "build_string.strings.output3"
                        },
                        {
                            "source": "value2.output",
                            "target": "build_string.strings.output4"
                        }
                    ],
                    "values": [
                        {
                            "valueName": "trim_string_number.string",
                            "valueType": "string",
                            "value": ""
                        },
                        {
                            "valueName": "trim_string_number.trim",
                            "valueType": "int",
                            "value": "0L"
                        },
                        {
                            "valueName": "trim_string_number1.string",
                            "valueType": "string",
                            "value": ""
                        },
                        {
                            "valueName": "trim_string_number1.trim",
                            "valueType": "int",
                            "value": "0L"
                        },
                        {
                            "valueName": "value.value",
                            "valueType": "string",
                            "value": "("
                        },
                        {
                            "valueName": "value1.value",
                            "valueType": "string",
                            "value": ","
                        },
                        {
                            "valueName": "value2.value",
                            "valueType": "string",
                            "value": ")"
                        }
                    ],
                    "reservedNodeNames": [
                        {
                            "name": "input"
                        },
                        {
                            "name": "output"
                        }
                    ],
                    "forEachCompound": {
                        "ports": []
                    }
                }
            ],
            "compoundNodes": [
                {
                    "nodeName": "string_join",
                    "nodeType": "Core::String::string_join",
                    "metadata": [
                        {
                            "metaName": "DisplayMode",
                            "metaType": "string",
                            "metaValue": "2"
                        },
                        {
                            "metaName": "LayoutPos",
                            "metaType": "string",
                            "metaValue": "-46.3649 57.258"
                        }
                    ]
                },
                {
                    "nodeName": "build_array",
                    "nodeType": "Core::Array::build_array",
                    "multiInPortNames": [
                        "number_array"
                    ],
                    "metadata": [
                        {
                            "metaName": "DisplayMode",
                            "metaType": "string",
                            "metaValue": "2"
                        },
                        {
                            "metaName": "LayoutPos",
                            "metaType": "string",
                            "metaValue": "-665.93 20.1102"
                        }
                    ]
                },
                {
                    "nodeName": "for_each",
                    "nodeType": "for_each",
                    "metadata": [
                        {
                            "metaName": "DisplayMode",
                            "metaType": "string",
                            "metaValue": "2"
                        },
                        {
                            "metaName": "LayoutPos",
                            "metaType": "string",
                            "metaValue": "-353.785 80"
                        }
                    ]
                }
            ],
            "connections": [
                {
                    "source": "string_join.joined",
                    "target": ".number_string"
                },
                {
                    "source": ".numbers",
                    "target": "build_array.first.number_array"
                },
                {
                    "source": "build_array.array",
                    "target": "for_each.array"
                },
                {
                    "source": "for_each.output",
                    "target": "string_join.strings"
                },
                {
                    "source": ".decimal",
                    "target": "for_each.trim"
                }
            ],
            "values": [
                {
                    "valueName": "string_join.separator",
                    "valueType": "string",
                    "value": ", "
                },
                {
                    "valueName": "for_each.trim",
                    "valueType": "int",
                    "value": "2L"
                }
            ],
            "reservedNodeNames": [
                {
                    "name": "input"
                },
                {
                    "name": "output"
                }
            ]
        }
    ]
}