{
    "header": {
        "metadata": [
            {
                "metaName": "adskFileFormatVersion",
                "metaValue": "100L"
            }
        ]
    },
    "namespaces": [],
    "types": [],
    "compounds": [
        {
            "name": "BPM::g2m_bifrost_pack_0::utility::g2m_hsv_to_rgb",
            "uriImported": "file:///g2m_hsv_to_rgb.json",
            "metadata": [
                {
                    "metaName": "documentation",
                    "metaType": "string",
                    "metaValue": "docs/g2m_hsv_to_rgb.md"
                },
                {
                    "metaName": "icon",
                    "metaType": "string",
                    "metaValue": "icons/g2m_default.png"
                },
                {
                    "metaName": "io_nodes",
                    "metadata": [
                        {
                            "metaName": "io_inodes",
                            "metadata": [
                                {
                                    "metaName": "input",
                                    "metadata": [
                                        {
                                            "metaName": "DisplayMode",
                                            "metaType": "string",
                                            "metaValue": "2"
                                        },
                                        {
                                            "metaName": "io_ports",
                                            "metadata": [
                                                {
                                                    "metaName": "hsv"
                                                }
                                            ]
                                        },
                                        {
                                            "metaName": "LayoutPos",
                                            "metaType": "string",
                                            "metaValue": "-917.5 -39.2723"
                                        }
                                    ]
                                }
                            ]
                        },
                        {
                            "metaName": "io_onodes",
                            "metadata": [
                                {
                                    "metaName": "output",
                                    "metadata": [
                                        {
                                            "metaName": "DisplayMode",
                                            "metaType": "string",
                                            "metaValue": "2"
                                        },
                                        {
                                            "metaName": "io_ports",
                                            "metadata": [
                                                {
                                                    "metaName": "rgb"
                                                }
                                            ]
                                        },
                                        {
                                            "metaName": "LayoutPos",
                                            "metaType": "string",
                                            "metaValue": "473.969 -340.734"
                                        }
                                    ]
                                }
                            ]
                        }
                    ]
                },
                {
                    "metaName": "backdrop1",
                    "metadata": [
                        {
                            "metaName": "type",
                            "metaType": "string",
                            "metaValue": "backdrop"
                        },
                        {
                            "metaName": "text",
                            "metaType": "string",
                            "metaValue": "HSV to RGB\n\n\u300c\u53c3\u8003\u300d\uff1a\u8a08\u7b97\u5668\u548c\u516c\u5f0f\nhttps://www.rapidtables.com/convert/color/hsv-to-rgb.html\n\n\u300c\u8f38\u5165\u300d\uff1a\nHSV \u503c\u7bc4\u570d: <0~1, 0~1, 0~1>\n\n\u300c\u8f38\u51fa\u300d\uff1a\nRGB \u503c\u7bc4\u570d: <0~1, 0~1, 0~1>\n"
                        },
                        {
                            "metaName": "coords",
                            "metaType": "string",
                            "metaValue": "-1233.69 -72.4061 552.485 224.675"
                        }
                    ]
                },
                {
                    "metaName": "_recentNode_",
                    "metaType": "string",
                    "metaValue": "BifrostGraph,Core::Math,clamp"
                },
                {
                    "metaName": "_recentNode_",
                    "metaType": "string",
                    "metaValue": "BifrostGraph,Core::Conversion,vector3_to_scalar"
                },
                {
                    "metaName": "_recentNode_",
                    "metaType": "string",
                    "metaValue": "BifrostGraph,Core::Logic,if"
                },
                {
                    "metaName": "_recentNode_",
                    "metaType": "string",
                    "metaValue": "BifrostGraph,Core::Math,multiply"
                },
                {
                    "metaName": "_recentNode_",
                    "metaType": "string",
                    "metaValue": "BifrostGraph,Core::Math,add"
                },
                {
                    "metaName": "backdrop",
                    "metadata": [
                        {
                            "metaName": "type",
                            "metaType": "string",
                            "metaValue": "backdrop"
                        },
                        {
                            "metaName": "coords",
                            "metaType": "string",
                            "metaValue": "-678.448 -254.769 290.713 396.592"
                        },
                        {
                            "metaName": "text",
                            "metaType": "string",
                            "metaValue": "When 0 \u2264 H < 360, \n0 \u2264 S \u2264 1 and 0 \u2264 V \u2264 1:"
                        }
                    ]
                },
                {
                    "metaName": "ViewportRect",
                    "metaType": "string",
                    "metaValue": "-1200.35 -559.386 1765.01 936.674"
                },
                {
                    "metaName": "DisplayMode",
                    "metaType": "string",
                    "metaValue": "2"
                },
                {
                    "metaName": "LayoutPos",
                    "metaType": "string",
                    "metaValue": "34.1982 250.171"
                }
            ],
            "ports": [
                {
                    "portName": "hsv",
                    "portDirection": "input",
                    "portType": "Math::float3",
                    "portDefault": {
                        "x": "0f",
                        "y": "1f",
                        "z": "1f"
                    }
                },
                {
                    "portName": "rgb",
                    "portDirection": "output"
                }
            ],
            "compounds": [
                {
                    "name": "calculate_ref",
                    "uriImported": "file:///g2m_hsv_to_rgb.json",
                    "metadata": [
                        {
                            "metaName": "io_nodes",
                            "metadata": [
                                {
                                    "metaName": "io_inodes",
                                    "metadata": [
                                        {
                                            "metaName": "input",
                                            "metadata": [
                                                {
                                                    "metaName": "DisplayMode",
                                                    "metaType": "string",
                                                    "metaValue": "2"
                                                },
                                                {
                                                    "metaName": "LayoutPos",
                                                    "metaType": "string",
                                                    "metaValue": "-569 -61"
                                                },
                                                {
                                                    "metaName": "io_ports",
                                                    "metadata": [
                                                        {
                                                            "metaName": "Hue"
                                                        },
                                                        {
                                                            "metaName": "Sat"
                                                        },
                                                        {
                                                            "metaName": "Value"
                                                        }
                                                    ]
                                                }
                                            ]
                                        }
                                    ]
                                },
                                {
                                    "metaName": "io_onodes",
                                    "metadata": [
                                        {
                                            "metaName": "output",
                                            "metadata": [
                                                {
                                                    "metaName": "DisplayMode",
                                                    "metaType": "string",
                                                    "metaValue": "2"
                                                },
                                                {
                                                    "metaName": "LayoutPos",
                                                    "metaType": "string",
                                                    "metaValue": "2666.16 -241.262"
                                                },
                                                {
                                                    "metaName": "io_ports",
                                                    "metadata": [
                                                        {
                                                            "metaName": "C"
                                                        },
                                                        {
                                                            "metaName": "X"
                                                        },
                                                        {
                                                            "metaName": "m"
                                                        }
                                                    ]
                                                }
                                            ]
                                        }
                                    ]
                                }
                            ]
                        },
                        {
                            "metaName": "ViewportRect",
                            "metaType": "string",
                            "metaValue": "-749 -583 1564 894"
                        }
                    ],
                    "ports": [
                        {
                            "portName": "Hue",
                            "portDirection": "input"
                        },
                        {
                            "portName": "Sat",
                            "portDirection": "input"
                        },
                        {
                            "portName": "Value",
                            "portDirection": "input"
                        },
                        {
                            "portName": "C",
                            "portDirection": "output"
                        },
                        {
                            "portName": "X",
                            "portDirection": "output"
                        },
                        {
                            "portName": "m",
                            "portDirection": "output"
                        }
                    ],
                    "compoundNodes": [
                        {
                            "nodeName": "C",
                            "nodeType": "Core::Math::multiply",
                            "multiInPortNames": [
                                "Sat",
                                "Value"
                            ],
                            "metadata": [
                                {
                                    "metaName": "DisplayMode",
                                    "metaType": "string",
                                    "metaValue": "2"
                                },
                                {
                                    "metaName": "LayoutPos",
                                    "metaType": "string",
                                    "metaValue": "363.921 -250.57"
                                }
                            ]
                        },
                        {
                            "nodeName": "X",
                            "nodeType": "Core::Math::multiply",
                            "multiInPortNames": [
                                "output1",
                                "output2"
                            ],
                            "metadata": [
                                {
                                    "metaName": "DisplayMode",
                                    "metaType": "string",
                                    "metaValue": "2"
                                },
                                {
                                    "metaName": "LayoutPos",
                                    "metaType": "string",
                                    "metaValue": "2136.72 -572.84"
                                }
                            ]
                        },
                        {
                            "nodeName": "absolute_value",
                            "nodeType": "Core::Math::absolute_value",
                            "metadata": [
                                {
                                    "metaName": "DisplayMode",
                                    "metaType": "string",
                                    "metaValue": "2"
                                },
                                {
                                    "metaName": "LayoutPos",
                                    "metaType": "string",
                                    "metaValue": "1548.44 -707.715"
                                }
                            ]
                        },
                        {
                            "nodeName": "divide",
                            "nodeType": "Core::Math::divide",
                            "multiInPortNames": [
                                "clamped",
                                "output1"
                            ],
                            "metadata": [
                                {
                                    "metaName": "DisplayMode",
                                    "metaType": "string",
                                    "metaValue": "2"
                                },
                                {
                                    "metaName": "LayoutPos",
                                    "metaType": "string",
                                    "metaValue": "790.665 -636.779"
                                }
                            ]
                        },
                        {
                            "nodeName": "m",
                            "nodeType": "Core::Math::subtract",
                            "multiInPortNames": [
                                "clamped",
                                "output1"
                            ],
                            "metadata": [
                                {
                                    "metaName": "DisplayMode",
                                    "metaType": "string",
                                    "metaValue": "2"
                                },
                                {
                                    "metaName": "LayoutPos",
                                    "metaType": "string",
                                    "metaValue": "838.001 -61.2046"
                                }
                            ]
                        },
                        {
                            "nodeName": "modulo_by_2",
                            "nodeType": "Core::Math::modulo",
                            "metadata": [
                                {
                                    "metaName": "DisplayMode",
                                    "metaType": "string",
                                    "metaValue": "2"
                                },
                                {
                                    "metaName": "LayoutPos",
                                    "metaType": "string",
                                    "metaValue": "1044.01 -660.424"
                                }
                            ]
                        },
                        {
                            "nodeName": "subtract",
                            "nodeType": "Core::Math::subtract",
                            "multiInPortNames": [
                                "remainder",
                                "output1"
                            ],
                            "metadata": [
                                {
                                    "metaName": "DisplayMode",
                                    "metaType": "string",
                                    "metaValue": "2"
                                },
                                {
                                    "metaName": "LayoutPos",
                                    "metaType": "string",
                                    "metaValue": "1302.99 -684.071"
                                }
                            ]
                        },
                        {
                            "nodeName": "subtract1",
                            "nodeType": "Core::Math::subtract",
                            "multiInPortNames": [
                                "output1",
                                "absolute_value"
                            ],
                            "metadata": [
                                {
                                    "metaName": "DisplayMode",
                                    "metaType": "string",
                                    "metaValue": "2"
                                },
                                {
                                    "metaName": "LayoutPos",
                                    "metaType": "string",
                                    "metaValue": "1824.31 -832.698"
                                }
                            ]
                        },
                        {
                            "nodeName": "value",
                            "valueType": "float",
                            "metadata": [
                                {
                                    "metaName": "DisplayMode",
                                    "metaType": "string",
                                    "metaValue": "2"
                                },
                                {
                                    "metaName": "valuenode_defaultvalue",
                                    "metaType": "string",
                                    "metaValue": "60"
                                },
                                {
                                    "metaName": "LayoutPos",
                                    "metaType": "string",
                                    "metaValue": "523.061 -500.189"
                                }
                            ]
                        },
                        {
                            "nodeName": "value1",
                            "valueType": "float",
                            "metadata": [
                                {
                                    "metaName": "DisplayMode",
                                    "metaType": "string",
                                    "metaValue": "2"
                                },
                                {
                                    "metaName": "LayoutPos",
                                    "metaType": "string",
                                    "metaValue": "1045.14 -469.008"
                                },
                                {
                                    "metaName": "valuenode_defaultvalue",
                                    "metaType": "string",
                                    "metaValue": "1"
                                }
                            ]
                        },
                        {
                            "nodeName": "value2",
                            "valueType": "float",
                            "metadata": [
                                {
                                    "metaName": "DisplayMode",
                                    "metaType": "string",
                                    "metaValue": "2"
                                },
                                {
                                    "metaName": "LayoutPos",
                                    "metaType": "string",
                                    "metaValue": "1543.95 -896.879"
                                },
                                {
                                    "metaName": "valuenode_defaultvalue",
                                    "metaType": "string",
                                    "metaValue": "1"
                                }
                            ]
                        }
                    ],
                    "connections": [
                        {
                            "source": "C.output",
                            "target": "X.first.output2"
                        },
                        {
                            "source": "C.output",
                            "target": "m.first.output1"
                        },
                        {
                            "source": "C.output",
                            "target": ".C"
                        },
                        {
                            "source": "subtract1.output",
                            "target": "X.first.output1"
                        },
                        {
                            "source": "X.output",
                            "target": ".X"
                        },
                        {
                            "source": "subtract.output",
                            "target": "absolute_value.value"
                        },
                        {
                            "source": "absolute_value.absolute_value",
                            "target": "subtract1.first.absolute_value"
                        },
                        {
                            "source": ".Hue",
                            "target": "divide.first.clamped"
                        },
                        {
                            "source": "value.output",
                            "target": "divide.first.output1"
                        },
                        {
                            "source": "divide.output",
                            "target": "modulo_by_2.value"
                        },
                        {
                            "source": ".Value",
                            "target": "m.first.clamped"
                        },
                        {
                            "source": "modulo_by_2.remainder",
                            "target": "subtract.first.remainder"
                        },
                        {
                            "source": "value1.output",
                            "target": "subtract.first.output1"
                        },
                        {
                            "source": "value2.output",
                            "target": "subtract1.first.output1"
                        },
                        {
                            "source": "m.output",
                            "target": ".m"
                        },
                        {
                            "source": ".Sat",
                            "target": "C.first.Sat"
                        },
                        {
                            "source": ".Value",
                            "target": "C.first.Value"
                        }
                    ],
                    "values": [
                        {
                            "valueName": "modulo_by_2.divisor",
                            "valueType": "float",
                            "value": "2f"
                        },
                        {
                            "valueName": "value.value",
                            "valueType": "float",
                            "value": "60f"
                        },
                        {
                            "valueName": "value1.value",
                            "valueType": "float",
                            "value": "1f"
                        },
                        {
                            "valueName": "value2.value",
                            "valueType": "float",
                            "value": "1f"
                        }
                    ],
                    "watchPoints": [
                        {
                            "portName": "X.first.output1",
                            "enabled": "true",
                            "parameters": [
                                {
                                    "last": "enable",
                                    "max": "enable",
                                    "min": "enable"
                                }
                            ]
                        },
                        {
                            "portName": "X.first.output2",
                            "enabled": "true",
                            "parameters": [
                                {
                                    "last": "enable",
                                    "max": "enable",
                                    "min": "enable"
                                }
                            ]
                        }
                    ],
                    "reservedNodeNames": [
                        {
                            "name": "input"
                        },
                        {
                            "name": "output"
                        }
                    ]
                },
                {
                    "name": "calculate_rgb",
                    "uriImported": "file:///g2m_hsv_to_rgb.json",
                    "metadata": [
                        {
                            "metaName": "io_nodes",
                            "metadata": [
                                {
                                    "metaName": "io_inodes",
                                    "metadata": [
                                        {
                                            "metaName": "input",
                                            "metadata": [
                                                {
                                                    "metaName": "DisplayMode",
                                                    "metaType": "string",
                                                    "metaValue": "2"
                                                },
                                                {
                                                    "metaName": "LayoutPos",
                                                    "metaType": "string",
                                                    "metaValue": "-825.086 844.056"
                                                },
                                                {
                                                    "metaName": "io_ports",
                                                    "metadata": [
                                                        {
                                                            "metaName": "Hue"
                                                        },
                                                        {
                                                            "metaName": "Sat"
                                                        },
                                                        {
                                                            "metaName": "Value"
                                                        },
                                                        {
                                                            "metaName": "C"
                                                        },
                                                        {
                                                            "metaName": "X"
                                                        },
                                                        {
                                                            "metaName": "m"
                                                        }
                                                    ]
                                                }
                                            ]
                                        }
                                    ]
                                },
                                {
                                    "metaName": "io_onodes",
                                    "metadata": [
                                        {
                                            "metaName": "output",
                                            "metadata": [
                                                {
                                                    "metaName": "DisplayMode",
                                                    "metaType": "string",
                                                    "metaValue": "2"
                                                },
                                                {
                                                    "metaName": "io_ports",
                                                    "metadata": [
                                                        {
                                                            "metaName": "RGB"
                                                        }
                                                    ]
                                                },
                                                {
                                                    "metaName": "LayoutPos",
                                                    "metaType": "string",
                                                    "metaValue": "2329.26 -558.37"
                                                }
                                            ]
                                        }
                                    ]
                                }
                            ]
                        },
                        {
                            "metaName": "_recentNode_",
                            "metaType": "string",
                            "metaValue": "BifrostGraph,Core::Math,add"
                        },
                        {
                            "metaName": "_recentNode_",
                            "metaType": "string",
                            "metaValue": "BifrostGraph,Core::Conversion,vector3_to_scalar"
                        },
                        {
                            "metaName": "_recentNode_",
                            "metaType": "string",
                            "metaValue": "BifrostGraph,Core::Logic,if"
                        },
                        {
                            "metaName": "_recentNode_",
                            "metaType": "string",
                            "metaValue": "BifrostGraph,Core::Math,multiply"
                        },
                        {
                            "metaName": "_recentNode_",
                            "metaType": "string",
                            "metaValue": "BifrostGraph,Core::Constants,float"
                        },
                        {
                            "metaName": "ViewportRect",
                            "metaType": "string",
                            "metaValue": "-946.8 60.2327 1990.94 1138.04"
                        }
                    ],
                    "ports": [
                        {
                            "portName": "Hue",
                            "portDirection": "input"
                        },
                        {
                            "portName": "Sat",
                            "portDirection": "input"
                        },
                        {
                            "portName": "Value",
                            "portDirection": "input"
                        },
                        {
                            "portName": "C",
                            "portDirection": "input"
                        },
                        {
                            "portName": "X",
                            "portDirection": "input"
                        },
                        {
                            "portName": "m",
                            "portDirection": "input"
                        },
                        {
                            "portName": "RGB",
                            "portDirection": "output"
                        }
                    ],
                    "compoundNodes": [
                        {
                            "nodeName": "and",
                            "nodeType": "Core::Logic::and",
                            "metadata": [
                                {
                                    "metaName": "DisplayMode",
                                    "metaType": "string",
                                    "metaValue": "2"
                                },
                                {
                                    "metaName": "LayoutPos",
                                    "metaType": "string",
                                    "metaValue": "526.881 -683.968"
                                }
                            ]
                        },
                        {
                            "nodeName": "greater_or_equal_zero",
                            "nodeType": "Core::Logic::greater_or_equal",
                            "metadata": [
                                {
                                    "metaName": "DisplayMode",
                                    "metaType": "string",
                                    "metaValue": "2"
                                },
                                {
                                    "metaName": "LayoutPos",
                                    "metaType": "string",
                                    "metaValue": "276.301 -768.418"
                                }
                            ]
                        },
                        {
                            "nodeName": "if",
                            "nodeType": "Core::Logic::if",
                            "metadata": [
                                {
                                    "metaName": "DisplayMode",
                                    "metaType": "string",
                                    "metaValue": "2"
                                },
                                {
                                    "metaName": "LayoutPos",
                                    "metaType": "string",
                                    "metaValue": "1730.95 -700.923"
                                }
                            ]
                        },
                        {
                            "nodeName": "less_sixty",
                            "nodeType": "Core::Logic::less",
                            "metadata": [
                                {
                                    "metaName": "DisplayMode",
                                    "metaType": "string",
                                    "metaValue": "2"
                                },
                                {
                                    "metaName": "LayoutPos",
                                    "metaType": "string",
                                    "metaValue": "276.091 -560.392"
                                }
                            ]
                        },
                        {
                            "nodeName": "scalar_to_vector3",
                            "nodeType": "Core::Conversion::scalar_to_vector3",
                            "metadata": [
                                {
                                    "metaName": "DisplayMode",
                                    "metaType": "string",
                                    "metaValue": "2"
                                },
                                {
                                    "metaName": "LayoutPos",
                                    "metaType": "string",
                                    "metaValue": "1036.66 -591.584"
                                }
                            ]
                        },
                        {
                            "nodeName": "greater_or_equal_60",
                            "nodeType": "Core::Logic::greater_or_equal",
                            "metadata": [
                                {
                                    "metaName": "DisplayMode",
                                    "metaType": "string",
                                    "metaValue": "2"
                                },
                                {
                                    "metaName": "LayoutPos",
                                    "metaType": "string",
                                    "metaValue": "280.013 -59.5508"
                                }
                            ]
                        },
                        {
                            "nodeName": "and1",
                            "nodeType": "Core::Logic::and",
                            "metadata": [
                                {
                                    "metaName": "DisplayMode",
                                    "metaType": "string",
                                    "metaValue": "2"
                                },
                                {
                                    "metaName": "LayoutPos",
                                    "metaType": "string",
                                    "metaValue": "530.593 24.8992"
                                }
                            ]
                        },
                        {
                            "nodeName": "less_120",
                            "nodeType": "Core::Logic::less",
                            "metadata": [
                                {
                                    "metaName": "DisplayMode",
                                    "metaType": "string",
                                    "metaValue": "2"
                                },
                                {
                                    "metaName": "LayoutPos",
                                    "metaType": "string",
                                    "metaValue": "279.803 149.475"
                                }
                            ]
                        },
                        {
                            "nodeName": "scalar_to_vector4",
                            "nodeType": "Core::Conversion::scalar_to_vector3",
                            "metadata": [
                                {
                                    "metaName": "DisplayMode",
                                    "metaType": "string",
                                    "metaValue": "2"
                                },
                                {
                                    "metaName": "LayoutPos",
                                    "metaType": "string",
                                    "metaValue": "978.618 110.793"
                                }
                            ]
                        },
                        {
                            "nodeName": "if1",
                            "nodeType": "Core::Logic::if",
                            "metadata": [
                                {
                                    "metaName": "DisplayMode",
                                    "metaType": "string",
                                    "metaValue": "2"
                                },
                                {
                                    "metaName": "LayoutPos",
                                    "metaType": "string",
                                    "metaValue": "1370.04 -0.334215"
                                }
                            ]
                        },
                        {
                            "nodeName": "greater_or_equal_120",
                            "nodeType": "Core::Logic::greater_or_equal",
                            "metadata": [
                                {
                                    "metaName": "DisplayMode",
                                    "metaType": "string",
                                    "metaValue": "2"
                                },
                                {
                                    "metaName": "LayoutPos",
                                    "metaType": "string",
                                    "metaValue": "291.597 487.992"
                                }
                            ]
                        },
                        {
                            "nodeName": "less_180",
                            "nodeType": "Core::Logic::less",
                            "metadata": [
                                {
                                    "metaName": "DisplayMode",
                                    "metaType": "string",
                                    "metaValue": "2"
                                },
                                {
                                    "metaName": "LayoutPos",
                                    "metaType": "string",
                                    "metaValue": "291.387 698.018"
                                }
                            ]
                        },
                        {
                            "nodeName": "and2",
                            "nodeType": "Core::Logic::and",
                            "metadata": [
                                {
                                    "metaName": "DisplayMode",
                                    "metaType": "string",
                                    "metaValue": "2"
                                },
                                {
                                    "metaName": "LayoutPos",
                                    "metaType": "string",
                                    "metaValue": "542.176 573.442"
                                }
                            ]
                        },
                        {
                            "nodeName": "scalar_to_vector5",
                            "nodeType": "Core::Conversion::scalar_to_vector3",
                            "metadata": [
                                {
                                    "metaName": "DisplayMode",
                                    "metaType": "string",
                                    "metaValue": "2"
                                },
                                {
                                    "metaName": "LayoutPos",
                                    "metaType": "string",
                                    "metaValue": "985.155 659.622"
                                }
                            ]
                        },
                        {
                            "nodeName": "if2",
                            "nodeType": "Core::Logic::if",
                            "metadata": [
                                {
                                    "metaName": "DisplayMode",
                                    "metaType": "string",
                                    "metaValue": "2"
                                },
                                {
                                    "metaName": "LayoutPos",
                                    "metaType": "string",
                                    "metaValue": "1381.63 548.209"
                                }
                            ]
                        },
                        {
                            "nodeName": "greater_or_equal_180",
                            "nodeType": "Core::Logic::greater_or_equal",
                            "metadata": [
                                {
                                    "metaName": "DisplayMode",
                                    "metaType": "string",
                                    "metaValue": "2"
                                },
                                {
                                    "metaName": "LayoutPos",
                                    "metaType": "string",
                                    "metaValue": "251.911 1049.47"
                                }
                            ]
                        },
                        {
                            "nodeName": "less_240",
                            "nodeType": "Core::Logic::less",
                            "metadata": [
                                {
                                    "metaName": "DisplayMode",
                                    "metaType": "string",
                                    "metaValue": "2"
                                },
                                {
                                    "metaName": "LayoutPos",
                                    "metaType": "string",
                                    "metaValue": "261.701 1294.5"
                                }
                            ]
                        },
                        {
                            "nodeName": "and3",
                            "nodeType": "Core::Logic::and",
                            "metadata": [
                                {
                                    "metaName": "DisplayMode",
                                    "metaType": "string",
                                    "metaValue": "2"
                                },
                                {
                                    "metaName": "LayoutPos",
                                    "metaType": "string",
                                    "metaValue": "533.49 1151.92"
                                }
                            ]
                        },
                        {
                            "nodeName": "scalar_to_vector6",
                            "nodeType": "Core::Conversion::scalar_to_vector3",
                            "metadata": [
                                {
                                    "metaName": "DisplayMode",
                                    "metaType": "string",
                                    "metaValue": "2"
                                },
                                {
                                    "metaName": "LayoutPos",
                                    "metaType": "string",
                                    "metaValue": "979.52 1288.82"
                                }
                            ]
                        },
                        {
                            "nodeName": "if3",
                            "nodeType": "Core::Logic::if",
                            "metadata": [
                                {
                                    "metaName": "DisplayMode",
                                    "metaType": "string",
                                    "metaValue": "2"
                                },
                                {
                                    "metaName": "LayoutPos",
                                    "metaType": "string",
                                    "metaValue": "1372.94 1126.69"
                                }
                            ]
                        },
                        {
                            "nodeName": "greater_or_equal_240",
                            "nodeType": "Core::Logic::greater_or_equal",
                            "metadata": [
                                {
                                    "metaName": "DisplayMode",
                                    "metaType": "string",
                                    "metaValue": "2"
                                },
                                {
                                    "metaName": "LayoutPos",
                                    "metaType": "string",
                                    "metaValue": "286.362 1701.98"
                                }
                            ]
                        },
                        {
                            "nodeName": "less_300",
                            "nodeType": "Core::Logic::less",
                            "metadata": [
                                {
                                    "metaName": "DisplayMode",
                                    "metaType": "string",
                                    "metaValue": "2"
                                },
                                {
                                    "metaName": "LayoutPos",
                                    "metaType": "string",
                                    "metaValue": "286.152 1911"
                                }
                            ]
                        },
                        {
                            "nodeName": "and4",
                            "nodeType": "Core::Logic::and",
                            "metadata": [
                                {
                                    "metaName": "DisplayMode",
                                    "metaType": "string",
                                    "metaValue": "2"
                                },
                                {
                                    "metaName": "LayoutPos",
                                    "metaType": "string",
                                    "metaValue": "536.942 1786.43"
                                }
                            ]
                        },
                        {
                            "nodeName": "scalar_to_vector7",
                            "nodeType": "Core::Conversion::scalar_to_vector3",
                            "metadata": [
                                {
                                    "metaName": "DisplayMode",
                                    "metaType": "string",
                                    "metaValue": "2"
                                },
                                {
                                    "metaName": "LayoutPos",
                                    "metaType": "string",
                                    "metaValue": "984.962 1872.32"
                                }
                            ]
                        },
                        {
                            "nodeName": "if4",
                            "nodeType": "Core::Logic::if",
                            "metadata": [
                                {
                                    "metaName": "DisplayMode",
                                    "metaType": "string",
                                    "metaValue": "2"
                                },
                                {
                                    "metaName": "LayoutPos",
                                    "metaType": "string",
                                    "metaValue": "1376.39 1761.19"
                                }
                            ]
                        },
                        {
                            "nodeName": "greater_or_equal_300",
                            "nodeType": "Core::Logic::greater_or_equal",
                            "metadata": [
                                {
                                    "metaName": "DisplayMode",
                                    "metaType": "string",
                                    "metaValue": "2"
                                },
                                {
                                    "metaName": "LayoutPos",
                                    "metaType": "string",
                                    "metaValue": "293.488 2325.5"
                                }
                            ]
                        },
                        {
                            "nodeName": "less_360",
                            "nodeType": "Core::Logic::less",
                            "metadata": [
                                {
                                    "metaName": "DisplayMode",
                                    "metaType": "string",
                                    "metaValue": "2"
                                },
                                {
                                    "metaName": "LayoutPos",
                                    "metaType": "string",
                                    "metaValue": "293.278 2534.53"
                                }
                            ]
                        },
                        {
                            "nodeName": "and5",
                            "nodeType": "Core::Logic::and",
                            "metadata": [
                                {
                                    "metaName": "DisplayMode",
                                    "metaType": "string",
                                    "metaValue": "2"
                                },
                                {
                                    "metaName": "LayoutPos",
                                    "metaType": "string",
                                    "metaValue": "544.068 2409.95"
                                }
                            ]
                        },
                        {
                            "nodeName": "scalar_to_vector8",
                            "nodeType": "Core::Conversion::scalar_to_vector3",
                            "metadata": [
                                {
                                    "metaName": "DisplayMode",
                                    "metaType": "string",
                                    "metaValue": "2"
                                },
                                {
                                    "metaName": "LayoutPos",
                                    "metaType": "string",
                                    "metaValue": "992.094 2495.84"
                                }
                            ]
                        },
                        {
                            "nodeName": "if5",
                            "nodeType": "Core::Logic::if",
                            "metadata": [
                                {
                                    "metaName": "DisplayMode",
                                    "metaType": "string",
                                    "metaValue": "2"
                                },
                                {
                                    "metaName": "LayoutPos",
                                    "metaType": "string",
                                    "metaValue": "1383.51 2384.72"
                                }
                            ]
                        },
                        {
                            "nodeName": "add",
                            "nodeType": "Core::Math::add",
                            "multiInPortNames": [
                                "output1",
                                "m"
                            ],
                            "metadata": [
                                {
                                    "metaName": "DisplayMode",
                                    "metaType": "string",
                                    "metaValue": "2"
                                },
                                {
                                    "metaName": "LayoutPos",
                                    "metaType": "string",
                                    "metaValue": "2062.87 -559.138"
                                }
                            ]
                        }
                    ],
                    "connections": [
                        {
                            "source": "greater_or_equal_zero.output",
                            "target": "and.first"
                        },
                        {
                            "source": "less_sixty.output",
                            "target": "and.second"
                        },
                        {
                            "source": "and.output",
                            "target": "if.condition"
                        },
                        {
                            "source": ".Hue",
                            "target": "greater_or_equal_zero.first"
                        },
                        {
                            "source": "scalar_to_vector3.vector3",
                            "target": "if.true_case"
                        },
                        {
                            "source": ".Hue",
                            "target": "less_sixty.first"
                        },
                        {
                            "source": ".C",
                            "target": "scalar_to_vector3.x"
                        },
                        {
                            "source": ".X",
                            "target": "scalar_to_vector3.y"
                        },
                        {
                            "source": "greater_or_equal_60.output",
                            "target": "and1.first"
                        },
                        {
                            "source": "and1.output",
                            "target": "if1.condition"
                        },
                        {
                            "source": "less_120.output",
                            "target": "and1.second"
                        },
                        {
                            "source": "scalar_to_vector4.vector3",
                            "target": "if1.true_case"
                        },
                        {
                            "source": ".Hue",
                            "target": "greater_or_equal_60.first"
                        },
                        {
                            "source": ".Hue",
                            "target": "less_120.first"
                        },
                        {
                            "source": ".X",
                            "target": "scalar_to_vector4.x"
                        },
                        {
                            "source": ".C",
                            "target": "scalar_to_vector4.y"
                        },
                        {
                            "source": "greater_or_equal_120.output",
                            "target": "and2.first"
                        },
                        {
                            "source": "less_180.output",
                            "target": "and2.second"
                        },
                        {
                            "source": "and2.output",
                            "target": "if2.condition"
                        },
                        {
                            "source": "scalar_to_vector5.vector3",
                            "target": "if2.true_case"
                        },
                        {
                            "source": ".Hue",
                            "target": "greater_or_equal_120.first"
                        },
                        {
                            "source": ".Hue",
                            "target": "less_180.first"
                        },
                        {
                            "source": ".C",
                            "target": "scalar_to_vector5.y"
                        },
                        {
                            "source": ".X",
                            "target": "scalar_to_vector5.z"
                        },
                        {
                            "source": "greater_or_equal_180.output",
                            "target": "and3.first"
                        },
                        {
                            "source": "less_240.output",
                            "target": "and3.second"
                        },
                        {
                            "source": "and3.output",
                            "target": "if3.condition"
                        },
                        {
                            "source": "scalar_to_vector6.vector3",
                            "target": "if3.true_case"
                        },
                        {
                            "source": ".Hue",
                            "target": "greater_or_equal_180.first"
                        },
                        {
                            "source": ".Hue",
                            "target": "less_240.first"
                        },
                        {
                            "source": ".X",
                            "target": "scalar_to_vector6.y"
                        },
                        {
                            "source": ".C",
                            "target": "scalar_to_vector6.z"
                        },
                        {
                            "source": "greater_or_equal_240.output",
                            "target": "and4.first"
                        },
                        {
                            "source": "less_300.output",
                            "target": "and4.second"
                        },
                        {
                            "source": "and4.output",
                            "target": "if4.condition"
                        },
                        {
                            "source": "scalar_to_vector7.vector3",
                            "target": "if4.true_case"
                        },
                        {
                            "source": ".Hue",
                            "target": "greater_or_equal_240.first"
                        },
                        {
                            "source": ".Hue",
                            "target": "less_300.first"
                        },
                        {
                            "source": ".X",
                            "target": "scalar_to_vector7.x"
                        },
                        {
                            "source": ".C",
                            "target": "scalar_to_vector7.z"
                        },
                        {
                            "source": "greater_or_equal_300.output",
                            "target": "and5.first"
                        },
                        {
                            "source": "less_360.output",
                            "target": "and5.second"
                        },
                        {
                            "source": "and5.output",
                            "target": "if5.condition"
                        },
                        {
                            "source": "scalar_to_vector8.vector3",
                            "target": "if5.true_case"
                        },
                        {
                            "source": ".Hue",
                            "target": "greater_or_equal_300.first"
                        },
                        {
                            "source": ".Hue",
                            "target": "less_360.first"
                        },
                        {
                            "source": ".C",
                            "target": "scalar_to_vector8.x"
                        },
                        {
                            "source": ".X",
                            "target": "scalar_to_vector8.z"
                        },
                        {
                            "source": "if1.output",
                            "target": "if.false_case"
                        },
                        {
                            "source": "if2.output",
                            "target": "if1.false_case"
                        },
                        {
                            "source": "if3.output",
                            "target": "if2.false_case"
                        },
                        {
                            "source": "if4.output",
                            "target": "if3.false_case"
                        },
                        {
                            "source": "if5.output",
                            "target": "if4.false_case"
                        },
                        {
                            "source": "if.output",
                            "target": "add.first.output1"
                        },
                        {
                            "source": ".m",
                            "target": "add.first.m"
                        },
                        {
                            "source": "add.output",
                            "target": ".RGB"
                        }
                    ],
                    "values": [
                        {
                            "valueName": "less_sixty.second",
                            "valueType": "float",
                            "value": "60f"
                        },
                        {
                            "valueName": "greater_or_equal_60.second",
                            "valueType": "double",
                            "value": "60"
                        },
                        {
                            "valueName": "less_120.second",
                            "valueType": "float",
                            "value": "120f"
                        },
                        {
                            "valueName": "greater_or_equal_120.second",
                            "valueType": "double",
                            "value": "120"
                        },
                        {
                            "valueName": "less_180.second",
                            "valueType": "float",
                            "value": "180f"
                        },
                        {
                            "valueName": "greater_or_equal_180.second",
                            "valueType": "double",
                            "value": "180"
                        },
                        {
                            "valueName": "less_240.second",
                            "valueType": "float",
                            "value": "240f"
                        },
                        {
                            "valueName": "greater_or_equal_240.second",
                            "valueType": "double",
                            "value": "240"
                        },
                        {
                            "valueName": "less_300.second",
                            "valueType": "float",
                            "value": "300f"
                        },
                        {
                            "valueName": "greater_or_equal_300.second",
                            "valueType": "double",
                            "value": "300"
                        },
                        {
                            "valueName": "less_360.second",
                            "valueType": "float",
                            "value": "360f"
                        }
                    ],
                    "watchPoints": [
                        {
                            "portName": "add.first.m",
                            "enabled": "true",
                            "parameters": [
                                {
                                    "last": "enable",
                                    "max": "enable",
                                    "min": "enable"
                                }
                            ]
                        }
                    ],
                    "reservedNodeNames": [
                        {
                            "name": "input"
                        },
                        {
                            "name": "output"
                        }
                    ]
                },
                {
                    "name": "prepare_HSV",
                    "uriImported": "file:///g2m_hsv_to_rgb.json",
                    "metadata": [
                        {
                            "metaName": "io_nodes",
                            "metadata": [
                                {
                                    "metaName": "io_inodes",
                                    "metadata": [
                                        {
                                            "metaName": "input",
                                            "metadata": [
                                                {
                                                    "metaName": "DisplayMode",
                                                    "metaType": "string",
                                                    "metaValue": "2"
                                                },
                                                {
                                                    "metaName": "LayoutPos",
                                                    "metaType": "string",
                                                    "metaValue": "-557 -61"
                                                },
                                                {
                                                    "metaName": "io_ports",
                                                    "metadata": [
                                                        {
                                                            "metaName": "HSV"
                                                        }
                                                    ]
                                                }
                                            ]
                                        }
                                    ]
                                },
                                {
                                    "metaName": "io_onodes",
                                    "metadata": [
                                        {
                                            "metaName": "output",
                                            "metadata": [
                                                {
                                                    "metaName": "DisplayMode",
                                                    "metaType": "string",
                                                    "metaValue": "2"
                                                },
                                                {
                                                    "metaName": "io_ports",
                                                    "metadata": [
                                                        {
                                                            "metaName": "Hue"
                                                        },
                                                        {
                                                            "metaName": "Sat"
                                                        },
                                                        {
                                                            "metaName": "Value"
                                                        }
                                                    ]
                                                },
                                                {
                                                    "metaName": "LayoutPos",
                                                    "metaType": "string",
                                                    "metaValue": "1823.69 -155.513"
                                                }
                                            ]
                                        }
                                    ]
                                }
                            ]
                        },
                        {
                            "metaName": "_recentNode_",
                            "metaType": "string",
                            "metaValue": "BifrostGraph,Core::Logic,if"
                        },
                        {
                            "metaName": "_recentNode_",
                            "metaType": "string",
                            "metaValue": "BifrostGraph,Core::Constants,float"
                        },
                        {
                            "metaName": "_recentNode_",
                            "metaType": "string",
                            "metaValue": "BifrostGraph,Core::Logic,almost_equal"
                        },
                        {
                            "metaName": "_recentNode_",
                            "metaType": "string",
                            "metaValue": "BifrostGraph,Core::Math,multiply"
                        },
                        {
                            "metaName": "_recentNode_",
                            "metaType": "string",
                            "metaValue": "BifrostGraph,Core::Math,clamp"
                        },
                        {
                            "metaName": "backdrop",
                            "metadata": [
                                {
                                    "metaName": "type",
                                    "metaType": "string",
                                    "metaValue": "backdrop"
                                },
                                {
                                    "metaName": "coords",
                                    "metaType": "string",
                                    "metaValue": "363.844 -663.716 1314.06 570.854"
                                },
                                {
                                    "metaName": "text",
                                    "metaType": "string",
                                    "metaValue": "When 0 \u2264 H < 360, \n0 \u2264 S \u2264 1 and 0 \u2264 V \u2264 1:\n\n-------------------------------------------\nHue \u6709\u6548\u503c >= 0\uff0c< 360\uff0c\n\nif hue==1:\n    hue=0"
                                }
                            ]
                        },
                        {
                            "metaName": "ViewportRect",
                            "metaType": "string",
                            "metaValue": "505.766 -782.797 1836.41 1049.71"
                        }
                    ],
                    "ports": [
                        {
                            "portName": "HSV",
                            "portDirection": "input",
                            "portType": "Math::float3"
                        },
                        {
                            "portName": "Hue",
                            "portDirection": "output"
                        },
                        {
                            "portName": "Sat",
                            "portDirection": "output"
                        },
                        {
                            "portName": "Value",
                            "portDirection": "output"
                        }
                    ],
                    "compoundNodes": [
                        {
                            "nodeName": "clamp",
                            "nodeType": "Core::Math::clamp",
                            "metadata": [
                                {
                                    "metaName": "DisplayMode",
                                    "metaType": "string",
                                    "metaValue": "2"
                                },
                                {
                                    "metaName": "LayoutPos",
                                    "metaType": "string",
                                    "metaValue": "-277.177 -85.1984"
                                }
                            ]
                        },
                        {
                            "nodeName": "vector3_to_scalar1",
                            "nodeType": "Core::Conversion::vector3_to_scalar",
                            "metadata": [
                                {
                                    "metaName": "DisplayMode",
                                    "metaType": "string",
                                    "metaValue": "2"
                                },
                                {
                                    "metaName": "LayoutPos",
                                    "metaType": "string",
                                    "metaValue": "-1.52597 -157.428"
                                }
                            ]
                        },
                        {
                            "nodeName": "value",
                            "valueType": "float",
                            "metadata": [
                                {
                                    "metaName": "valuenode_defaultvalue",
                                    "metaType": "string",
                                    "metaValue": "0"
                                },
                                {
                                    "metaName": "DisplayMode",
                                    "metaType": "string",
                                    "metaValue": "2"
                                },
                                {
                                    "metaName": "LayoutPos",
                                    "metaType": "string",
                                    "metaValue": "792.112 -303.442"
                                }
                            ]
                        },
                        {
                            "nodeName": "multiply",
                            "nodeType": "Core::Math::multiply",
                            "multiInPortNames": [
                                "output1",
                                "x"
                            ],
                            "metadata": [
                                {
                                    "metaName": "DisplayMode",
                                    "metaType": "string",
                                    "metaValue": "2"
                                },
                                {
                                    "metaName": "LayoutPos",
                                    "metaType": "string",
                                    "metaValue": "1078.89 -325.862"
                                }
                            ]
                        },
                        {
                            "nodeName": "almost_equal",
                            "nodeType": "Core::Logic::almost_equal",
                            "metadata": [
                                {
                                    "metaName": "DisplayMode",
                                    "metaType": "string",
                                    "metaValue": "2"
                                },
                                {
                                    "metaName": "LayoutPos",
                                    "metaType": "string",
                                    "metaValue": "1078.2 -625.885"
                                }
                            ]
                        },
                        {
                            "nodeName": "value1",
                            "valueType": "float",
                            "metadata": [
                                {
                                    "metaName": "valuenode_defaultvalue",
                                    "metaType": "string",
                                    "metaValue": "0"
                                },
                                {
                                    "metaName": "DisplayMode",
                                    "metaType": "string",
                                    "metaValue": "2"
                                },
                                {
                                    "metaName": "LayoutPos",
                                    "metaType": "string",
                                    "metaValue": "794.18 -603.495"
                                }
                            ]
                        },
                        {
                            "nodeName": "if",
                            "nodeType": "Core::Logic::if",
                            "metadata": [
                                {
                                    "metaName": "DisplayMode",
                                    "metaType": "string",
                                    "metaValue": "2"
                                },
                                {
                                    "metaName": "LayoutPos",
                                    "metaType": "string",
                                    "metaValue": "1373.65 -494.278"
                                }
                            ]
                        }
                    ],
                    "connections": [
                        {
                            "source": ".HSV",
                            "target": "clamp.value"
                        },
                        {
                            "source": "clamp.clamped",
                            "target": "vector3_to_scalar1.vector3"
                        },
                        {
                            "source": "vector3_to_scalar1.y",
                            "target": ".Sat"
                        },
                        {
                            "source": "vector3_to_scalar1.z",
                            "target": ".Value"
                        },
                        {
                            "source": "value.output",
                            "target": "multiply.first.output1"
                        },
                        {
                            "source": "vector3_to_scalar1.x",
                            "target": "multiply.first.x"
                        },
                        {
                            "source": "value1.output",
                            "target": "almost_equal.first"
                        },
                        {
                            "source": "vector3_to_scalar1.x",
                            "target": "almost_equal.second"
                        },
                        {
                            "source": "almost_equal.output",
                            "target": "if.condition"
                        },
                        {
                            "source": "multiply.output",
                            "target": "if.false_case"
                        },
                        {
                            "source": "if.output",
                            "target": ".Hue"
                        }
                    ],
                    "values": [
                        {
                            "valueName": "clamp.max",
                            "valueType": "Math::float3",
                            "value": {
                                "x": "1f",
                                "y": "1f",
                                "z": "1f"
                            }
                        },
                        {
                            "valueName": "value.value",
                            "valueType": "float",
                            "value": "360f"
                        },
                        {
                            "valueName": "almost_equal.tolerance",
                            "valueType": "float",
                            "value": "9.99999975e-05f"
                        },
                        {
                            "valueName": "value1.value",
                            "valueType": "float",
                            "value": "1f"
                        }
                    ],
                    "reservedNodeNames": [
                        {
                            "name": "input"
                        },
                        {
                            "name": "output"
                        }
                    ]
                }
            ],
            "compoundNodes": [
                {
                    "nodeName": "calculate_ref",
                    "nodeType": "calculate_ref",
                    "metadata": [
                        {
                            "metaName": "DisplayMode",
                            "metaType": "string",
                            "metaValue": "2"
                        },
                        {
                            "metaName": "LayoutPos",
                            "metaType": "string",
                            "metaValue": "-202.265 -75.2473"
                        }
                    ]
                },
                {
                    "nodeName": "calculate_rgb",
                    "nodeType": "calculate_rgb",
                    "metadata": [
                        {
                            "metaName": "DisplayMode",
                            "metaType": "string",
                            "metaValue": "2"
                        },
                        {
                            "metaName": "LayoutPos",
                            "metaType": "string",
                            "metaValue": "227.276 -340.961"
                        }
                    ]
                },
                {
                    "nodeName": "prepare_HSV",
                    "nodeType": "prepare_HSV",
                    "metadata": [
                        {
                            "metaName": "DisplayMode",
                            "metaType": "string",
                            "metaValue": "2"
                        },
                        {
                            "metaName": "LayoutPos",
                            "metaType": "string",
                            "metaValue": "-632.338 -125.246"
                        }
                    ]
                }
            ],
            "connections": [
                {
                    "source": "calculate_ref.C",
                    "target": "calculate_rgb.C"
                },
                {
                    "source": "calculate_ref.X",
                    "target": "calculate_rgb.X"
                },
                {
                    "source": "calculate_ref.m",
                    "target": "calculate_rgb.m"
                },
                {
                    "source": ".hsv",
                    "target": "prepare_HSV.HSV"
                },
                {
                    "source": "prepare_HSV.Hue",
                    "target": "calculate_rgb.Hue"
                },
                {
                    "source": "prepare_HSV.Sat",
                    "target": "calculate_rgb.Sat"
                },
                {
                    "source": "prepare_HSV.Value",
                    "target": "calculate_rgb.Value"
                },
                {
                    "source": "prepare_HSV.Hue",
                    "target": "calculate_ref.Hue"
                },
                {
                    "source": "prepare_HSV.Sat",
                    "target": "calculate_ref.Sat"
                },
                {
                    "source": "prepare_HSV.Value",
                    "target": "calculate_ref.Value"
                },
                {
                    "source": "calculate_rgb.RGB",
                    "target": ".rgb"
                }
            ],
            "values": [
                {
                    "valueName": "calculate_ref.Hue",
                    "valueType": "float",
                    "value": "0f"
                },
                {
                    "valueName": "calculate_ref.Sat",
                    "valueType": "float",
                    "value": "0f"
                },
                {
                    "valueName": "calculate_ref.Value",
                    "valueType": "float",
                    "value": "0f"
                },
                {
                    "valueName": "calculate_rgb.Hue",
                    "valueType": "double",
                    "value": "0"
                },
                {
                    "valueName": "calculate_rgb.C",
                    "valueType": "float",
                    "value": "0f"
                },
                {
                    "valueName": "calculate_rgb.X",
                    "valueType": "double",
                    "value": "0"
                },
                {
                    "valueName": "prepare_HSV.HSV",
                    "valueType": "Math::float3",
                    "value": {
                        "x": "0f",
                        "y": "0f",
                        "z": "1f"
                    }
                }
            ],
            "reservedNodeNames": [
                {
                    "name": "input"
                },
                {
                    "name": "output"
                }
            ]
        }
    ]
}