{
    "header": {
        "metadata": [
            {
                "metaName": "adskFileFormatVersion",
                "metaValue": "100L"
            }
        ]
    },
    "namespaces": [],
    "types": [],
    "compounds": [
        {
            "name": "BPM::g2m_bifrost_pack_0::strand::g2m_strand_circle",
            "uriImported": "file:///g2m_strand_circle.json",
            "metadata": [
                {
                    "metaName": "io_nodes",
                    "metadata": [
                        {
                            "metaName": "io_inodes",
                            "metadata": [
                                {
                                    "metaName": "input",
                                    "metadata": [
                                        {
                                            "metaName": "DisplayMode",
                                            "metaType": "string",
                                            "metaValue": "2"
                                        },
                                        {
                                            "metaName": "LayoutPos",
                                            "metaType": "string",
                                            "metaValue": "-1055.99 -158.129"
                                        },
                                        {
                                            "metaName": "io_ports",
                                            "metadata": [
                                                {
                                                    "metaName": "start_angle"
                                                },
                                                {
                                                    "metaName": "end_angle"
                                                },
                                                {
                                                    "metaName": "radius"
                                                },
                                                {
                                                    "metaName": "sides"
                                                },
                                                {
                                                    "metaName": "close"
                                                },
                                                {
                                                    "metaName": "clockwise"
                                                },
                                                {
                                                    "metaName": "center"
                                                },
                                                {
                                                    "metaName": "normal"
                                                }
                                            ]
                                        }
                                    ]
                                }
                            ]
                        },
                        {
                            "metaName": "io_onodes",
                            "metadata": [
                                {
                                    "metaName": "output",
                                    "metadata": [
                                        {
                                            "metaName": "DisplayMode",
                                            "metaType": "string",
                                            "metaValue": "2"
                                        },
                                        {
                                            "metaName": "LayoutPos",
                                            "metaType": "string",
                                            "metaValue": "1764.68 -83.5574"
                                        },
                                        {
                                            "metaName": "io_ports",
                                            "metadata": [
                                                {
                                                    "metaName": "circle"
                                                },
                                                {
                                                    "metaName": "point_position"
                                                },
                                                {
                                                    "metaName": "circle_angle"
                                                }
                                            ]
                                        }
                                    ]
                                }
                            ]
                        }
                    ]
                },
                {
                    "metaName": "_recentNode_",
                    "metaType": "string",
                    "metaValue": "BifrostGraph,Core::Constants,float"
                },
                {
                    "metaName": "_recentNode_",
                    "metaType": "string",
                    "metaValue": "BifrostGraph,Core::Array,get_from_array"
                },
                {
                    "metaName": "_recentNode_",
                    "metaType": "string",
                    "metaValue": "BifrostGraph,Core::Math,rotation_between_vectors"
                },
                {
                    "metaName": "_recentNode_",
                    "metaType": "string",
                    "metaValue": "BifrostGraph,Core::Math,cross"
                },
                {
                    "metaName": "_recentNode_",
                    "metaType": "string",
                    "metaValue": "BifrostGraph,Core::Array,last_in_array"
                },
                {
                    "metaName": "backdrop",
                    "metadata": [
                        {
                            "metaName": "type",
                            "metaType": "string",
                            "metaValue": "backdrop"
                        },
                        {
                            "metaName": "coords",
                            "metaType": "string",
                            "metaValue": "-56.5468 227.379 749.205 285.006"
                        },
                        {
                            "metaName": "text",
                            "metaType": "string",
                            "metaValue": "\u65cb\u8f49\u4ee5\u5be6\u73fe\u6539\u8b8a\u5713\u5f62\u7684 normal \u5373\u65b9\u5411\u3002\n*\u7e3d\u89ba\u5f97\u6709\u66f4\u597d\u7684\u65b9\u6cd5\u3002"
                        }
                    ]
                },
                {
                    "metaName": "ViewportRect",
                    "metaType": "string",
                    "metaValue": "-1086.88 -584.555 1180.11 883.079"
                },
                {
                    "metaName": "DisplayMode",
                    "metaType": "string",
                    "metaValue": "2"
                },
                {
                    "metaName": "LayoutPos",
                    "metaType": "string",
                    "metaValue": "-77.9078 -282.052"
                }
            ],
            "ports": [
                {
                    "portName": "start_angle",
                    "portDirection": "input",
                    "portType": "float",
                    "portDefault": "0f"
                },
                {
                    "portName": "end_angle",
                    "portDirection": "input",
                    "portType": "float",
                    "portDefault": "360f"
                },
                {
                    "portName": "radius",
                    "portDirection": "input",
                    "portType": "float",
                    "portDefault": "1f"
                },
                {
                    "portName": "sides",
                    "portDirection": "input",
                    "portType": "uint",
                    "portDefault": "3U"
                },
                {
                    "portName": "close",
                    "portDirection": "input",
                    "portType": "bool",
                    "portDefault": "true"
                },
                {
                    "portName": "clockwise",
                    "portDirection": "input",
                    "portType": "bool",
                    "portDefault": "false"
                },
                {
                    "portName": "center",
                    "portDirection": "input",
                    "portType": "Math::float3",
                    "portDefault": {
                        "x": "0f",
                        "y": "0f",
                        "z": "0f"
                    }
                },
                {
                    "portName": "circle",
                    "portDirection": "output",
                    "portType": "Amino::Object"
                },
                {
                    "portName": "point_position",
                    "portDirection": "output",
                    "portType": "array<Math::float3>"
                },
                {
                    "portName": "circle_angle",
                    "portDirection": "output",
                    "portType": "float"
                },
                {
                    "portName": "normal",
                    "portDirection": "input",
                    "portType": "Math::float3",
                    "portDefault": {
                        "x": "0f",
                        "y": "1f",
                        "z": "0f"
                    }
                }
            ],
            "compounds": [
                {
                    "name": "generate_point_position",
                    "uriImported": "file:///g2m_strand_circle.json",
                    "metadata": [
                        {
                            "metaName": "icon",
                            "metaType": "string",
                            "metaValue": "<NATIVE>../icons/LoopForEach.svg"
                        },
                        {
                            "metaName": "icon",
                            "metaType": "string",
                            "metaValue": "<NATIVE>../icons/LoopForEach.svg"
                        },
                        {
                            "metaName": "icon",
                            "metaType": "string",
                            "metaValue": "<NATIVE>../icons/LoopForEach.svg"
                        },
                        {
                            "metaName": "io_nodes",
                            "metadata": [
                                {
                                    "metaName": "io_inodes",
                                    "metadata": [
                                        {
                                            "metaName": "input",
                                            "metadata": [
                                                {
                                                    "metaName": "DisplayMode",
                                                    "metaType": "string",
                                                    "metaValue": "2"
                                                },
                                                {
                                                    "metaName": "LayoutPos",
                                                    "metaType": "string",
                                                    "metaValue": "-713 -91"
                                                },
                                                {
                                                    "metaName": "io_ports",
                                                    "metadata": [
                                                        {
                                                            "metaName": "current_index"
                                                        },
                                                        {
                                                            "metaName": "angles"
                                                        },
                                                        {
                                                            "metaName": "radius"
                                                        },
                                                        {
                                                            "metaName": "clockwise"
                                                        }
                                                    ]
                                                }
                                            ]
                                        }
                                    ]
                                },
                                {
                                    "metaName": "io_onodes",
                                    "metadata": [
                                        {
                                            "metaName": "output",
                                            "metadata": [
                                                {
                                                    "metaName": "DisplayMode",
                                                    "metaType": "string",
                                                    "metaValue": "2"
                                                },
                                                {
                                                    "metaName": "io_ports",
                                                    "metadata": [
                                                        {
                                                            "metaName": "point_position"
                                                        }
                                                    ]
                                                },
                                                {
                                                    "metaName": "LayoutPos",
                                                    "metaType": "string",
                                                    "metaValue": "166.282 -42.8469"
                                                }
                                            ]
                                        }
                                    ]
                                }
                            ]
                        },
                        {
                            "metaName": "_recentNode_",
                            "metaType": "string",
                            "metaValue": "BifrostGraph,Core::Logic,if"
                        },
                        {
                            "metaName": "_recentNode_",
                            "metaType": "string",
                            "metaValue": "BifrostGraph,G2M::math,g2m_circle"
                        },
                        {
                            "metaName": "_recentNode_",
                            "metaType": "string",
                            "metaValue": "BifrostGraph,User::G2M,g2m_circle"
                        },
                        {
                            "metaName": "_recentNode_",
                            "metaType": "string",
                            "metaValue": "BifrostGraph,Core::Iterators,for_each"
                        },
                        {
                            "metaName": "_recentNode_",
                            "metaType": "string",
                            "metaValue": "BifrostGraph,G2M::array,g2m_print_number_array"
                        },
                        {
                            "metaName": "ViewportRect",
                            "metaType": "string",
                            "metaValue": "-640.161 -437.374 935.119 699.749"
                        }
                    ],
                    "ports": [
                        {
                            "portName": "current_index",
                            "portDirection": "input",
                            "portType": "long",
                            "portIterationCounter": "true"
                        },
                        {
                            "portName": "angles",
                            "portDirection": "input",
                            "portType": "array<float>",
                            "portIterationTarget": "true"
                        },
                        {
                            "portName": "radius",
                            "portDirection": "input",
                            "portType": "float"
                        },
                        {
                            "portName": "point_position",
                            "portDirection": "output",
                            "portType": "array<Math::float3>",
                            "portIterationTarget": "true"
                        },
                        {
                            "portName": "clockwise",
                            "portDirection": "input",
                            "portType": "bool"
                        }
                    ],
                    "compoundNodes": [
                        {
                            "nodeName": "g2m_circle",
                            "nodeType": "BPM::g2m_bifrost_pack_0::math::g2m_circle",
                            "metadata": [
                                {
                                    "metaName": "DisplayMode",
                                    "metaType": "string",
                                    "metaValue": "2"
                                },
                                {
                                    "metaName": "LayoutPos",
                                    "metaType": "string",
                                    "metaValue": "-378.594 -170.074"
                                }
                            ]
                        },
                        {
                            "nodeName": "if",
                            "nodeType": "Core::Logic::if",
                            "metadata": [
                                {
                                    "metaName": "DisplayMode",
                                    "metaType": "string",
                                    "metaValue": "2"
                                },
                                {
                                    "metaName": "LayoutPos",
                                    "metaType": "string",
                                    "metaValue": "-84.8312 -41.7967"
                                }
                            ]
                        }
                    ],
                    "connections": [
                        {
                            "source": ".angles",
                            "target": "g2m_circle.angle"
                        },
                        {
                            "source": ".radius",
                            "target": "g2m_circle.radius"
                        },
                        {
                            "source": ".clockwise",
                            "target": "if.condition"
                        },
                        {
                            "source": "g2m_circle.clockwise",
                            "target": "if.true_case"
                        },
                        {
                            "source": "g2m_circle.position",
                            "target": "if.false_case"
                        },
                        {
                            "source": "if.output",
                            "target": ".point_position"
                        }
                    ],
                    "values": [],
                    "reservedNodeNames": [
                        {
                            "name": "input"
                        },
                        {
                            "name": "output"
                        }
                    ],
                    "forEachCompound": {
                        "ports": []
                    }
                },
                {
                    "name": "prepare_inputs",
                    "uriImported": "file:///g2m_strand_circle.json",
                    "metadata": [
                        {
                            "metaName": "io_nodes",
                            "metadata": [
                                {
                                    "metaName": "io_inodes",
                                    "metadata": [
                                        {
                                            "metaName": "input",
                                            "metadata": [
                                                {
                                                    "metaName": "DisplayMode",
                                                    "metaType": "string",
                                                    "metaValue": "2"
                                                },
                                                {
                                                    "metaName": "LayoutPos",
                                                    "metaType": "string",
                                                    "metaValue": "-450 -60.5"
                                                },
                                                {
                                                    "metaName": "io_ports",
                                                    "metadata": [
                                                        {
                                                            "metaName": "start_angle"
                                                        },
                                                        {
                                                            "metaName": "end_angle"
                                                        },
                                                        {
                                                            "metaName": "sides"
                                                        }
                                                    ]
                                                }
                                            ]
                                        }
                                    ]
                                },
                                {
                                    "metaName": "io_onodes",
                                    "metadata": [
                                        {
                                            "metaName": "output",
                                            "metadata": [
                                                {
                                                    "metaName": "DisplayMode",
                                                    "metaType": "string",
                                                    "metaValue": "2"
                                                },
                                                {
                                                    "metaName": "LayoutPos",
                                                    "metaType": "string",
                                                    "metaValue": "539.127 -54.6268"
                                                },
                                                {
                                                    "metaName": "io_ports",
                                                    "metadata": [
                                                        {
                                                            "metaName": "start_out"
                                                        },
                                                        {
                                                            "metaName": "end_out"
                                                        },
                                                        {
                                                            "metaName": "sides_out"
                                                        }
                                                    ]
                                                }
                                            ]
                                        }
                                    ]
                                }
                            ]
                        },
                        {
                            "metaName": "ViewportRect",
                            "metaType": "string",
                            "metaValue": "-473 -440 1127 938"
                        }
                    ],
                    "ports": [
                        {
                            "portName": "start_angle",
                            "portDirection": "input",
                            "portType": "float"
                        },
                        {
                            "portName": "end_angle",
                            "portDirection": "input",
                            "portType": "float"
                        },
                        {
                            "portName": "sides",
                            "portDirection": "input",
                            "portType": "uint"
                        },
                        {
                            "portName": "start_out",
                            "portDirection": "output"
                        },
                        {
                            "portName": "end_out",
                            "portDirection": "output"
                        },
                        {
                            "portName": "sides_out",
                            "portDirection": "output"
                        }
                    ],
                    "compoundNodes": [
                        {
                            "nodeName": "clamp",
                            "nodeType": "Core::Math::clamp",
                            "metadata": [
                                {
                                    "metaName": "DisplayMode",
                                    "metaType": "string",
                                    "metaValue": "2"
                                },
                                {
                                    "metaName": "LayoutPos",
                                    "metaType": "string",
                                    "metaValue": "178.223 -339.174"
                                }
                            ]
                        },
                        {
                            "nodeName": "clamp1",
                            "nodeType": "Core::Math::clamp",
                            "metadata": [
                                {
                                    "metaName": "DisplayMode",
                                    "metaType": "string",
                                    "metaValue": "2"
                                },
                                {
                                    "metaName": "LayoutPos",
                                    "metaType": "string",
                                    "metaValue": "175.328 -122.66"
                                }
                            ]
                        },
                        {
                            "nodeName": "if",
                            "nodeType": "Core::Logic::if",
                            "metadata": [
                                {
                                    "metaName": "DisplayMode",
                                    "metaType": "string",
                                    "metaValue": "2"
                                },
                                {
                                    "metaName": "LayoutPos",
                                    "metaType": "string",
                                    "metaValue": "179.562 135.111"
                                }
                            ]
                        },
                        {
                            "nodeName": "less",
                            "nodeType": "Core::Logic::less",
                            "metadata": [
                                {
                                    "metaName": "DisplayMode",
                                    "metaType": "string",
                                    "metaValue": "2"
                                },
                                {
                                    "metaName": "LayoutPos",
                                    "metaType": "string",
                                    "metaValue": "-98.7019 107.706"
                                }
                            ]
                        },
                        {
                            "nodeName": "value",
                            "valueType": "float",
                            "metadata": [
                                {
                                    "metaName": "DisplayMode",
                                    "metaType": "string",
                                    "metaValue": "2"
                                },
                                {
                                    "metaName": "LayoutPos",
                                    "metaType": "string",
                                    "metaValue": "-108.88 -256.917"
                                },
                                {
                                    "metaName": "valuenode_defaultvalue",
                                    "metaType": "string",
                                    "metaValue": "0"
                                }
                            ]
                        },
                        {
                            "nodeName": "value18",
                            "valueType": "float",
                            "metadata": [
                                {
                                    "metaName": "DisplayMode",
                                    "metaType": "string",
                                    "metaValue": "2"
                                },
                                {
                                    "metaName": "LayoutPos",
                                    "metaType": "string",
                                    "metaValue": "-106.235 -95.5525"
                                },
                                {
                                    "metaName": "valuenode_defaultvalue",
                                    "metaType": "string",
                                    "metaValue": "360"
                                }
                            ]
                        },
                        {
                            "nodeName": "value19",
                            "valueType": "uint",
                            "metadata": [
                                {
                                    "metaName": "DisplayMode",
                                    "metaType": "string",
                                    "metaValue": "0"
                                },
                                {
                                    "metaName": "LayoutPos",
                                    "metaType": "string",
                                    "metaValue": "-329.335 299.056"
                                },
                                {
                                    "metaName": "valuenode_defaultvalue",
                                    "metaType": "string",
                                    "metaValue": "3"
                                }
                            ]
                        }
                    ],
                    "connections": [
                        {
                            "source": ".start_angle",
                            "target": "clamp.value"
                        },
                        {
                            "source": "value.output",
                            "target": "clamp.min"
                        },
                        {
                            "source": "value18.output",
                            "target": "clamp.max"
                        },
                        {
                            "source": ".end_angle",
                            "target": "clamp1.value"
                        },
                        {
                            "source": "value.output",
                            "target": "clamp1.min"
                        },
                        {
                            "source": "value18.output",
                            "target": "clamp1.max"
                        },
                        {
                            "source": "less.output",
                            "target": "if.condition"
                        },
                        {
                            "source": "value19.output",
                            "target": "if.true_case"
                        },
                        {
                            "source": ".sides",
                            "target": "if.false_case"
                        },
                        {
                            "source": "if.output",
                            "target": ".sides_out"
                        },
                        {
                            "source": ".sides",
                            "target": "less.first"
                        },
                        {
                            "source": "value19.output",
                            "target": "less.second"
                        },
                        {
                            "source": "clamp.clamped",
                            "target": ".start_out"
                        },
                        {
                            "source": "clamp1.clamped",
                            "target": ".end_out"
                        }
                    ],
                    "values": [
                        {
                            "valueName": "clamp.max",
                            "valueType": "float",
                            "value": "360f"
                        },
                        {
                            "valueName": "clamp1.max",
                            "valueType": "float",
                            "value": "360f"
                        },
                        {
                            "valueName": "value.value",
                            "valueType": "float",
                            "value": "0f"
                        },
                        {
                            "valueName": "value18.value",
                            "valueType": "float",
                            "value": "360f"
                        },
                        {
                            "valueName": "value19.value",
                            "valueType": "uint",
                            "value": "3U"
                        }
                    ],
                    "reservedNodeNames": [
                        {
                            "name": "input"
                        },
                        {
                            "name": "output"
                        }
                    ]
                },
                {
                    "name": "calculate_angles",
                    "uriImported": "file:///g2m_strand_circle.json",
                    "metadata": [
                        {
                            "metaName": "io_nodes",
                            "metadata": [
                                {
                                    "metaName": "io_inodes",
                                    "metadata": [
                                        {
                                            "metaName": "input",
                                            "metadata": [
                                                {
                                                    "metaName": "DisplayMode",
                                                    "metaType": "string",
                                                    "metaValue": "2"
                                                },
                                                {
                                                    "metaName": "LayoutPos",
                                                    "metaType": "string",
                                                    "metaValue": "-1112.73 -20.7028"
                                                },
                                                {
                                                    "metaName": "io_ports",
                                                    "metadata": [
                                                        {
                                                            "metaName": "start_angle"
                                                        },
                                                        {
                                                            "metaName": "end_angle"
                                                        },
                                                        {
                                                            "metaName": "sides"
                                                        },
                                                        {
                                                            "metaName": "close"
                                                        }
                                                    ]
                                                }
                                            ]
                                        }
                                    ]
                                },
                                {
                                    "metaName": "io_onodes",
                                    "metadata": [
                                        {
                                            "metaName": "output",
                                            "metadata": [
                                                {
                                                    "metaName": "DisplayMode",
                                                    "metaType": "string",
                                                    "metaValue": "2"
                                                },
                                                {
                                                    "metaName": "LayoutPos",
                                                    "metaType": "string",
                                                    "metaValue": "1238.74 186.625"
                                                },
                                                {
                                                    "metaName": "io_ports",
                                                    "metadata": [
                                                        {
                                                            "metaName": "angles"
                                                        },
                                                        {
                                                            "metaName": "included_angle"
                                                        }
                                                    ]
                                                }
                                            ]
                                        }
                                    ]
                                }
                            ]
                        },
                        {
                            "metaName": "_recentNode_",
                            "metaType": "string",
                            "metaValue": "BifrostGraph,Core::Graph,pass"
                        },
                        {
                            "metaName": "_recentNode_",
                            "metaType": "string",
                            "metaValue": "BifrostGraph,Core::Logic,if"
                        },
                        {
                            "metaName": "_recentNode_",
                            "metaType": "string",
                            "metaValue": "BifrostGraph,Core::Array,build_array"
                        },
                        {
                            "metaName": "_recentNode_",
                            "metaType": "string",
                            "metaValue": "BifrostGraph,Core::Math,increment"
                        },
                        {
                            "metaName": "_recentNode_",
                            "metaType": "string",
                            "metaValue": "BifrostGraph,Core::Math,subtract"
                        },
                        {
                            "metaName": "ViewportRect",
                            "metaType": "string",
                            "metaValue": "40 -743 1126 1698"
                        }
                    ],
                    "ports": [
                        {
                            "portName": "angles",
                            "portDirection": "output"
                        },
                        {
                            "portName": "start_angle",
                            "portDirection": "input",
                            "portType": "float"
                        },
                        {
                            "portName": "end_angle",
                            "portDirection": "input",
                            "portType": "float"
                        },
                        {
                            "portName": "sides",
                            "portDirection": "input",
                            "portType": "uint"
                        },
                        {
                            "portName": "close",
                            "portDirection": "input",
                            "portType": "bool"
                        },
                        {
                            "portName": "included_angle",
                            "portDirection": "output"
                        }
                    ],
                    "compoundNodes": [
                        {
                            "nodeName": "build_array",
                            "nodeType": "Core::Array::build_array",
                            "multiInPortNames": [
                                "sequence",
                                "output"
                            ],
                            "metadata": [
                                {
                                    "metaName": "DisplayMode",
                                    "metaType": "string",
                                    "metaValue": "2"
                                },
                                {
                                    "metaName": "LayoutPos",
                                    "metaType": "string",
                                    "metaValue": "561.783 -301.612"
                                }
                            ]
                        },
                        {
                            "nodeName": "divide2",
                            "nodeType": "Core::Math::divide",
                            "multiInPortNames": [
                                "output1",
                                "output2"
                            ],
                            "metadata": [
                                {
                                    "metaName": "DisplayMode",
                                    "metaType": "string",
                                    "metaValue": "2"
                                },
                                {
                                    "metaName": "LayoutPos",
                                    "metaType": "string",
                                    "metaValue": "-478.417 -145.886"
                                }
                            ]
                        },
                        {
                            "nodeName": "sequence_array2",
                            "nodeType": "Core::Array::sequence_array",
                            "metadata": [
                                {
                                    "metaName": "DisplayMode",
                                    "metaType": "string",
                                    "metaValue": "2"
                                },
                                {
                                    "metaName": "LayoutPos",
                                    "metaType": "string",
                                    "metaValue": "-136.177 4.41016"
                                }
                            ]
                        },
                        {
                            "nodeName": "subtract",
                            "nodeType": "Core::Math::subtract",
                            "multiInPortNames": [
                                "end_angle",
                                "start_angle"
                            ],
                            "metadata": [
                                {
                                    "metaName": "DisplayMode",
                                    "metaType": "string",
                                    "metaValue": "2"
                                },
                                {
                                    "metaName": "LayoutPos",
                                    "metaType": "string",
                                    "metaValue": "-792.584 -288.304"
                                }
                            ]
                        },
                        {
                            "nodeName": "fill_last_angle_manually",
                            "nodeType": "Core::Array::build_array",
                            "multiInPortNames": [
                                "sequence",
                                "end_angle"
                            ],
                            "metadata": [
                                {
                                    "metaName": "DisplayMode",
                                    "metaType": "string",
                                    "metaValue": "2"
                                },
                                {
                                    "metaName": "LayoutPos",
                                    "metaType": "string",
                                    "metaValue": "201.658 280.764"
                                }
                            ]
                        },
                        {
                            "nodeName": "if_close",
                            "nodeType": "Core::Logic::if",
                            "metadata": [
                                {
                                    "metaName": "DisplayMode",
                                    "metaType": "string",
                                    "metaValue": "2"
                                },
                                {
                                    "metaName": "LayoutPos",
                                    "metaType": "string",
                                    "metaValue": "813.48 169.137"
                                }
                            ]
                        },
                        {
                            "nodeName": "start_angle",
                            "nodeType": "Core::Graph::pass",
                            "metadata": [
                                {
                                    "metaName": "DisplayMode",
                                    "metaType": "string",
                                    "metaValue": "2"
                                },
                                {
                                    "metaName": "LayoutPos",
                                    "metaType": "string",
                                    "metaValue": "343.953 -127.357"
                                }
                            ]
                        }
                    ],
                    "connections": [
                        {
                            "source": "divide2.output",
                            "target": "sequence_array2.step"
                        },
                        {
                            "source": ".end_angle",
                            "target": "subtract.first.end_angle"
                        },
                        {
                            "source": ".start_angle",
                            "target": "subtract.first.start_angle"
                        },
                        {
                            "source": "subtract.output",
                            "target": "divide2.first.output1"
                        },
                        {
                            "source": ".start_angle",
                            "target": "sequence_array2.start"
                        },
                        {
                            "source": ".sides",
                            "target": "divide2.first.output2"
                        },
                        {
                            "source": ".sides",
                            "target": "sequence_array2.size"
                        },
                        {
                            "source": "sequence_array2.sequence",
                            "target": "fill_last_angle_manually.first.sequence"
                        },
                        {
                            "source": ".end_angle",
                            "target": "fill_last_angle_manually.first.end_angle"
                        },
                        {
                            "source": ".close",
                            "target": "if_close.condition"
                        },
                        {
                            "source": "build_array.array",
                            "target": "if_close.true_case"
                        },
                        {
                            "source": "fill_last_angle_manually.array",
                            "target": "if_close.false_case"
                        },
                        {
                            "source": "if_close.output",
                            "target": ".angles"
                        },
                        {
                            "source": "sequence_array2.sequence",
                            "target": "build_array.first.sequence"
                        },
                        {
                            "source": "subtract.output",
                            "target": ".included_angle"
                        },
                        {
                            "source": ".start_angle",
                            "target": "start_angle.input"
                        },
                        {
                            "source": "start_angle.output",
                            "target": "build_array.first.output"
                        }
                    ],
                    "values": [],
                    "reservedNodeNames": [
                        {
                            "name": "input"
                        },
                        {
                            "name": "output"
                        }
                    ]
                }
            ],
            "compoundNodes": [
                {
                    "nodeName": "generate_point_position",
                    "nodeType": "generate_point_position",
                    "metadata": [
                        {
                            "metaName": "DisplayMode",
                            "metaType": "string",
                            "metaValue": "2"
                        },
                        {
                            "metaName": "LayoutPos",
                            "metaType": "string",
                            "metaValue": "-40.2911 -250.526"
                        }
                    ]
                },
                {
                    "nodeName": "construct_strands5",
                    "nodeType": "Geometry::Strands::construct_strands",
                    "metadata": [
                        {
                            "metaName": "DisplayMode",
                            "metaType": "string",
                            "metaValue": "2"
                        },
                        {
                            "metaName": "LayoutPos",
                            "metaType": "string",
                            "metaValue": "1472.56 -200.177"
                        }
                    ]
                },
                {
                    "nodeName": "prepare_inputs",
                    "nodeType": "prepare_inputs",
                    "metadata": [
                        {
                            "metaName": "DisplayMode",
                            "metaType": "string",
                            "metaValue": "2"
                        },
                        {
                            "metaName": "LayoutPos",
                            "metaType": "string",
                            "metaValue": "-700.209 -361.982"
                        }
                    ]
                },
                {
                    "nodeName": "calculate_angles",
                    "nodeType": "calculate_angles",
                    "metadata": [
                        {
                            "metaName": "DisplayMode",
                            "metaType": "string",
                            "metaValue": "2"
                        },
                        {
                            "metaName": "LayoutPos",
                            "metaType": "string",
                            "metaValue": "-336.248 -435.991"
                        }
                    ]
                },
                {
                    "nodeName": "add",
                    "nodeType": "Core::Math::add",
                    "multiInPortNames": [
                        "point_position",
                        "center"
                    ],
                    "metadata": [
                        {
                            "metaName": "DisplayMode",
                            "metaType": "string",
                            "metaValue": "2"
                        },
                        {
                            "metaName": "LayoutPos",
                            "metaType": "string",
                            "metaValue": "1162.38 33.7458"
                        }
                    ]
                },
                {
                    "nodeName": "rotate_by_quaternion",
                    "nodeType": "Core::Math::rotate_by_quaternion",
                    "metadata": [
                        {
                            "metaName": "DisplayMode",
                            "metaType": "string",
                            "metaValue": "2"
                        },
                        {
                            "metaName": "LayoutPos",
                            "metaType": "string",
                            "metaValue": "457.658 237.379"
                        }
                    ]
                },
                {
                    "nodeName": "rotation_between_vectors",
                    "nodeType": "Core::Math::rotation_between_vectors",
                    "metadata": [
                        {
                            "metaName": "DisplayMode",
                            "metaType": "string",
                            "metaValue": "2"
                        },
                        {
                            "metaName": "LayoutPos",
                            "metaType": "string",
                            "metaValue": "196.223 303.385"
                        }
                    ]
                },
                {
                    "nodeName": "value",
                    "valueType": "Math::float3",
                    "metadata": [
                        {
                            "metaName": "DisplayMode",
                            "metaType": "string",
                            "metaValue": "0"
                        },
                        {
                            "metaName": "LayoutPos",
                            "metaType": "string",
                            "metaValue": "-46.5468 345.371"
                        },
                        {
                            "metaName": "valuenode_defaultvalue",
                            "metaType": "string",
                            "metaValue": "0"
                        },
                        {
                            "metaName": "valuenode_defaultvalue",
                            "metaType": "string",
                            "metaValue": "1"
                        },
                        {
                            "metaName": "valuenode_defaultvalue",
                            "metaType": "string",
                            "metaValue": "0"
                        }
                    ]
                }
            ],
            "connections": [
                {
                    "source": ".start_angle",
                    "target": "prepare_inputs.start_angle"
                },
                {
                    "source": ".end_angle",
                    "target": "prepare_inputs.end_angle"
                },
                {
                    "source": ".sides",
                    "target": "prepare_inputs.sides"
                },
                {
                    "source": "prepare_inputs.start_out",
                    "target": "calculate_angles.start_angle"
                },
                {
                    "source": "prepare_inputs.end_out",
                    "target": "calculate_angles.end_angle"
                },
                {
                    "source": "prepare_inputs.sides_out",
                    "target": "calculate_angles.sides"
                },
                {
                    "source": "calculate_angles.angles",
                    "target": "generate_point_position.angles"
                },
                {
                    "source": ".close",
                    "target": "calculate_angles.close"
                },
                {
                    "source": ".clockwise",
                    "target": "generate_point_position.clockwise"
                },
                {
                    "source": ".center",
                    "target": "add.first.center"
                },
                {
                    "source": "add.output",
                    "target": "construct_strands5.point_position"
                },
                {
                    "source": ".radius",
                    "target": "generate_point_position.radius"
                },
                {
                    "source": "add.output",
                    "target": ".point_position"
                },
                {
                    "source": "calculate_angles.included_angle",
                    "target": ".circle_angle"
                },
                {
                    "source": "construct_strands5.strands",
                    "target": ".circle"
                },
                {
                    "source": "rotate_by_quaternion.rotated_vector",
                    "target": "add.first.point_position"
                },
                {
                    "source": ".normal",
                    "target": "rotation_between_vectors.to"
                },
                {
                    "source": "rotation_between_vectors.quaternion",
                    "target": "rotate_by_quaternion.quaternion"
                },
                {
                    "source": "value.output",
                    "target": "rotation_between_vectors.from"
                },
                {
                    "source": "generate_point_position.point_position",
                    "target": "rotate_by_quaternion.vector"
                }
            ],
            "values": [
                {
                    "valueName": "generate_point_position.clockwise",
                    "valueType": "bool",
                    "value": "false"
                },
                {
                    "valueName": "prepare_inputs.start_angle",
                    "valueType": "float",
                    "value": "0f"
                },
                {
                    "valueName": "prepare_inputs.end_angle",
                    "valueType": "float",
                    "value": "0f"
                },
                {
                    "valueName": "prepare_inputs.sides",
                    "valueType": "uint",
                    "value": "0U"
                },
                {
                    "valueName": "calculate_angles.start_angle",
                    "valueType": "float",
                    "value": "0f"
                },
                {
                    "valueName": "calculate_angles.end_angle",
                    "valueType": "float",
                    "value": "0f"
                },
                {
                    "valueName": "calculate_angles.sides",
                    "valueType": "uint",
                    "value": "0U"
                },
                {
                    "valueName": "value.value",
                    "valueType": "Math::float3",
                    "value": {
                        "x": "0f",
                        "y": "1f",
                        "z": "0f"
                    }
                }
            ],
            "reservedNodeNames": [
                {
                    "name": "input"
                },
                {
                    "name": "output"
                }
            ]
        }
    ]
}