{
    "header": {
        "metadata": [
            {
                "metaName": "adskFileFormatVersion",
                "metaValue": "100L"
            }
        ]
    },
    "namespaces": [],
    "types": [],
    "compounds": [
        {
            "name": "BPM::g2m_bifrost_pack_0::mesh::g2m_simple_object_offset",
            "uriImported": "stream:/bifrostGraphShape1",
            "metadata": [
                {
                    "metaName": "io_nodes",
                    "metadata": [
                        {
                            "metaName": "io_inodes",
                            "metadata": [
                                {
                                    "metaName": "input",
                                    "metadata": [
                                        {
                                            "metaName": "DisplayMode",
                                            "metaType": "string",
                                            "metaValue": "2"
                                        },
                                        {
                                            "metaName": "LayoutPos",
                                            "metaType": "string",
                                            "metaValue": "-449.5 -61"
                                        },
                                        {
                                            "metaName": "io_ports",
                                            "metadata": [
                                                {
                                                    "metaName": "object"
                                                },
                                                {
                                                    "metaName": "offset"
                                                }
                                            ]
                                        }
                                    ]
                                }
                            ]
                        },
                        {
                            "metaName": "io_onodes",
                            "metadata": [
                                {
                                    "metaName": "output",
                                    "metadata": [
                                        {
                                            "metaName": "DisplayMode",
                                            "metaType": "string",
                                            "metaValue": "2"
                                        },
                                        {
                                            "metaName": "LayoutPos",
                                            "metaType": "string",
                                            "metaValue": "631.139 -81.3457"
                                        },
                                        {
                                            "metaName": "io_ports",
                                            "metadata": [
                                                {
                                                    "metaName": "out_object"
                                                }
                                            ]
                                        }
                                    ]
                                }
                            ]
                        }
                    ]
                },
                {
                    "metaName": "ViewportRect",
                    "metaType": "string",
                    "metaValue": "-474.413 -186.434 1030.54 699.749"
                },
                {
                    "metaName": "DisplayMode",
                    "metaType": "string",
                    "metaValue": "2"
                },
                {
                    "metaName": "LayoutPos",
                    "metaType": "string",
                    "metaValue": "131.047 -224.68"
                }
            ],
            "ports": [
                {
                    "portName": "object",
                    "portDirection": "input",
                    "portType": "Amino::Object",
                    "portDefault": {}
                },
                {
                    "portName": "out_object",
                    "portDirection": "output",
                    "portType": "Amino::Object"
                },
                {
                    "portName": "offset",
                    "portDirection": "input",
                    "portType": "Math::float3",
                    "portDefault": {
                        "x": "1f",
                        "y": "0f",
                        "z": "4f"
                    }
                }
            ],
            "compoundNodes": [
                {
                    "nodeName": "add1",
                    "nodeType": "Core::Math::add",
                    "multiInPortNames": [
                        "point_position",
                        "output1"
                    ],
                    "metadata": [
                        {
                            "metaName": "DisplayMode",
                            "metaType": "string",
                            "metaValue": "2"
                        },
                        {
                            "metaName": "LayoutPos",
                            "metaType": "string",
                            "metaValue": "134.637 21.6559"
                        }
                    ]
                },
                {
                    "nodeName": "get_point_position",
                    "nodeType": "Geometry::Properties::get_point_position",
                    "metadata": [
                        {
                            "metaName": "DisplayMode",
                            "metaType": "string",
                            "metaValue": "2"
                        },
                        {
                            "metaName": "LayoutPos",
                            "metaType": "string",
                            "metaValue": "-151.063 -144.508"
                        }
                    ]
                },
                {
                    "nodeName": "set_point_position",
                    "nodeType": "Geometry::Properties::set_point_position",
                    "metadata": [
                        {
                            "metaName": "DisplayMode",
                            "metaType": "string",
                            "metaValue": "2"
                        },
                        {
                            "metaName": "LayoutPos",
                            "metaType": "string",
                            "metaValue": "402.348 -81.6772"
                        }
                    ]
                }
            ],
            "connections": [
                {
                    "source": "get_point_position.point_position",
                    "target": "add1.first.point_position"
                },
                {
                    "source": "add1.output",
                    "target": "set_point_position.positions"
                },
                {
                    "source": ".object",
                    "target": "get_point_position.geometry"
                },
                {
                    "source": "set_point_position.out_geometry",
                    "target": ".out_object"
                },
                {
                    "source": ".object",
                    "target": "set_point_position.geometry"
                },
                {
                    "source": ".offset",
                    "target": "add1.first.output1"
                }
            ],
            "values": [],
            "reservedNodeNames": [
                {
                    "name": "input"
                },
                {
                    "name": "output"
                }
            ]
        }
    ]
}