{
    "header": {
        "metadata": [
            {
                "metaName": "adskFileFormatVersion",
                "metaValue": "100L"
            }
        ]
    },
    "namespaces": [],
    "types": [],
    "compounds": [
        {
            "name": "BPM::g2m_bifrost_pack_0::string::g2m_string_padding",
            "uriImported": "file:///g2m_string_padding.json",
            "metadata": [
                {
                    "metaName": "io_nodes",
                    "metadata": [
                        {
                            "metaName": "io_inodes",
                            "metadata": [
                                {
                                    "metaName": "input",
                                    "metadata": [
                                        {
                                            "metaName": "DisplayMode",
                                            "metaType": "string",
                                            "metaValue": "2"
                                        },
                                        {
                                            "metaName": "LayoutPos",
                                            "metaType": "string",
                                            "metaValue": "-605.857 -68.3713"
                                        },
                                        {
                                            "metaName": "io_ports",
                                            "metadata": [
                                                {
                                                    "metaName": "original_string"
                                                },
                                                {
                                                    "metaName": "padding_length"
                                                },
                                                {
                                                    "metaName": "padding_symbol"
                                                },
                                                {
                                                    "metaName": "fill_in_front"
                                                },
                                                {
                                                    "metaName": "fill_in_back"
                                                }
                                            ]
                                        }
                                    ]
                                }
                            ]
                        },
                        {
                            "metaName": "io_onodes",
                            "metadata": [
                                {
                                    "metaName": "output",
                                    "metadata": [
                                        {
                                            "metaName": "DisplayMode",
                                            "metaType": "string",
                                            "metaValue": "2"
                                        },
                                        {
                                            "metaName": "LayoutPos",
                                            "metaType": "string",
                                            "metaValue": "413.799 -54.4477"
                                        },
                                        {
                                            "metaName": "io_ports",
                                            "metadata": [
                                                {
                                                    "metaName": "placeholder_string"
                                                }
                                            ]
                                        }
                                    ]
                                }
                            ]
                        }
                    ]
                },
                {
                    "metaName": "_recentNode_",
                    "metaType": "string",
                    "metaValue": "BifrostGraph,Core::Constants,float"
                },
                {
                    "metaName": "_recentNode_",
                    "metaType": "string",
                    "metaValue": "BifrostGraph,Core::Array,build_array"
                },
                {
                    "metaName": "_recentNode_",
                    "metaType": "string",
                    "metaValue": "BifrostGraph,Core::Math,subtract"
                },
                {
                    "metaName": "_recentNode_",
                    "metaType": "string",
                    "metaValue": "BifrostGraph,Core::String,string_length"
                },
                {
                    "metaName": "_recentNode_",
                    "metaType": "string",
                    "metaValue": "BifrostGraph,Core::Math,absolute_value"
                },
                {
                    "metaName": "ViewportRect",
                    "metaType": "string",
                    "metaValue": "-857 -494 1589 842"
                },
                {
                    "metaName": "DisplayMode",
                    "metaType": "string",
                    "metaValue": "2"
                },
                {
                    "metaName": "LayoutPos",
                    "metaType": "string",
                    "metaValue": "679.219 547.488"
                }
            ],
            "ports": [
                {
                    "portName": "original_string",
                    "portDirection": "input",
                    "portType": "string"
                },
                {
                    "portName": "padding_length",
                    "portDirection": "input",
                    "portType": "uchar"
                },
                {
                    "portName": "placeholder_string",
                    "portDirection": "output"
                },
                {
                    "portName": "padding_symbol",
                    "portDirection": "input",
                    "portType": "string",
                    "portDefault": "0"
                },
                {
                    "portName": "fill_in_front",
                    "portDirection": "input",
                    "portType": "bool",
                    "portDefault": "false"
                },
                {
                    "portName": "fill_in_back",
                    "portDirection": "input",
                    "portType": "bool",
                    "portDefault": "true"
                }
            ],
            "compounds": [
                {
                    "name": "do_while",
                    "uriImported": "file:///g2m_string_padding.json",
                    "metadata": [
                        {
                            "metaName": "icon",
                            "metaType": "string",
                            "metaValue": "<NATIVE>../icons/LoopDo_While.svg"
                        },
                        {
                            "metaName": "icon",
                            "metaType": "string",
                            "metaValue": "<NATIVE>../icons/LoopDo_While.svg"
                        },
                        {
                            "metaName": "icon",
                            "metaType": "string",
                            "metaValue": "<NATIVE>../icons/LoopDo_While.svg"
                        },
                        {
                            "metaName": "icon",
                            "metaType": "string",
                            "metaValue": "<NATIVE>../icons/LoopDo_While.svg"
                        },
                        {
                            "metaName": "icon",
                            "metaType": "string",
                            "metaValue": "<NATIVE>../icons/LoopDo_While.svg"
                        },
                        {
                            "metaName": "io_nodes",
                            "metadata": [
                                {
                                    "metaName": "io_inodes",
                                    "metadata": [
                                        {
                                            "metaName": "input",
                                            "metadata": [
                                                {
                                                    "metaName": "DisplayMode",
                                                    "metaType": "string",
                                                    "metaValue": "2"
                                                },
                                                {
                                                    "metaName": "LayoutPos",
                                                    "metaType": "string",
                                                    "metaValue": "-808.862 -47.9531"
                                                },
                                                {
                                                    "metaName": "io_ports",
                                                    "metadata": [
                                                        {
                                                            "metaName": "original_string"
                                                        },
                                                        {
                                                            "metaName": "number_of_iterations"
                                                        },
                                                        {
                                                            "metaName": "padding_symbol"
                                                        },
                                                        {
                                                            "metaName": "current_index"
                                                        },
                                                        {
                                                            "metaName": "fill_in_front"
                                                        },
                                                        {
                                                            "metaName": "fill_in_back"
                                                        }
                                                    ]
                                                }
                                            ]
                                        }
                                    ]
                                },
                                {
                                    "metaName": "io_onodes",
                                    "metadata": [
                                        {
                                            "metaName": "output",
                                            "metadata": [
                                                {
                                                    "metaName": "DisplayMode",
                                                    "metaType": "string",
                                                    "metaValue": "2"
                                                },
                                                {
                                                    "metaName": "LayoutPos",
                                                    "metaType": "string",
                                                    "metaValue": "940 86"
                                                },
                                                {
                                                    "metaName": "io_ports",
                                                    "metadata": [
                                                        {
                                                            "metaName": "looping_condition"
                                                        },
                                                        {
                                                            "metaName": "placeholder_string"
                                                        },
                                                        {
                                                            "metaName": "number_of_iterations_out"
                                                        }
                                                    ]
                                                }
                                            ]
                                        }
                                    ]
                                }
                            ]
                        },
                        {
                            "metaName": "_recentNode_",
                            "metaType": "string",
                            "metaValue": "BifrostGraph,Core::String,string_length"
                        },
                        {
                            "metaName": "_recentNode_",
                            "metaType": "string",
                            "metaValue": "BifrostGraph,Core::Logic,if"
                        },
                        {
                            "metaName": "_recentNode_",
                            "metaType": "string",
                            "metaValue": "BifrostGraph,Core::String,build_string"
                        },
                        {
                            "metaName": "_recentNode_",
                            "metaType": "string",
                            "metaValue": "BifrostGraph,Core::Constants,float"
                        },
                        {
                            "metaName": "_recentNode_",
                            "metaType": "string",
                            "metaValue": "BifrostGraph,Core::Math,decrement"
                        },
                        {
                            "metaName": "ViewportRect",
                            "metaType": "string",
                            "metaValue": "-747 -412 1589 842"
                        }
                    ],
                    "ports": [
                        {
                            "portName": "original_string",
                            "portDirection": "input"
                        },
                        {
                            "portName": "number_of_iterations",
                            "portDirection": "input"
                        },
                        {
                            "portName": "padding_symbol",
                            "portDirection": "input"
                        },
                        {
                            "portName": "current_index",
                            "portDirection": "input",
                            "portType": "long",
                            "portIterationCounter": "true"
                        },
                        {
                            "portName": "placeholder_string",
                            "portDirection": "output"
                        },
                        {
                            "portName": "number_of_iterations_out",
                            "portDirection": "output"
                        },
                        {
                            "portName": "fill_in_front",
                            "portDirection": "input",
                            "portType": "bool"
                        },
                        {
                            "portName": "fill_in_back",
                            "portDirection": "input",
                            "portType": "bool"
                        }
                    ],
                    "compoundNodes": [
                        {
                            "nodeName": "i_greater_zero",
                            "nodeType": "Core::Logic::greater",
                            "metadata": [
                                {
                                    "metaName": "DisplayMode",
                                    "metaType": "string",
                                    "metaValue": "2"
                                },
                                {
                                    "metaName": "LayoutPos",
                                    "metaType": "string",
                                    "metaValue": "234.888 -112.971"
                                }
                            ]
                        },
                        {
                            "nodeName": "decrement",
                            "nodeType": "Core::Math::decrement",
                            "metadata": [
                                {
                                    "metaName": "DisplayMode",
                                    "metaType": "string",
                                    "metaValue": "2"
                                },
                                {
                                    "metaName": "LayoutPos",
                                    "metaType": "string",
                                    "metaValue": "471.221 418.032"
                                }
                            ]
                        },
                        {
                            "nodeName": "build_string",
                            "nodeType": "Core::String::build_string",
                            "fanInPortNames": {
                                "strings": [
                                    "output",
                                    "original_string",
                                    "output1"
                                ]
                            },
                            "metadata": [
                                {
                                    "metaName": "DisplayMode",
                                    "metaType": "string",
                                    "metaValue": "2"
                                },
                                {
                                    "metaName": "PortExpandedState",
                                    "metadata": [
                                        {
                                            "metaName": "strings",
                                            "metaType": "string",
                                            "metaValue": "1"
                                        }
                                    ]
                                },
                                {
                                    "metaName": "LayoutPos",
                                    "metaType": "string",
                                    "metaValue": "188.984 214.197"
                                }
                            ]
                        },
                        {
                            "nodeName": "if",
                            "nodeType": "Core::Logic::if",
                            "metadata": [
                                {
                                    "metaName": "DisplayMode",
                                    "metaType": "string",
                                    "metaValue": "2"
                                },
                                {
                                    "metaName": "LayoutPos",
                                    "metaType": "string",
                                    "metaValue": "651.545 109.978"
                                }
                            ]
                        },
                        {
                            "nodeName": "if1",
                            "nodeType": "Core::Logic::if",
                            "metadata": [
                                {
                                    "metaName": "DisplayMode",
                                    "metaType": "string",
                                    "metaValue": "2"
                                },
                                {
                                    "metaName": "LayoutPos",
                                    "metaType": "string",
                                    "metaValue": "-293.91 135.24"
                                }
                            ]
                        },
                        {
                            "nodeName": "if2",
                            "nodeType": "Core::Logic::if",
                            "metadata": [
                                {
                                    "metaName": "DisplayMode",
                                    "metaType": "string",
                                    "metaValue": "2"
                                },
                                {
                                    "metaName": "LayoutPos",
                                    "metaType": "string",
                                    "metaValue": "-293.909 362.055"
                                }
                            ]
                        }
                    ],
                    "connections": [
                        {
                            "source": "i_greater_zero.output",
                            "target": ".looping_condition"
                        },
                        {
                            "source": "i_greater_zero.output",
                            "target": "if.condition"
                        },
                        {
                            "source": "decrement.output",
                            "target": ".number_of_iterations_out"
                        },
                        {
                            "source": "build_string.joined",
                            "target": "if.true_case"
                        },
                        {
                            "source": "if.output",
                            "target": ".placeholder_string"
                        },
                        {
                            "source": ".original_string",
                            "target": "if.false_case"
                        },
                        {
                            "source": ".number_of_iterations",
                            "target": "decrement.value"
                        },
                        {
                            "source": ".number_of_iterations",
                            "target": "i_greater_zero.first"
                        },
                        {
                            "source": ".fill_in_front",
                            "target": "if1.condition"
                        },
                        {
                            "source": ".fill_in_back",
                            "target": "if2.condition"
                        },
                        {
                            "source": ".padding_symbol",
                            "target": "if1.true_case"
                        },
                        {
                            "source": ".padding_symbol",
                            "target": "if2.true_case"
                        },
                        {
                            "source": "if1.output",
                            "target": "build_string.strings.output"
                        },
                        {
                            "source": ".original_string",
                            "target": "build_string.strings.original_string"
                        },
                        {
                            "source": "if2.output",
                            "target": "build_string.strings.output1"
                        }
                    ],
                    "values": [
                        {
                            "valueName": "decrement.by",
                            "valueType": "char",
                            "value": "1"
                        }
                    ],
                    "reservedNodeNames": [
                        {
                            "name": "input"
                        },
                        {
                            "name": "output"
                        }
                    ],
                    "whileCompound": {
                        "ports": [
                            {
                                "portKind": "state",
                                "inputPortName": "original_string",
                                "outputPortName": "placeholder_string"
                            },
                            {
                                "portKind": "state",
                                "inputPortName": "number_of_iterations",
                                "outputPortName": "number_of_iterations_out"
                            }
                        ]
                    }
                }
            ],
            "compoundNodes": [
                {
                    "nodeName": "do_while",
                    "nodeType": "do_while",
                    "metadata": [
                        {
                            "metaName": "DisplayMode",
                            "metaType": "string",
                            "metaValue": "2"
                        },
                        {
                            "metaName": "LayoutPos",
                            "metaType": "string",
                            "metaValue": "-100.627 -214.523"
                        }
                    ]
                }
            ],
            "connections": [
                {
                    "source": "do_while.placeholder_string",
                    "target": ".placeholder_string"
                },
                {
                    "source": ".padding_symbol",
                    "target": "do_while.padding_symbol"
                },
                {
                    "source": ".original_string",
                    "target": "do_while.original_string"
                },
                {
                    "source": ".fill_in_front",
                    "target": "do_while.fill_in_front"
                },
                {
                    "source": ".fill_in_back",
                    "target": "do_while.fill_in_back"
                },
                {
                    "source": ".padding_length",
                    "target": "do_while.number_of_iterations"
                }
            ],
            "values": [],
            "reservedNodeNames": [
                {
                    "name": "input"
                },
                {
                    "name": "output"
                }
            ]
        }
    ]
}