{
    "header": {
        "metadata": [
            {
                "metaName": "adskFileFormatVersion",
                "metaValue": "100L"
            }
        ]
    },
    "namespaces": [],
    "types": [],
    "compounds": [
        {
            "name": "BPM::g2m_bifrost_pack_0::utility::g2m_print_float3_array",
            "uriImported": "stream:/stream",
            "metadata": [
                {
                    "metaName": "documentation",
                    "metaType": "string",
                    "metaValue": "docs/g2m_print_float3_array.md"
                },
                {
                    "metaName": "icon",
                    "metaType": "string",
                    "metaValue": "icons/g2m_default.png"
                },
                {
                    "metaName": "io_nodes",
                    "metadata": [
                        {
                            "metaName": "io_onodes",
                            "metadata": [
                                {
                                    "metaName": "output2",
                                    "metadata": [
                                        {
                                            "metaName": "DisplayMode",
                                            "metaType": "string",
                                            "metaValue": "2"
                                        },
                                        {
                                            "metaName": "LayoutPos",
                                            "metaType": "string",
                                            "metaValue": "-1245.81 -1387.15"
                                        },
                                        {
                                            "metaName": "io_ports",
                                            "metadata": [
                                                {
                                                    "metaName": "out_string"
                                                },
                                                {
                                                    "metaName": "x_string"
                                                },
                                                {
                                                    "metaName": "y_string"
                                                },
                                                {
                                                    "metaName": "z_string"
                                                }
                                            ]
                                        }
                                    ]
                                }
                            ]
                        },
                        {
                            "metaName": "io_inodes",
                            "metadata": [
                                {
                                    "metaName": "input",
                                    "metadata": [
                                        {
                                            "metaName": "DisplayMode",
                                            "metaType": "string",
                                            "metaValue": "2"
                                        },
                                        {
                                            "metaName": "LayoutPos",
                                            "metaType": "string",
                                            "metaValue": "-2308.87 -1312.61"
                                        },
                                        {
                                            "metaName": "io_ports",
                                            "metadata": [
                                                {
                                                    "metaName": "float3_array"
                                                },
                                                {
                                                    "metaName": "trimming"
                                                },
                                                {
                                                    "metaName": "trimming_place"
                                                }
                                            ]
                                        }
                                    ]
                                }
                            ]
                        }
                    ]
                },
                {
                    "metaName": "ViewportRect",
                    "metaType": "string",
                    "metaValue": "-2535.06 -1575 1741.13 924"
                },
                {
                    "metaName": "DisplayMode",
                    "metaType": "string",
                    "metaValue": "2"
                },
                {
                    "metaName": "LayoutPos",
                    "metaType": "string",
                    "metaValue": "324.078 -81.0792"
                }
            ],
            "ports": [
                {
                    "portName": "float3_array",
                    "portDirection": "input",
                    "portType": "array<Math::float3>",
                    "portDefault": []
                },
                {
                    "portName": "out_string",
                    "portDirection": "output",
                    "portType": "string"
                },
                {
                    "portName": "x_string",
                    "portDirection": "output"
                },
                {
                    "portName": "y_string",
                    "portDirection": "output"
                },
                {
                    "portName": "z_string",
                    "portDirection": "output"
                },
                {
                    "portName": "trimming",
                    "portDirection": "input",
                    "portType": "bool",
                    "portDefault": "true"
                },
                {
                    "portName": "trimming_place",
                    "portDirection": "input",
                    "portType": "char",
                    "portDefault": "2"
                }
            ],
            "compounds": [
                {
                    "name": "for_each",
                    "uriImported": "stream:/stream",
                    "metadata": [
                        {
                            "metaName": "icon",
                            "metaType": "string",
                            "metaValue": "<NATIVE>../icons/LoopForEach.svg"
                        },
                        {
                            "metaName": "icon",
                            "metaType": "string",
                            "metaValue": "<NATIVE>../icons/LoopForEach.svg"
                        },
                        {
                            "metaName": "icon",
                            "metaType": "string",
                            "metaValue": "<NATIVE>../icons/LoopForEach.svg"
                        },
                        {
                            "metaName": "io_nodes",
                            "metadata": [
                                {
                                    "metaName": "io_inodes",
                                    "metadata": [
                                        {
                                            "metaName": "input",
                                            "metadata": [
                                                {
                                                    "metaName": "DisplayMode",
                                                    "metaType": "string",
                                                    "metaValue": "2"
                                                },
                                                {
                                                    "metaName": "io_ports",
                                                    "metadata": [
                                                        {
                                                            "metaName": "current_index"
                                                        },
                                                        {
                                                            "metaName": "float3_array"
                                                        },
                                                        {
                                                            "metaName": "trimming"
                                                        },
                                                        {
                                                            "metaName": "trimming_place"
                                                        }
                                                    ]
                                                },
                                                {
                                                    "metaName": "LayoutPos",
                                                    "metaType": "string",
                                                    "metaValue": "-2190.11 -77.9018"
                                                }
                                            ]
                                        }
                                    ]
                                },
                                {
                                    "metaName": "io_onodes",
                                    "metadata": [
                                        {
                                            "metaName": "output",
                                            "metadata": [
                                                {
                                                    "metaName": "DisplayMode",
                                                    "metaType": "string",
                                                    "metaValue": "2"
                                                },
                                                {
                                                    "metaName": "LayoutPos",
                                                    "metaType": "string",
                                                    "metaValue": "1243 -94.5"
                                                },
                                                {
                                                    "metaName": "io_ports",
                                                    "metadata": [
                                                        {
                                                            "metaName": "joined"
                                                        },
                                                        {
                                                            "metaName": "x_sequence"
                                                        },
                                                        {
                                                            "metaName": "y_sequence"
                                                        },
                                                        {
                                                            "metaName": "z_sequence"
                                                        }
                                                    ]
                                                }
                                            ]
                                        }
                                    ]
                                }
                            ]
                        },
                        {
                            "metaName": "_recentNode_",
                            "metaType": "string",
                            "metaValue": "BifrostGraph,Core::Graph,pass"
                        },
                        {
                            "metaName": "_recentNode_",
                            "metaType": "string",
                            "metaValue": "BifrostGraph,G2M::utility,g2m_number_to_string"
                        },
                        {
                            "metaName": "_recentNode_",
                            "metaType": "string",
                            "metaValue": "BifrostGraph,Core::Logic,if"
                        },
                        {
                            "metaName": "_recentNode_",
                            "metaType": "string",
                            "metaValue": "BifrostGraph,Core::Constants,float"
                        },
                        {
                            "metaName": "_recentNode_",
                            "metaType": "string",
                            "metaValue": "BifrostGraph,G2M::utility,g2m_round"
                        },
                        {
                            "metaName": "ViewportRect",
                            "metaType": "string",
                            "metaValue": "-536.317 -681.155 1856.37 985.157"
                        }
                    ],
                    "ports": [
                        {
                            "portName": "current_index",
                            "portDirection": "input",
                            "portType": "long",
                            "portIterationCounter": "true"
                        },
                        {
                            "portName": "float3_array",
                            "portDirection": "input",
                            "portIterationTarget": "true"
                        },
                        {
                            "portName": "joined",
                            "portDirection": "output",
                            "portIterationTarget": "true"
                        },
                        {
                            "portName": "x_sequence",
                            "portDirection": "output",
                            "portIterationTarget": "true"
                        },
                        {
                            "portName": "y_sequence",
                            "portDirection": "output",
                            "portIterationTarget": "true"
                        },
                        {
                            "portName": "z_sequence",
                            "portDirection": "output",
                            "portIterationTarget": "true"
                        },
                        {
                            "portName": "trimming",
                            "portDirection": "input",
                            "portType": "bool"
                        },
                        {
                            "portName": "trimming_place",
                            "portDirection": "input",
                            "portType": "char"
                        }
                    ],
                    "compoundNodes": [
                        {
                            "nodeName": "vector3_to_scalar",
                            "nodeType": "Core::Conversion::vector3_to_scalar",
                            "metadata": [
                                {
                                    "metaName": "DisplayMode",
                                    "metaType": "string",
                                    "metaValue": "2"
                                },
                                {
                                    "metaName": "LayoutPos",
                                    "metaType": "string",
                                    "metaValue": "-1884.61 -276.402"
                                }
                            ]
                        },
                        {
                            "nodeName": "string_join",
                            "nodeType": "Core::String::string_join",
                            "metadata": [
                                {
                                    "metaName": "DisplayMode",
                                    "metaType": "string",
                                    "metaValue": "2"
                                },
                                {
                                    "metaName": "LayoutPos",
                                    "metaType": "string",
                                    "metaValue": "807.5 -295"
                                }
                            ]
                        },
                        {
                            "nodeName": "build_array",
                            "nodeType": "Core::Array::build_array",
                            "multiInPortNames": [
                                "joined",
                                "string",
                                "joined1"
                            ],
                            "metadata": [
                                {
                                    "metaName": "DisplayMode",
                                    "metaType": "string",
                                    "metaValue": "2"
                                },
                                {
                                    "metaName": "LayoutPos",
                                    "metaType": "string",
                                    "metaValue": "528.435 -359.158"
                                }
                            ]
                        },
                        {
                            "nodeName": "value",
                            "valueType": "string",
                            "metadata": [
                                {
                                    "metaName": "DisplayMode",
                                    "metaType": "string",
                                    "metaValue": "2"
                                },
                                {
                                    "metaName": "valuenode_defaultvalue",
                                    "metaType": "string",
                                    "metaValue": "["
                                },
                                {
                                    "metaName": "LayoutPos",
                                    "metaType": "string",
                                    "metaValue": "-64.1812 -698.803"
                                }
                            ]
                        },
                        {
                            "nodeName": "value1",
                            "valueType": "string",
                            "metadata": [
                                {
                                    "metaName": "DisplayMode",
                                    "metaType": "string",
                                    "metaValue": "2"
                                },
                                {
                                    "metaName": "LayoutPos",
                                    "metaType": "string",
                                    "metaValue": "-83.5 113"
                                },
                                {
                                    "metaName": "valuenode_defaultvalue",
                                    "metaType": "string",
                                    "metaValue": "]"
                                }
                            ]
                        },
                        {
                            "nodeName": "build_string",
                            "nodeType": "Core::String::build_string",
                            "fanInPortNames": {
                                "strings": [
                                    "output",
                                    "string"
                                ]
                            },
                            "metadata": [
                                {
                                    "metaName": "DisplayMode",
                                    "metaType": "string",
                                    "metaValue": "2"
                                },
                                {
                                    "metaName": "PortExpandedState",
                                    "metadata": [
                                        {
                                            "metaName": "strings",
                                            "metaType": "string",
                                            "metaValue": "1"
                                        }
                                    ]
                                },
                                {
                                    "metaName": "LayoutPos",
                                    "metaType": "string",
                                    "metaValue": "210.083 -641.507"
                                }
                            ]
                        },
                        {
                            "nodeName": "build_string1",
                            "nodeType": "Core::String::build_string",
                            "fanInPortNames": {
                                "strings": [
                                    "string",
                                    "output"
                                ]
                            },
                            "metadata": [
                                {
                                    "metaName": "DisplayMode",
                                    "metaType": "string",
                                    "metaValue": "2"
                                },
                                {
                                    "metaName": "LayoutPos",
                                    "metaType": "string",
                                    "metaValue": "428.426 -32.3861"
                                },
                                {
                                    "metaName": "PortExpandedState",
                                    "metadata": [
                                        {
                                            "metaName": "strings",
                                            "metaType": "string",
                                            "metaValue": "1"
                                        }
                                    ]
                                }
                            ]
                        },
                        {
                            "nodeName": "build_array1",
                            "nodeType": "Core::Array::build_array",
                            "multiInPortNames": [
                                "string"
                            ],
                            "metadata": [
                                {
                                    "metaName": "DisplayMode",
                                    "metaType": "string",
                                    "metaValue": "2"
                                },
                                {
                                    "metaName": "LayoutPos",
                                    "metaType": "string",
                                    "metaValue": "318.5 220"
                                }
                            ]
                        },
                        {
                            "nodeName": "build_array2",
                            "nodeType": "Core::Array::build_array",
                            "multiInPortNames": [
                                "string"
                            ],
                            "metadata": [
                                {
                                    "metaName": "DisplayMode",
                                    "metaType": "string",
                                    "metaValue": "2"
                                },
                                {
                                    "metaName": "LayoutPos",
                                    "metaType": "string",
                                    "metaValue": "321.5 430"
                                }
                            ]
                        },
                        {
                            "nodeName": "build_array3",
                            "nodeType": "Core::Array::build_array",
                            "multiInPortNames": [
                                "string"
                            ],
                            "metadata": [
                                {
                                    "metaName": "DisplayMode",
                                    "metaType": "string",
                                    "metaValue": "2"
                                },
                                {
                                    "metaName": "LayoutPos",
                                    "metaType": "string",
                                    "metaValue": "325.5 639"
                                }
                            ]
                        },
                        {
                            "nodeName": "string_join1",
                            "nodeType": "Core::String::string_join",
                            "metadata": [
                                {
                                    "metaName": "DisplayMode",
                                    "metaType": "string",
                                    "metaValue": "2"
                                },
                                {
                                    "metaName": "LayoutPos",
                                    "metaType": "string",
                                    "metaValue": "556.5 195"
                                }
                            ]
                        },
                        {
                            "nodeName": "string_join2",
                            "nodeType": "Core::String::string_join",
                            "metadata": [
                                {
                                    "metaName": "DisplayMode",
                                    "metaType": "string",
                                    "metaValue": "2"
                                },
                                {
                                    "metaName": "LayoutPos",
                                    "metaType": "string",
                                    "metaValue": "559.5 407"
                                }
                            ]
                        },
                        {
                            "nodeName": "string_join3",
                            "nodeType": "Core::String::string_join",
                            "metadata": [
                                {
                                    "metaName": "DisplayMode",
                                    "metaType": "string",
                                    "metaValue": "2"
                                },
                                {
                                    "metaName": "LayoutPos",
                                    "metaType": "string",
                                    "metaValue": "569.5 614"
                                }
                            ]
                        },
                        {
                            "nodeName": "g2m_number_to_string1",
                            "nodeType": "BPM::g2m_bifrost_pack_0::utility::g2m_number_to_string",
                            "metadata": [
                                {
                                    "metaName": "DisplayMode",
                                    "metaType": "string",
                                    "metaValue": "2"
                                },
                                {
                                    "metaName": "LayoutPos",
                                    "metaType": "string",
                                    "metaValue": "-558.918 -582.203"
                                }
                            ]
                        },
                        {
                            "nodeName": "g2m_number_to_string2",
                            "nodeType": "BPM::g2m_bifrost_pack_0::utility::g2m_number_to_string",
                            "metadata": [
                                {
                                    "metaName": "DisplayMode",
                                    "metaType": "string",
                                    "metaValue": "2"
                                },
                                {
                                    "metaName": "LayoutPos",
                                    "metaType": "string",
                                    "metaValue": "-566.523 -271.403"
                                }
                            ]
                        },
                        {
                            "nodeName": "y_string",
                            "nodeType": "Core::Graph::pass",
                            "metadata": [
                                {
                                    "metaName": "DisplayMode",
                                    "metaType": "string",
                                    "metaValue": "2"
                                },
                                {
                                    "metaName": "LayoutPos",
                                    "metaType": "string",
                                    "metaValue": "-78.2238 -277.435"
                                }
                            ]
                        },
                        {
                            "nodeName": "x_string",
                            "nodeType": "Core::Graph::pass",
                            "metadata": [
                                {
                                    "metaName": "DisplayMode",
                                    "metaType": "string",
                                    "metaValue": "2"
                                },
                                {
                                    "metaName": "LayoutPos",
                                    "metaType": "string",
                                    "metaValue": "-73.8178 -478.005"
                                }
                            ]
                        },
                        {
                            "nodeName": "g2m_number_to_string3",
                            "nodeType": "BPM::g2m_bifrost_pack_0::utility::g2m_number_to_string",
                            "metadata": [
                                {
                                    "metaName": "DisplayMode",
                                    "metaType": "string",
                                    "metaValue": "2"
                                },
                                {
                                    "metaName": "LayoutPos",
                                    "metaType": "string",
                                    "metaValue": "-561.54 27.1358"
                                }
                            ]
                        },
                        {
                            "nodeName": "z_string",
                            "nodeType": "Core::Graph::pass",
                            "metadata": [
                                {
                                    "metaName": "DisplayMode",
                                    "metaType": "string",
                                    "metaValue": "2"
                                },
                                {
                                    "metaName": "LayoutPos",
                                    "metaType": "string",
                                    "metaValue": "-84.2695 -78.5371"
                                }
                            ]
                        }
                    ],
                    "connections": [
                        {
                            "source": "string_join.joined",
                            "target": ".joined"
                        },
                        {
                            "source": "build_array.array",
                            "target": "string_join.strings"
                        },
                        {
                            "source": "value.output",
                            "target": "build_string.strings.output"
                        },
                        {
                            "source": "value1.output",
                            "target": "build_string1.strings.output"
                        },
                        {
                            "source": "build_string.joined",
                            "target": "build_array.first.joined"
                        },
                        {
                            "source": "build_string1.joined",
                            "target": "build_array.first.joined1"
                        },
                        {
                            "source": ".float3_array",
                            "target": "vector3_to_scalar.vector3"
                        },
                        {
                            "source": "build_array1.array",
                            "target": "string_join1.strings"
                        },
                        {
                            "source": "build_array2.array",
                            "target": "string_join2.strings"
                        },
                        {
                            "source": "build_array3.array",
                            "target": "string_join3.strings"
                        },
                        {
                            "source": ".trimming",
                            "target": "g2m_number_to_string1.trimming"
                        },
                        {
                            "source": ".trimming_place",
                            "target": "g2m_number_to_string1.trimming_place"
                        },
                        {
                            "source": "vector3_to_scalar.x",
                            "target": "g2m_number_to_string1.number"
                        },
                        {
                            "source": ".trimming",
                            "target": "g2m_number_to_string2.trimming"
                        },
                        {
                            "source": ".trimming_place",
                            "target": "g2m_number_to_string2.trimming_place"
                        },
                        {
                            "source": "vector3_to_scalar.y",
                            "target": "g2m_number_to_string2.number"
                        },
                        {
                            "source": "g2m_number_to_string2.string",
                            "target": "y_string.input"
                        },
                        {
                            "source": "g2m_number_to_string1.string",
                            "target": "x_string.input"
                        },
                        {
                            "source": "x_string.output",
                            "target": "build_array1.first.string"
                        },
                        {
                            "source": "x_string.output",
                            "target": ".x_sequence"
                        },
                        {
                            "source": "x_string.output",
                            "target": "build_string.strings.string"
                        },
                        {
                            "source": "y_string.output",
                            "target": "build_array.first.string"
                        },
                        {
                            "source": "y_string.output",
                            "target": ".y_sequence"
                        },
                        {
                            "source": "y_string.output",
                            "target": "build_array2.first.string"
                        },
                        {
                            "source": ".trimming",
                            "target": "g2m_number_to_string3.trimming"
                        },
                        {
                            "source": ".trimming_place",
                            "target": "g2m_number_to_string3.trimming_place"
                        },
                        {
                            "source": "vector3_to_scalar.z",
                            "target": "g2m_number_to_string3.number"
                        },
                        {
                            "source": "g2m_number_to_string3.string",
                            "target": "z_string.input"
                        },
                        {
                            "source": "z_string.output",
                            "target": ".z_sequence"
                        },
                        {
                            "source": "z_string.output",
                            "target": "build_string1.strings.string"
                        },
                        {
                            "source": "z_string.output",
                            "target": "build_array3.first.string"
                        }
                    ],
                    "values": [
                        {
                            "valueName": "string_join.separator",
                            "valueType": "string",
                            "value": ", "
                        },
                        {
                            "valueName": "value.value",
                            "valueType": "string",
                            "value": "["
                        },
                        {
                            "valueName": "value1.value",
                            "valueType": "string",
                            "value": "]"
                        },
                        {
                            "valueName": "string_join1.separator",
                            "valueType": "string",
                            "value": ", "
                        },
                        {
                            "valueName": "string_join2.separator",
                            "valueType": "string",
                            "value": ", "
                        },
                        {
                            "valueName": "string_join3.separator",
                            "valueType": "string",
                            "value": ", "
                        },
                        {
                            "valueName": "g2m_number_to_string1.number",
                            "valueType": "float",
                            "value": "0f"
                        },
                        {
                            "valueName": "g2m_number_to_string2.number",
                            "valueType": "float",
                            "value": "0f"
                        },
                        {
                            "valueName": "g2m_number_to_string2.trimming",
                            "valueType": "bool",
                            "value": "true"
                        },
                        {
                            "valueName": "g2m_number_to_string2.trimming_place",
                            "valueType": "uchar",
                            "value": "3"
                        },
                        {
                            "valueName": "g2m_number_to_string2.suffix",
                            "valueType": "string",
                            "value": ""
                        },
                        {
                            "valueName": "g2m_number_to_string3.number",
                            "valueType": "float",
                            "value": "0f"
                        },
                        {
                            "valueName": "g2m_number_to_string3.trimming",
                            "valueType": "bool",
                            "value": "true"
                        },
                        {
                            "valueName": "g2m_number_to_string3.trimming_place",
                            "valueType": "uchar",
                            "value": "3"
                        },
                        {
                            "valueName": "g2m_number_to_string3.suffix",
                            "valueType": "string",
                            "value": ""
                        }
                    ],
                    "reservedNodeNames": [
                        {
                            "name": "input"
                        },
                        {
                            "name": "output"
                        }
                    ],
                    "forEachCompound": {
                        "ports": []
                    }
                }
            ],
            "compoundNodes": [
                {
                    "nodeName": "for_each",
                    "nodeType": "for_each",
                    "metadata": [
                        {
                            "metaName": "DisplayMode",
                            "metaType": "string",
                            "metaValue": "2"
                        },
                        {
                            "metaName": "LayoutPos",
                            "metaType": "string",
                            "metaValue": "-1903.23 -1388.83"
                        }
                    ]
                },
                {
                    "nodeName": "string_join",
                    "nodeType": "Core::String::string_join",
                    "metadata": [
                        {
                            "metaName": "DisplayMode",
                            "metaType": "string",
                            "metaValue": "2"
                        },
                        {
                            "metaName": "LayoutPos",
                            "metaType": "string",
                            "metaValue": "-1607.31 -1534.76"
                        }
                    ]
                },
                {
                    "nodeName": "string_join1",
                    "nodeType": "Core::String::string_join",
                    "metadata": [
                        {
                            "metaName": "DisplayMode",
                            "metaType": "string",
                            "metaValue": "2"
                        },
                        {
                            "metaName": "LayoutPos",
                            "metaType": "string",
                            "metaValue": "-1597.65 -1317.54"
                        }
                    ]
                },
                {
                    "nodeName": "string_join2",
                    "nodeType": "Core::String::string_join",
                    "metadata": [
                        {
                            "metaName": "DisplayMode",
                            "metaType": "string",
                            "metaValue": "2"
                        },
                        {
                            "metaName": "LayoutPos",
                            "metaType": "string",
                            "metaValue": "-1591.52 -1104.49"
                        }
                    ]
                },
                {
                    "nodeName": "string_join3",
                    "nodeType": "Core::String::string_join",
                    "metadata": [
                        {
                            "metaName": "DisplayMode",
                            "metaType": "string",
                            "metaValue": "2"
                        },
                        {
                            "metaName": "LayoutPos",
                            "metaType": "string",
                            "metaValue": "-1596.12 -890.665"
                        }
                    ]
                }
            ],
            "connections": [
                {
                    "source": ".float3_array",
                    "target": "for_each.float3_array"
                },
                {
                    "source": "for_each.joined",
                    "target": "string_join.strings"
                },
                {
                    "source": "string_join.joined",
                    "target": ".out_string"
                },
                {
                    "source": "for_each.x_sequence",
                    "target": "string_join1.strings"
                },
                {
                    "source": "for_each.y_sequence",
                    "target": "string_join2.strings"
                },
                {
                    "source": "for_each.z_sequence",
                    "target": "string_join3.strings"
                },
                {
                    "source": "string_join1.joined",
                    "target": ".x_string"
                },
                {
                    "source": "string_join2.joined",
                    "target": ".y_string"
                },
                {
                    "source": "string_join3.joined",
                    "target": ".z_string"
                },
                {
                    "source": ".trimming",
                    "target": "for_each.trimming"
                },
                {
                    "source": ".trimming_place",
                    "target": "for_each.trimming_place"
                }
            ],
            "values": [
                {
                    "valueName": "for_each.trimming",
                    "valueType": "bool",
                    "value": "false"
                },
                {
                    "valueName": "for_each.trimming_place",
                    "valueType": "char",
                    "value": "2"
                },
                {
                    "valueName": "string_join.separator",
                    "valueType": "string",
                    "value": ", "
                },
                {
                    "valueName": "string_join1.separator",
                    "valueType": "string",
                    "value": ", "
                },
                {
                    "valueName": "string_join2.separator",
                    "valueType": "string",
                    "value": ", "
                },
                {
                    "valueName": "string_join3.separator",
                    "valueType": "string",
                    "value": ", "
                }
            ],
            "reservedNodeNames": [
                {
                    "name": "output2"
                },
                {
                    "name": "input"
                }
            ]
        }
    ]
}