{
    "header": {
        "metadata": [
            {
                "metaName": "adskFileFormatVersion",
                "metaValue": "100L"
            }
        ]
    },
    "namespaces": [],
    "types": [],
    "compounds": [
        {
            "name": "BPM::g2m_bifrost_pack_0::math::g2m_triangle_solver_SSA",
            "uriImported": "stream:/bifrostGraphShape2",
            "metadata": [
                {
                    "metaName": "documentation",
                    "metaType": "string",
                    "metaValue": "docs/g2m_triangle_solver_SSA.md"
                },
                {
                    "metaName": "icon",
                    "metaType": "string",
                    "metaValue": "icons/g2m_default.png"
                },
                {
                    "metaName": "io_nodes",
                    "metadata": [
                        {
                            "metaName": "io_inodes",
                            "metadata": [
                                {
                                    "metaName": "input",
                                    "metadata": [
                                        {
                                            "metaName": "DisplayMode",
                                            "metaType": "string",
                                            "metaValue": "2"
                                        },
                                        {
                                            "metaName": "io_ports",
                                            "metadata": [
                                                {
                                                    "metaName": "side_b"
                                                },
                                                {
                                                    "metaName": "side_a"
                                                },
                                                {
                                                    "metaName": "angle_A"
                                                }
                                            ]
                                        },
                                        {
                                            "metaName": "LayoutPos",
                                            "metaType": "string",
                                            "metaValue": "-720.31 -205.07"
                                        }
                                    ]
                                }
                            ]
                        },
                        {
                            "metaName": "io_onodes",
                            "metadata": [
                                {
                                    "metaName": "output",
                                    "metadata": [
                                        {
                                            "metaName": "DisplayMode",
                                            "metaType": "string",
                                            "metaValue": "2"
                                        },
                                        {
                                            "metaName": "LayoutPos",
                                            "metaType": "string",
                                            "metaValue": "3345.97 -295.616"
                                        },
                                        {
                                            "metaName": "io_ports",
                                            "metadata": [
                                                {
                                                    "metaName": "angle_B"
                                                },
                                                {
                                                    "metaName": "angle_C"
                                                },
                                                {
                                                    "metaName": "side_c"
                                                },
                                                {
                                                    "metaName": "two_answers"
                                                },
                                                {
                                                    "metaName": "angle_B2"
                                                },
                                                {
                                                    "metaName": "angle_C2"
                                                },
                                                {
                                                    "metaName": "side_c2"
                                                }
                                            ]
                                        }
                                    ]
                                }
                            ]
                        }
                    ]
                },
                {
                    "metaName": "backdrop",
                    "metadata": [
                        {
                            "metaName": "type",
                            "metaType": "string",
                            "metaValue": "backdrop"
                        },
                        {
                            "metaName": "coords",
                            "metaType": "string",
                            "metaValue": "757.689 -1153.05 1913.26 737.651"
                        },
                        {
                            "metaName": "text",
                            "metaType": "string",
                            "metaValue": "\u7b2c\u4e8c\u7a2e\u53ef\u80fd"
                        }
                    ]
                },
                {
                    "metaName": "backdrop1",
                    "metadata": [
                        {
                            "metaName": "type",
                            "metaType": "string",
                            "metaValue": "backdrop"
                        },
                        {
                            "metaName": "text",
                            "metaType": "string",
                            "metaValue": "\u9632\u6b62\u8f38\u51fa NaN \u7121\u6548\u503c\u3002\n\u5982\u679c\u8f38\u5165\u7121\u6548\u503c\uff0c\u5247\u76f4\u63a5\u8f38\u51fa 0 ."
                        },
                        {
                            "metaName": "coords",
                            "metaType": "string",
                            "metaValue": "2071.26 367.569 712.218 314.767"
                        }
                    ]
                },
                {
                    "metaName": "_recentNode_",
                    "metaType": "string",
                    "metaValue": "BifrostGraph,Core::Logic,if"
                },
                {
                    "metaName": "_recentNode_",
                    "metaType": "string",
                    "metaValue": "BifrostGraph,Core::Array,build_array"
                },
                {
                    "metaName": "_recentNode_",
                    "metaType": "string",
                    "metaValue": "BifrostGraph,Core::Math,add"
                },
                {
                    "metaName": "_recentNode_",
                    "metaType": "string",
                    "metaValue": "BifrostGraph,Core::Graph,pass"
                },
                {
                    "metaName": "_recentNode_",
                    "metaType": "string",
                    "metaValue": "BifrostGraph,G2M::math,g2m_triangle_solver_AAS"
                },
                {
                    "metaName": "ViewportRect",
                    "metaType": "string",
                    "metaValue": "1784.88 -397.386 1766.89 1144.63"
                },
                {
                    "metaName": "DisplayMode",
                    "metaType": "string",
                    "metaValue": "2"
                },
                {
                    "metaName": "LayoutPos",
                    "metaType": "string",
                    "metaValue": "475.04 214.46"
                }
            ],
            "ports": [
                {
                    "portName": "side_b",
                    "portDirection": "input",
                    "portType": "float",
                    "portDefault": "0f"
                },
                {
                    "portName": "side_a",
                    "portDirection": "input",
                    "portType": "float",
                    "portDefault": "0f"
                },
                {
                    "portName": "angle_A",
                    "portDirection": "input",
                    "portType": "float",
                    "portDefault": "0f"
                },
                {
                    "portName": "angle_B",
                    "portDirection": "output",
                    "portType": "float"
                },
                {
                    "portName": "angle_C",
                    "portDirection": "output",
                    "portType": "float"
                },
                {
                    "portName": "side_c",
                    "portDirection": "output",
                    "portType": "float"
                },
                {
                    "portName": "two_answers",
                    "portDirection": "output",
                    "portType": "bool"
                },
                {
                    "portName": "angle_B2",
                    "portDirection": "output",
                    "portType": "float"
                },
                {
                    "portName": "angle_C2",
                    "portDirection": "output",
                    "portType": "float"
                },
                {
                    "portName": "side_c2",
                    "portDirection": "output",
                    "portType": "float"
                }
            ],
            "compounds": [
                {
                    "name": "check_second_answer",
                    "uriImported": "stream:/bifrostGraphShape2",
                    "metadata": [
                        {
                            "metaName": "io_nodes",
                            "metadata": [
                                {
                                    "metaName": "io_inodes",
                                    "metadata": [
                                        {
                                            "metaName": "input",
                                            "metadata": [
                                                {
                                                    "metaName": "DisplayMode",
                                                    "metaType": "string",
                                                    "metaValue": "2"
                                                },
                                                {
                                                    "metaName": "LayoutPos",
                                                    "metaType": "string",
                                                    "metaValue": "-1057.66 -107.5"
                                                },
                                                {
                                                    "metaName": "io_ports",
                                                    "metadata": [
                                                        {
                                                            "metaName": "angle_A"
                                                        },
                                                        {
                                                            "metaName": "angle_B2"
                                                        },
                                                        {
                                                            "metaName": "angle_C2"
                                                        }
                                                    ]
                                                }
                                            ]
                                        }
                                    ]
                                },
                                {
                                    "metaName": "io_onodes",
                                    "metadata": [
                                        {
                                            "metaName": "output",
                                            "metadata": [
                                                {
                                                    "metaName": "DisplayMode",
                                                    "metaType": "string",
                                                    "metaValue": "2"
                                                },
                                                {
                                                    "metaName": "LayoutPos",
                                                    "metaType": "string",
                                                    "metaValue": "-22.3361 -181.076"
                                                },
                                                {
                                                    "metaName": "io_ports",
                                                    "metadata": [
                                                        {
                                                            "metaName": "output"
                                                        }
                                                    ]
                                                }
                                            ]
                                        }
                                    ]
                                }
                            ]
                        },
                        {
                            "metaName": "_recentNode_",
                            "metaType": "string",
                            "metaValue": "BifrostGraph,Core::Array,all_true_in_array"
                        },
                        {
                            "metaName": "_recentNode_",
                            "metaType": "string",
                            "metaValue": "BifrostGraph,Core::Logic,greater"
                        },
                        {
                            "metaName": "_recentNode_",
                            "metaType": "string",
                            "metaValue": "BifrostGraph,Core::Array,build_array"
                        },
                        {
                            "metaName": "_recentNode_",
                            "metaType": "string",
                            "metaValue": "BifrostGraph,Core::Conversion,radians_to_degrees"
                        },
                        {
                            "metaName": "_recentNode_",
                            "metaType": "string",
                            "metaValue": "BifrostGraph,Core::Logic,not"
                        },
                        {
                            "metaName": "ViewportRect",
                            "metaType": "string",
                            "metaValue": "-1337.74 -618.321 1875.96 1076.16"
                        }
                    ],
                    "ports": [
                        {
                            "portName": "angle_A",
                            "portDirection": "input",
                            "portType": "float"
                        },
                        {
                            "portName": "angle_B2",
                            "portDirection": "input"
                        },
                        {
                            "portName": "angle_C2",
                            "portDirection": "input"
                        },
                        {
                            "portName": "output",
                            "portDirection": "output"
                        }
                    ],
                    "compoundNodes": [
                        {
                            "nodeName": "build_array",
                            "nodeType": "Core::Array::build_array",
                            "multiInPortNames": [
                                "angle_A",
                                "angle_B2",
                                "angle_C2"
                            ],
                            "metadata": [
                                {
                                    "metaName": "DisplayMode",
                                    "metaType": "string",
                                    "metaValue": "2"
                                },
                                {
                                    "metaName": "LayoutPos",
                                    "metaType": "string",
                                    "metaValue": "-767.933 -132.607"
                                }
                            ]
                        },
                        {
                            "nodeName": "greater1",
                            "nodeType": "Core::Logic::greater",
                            "metadata": [
                                {
                                    "metaName": "DisplayMode",
                                    "metaType": "string",
                                    "metaValue": "2"
                                },
                                {
                                    "metaName": "LayoutPos",
                                    "metaType": "string",
                                    "metaValue": "-519.658 -157.434"
                                }
                            ]
                        },
                        {
                            "nodeName": "all_true_in_array",
                            "nodeType": "Core::Array::all_true_in_array",
                            "metadata": [
                                {
                                    "metaName": "DisplayMode",
                                    "metaType": "string",
                                    "metaValue": "2"
                                },
                                {
                                    "metaName": "LayoutPos",
                                    "metaType": "string",
                                    "metaValue": "-280.41 -181.133"
                                }
                            ]
                        }
                    ],
                    "connections": [
                        {
                            "source": ".angle_A",
                            "target": "build_array.first.angle_A"
                        },
                        {
                            "source": ".angle_B2",
                            "target": "build_array.first.angle_B2"
                        },
                        {
                            "source": ".angle_C2",
                            "target": "build_array.first.angle_C2"
                        },
                        {
                            "source": "build_array.array",
                            "target": "greater1.first"
                        },
                        {
                            "source": "greater1.output",
                            "target": "all_true_in_array.array"
                        },
                        {
                            "source": "all_true_in_array.all_true",
                            "target": ".output"
                        }
                    ],
                    "values": [],
                    "reservedNodeNames": [
                        {
                            "name": "input"
                        },
                        {
                            "name": "output"
                        }
                    ]
                },
                {
                    "name": "calculate_or_not",
                    "uriImported": "stream:/bifrostGraphShape2",
                    "metadata": [
                        {
                            "metaName": "io_nodes",
                            "metadata": [
                                {
                                    "metaName": "io_inodes",
                                    "metadata": [
                                        {
                                            "metaName": "input",
                                            "metadata": [
                                                {
                                                    "metaName": "DisplayMode",
                                                    "metaType": "string",
                                                    "metaValue": "2"
                                                },
                                                {
                                                    "metaName": "LayoutPos",
                                                    "metaType": "string",
                                                    "metaValue": "-449 -61"
                                                },
                                                {
                                                    "metaName": "io_ports",
                                                    "metadata": [
                                                        {
                                                            "metaName": "angle_B"
                                                        },
                                                        {
                                                            "metaName": "angle_C"
                                                        },
                                                        {
                                                            "metaName": "side_c"
                                                        },
                                                        {
                                                            "metaName": "has_two_answers"
                                                        },
                                                        {
                                                            "metaName": "angle_B2"
                                                        },
                                                        {
                                                            "metaName": "angle_C2"
                                                        },
                                                        {
                                                            "metaName": "side_c2"
                                                        },
                                                        {
                                                            "metaName": "all_true_in_input"
                                                        }
                                                    ]
                                                }
                                            ]
                                        }
                                    ]
                                },
                                {
                                    "metaName": "io_onodes",
                                    "metadata": [
                                        {
                                            "metaName": "output",
                                            "metadata": [
                                                {
                                                    "metaName": "DisplayMode",
                                                    "metaType": "string",
                                                    "metaValue": "2"
                                                },
                                                {
                                                    "metaName": "io_ports",
                                                    "metadata": [
                                                        {
                                                            "metaName": "angle_B_or_0"
                                                        },
                                                        {
                                                            "metaName": "angle_C_or_0"
                                                        },
                                                        {
                                                            "metaName": "side_c_or_0"
                                                        },
                                                        {
                                                            "metaName": "two_answers_or_not"
                                                        },
                                                        {
                                                            "metaName": "angle_B2_or_0"
                                                        },
                                                        {
                                                            "metaName": "angle_C2_or_0"
                                                        },
                                                        {
                                                            "metaName": "side_c2_or_0"
                                                        }
                                                    ]
                                                },
                                                {
                                                    "metaName": "LayoutPos",
                                                    "metaType": "string",
                                                    "metaValue": "1139 -90"
                                                }
                                            ]
                                        }
                                    ]
                                }
                            ]
                        },
                        {
                            "metaName": "ViewportRect",
                            "metaType": "string",
                            "metaValue": "-239.938 -493.29 1735.59 1124.35"
                        }
                    ],
                    "ports": [
                        {
                            "portName": "angle_B",
                            "portDirection": "input",
                            "portType": "float"
                        },
                        {
                            "portName": "angle_C",
                            "portDirection": "input",
                            "portType": "float"
                        },
                        {
                            "portName": "side_c",
                            "portDirection": "input",
                            "portType": "float"
                        },
                        {
                            "portName": "has_two_answers",
                            "portDirection": "input",
                            "portType": "bool"
                        },
                        {
                            "portName": "angle_B2",
                            "portDirection": "input",
                            "portType": "float"
                        },
                        {
                            "portName": "angle_C2",
                            "portDirection": "input",
                            "portType": "float"
                        },
                        {
                            "portName": "side_c2",
                            "portDirection": "input",
                            "portType": "float"
                        },
                        {
                            "portName": "angle_B_or_0",
                            "portDirection": "output"
                        },
                        {
                            "portName": "angle_C_or_0",
                            "portDirection": "output"
                        },
                        {
                            "portName": "side_c_or_0",
                            "portDirection": "output"
                        },
                        {
                            "portName": "two_answers_or_not",
                            "portDirection": "output"
                        },
                        {
                            "portName": "angle_B2_or_0",
                            "portDirection": "output"
                        },
                        {
                            "portName": "angle_C2_or_0",
                            "portDirection": "output"
                        },
                        {
                            "portName": "side_c2_or_0",
                            "portDirection": "output"
                        },
                        {
                            "portName": "all_true_in_input",
                            "portDirection": "input",
                            "portType": "bool"
                        }
                    ],
                    "compoundNodes": [
                        {
                            "nodeName": "if3",
                            "nodeType": "Core::Logic::if",
                            "metadata": [
                                {
                                    "metaName": "DisplayMode",
                                    "metaType": "string",
                                    "metaValue": "2"
                                },
                                {
                                    "metaName": "LayoutPos",
                                    "metaType": "string",
                                    "metaValue": "179 -510"
                                }
                            ]
                        },
                        {
                            "nodeName": "if4",
                            "nodeType": "Core::Logic::if",
                            "metadata": [
                                {
                                    "metaName": "DisplayMode",
                                    "metaType": "string",
                                    "metaValue": "2"
                                },
                                {
                                    "metaName": "LayoutPos",
                                    "metaType": "string",
                                    "metaValue": "326 -348"
                                }
                            ]
                        },
                        {
                            "nodeName": "if5",
                            "nodeType": "Core::Logic::if",
                            "metadata": [
                                {
                                    "metaName": "DisplayMode",
                                    "metaType": "string",
                                    "metaValue": "2"
                                },
                                {
                                    "metaName": "LayoutPos",
                                    "metaType": "string",
                                    "metaValue": "472 -183"
                                }
                            ]
                        },
                        {
                            "nodeName": "if6",
                            "nodeType": "Core::Logic::if",
                            "metadata": [
                                {
                                    "metaName": "DisplayMode",
                                    "metaType": "string",
                                    "metaValue": "2"
                                },
                                {
                                    "metaName": "LayoutPos",
                                    "metaType": "string",
                                    "metaValue": "619 -23"
                                }
                            ]
                        },
                        {
                            "nodeName": "if7",
                            "nodeType": "Core::Logic::if",
                            "metadata": [
                                {
                                    "metaName": "DisplayMode",
                                    "metaType": "string",
                                    "metaValue": "2"
                                },
                                {
                                    "metaName": "LayoutPos",
                                    "metaType": "string",
                                    "metaValue": "467 137"
                                }
                            ]
                        },
                        {
                            "nodeName": "if8",
                            "nodeType": "Core::Logic::if",
                            "metadata": [
                                {
                                    "metaName": "DisplayMode",
                                    "metaType": "string",
                                    "metaValue": "2"
                                },
                                {
                                    "metaName": "LayoutPos",
                                    "metaType": "string",
                                    "metaValue": "328 295"
                                }
                            ]
                        },
                        {
                            "nodeName": "if9",
                            "nodeType": "Core::Logic::if",
                            "metadata": [
                                {
                                    "metaName": "DisplayMode",
                                    "metaType": "string",
                                    "metaValue": "2"
                                },
                                {
                                    "metaName": "LayoutPos",
                                    "metaType": "string",
                                    "metaValue": "189 452"
                                }
                            ]
                        },
                        {
                            "nodeName": "value",
                            "valueType": "bool",
                            "metadata": [
                                {
                                    "metaName": "valuenode_defaultvalue",
                                    "metaType": "string",
                                    "metaValue": "0"
                                },
                                {
                                    "metaName": "DisplayMode",
                                    "metaType": "string",
                                    "metaValue": "0"
                                },
                                {
                                    "metaName": "LayoutPos",
                                    "metaType": "string",
                                    "metaValue": "289.469 69.9525"
                                }
                            ]
                        }
                    ],
                    "connections": [
                        {
                            "source": ".all_true_in_input",
                            "target": "if3.condition"
                        },
                        {
                            "source": ".angle_B",
                            "target": "if3.true_case"
                        },
                        {
                            "source": "if3.output",
                            "target": ".angle_B_or_0"
                        },
                        {
                            "source": ".all_true_in_input",
                            "target": "if4.condition"
                        },
                        {
                            "source": ".angle_C",
                            "target": "if4.true_case"
                        },
                        {
                            "source": "if4.output",
                            "target": ".angle_C_or_0"
                        },
                        {
                            "source": ".all_true_in_input",
                            "target": "if5.condition"
                        },
                        {
                            "source": ".side_c",
                            "target": "if5.true_case"
                        },
                        {
                            "source": "if5.output",
                            "target": ".side_c_or_0"
                        },
                        {
                            "source": ".all_true_in_input",
                            "target": "if6.condition"
                        },
                        {
                            "source": ".has_two_answers",
                            "target": "if6.true_case"
                        },
                        {
                            "source": "if6.output",
                            "target": ".two_answers_or_not"
                        },
                        {
                            "source": ".all_true_in_input",
                            "target": "if7.condition"
                        },
                        {
                            "source": ".angle_B2",
                            "target": "if7.true_case"
                        },
                        {
                            "source": "if7.output",
                            "target": ".angle_B2_or_0"
                        },
                        {
                            "source": ".all_true_in_input",
                            "target": "if8.condition"
                        },
                        {
                            "source": ".angle_C2",
                            "target": "if8.true_case"
                        },
                        {
                            "source": "if8.output",
                            "target": ".angle_C2_or_0"
                        },
                        {
                            "source": ".all_true_in_input",
                            "target": "if9.condition"
                        },
                        {
                            "source": ".side_c2",
                            "target": "if9.true_case"
                        },
                        {
                            "source": "if9.output",
                            "target": ".side_c2_or_0"
                        },
                        {
                            "source": "value.output",
                            "target": "if6.false_case"
                        }
                    ],
                    "values": [
                        {
                            "valueName": "value.value",
                            "valueType": "bool",
                            "value": "false"
                        }
                    ],
                    "reservedNodeNames": [
                        {
                            "name": "input"
                        },
                        {
                            "name": "output"
                        }
                    ]
                }
            ],
            "compoundNodes": [
                {
                    "nodeName": "sin",
                    "nodeType": "Core::Math::sin",
                    "metadata": [
                        {
                            "metaName": "DisplayMode",
                            "metaType": "string",
                            "metaValue": "2"
                        },
                        {
                            "metaName": "LayoutPos",
                            "metaType": "string",
                            "metaValue": "-436 -38"
                        }
                    ]
                },
                {
                    "nodeName": "multiply",
                    "nodeType": "Core::Math::multiply",
                    "multiInPortNames": [
                        "side_y",
                        "sine"
                    ],
                    "metadata": [
                        {
                            "metaName": "DisplayMode",
                            "metaType": "string",
                            "metaValue": "2"
                        },
                        {
                            "metaName": "LayoutPos",
                            "metaType": "string",
                            "metaValue": "-148 -127"
                        }
                    ]
                },
                {
                    "nodeName": "divide",
                    "nodeType": "Core::Math::divide",
                    "multiInPortNames": [
                        "output1",
                        "side_x"
                    ],
                    "metadata": [
                        {
                            "metaName": "DisplayMode",
                            "metaType": "string",
                            "metaValue": "2"
                        },
                        {
                            "metaName": "LayoutPos",
                            "metaType": "string",
                            "metaValue": "162 -151"
                        }
                    ]
                },
                {
                    "nodeName": "angle_B",
                    "nodeType": "Core::Math::asin",
                    "metadata": [
                        {
                            "metaName": "DisplayMode",
                            "metaType": "string",
                            "metaValue": "2"
                        },
                        {
                            "metaName": "LayoutPos",
                            "metaType": "string",
                            "metaValue": "411 -175"
                        }
                    ]
                },
                {
                    "nodeName": "pi",
                    "nodeType": "Core::Constants::pi",
                    "metadata": [
                        {
                            "metaName": "DisplayMode",
                            "metaType": "string",
                            "metaValue": "2"
                        },
                        {
                            "metaName": "LayoutPos",
                            "metaType": "string",
                            "metaValue": "397.939 -487.415"
                        }
                    ]
                },
                {
                    "nodeName": "angle_C",
                    "nodeType": "Core::Math::subtract",
                    "multiInPortNames": [
                        "pi",
                        "arcsine",
                        "angle_A"
                    ],
                    "metadata": [
                        {
                            "metaName": "DisplayMode",
                            "metaType": "string",
                            "metaValue": "2"
                        },
                        {
                            "metaName": "LayoutPos",
                            "metaType": "string",
                            "metaValue": "735 -392.323"
                        }
                    ]
                },
                {
                    "nodeName": "side_c",
                    "nodeType": "Core::Graph::pass",
                    "metadata": [
                        {
                            "metaName": "DisplayMode",
                            "metaType": "string",
                            "metaValue": "2"
                        },
                        {
                            "metaName": "LayoutPos",
                            "metaType": "string",
                            "metaValue": "1399 -30"
                        }
                    ]
                },
                {
                    "nodeName": "angle_B2",
                    "nodeType": "Core::Math::subtract",
                    "multiInPortNames": [
                        "pi",
                        "arcsine"
                    ],
                    "metadata": [
                        {
                            "metaName": "DisplayMode",
                            "metaType": "string",
                            "metaValue": "2"
                        },
                        {
                            "metaName": "LayoutPos",
                            "metaType": "string",
                            "metaValue": "787.236 -731.228"
                        }
                    ]
                },
                {
                    "nodeName": "angle_C2",
                    "nodeType": "Core::Math::subtract",
                    "multiInPortNames": [
                        "pi",
                        "output1",
                        "angle_A"
                    ],
                    "metadata": [
                        {
                            "metaName": "DisplayMode",
                            "metaType": "string",
                            "metaValue": "2"
                        },
                        {
                            "metaName": "LayoutPos",
                            "metaType": "string",
                            "metaValue": "1047.67 -718.02"
                        }
                    ]
                },
                {
                    "nodeName": "g2m_triangle_solver_AAS",
                    "nodeType": "BPM::g2m_bifrost_pack_0::math::g2m_triangle_solver_AAS",
                    "metadata": [
                        {
                            "metaName": "DisplayMode",
                            "metaType": "string",
                            "metaValue": "2"
                        },
                        {
                            "metaName": "LayoutPos",
                            "metaType": "string",
                            "metaValue": "1133.48 -5.46328"
                        }
                    ]
                },
                {
                    "nodeName": "g2m_triangle_solver_AAS1",
                    "nodeType": "BPM::g2m_bifrost_pack_0::math::g2m_triangle_solver_AAS",
                    "metadata": [
                        {
                            "metaName": "DisplayMode",
                            "metaType": "string",
                            "metaValue": "2"
                        },
                        {
                            "metaName": "LayoutPos",
                            "metaType": "string",
                            "metaValue": "1454.76 -696.399"
                        }
                    ]
                },
                {
                    "nodeName": "side_c2",
                    "nodeType": "Core::Graph::pass",
                    "metadata": [
                        {
                            "metaName": "DisplayMode",
                            "metaType": "string",
                            "metaValue": "2"
                        },
                        {
                            "metaName": "LayoutPos",
                            "metaType": "string",
                            "metaValue": "1709.74 -719.938"
                        }
                    ]
                },
                {
                    "nodeName": "check_second_answer",
                    "nodeType": "check_second_answer",
                    "metadata": [
                        {
                            "metaName": "DisplayMode",
                            "metaType": "string",
                            "metaValue": "2"
                        },
                        {
                            "metaName": "LayoutPos",
                            "metaType": "string",
                            "metaValue": "1302.28 -1123.52"
                        }
                    ]
                },
                {
                    "nodeName": "if",
                    "nodeType": "Core::Logic::if",
                    "metadata": [
                        {
                            "metaName": "DisplayMode",
                            "metaType": "string",
                            "metaValue": "2"
                        },
                        {
                            "metaName": "LayoutPos",
                            "metaType": "string",
                            "metaValue": "2000.42 -1143.05"
                        }
                    ]
                },
                {
                    "nodeName": "if1",
                    "nodeType": "Core::Logic::if",
                    "metadata": [
                        {
                            "metaName": "DisplayMode",
                            "metaType": "string",
                            "metaValue": "2"
                        },
                        {
                            "metaName": "LayoutPos",
                            "metaType": "string",
                            "metaValue": "2196.61 -925.978"
                        }
                    ]
                },
                {
                    "nodeName": "if2",
                    "nodeType": "Core::Logic::if",
                    "metadata": [
                        {
                            "metaName": "DisplayMode",
                            "metaType": "string",
                            "metaValue": "2"
                        },
                        {
                            "metaName": "LayoutPos",
                            "metaType": "string",
                            "metaValue": "2435.95 -661.596"
                        }
                    ]
                },
                {
                    "nodeName": "greater",
                    "nodeType": "Core::Logic::greater",
                    "metadata": [
                        {
                            "metaName": "DisplayMode",
                            "metaType": "string",
                            "metaValue": "2"
                        },
                        {
                            "metaName": "LayoutPos",
                            "metaType": "string",
                            "metaValue": "2331.43 408.443"
                        }
                    ]
                },
                {
                    "nodeName": "all_true_in_array",
                    "nodeType": "Core::Array::all_true_in_array",
                    "metadata": [
                        {
                            "metaName": "DisplayMode",
                            "metaType": "string",
                            "metaValue": "2"
                        },
                        {
                            "metaName": "LayoutPos",
                            "metaType": "string",
                            "metaValue": "2559.78 384.82"
                        }
                    ]
                },
                {
                    "nodeName": "build_array",
                    "nodeType": "Core::Array::build_array",
                    "multiInPortNames": [
                        "side_b",
                        "side_a",
                        "angle_A"
                    ],
                    "metadata": [
                        {
                            "metaName": "DisplayMode",
                            "metaType": "string",
                            "metaValue": "2"
                        },
                        {
                            "metaName": "LayoutPos",
                            "metaType": "string",
                            "metaValue": "2090.37 431.637"
                        }
                    ]
                },
                {
                    "nodeName": "calculate_or_not",
                    "nodeType": "calculate_or_not",
                    "metadata": [
                        {
                            "metaName": "DisplayMode",
                            "metaType": "string",
                            "metaValue": "2"
                        },
                        {
                            "metaName": "LayoutPos",
                            "metaType": "string",
                            "metaValue": "3068.73 -296.638"
                        }
                    ]
                }
            ],
            "connections": [
                {
                    "source": ".angle_A",
                    "target": "sin.value"
                },
                {
                    "source": ".side_b",
                    "target": "multiply.first.side_y"
                },
                {
                    "source": "sin.sine",
                    "target": "multiply.first.sine"
                },
                {
                    "source": "multiply.output",
                    "target": "divide.first.output1"
                },
                {
                    "source": ".side_a",
                    "target": "divide.first.side_x"
                },
                {
                    "source": "divide.output",
                    "target": "angle_B.value"
                },
                {
                    "source": "pi.pi",
                    "target": "angle_C.first.pi"
                },
                {
                    "source": "angle_B.arcsine",
                    "target": "angle_C.first.arcsine"
                },
                {
                    "source": ".angle_A",
                    "target": "angle_C.first.angle_A"
                },
                {
                    "source": "pi.pi",
                    "target": "angle_B2.first.pi"
                },
                {
                    "source": "angle_B.arcsine",
                    "target": "angle_B2.first.arcsine"
                },
                {
                    "source": "pi.pi",
                    "target": "angle_C2.first.pi"
                },
                {
                    "source": "angle_B2.output",
                    "target": "angle_C2.first.output1"
                },
                {
                    "source": ".angle_A",
                    "target": "angle_C2.first.angle_A"
                },
                {
                    "source": ".side_a",
                    "target": "g2m_triangle_solver_AAS.side_a"
                },
                {
                    "source": ".angle_A",
                    "target": "g2m_triangle_solver_AAS.angle_A"
                },
                {
                    "source": "angle_C.output",
                    "target": "g2m_triangle_solver_AAS.angle_B"
                },
                {
                    "source": "g2m_triangle_solver_AAS.side_b",
                    "target": "side_c.input"
                },
                {
                    "source": "angle_C2.output",
                    "target": "g2m_triangle_solver_AAS1.angle_B"
                },
                {
                    "source": ".angle_A",
                    "target": "g2m_triangle_solver_AAS1.angle_A"
                },
                {
                    "source": ".side_a",
                    "target": "g2m_triangle_solver_AAS1.side_a"
                },
                {
                    "source": "g2m_triangle_solver_AAS1.side_b",
                    "target": "side_c2.input"
                },
                {
                    "source": ".angle_A",
                    "target": "check_second_answer.angle_A"
                },
                {
                    "source": "angle_B2.output",
                    "target": "check_second_answer.angle_B2"
                },
                {
                    "source": "angle_C2.output",
                    "target": "check_second_answer.angle_C2"
                },
                {
                    "source": "check_second_answer.output",
                    "target": "if.condition"
                },
                {
                    "source": "check_second_answer.output",
                    "target": "if1.condition"
                },
                {
                    "source": "check_second_answer.output",
                    "target": "if2.condition"
                },
                {
                    "source": "angle_B2.output",
                    "target": "if.true_case"
                },
                {
                    "source": "angle_C2.output",
                    "target": "if1.true_case"
                },
                {
                    "source": "side_c2.output",
                    "target": "if2.true_case"
                },
                {
                    "source": "greater.output",
                    "target": "all_true_in_array.array"
                },
                {
                    "source": ".side_b",
                    "target": "build_array.first.side_b"
                },
                {
                    "source": ".side_a",
                    "target": "build_array.first.side_a"
                },
                {
                    "source": ".angle_A",
                    "target": "build_array.first.angle_A"
                },
                {
                    "source": "build_array.array",
                    "target": "greater.first"
                },
                {
                    "source": "all_true_in_array.all_true",
                    "target": "calculate_or_not.all_true_in_input"
                },
                {
                    "source": "angle_B.arcsine",
                    "target": "calculate_or_not.angle_B"
                },
                {
                    "source": "angle_C.output",
                    "target": "calculate_or_not.angle_C"
                },
                {
                    "source": "side_c.output",
                    "target": "calculate_or_not.side_c"
                },
                {
                    "source": "check_second_answer.output",
                    "target": "calculate_or_not.has_two_answers"
                },
                {
                    "source": "if.output",
                    "target": "calculate_or_not.angle_B2"
                },
                {
                    "source": "if1.output",
                    "target": "calculate_or_not.angle_C2"
                },
                {
                    "source": "if2.output",
                    "target": "calculate_or_not.side_c2"
                },
                {
                    "source": "calculate_or_not.angle_B_or_0",
                    "target": ".angle_B"
                },
                {
                    "source": "calculate_or_not.angle_C_or_0",
                    "target": ".angle_C"
                },
                {
                    "source": "calculate_or_not.side_c_or_0",
                    "target": ".side_c"
                },
                {
                    "source": "calculate_or_not.two_answers_or_not",
                    "target": ".two_answers"
                },
                {
                    "source": "calculate_or_not.angle_B2_or_0",
                    "target": ".angle_B2"
                },
                {
                    "source": "calculate_or_not.angle_C2_or_0",
                    "target": ".angle_C2"
                },
                {
                    "source": "calculate_or_not.side_c2_or_0",
                    "target": ".side_c2"
                }
            ],
            "values": [
                {
                    "valueName": "calculate_or_not.angle_B",
                    "valueType": "float",
                    "value": "0f"
                },
                {
                    "valueName": "calculate_or_not.angle_C",
                    "valueType": "float",
                    "value": "0f"
                },
                {
                    "valueName": "calculate_or_not.side_c",
                    "valueType": "float",
                    "value": "0f"
                },
                {
                    "valueName": "calculate_or_not.has_two_answers",
                    "valueType": "bool",
                    "value": "false"
                },
                {
                    "valueName": "calculate_or_not.angle_B2",
                    "valueType": "float",
                    "value": "0f"
                },
                {
                    "valueName": "calculate_or_not.angle_C2",
                    "valueType": "float",
                    "value": "0f"
                },
                {
                    "valueName": "calculate_or_not.side_c2",
                    "valueType": "float",
                    "value": "0f"
                },
                {
                    "valueName": "calculate_or_not.all_true_in_input",
                    "valueType": "bool",
                    "value": "false"
                }
            ],
            "reservedNodeNames": [
                {
                    "name": "input"
                },
                {
                    "name": "output"
                }
            ]
        }
    ]
}