{
    "header": {
        "metadata": [
            {
                "metaName": "adskFileFormatVersion",
                "metaValue": "100L"
            }
        ]
    },
    "namespaces": [],
    "types": [],
    "compounds": [
        {
            "name": "BPM::g2m_bifrost_pack_0::math::g2m_triangle_solver_SSS",
            "uriImported": "file:///g2m_triangle_solver_SSS.json",
            "metadata": [
                {
                    "metaName": "documentation",
                    "metaType": "string",
                    "metaValue": "docs/g2m_triangle_solver_SSS.md"
                },
                {
                    "metaName": "icon",
                    "metaType": "string",
                    "metaValue": "icons/g2m_default.png"
                },
                {
                    "metaName": "io_nodes",
                    "metadata": [
                        {
                            "metaName": "io_inodes",
                            "metadata": [
                                {
                                    "metaName": "input",
                                    "metadata": [
                                        {
                                            "metaName": "DisplayMode",
                                            "metaType": "string",
                                            "metaValue": "2"
                                        },
                                        {
                                            "metaName": "LayoutPos",
                                            "metaType": "string",
                                            "metaValue": "-704 -89.5"
                                        },
                                        {
                                            "metaName": "io_ports",
                                            "metadata": [
                                                {
                                                    "metaName": "side_a"
                                                },
                                                {
                                                    "metaName": "side_b"
                                                },
                                                {
                                                    "metaName": "side_c"
                                                }
                                            ]
                                        }
                                    ]
                                }
                            ]
                        },
                        {
                            "metaName": "io_onodes",
                            "metadata": [
                                {
                                    "metaName": "output",
                                    "metadata": [
                                        {
                                            "metaName": "DisplayMode",
                                            "metaType": "string",
                                            "metaValue": "2"
                                        },
                                        {
                                            "metaName": "io_ports",
                                            "metadata": [
                                                {
                                                    "metaName": "angle_A"
                                                },
                                                {
                                                    "metaName": "angle_B"
                                                },
                                                {
                                                    "metaName": "angle_C"
                                                }
                                            ]
                                        },
                                        {
                                            "metaName": "LayoutPos",
                                            "metaType": "string",
                                            "metaValue": "2487.29 -100.929"
                                        }
                                    ]
                                }
                            ]
                        }
                    ]
                },
                {
                    "metaName": "backdrop",
                    "metadata": [
                        {
                            "metaName": "type",
                            "metaType": "string",
                            "metaValue": "backdrop"
                        },
                        {
                            "metaName": "coords",
                            "metaType": "string",
                            "metaValue": "-678.305 -714.066 597.997 314.541"
                        },
                        {
                            "metaName": "text",
                            "metaType": "string",
                            "metaValue": "\u53c3\u8003\uff1a\nhttps://www.mathsisfun.com/algebra/trig-solving-sss-triangles.html"
                        }
                    ]
                },
                {
                    "metaName": "backdrop1",
                    "metadata": [
                        {
                            "metaName": "type",
                            "metaType": "string",
                            "metaValue": "backdrop"
                        },
                        {
                            "metaName": "text",
                            "metaType": "string",
                            "metaValue": "\u9632\u6b62\u8f38\u51fa NaN \u7121\u6548\u503c\u3002"
                        },
                        {
                            "metaName": "coords",
                            "metaType": "string",
                            "metaValue": "1149.69 578.539 712.218 314.767"
                        }
                    ]
                },
                {
                    "metaName": "_recentNode_",
                    "metaType": "string",
                    "metaValue": "BifrostGraph,Core::Logic,if"
                },
                {
                    "metaName": "_recentNode_",
                    "metaType": "string",
                    "metaValue": "BifrostGraph,Core::Array,build_array"
                },
                {
                    "metaName": "_recentNode_",
                    "metaType": "string",
                    "metaValue": "BifrostGraph,Core::Math,subtract"
                },
                {
                    "metaName": "_recentNode_",
                    "metaType": "string",
                    "metaValue": "BifrostGraph,Core::Constants,pi"
                },
                {
                    "metaName": "_recentNode_",
                    "metaType": "string",
                    "metaValue": "BifrostGraph,Core::Math,acos"
                },
                {
                    "metaName": "ViewportRect",
                    "metaType": "string",
                    "metaValue": "810.638 -515.335 1899.84 1230.75"
                },
                {
                    "metaName": "DisplayMode",
                    "metaType": "string",
                    "metaValue": "2"
                },
                {
                    "metaName": "LayoutPos",
                    "metaType": "string",
                    "metaValue": "472.262 199.277"
                }
            ],
            "ports": [
                {
                    "portName": "side_a",
                    "portDirection": "input",
                    "portType": "float",
                    "portDefault": "0f"
                },
                {
                    "portName": "side_b",
                    "portDirection": "input",
                    "portType": "float",
                    "portDefault": "0f"
                },
                {
                    "portName": "side_c",
                    "portDirection": "input",
                    "portType": "float",
                    "portDefault": "0f"
                },
                {
                    "portName": "angle_A",
                    "portDirection": "output"
                },
                {
                    "portName": "angle_B",
                    "portDirection": "output"
                },
                {
                    "portName": "angle_C",
                    "portDirection": "output"
                }
            ],
            "compoundNodes": [
                {
                    "nodeName": "power",
                    "nodeType": "Core::Math::power",
                    "metadata": [
                        {
                            "metaName": "DisplayMode",
                            "metaType": "string",
                            "metaValue": "2"
                        },
                        {
                            "metaName": "LayoutPos",
                            "metaType": "string",
                            "metaValue": "-19.1586 -722.21"
                        }
                    ]
                },
                {
                    "nodeName": "value",
                    "valueType": "float",
                    "metadata": [
                        {
                            "metaName": "DisplayMode",
                            "metaType": "string",
                            "metaValue": "2"
                        },
                        {
                            "metaName": "LayoutPos",
                            "metaType": "string",
                            "metaValue": "-705.72 -358.375"
                        },
                        {
                            "metaName": "valuenode_defaultvalue",
                            "metaType": "string",
                            "metaValue": "2"
                        }
                    ]
                },
                {
                    "nodeName": "power1",
                    "nodeType": "Core::Math::power",
                    "metadata": [
                        {
                            "metaName": "DisplayMode",
                            "metaType": "string",
                            "metaValue": "2"
                        },
                        {
                            "metaName": "LayoutPos",
                            "metaType": "string",
                            "metaValue": "-17.8912 -525.651"
                        }
                    ]
                },
                {
                    "nodeName": "power2",
                    "nodeType": "Core::Math::power",
                    "metadata": [
                        {
                            "metaName": "DisplayMode",
                            "metaType": "string",
                            "metaValue": "2"
                        },
                        {
                            "metaName": "LayoutPos",
                            "metaType": "string",
                            "metaValue": "287.724 -525.651"
                        }
                    ]
                },
                {
                    "nodeName": "add",
                    "nodeType": "Core::Math::add",
                    "multiInPortNames": [
                        "power",
                        "power1"
                    ],
                    "metadata": [
                        {
                            "metaName": "DisplayMode",
                            "metaType": "string",
                            "metaValue": "2"
                        },
                        {
                            "metaName": "LayoutPos",
                            "metaType": "string",
                            "metaValue": "285.189 -757.716"
                        }
                    ]
                },
                {
                    "nodeName": "subtract",
                    "nodeType": "Core::Math::subtract",
                    "multiInPortNames": [
                        "output1",
                        "power"
                    ],
                    "metadata": [
                        {
                            "metaName": "DisplayMode",
                            "metaType": "string",
                            "metaValue": "2"
                        },
                        {
                            "metaName": "LayoutPos",
                            "metaType": "string",
                            "metaValue": "564.174 -672.753"
                        }
                    ]
                },
                {
                    "nodeName": "multiply",
                    "nodeType": "Core::Math::multiply",
                    "multiInPortNames": [
                        "output1",
                        "side_b",
                        "side_c"
                    ],
                    "metadata": [
                        {
                            "metaName": "DisplayMode",
                            "metaType": "string",
                            "metaValue": "2"
                        },
                        {
                            "metaName": "LayoutPos",
                            "metaType": "string",
                            "metaValue": "-2.65519 -291.395"
                        }
                    ]
                },
                {
                    "nodeName": "divide",
                    "nodeType": "Core::Math::divide",
                    "multiInPortNames": [
                        "output1",
                        "output2"
                    ],
                    "metadata": [
                        {
                            "metaName": "DisplayMode",
                            "metaType": "string",
                            "metaValue": "2"
                        },
                        {
                            "metaName": "LayoutPos",
                            "metaType": "string",
                            "metaValue": "850.768 -469.854"
                        }
                    ]
                },
                {
                    "nodeName": "angle_A",
                    "nodeType": "Core::Math::acos",
                    "metadata": [
                        {
                            "metaName": "DisplayMode",
                            "metaType": "string",
                            "metaValue": "2"
                        },
                        {
                            "metaName": "LayoutPos",
                            "metaType": "string",
                            "metaValue": "1108.32 -493.334"
                        }
                    ]
                },
                {
                    "nodeName": "power3",
                    "nodeType": "Core::Math::power",
                    "metadata": [
                        {
                            "metaName": "DisplayMode",
                            "metaType": "string",
                            "metaValue": "2"
                        },
                        {
                            "metaName": "LayoutPos",
                            "metaType": "string",
                            "metaValue": "-8.19027 33.8794"
                        }
                    ]
                },
                {
                    "nodeName": "power4",
                    "nodeType": "Core::Math::power",
                    "metadata": [
                        {
                            "metaName": "DisplayMode",
                            "metaType": "string",
                            "metaValue": "2"
                        },
                        {
                            "metaName": "LayoutPos",
                            "metaType": "string",
                            "metaValue": "-6.24029 246.093"
                        }
                    ]
                },
                {
                    "nodeName": "add1",
                    "nodeType": "Core::Math::add",
                    "multiInPortNames": [
                        "power",
                        "power1"
                    ],
                    "metadata": [
                        {
                            "metaName": "DisplayMode",
                            "metaType": "string",
                            "metaValue": "2"
                        },
                        {
                            "metaName": "LayoutPos",
                            "metaType": "string",
                            "metaValue": "252.211 118.213"
                        }
                    ]
                },
                {
                    "nodeName": "subtract1",
                    "nodeType": "Core::Math::subtract",
                    "multiInPortNames": [
                        "output1",
                        "power"
                    ],
                    "metadata": [
                        {
                            "metaName": "DisplayMode",
                            "metaType": "string",
                            "metaValue": "2"
                        },
                        {
                            "metaName": "LayoutPos",
                            "metaType": "string",
                            "metaValue": "528.64 240.709"
                        }
                    ]
                },
                {
                    "nodeName": "power5",
                    "nodeType": "Core::Math::power",
                    "metadata": [
                        {
                            "metaName": "DisplayMode",
                            "metaType": "string",
                            "metaValue": "2"
                        },
                        {
                            "metaName": "LayoutPos",
                            "metaType": "string",
                            "metaValue": "0.879623 481.961"
                        }
                    ]
                },
                {
                    "nodeName": "divide1",
                    "nodeType": "Core::Math::divide",
                    "multiInPortNames": [
                        "output1",
                        "output2"
                    ],
                    "metadata": [
                        {
                            "metaName": "DisplayMode",
                            "metaType": "string",
                            "metaValue": "2"
                        },
                        {
                            "metaName": "LayoutPos",
                            "metaType": "string",
                            "metaValue": "847.575 376.965"
                        }
                    ]
                },
                {
                    "nodeName": "multiply1",
                    "nodeType": "Core::Math::multiply",
                    "multiInPortNames": [
                        "output1",
                        "side_a",
                        "side_c"
                    ],
                    "metadata": [
                        {
                            "metaName": "DisplayMode",
                            "metaType": "string",
                            "metaValue": "2"
                        },
                        {
                            "metaName": "LayoutPos",
                            "metaType": "string",
                            "metaValue": "6.84392 702.482"
                        }
                    ]
                },
                {
                    "nodeName": "angle_B",
                    "nodeType": "Core::Math::acos",
                    "metadata": [
                        {
                            "metaName": "DisplayMode",
                            "metaType": "string",
                            "metaValue": "2"
                        },
                        {
                            "metaName": "LayoutPos",
                            "metaType": "string",
                            "metaValue": "1118.82 353.088"
                        }
                    ]
                },
                {
                    "nodeName": "pi",
                    "nodeType": "Core::Constants::pi",
                    "metadata": [
                        {
                            "metaName": "DisplayMode",
                            "metaType": "string",
                            "metaValue": "2"
                        },
                        {
                            "metaName": "LayoutPos",
                            "metaType": "string",
                            "metaValue": "933.493 -73.7792"
                        }
                    ]
                },
                {
                    "nodeName": "angle_C",
                    "nodeType": "Core::Math::subtract",
                    "multiInPortNames": [
                        "pi",
                        "arccosine",
                        "arccosine1"
                    ],
                    "metadata": [
                        {
                            "metaName": "DisplayMode",
                            "metaType": "string",
                            "metaValue": "2"
                        },
                        {
                            "metaName": "LayoutPos",
                            "metaType": "string",
                            "metaValue": "1333.02 -114.794"
                        }
                    ]
                },
                {
                    "nodeName": "greater",
                    "nodeType": "Core::Logic::greater",
                    "metadata": [
                        {
                            "metaName": "DisplayMode",
                            "metaType": "string",
                            "metaValue": "2"
                        },
                        {
                            "metaName": "LayoutPos",
                            "metaType": "string",
                            "metaValue": "1408.5 613.829"
                        }
                    ]
                },
                {
                    "nodeName": "all_true_in_array",
                    "nodeType": "Core::Array::all_true_in_array",
                    "metadata": [
                        {
                            "metaName": "DisplayMode",
                            "metaType": "string",
                            "metaValue": "2"
                        },
                        {
                            "metaName": "LayoutPos",
                            "metaType": "string",
                            "metaValue": "1636.85 590.199"
                        }
                    ]
                },
                {
                    "nodeName": "build_array1",
                    "nodeType": "Core::Array::build_array",
                    "multiInPortNames": [
                        "side_a",
                        "side_b",
                        "side_c"
                    ],
                    "metadata": [
                        {
                            "metaName": "DisplayMode",
                            "metaType": "string",
                            "metaValue": "2"
                        },
                        {
                            "metaName": "LayoutPos",
                            "metaType": "string",
                            "metaValue": "1171.63 637.569"
                        }
                    ]
                },
                {
                    "nodeName": "if",
                    "nodeType": "Core::Logic::if",
                    "metadata": [
                        {
                            "metaName": "DisplayMode",
                            "metaType": "string",
                            "metaValue": "2"
                        },
                        {
                            "metaName": "LayoutPos",
                            "metaType": "string",
                            "metaValue": "2187.47 -290.898"
                        }
                    ]
                },
                {
                    "nodeName": "if1",
                    "nodeType": "Core::Logic::if",
                    "metadata": [
                        {
                            "metaName": "DisplayMode",
                            "metaType": "string",
                            "metaValue": "2"
                        },
                        {
                            "metaName": "LayoutPos",
                            "metaType": "string",
                            "metaValue": "2187.46 -78.3136"
                        }
                    ]
                },
                {
                    "nodeName": "if2",
                    "nodeType": "Core::Logic::if",
                    "metadata": [
                        {
                            "metaName": "DisplayMode",
                            "metaType": "string",
                            "metaValue": "2"
                        },
                        {
                            "metaName": "LayoutPos",
                            "metaType": "string",
                            "metaValue": "2187.47 136.51"
                        }
                    ]
                }
            ],
            "connections": [
                {
                    "source": ".side_b",
                    "target": "power.base"
                },
                {
                    "source": "value.output",
                    "target": "power.exponent"
                },
                {
                    "source": ".side_c",
                    "target": "power1.base"
                },
                {
                    "source": "value.output",
                    "target": "power1.exponent"
                },
                {
                    "source": ".side_a",
                    "target": "power2.base"
                },
                {
                    "source": "value.output",
                    "target": "power2.exponent"
                },
                {
                    "source": "power.power",
                    "target": "add.first.power"
                },
                {
                    "source": "power1.power",
                    "target": "add.first.power1"
                },
                {
                    "source": "add.output",
                    "target": "subtract.first.output1"
                },
                {
                    "source": "power2.power",
                    "target": "subtract.first.power"
                },
                {
                    "source": "value.output",
                    "target": "multiply.first.output1"
                },
                {
                    "source": ".side_b",
                    "target": "multiply.first.side_b"
                },
                {
                    "source": ".side_c",
                    "target": "multiply.first.side_c"
                },
                {
                    "source": "subtract.output",
                    "target": "divide.first.output1"
                },
                {
                    "source": "multiply.output",
                    "target": "divide.first.output2"
                },
                {
                    "source": "divide.output",
                    "target": "angle_A.value"
                },
                {
                    "source": ".side_a",
                    "target": "power3.base"
                },
                {
                    "source": "value.output",
                    "target": "power3.exponent"
                },
                {
                    "source": ".side_c",
                    "target": "power4.base"
                },
                {
                    "source": "value.output",
                    "target": "power4.exponent"
                },
                {
                    "source": "power3.power",
                    "target": "add1.first.power"
                },
                {
                    "source": "power4.power",
                    "target": "add1.first.power1"
                },
                {
                    "source": "add1.output",
                    "target": "subtract1.first.output1"
                },
                {
                    "source": ".side_b",
                    "target": "power5.base"
                },
                {
                    "source": "value.output",
                    "target": "power5.exponent"
                },
                {
                    "source": "power5.power",
                    "target": "subtract1.first.power"
                },
                {
                    "source": "subtract1.output",
                    "target": "divide1.first.output1"
                },
                {
                    "source": "value.output",
                    "target": "multiply1.first.output1"
                },
                {
                    "source": ".side_a",
                    "target": "multiply1.first.side_a"
                },
                {
                    "source": ".side_c",
                    "target": "multiply1.first.side_c"
                },
                {
                    "source": "multiply1.output",
                    "target": "divide1.first.output2"
                },
                {
                    "source": "divide1.output",
                    "target": "angle_B.value"
                },
                {
                    "source": "pi.pi",
                    "target": "angle_C.first.pi"
                },
                {
                    "source": "angle_A.arccosine",
                    "target": "angle_C.first.arccosine"
                },
                {
                    "source": "angle_B.arccosine",
                    "target": "angle_C.first.arccosine1"
                },
                {
                    "source": "greater.output",
                    "target": "all_true_in_array.array"
                },
                {
                    "source": ".side_a",
                    "target": "build_array1.first.side_a"
                },
                {
                    "source": ".side_b",
                    "target": "build_array1.first.side_b"
                },
                {
                    "source": ".side_c",
                    "target": "build_array1.first.side_c"
                },
                {
                    "source": "build_array1.array",
                    "target": "greater.first"
                },
                {
                    "source": "all_true_in_array.all_true",
                    "target": "if.condition"
                },
                {
                    "source": "all_true_in_array.all_true",
                    "target": "if1.condition"
                },
                {
                    "source": "all_true_in_array.all_true",
                    "target": "if2.condition"
                },
                {
                    "source": "angle_A.arccosine",
                    "target": "if.true_case"
                },
                {
                    "source": "if.output",
                    "target": ".angle_A"
                },
                {
                    "source": "angle_B.arccosine",
                    "target": "if1.true_case"
                },
                {
                    "source": "if1.output",
                    "target": ".angle_B"
                },
                {
                    "source": "angle_C.output",
                    "target": "if2.true_case"
                },
                {
                    "source": "if2.output",
                    "target": ".angle_C"
                }
            ],
            "values": [
                {
                    "valueName": "value.value",
                    "valueType": "float",
                    "value": "2f"
                }
            ],
            "reservedNodeNames": [
                {
                    "name": "input"
                },
                {
                    "name": "output"
                }
            ]
        }
    ]
}