{
    "header": {
        "metadata": [
            {
                "metaName": "adskFileFormatVersion",
                "metaValue": "100L"
            }
        ]
    },
    "namespaces": [],
    "types": [],
    "compounds": [
        {
            "name": "BPM::g2m_bifrost_pack_0::utility::g2m_input_or_default",
            "uriImported": "file:///g2m_input_or_default.json",
            "metadata": [
                {
                    "metaName": "documentation",
                    "metaType": "string",
                    "metaValue": "docs/g2m_any_to_any_array.md"
                },
                {
                    "metaName": "icon",
                    "metaType": "string",
                    "metaValue": "icons/g2m_default.png"
                },
                {
                    "metaName": "io_nodes",
                    "metadata": [
                        {
                            "metaName": "io_inodes",
                            "metadata": [
                                {
                                    "metaName": "input",
                                    "metadata": [
                                        {
                                            "metaName": "DisplayMode",
                                            "metaType": "string",
                                            "metaValue": "2"
                                        },
                                        {
                                            "metaName": "LayoutPos",
                                            "metaType": "string",
                                            "metaValue": "-2183.22 -79.5906"
                                        },
                                        {
                                            "metaName": "io_ports",
                                            "metadata": [
                                                {
                                                    "metaName": "input"
                                                },
                                                {
                                                    "metaName": "default"
                                                }
                                            ]
                                        }
                                    ]
                                }
                            ]
                        },
                        {
                            "metaName": "io_onodes",
                            "metadata": [
                                {
                                    "metaName": "output",
                                    "metadata": [
                                        {
                                            "metaName": "DisplayMode",
                                            "metaType": "string",
                                            "metaValue": "2"
                                        },
                                        {
                                            "metaName": "LayoutPos",
                                            "metaType": "string",
                                            "metaValue": "-161.495 -41.6624"
                                        },
                                        {
                                            "metaName": "io_ports",
                                            "metadata": [
                                                {
                                                    "metaName": "output"
                                                },
                                                {
                                                    "metaName": "success"
                                                }
                                            ]
                                        }
                                    ]
                                }
                            ]
                        }
                    ]
                },
                {
                    "metaName": "_recentNode_",
                    "metaType": "string",
                    "metaValue": "BifrostGraph,Core::Logic,or"
                },
                {
                    "metaName": "_recentNode_",
                    "metaType": "string",
                    "metaValue": "BifrostGraph,Core::Logic,equal"
                },
                {
                    "metaName": "_recentNode_",
                    "metaType": "string",
                    "metaValue": "BifrostGraph,Core::Any,any_array_size"
                },
                {
                    "metaName": "_recentNode_",
                    "metaType": "string",
                    "metaValue": "BifrostGraph,Core::Constants,float"
                },
                {
                    "metaName": "_recentNode_",
                    "metaType": "string",
                    "metaValue": "BifrostGraph,Core::Logic,if"
                },
                {
                    "metaName": "backdrop",
                    "metadata": [
                        {
                            "metaName": "type",
                            "metaType": "string",
                            "metaValue": "backdrop"
                        },
                        {
                            "metaName": "coords",
                            "metaType": "string",
                            "metaValue": "-2441.5 -231.65 489.181 139.246"
                        },
                        {
                            "metaName": "text",
                            "metaType": "string",
                            "metaValue": "\u5982\u679c\u8f38\u5165\u985e\u578b\u4e0e\u9ed8\u8a8d\u985e\u578b\u4e0d\u7b26\uff0c\u6216\u6c92\u6709\u8f38\u5165\u6642\uff0c\u4f7f\u7528\u9ed8\u8a8d\u503c\u3002\n\n\u7d30\u7bc0\uff1a\nBifrost \u4e0d\u80fd\u5224\u65b7\u662f\u5426\u6709\u8f38\u5165\u9023\u63a5\uff0c\u53ea\u80fd\u901a\u904e build_array \u5f8c\u518d\u5224\u65b7\u6578\u7d44\u662f\u5426\u7232\u300c\u7a7a\u300d\u3002\nto_type_any -> from_type_any \u53ea\u6703\u5617\u8a66\u628a\u8f38\u5165\u8f49\u56de\u672c\u4f86\u7684\u985e\u578b\uff0c\u4e26\u4e0d\u80fd\u8f49\u63db\u6210\u5176\u4ed6\u6578\u64da\u985e\u578b\u3002\narray_is_empty \u4e26\u4e0d\u80fd\u5224\u65b7 any \u6578\u7d44\uff0c\u4f46\u53ea\u8981\u8f49\u63db\u5931\u6557\uff0cfrom_type_any \u6703\u81ea\u52d5\u4f7f\u7528\u9ed8\u8a8d\u503c\u3002"
                        }
                    ]
                },
                {
                    "metaName": "ViewportRect",
                    "metaType": "string",
                    "metaValue": "-2584.98 -513.835 799.345 665.293"
                },
                {
                    "metaName": "DisplayMode",
                    "metaType": "string",
                    "metaValue": "2"
                },
                {
                    "metaName": "LayoutPos",
                    "metaType": "string",
                    "metaValue": "162.5 -141"
                }
            ],
            "ports": [
                {
                    "portName": "input",
                    "portDirection": "input"
                },
                {
                    "portName": "output",
                    "portDirection": "output"
                },
                {
                    "portName": "success",
                    "portDirection": "output"
                },
                {
                    "portName": "default",
                    "portDirection": "input"
                }
            ],
            "compoundNodes": [
                {
                    "nodeName": "from_type_any",
                    "nodeType": "Core::Type_Conversion::from_type_any",
                    "metadata": [
                        {
                            "metaName": "DisplayMode",
                            "metaType": "string",
                            "metaValue": "2"
                        },
                        {
                            "metaName": "LayoutPos",
                            "metaType": "string",
                            "metaValue": "-898.899 -42.4728"
                        }
                    ]
                },
                {
                    "nodeName": "to_type_any",
                    "nodeType": "Core::Type_Conversion::to_type_any",
                    "metadata": [
                        {
                            "metaName": "DisplayMode",
                            "metaType": "string",
                            "metaValue": "2"
                        },
                        {
                            "metaName": "LayoutPos",
                            "metaType": "string",
                            "metaValue": "-1546.71 -115.367"
                        }
                    ]
                },
                {
                    "nodeName": "build_array1",
                    "nodeType": "Core::Array::build_array",
                    "multiInPortNames": [
                        "output"
                    ],
                    "metadata": [
                        {
                            "metaName": "DisplayMode",
                            "metaType": "string",
                            "metaValue": "2"
                        },
                        {
                            "metaName": "LayoutPos",
                            "metaType": "string",
                            "metaValue": "-1889.61 29.68"
                        }
                    ]
                },
                {
                    "nodeName": "build_array2",
                    "nodeType": "Core::Array::build_array",
                    "multiInPortNames": [
                        "from"
                    ],
                    "metadata": [
                        {
                            "metaName": "DisplayMode",
                            "metaType": "string",
                            "metaValue": "2"
                        },
                        {
                            "metaName": "LayoutPos",
                            "metaType": "string",
                            "metaValue": "-1889.46 -192.516"
                        }
                    ]
                },
                {
                    "nodeName": "array_is_empty",
                    "nodeType": "Core::Array::array_is_empty",
                    "metadata": [
                        {
                            "metaName": "DisplayMode",
                            "metaType": "string",
                            "metaValue": "2"
                        },
                        {
                            "metaName": "LayoutPos",
                            "metaType": "string",
                            "metaValue": "-1543.19 -306.638"
                        }
                    ]
                },
                {
                    "nodeName": "if",
                    "nodeType": "Core::Logic::if",
                    "metadata": [
                        {
                            "metaName": "DisplayMode",
                            "metaType": "string",
                            "metaValue": "2"
                        },
                        {
                            "metaName": "LayoutPos",
                            "metaType": "string",
                            "metaValue": "-531.627 -197.206"
                        }
                    ]
                }
            ],
            "connections": [
                {
                    "source": "to_type_any.type_any",
                    "target": "from_type_any.value_any"
                },
                {
                    "source": "build_array1.array",
                    "target": "from_type_any.to_type"
                },
                {
                    "source": "from_type_any.success",
                    "target": ".success"
                },
                {
                    "source": "build_array2.array",
                    "target": "to_type_any.from"
                },
                {
                    "source": "build_array2.array",
                    "target": "array_is_empty.array"
                },
                {
                    "source": "build_array1.array",
                    "target": "if.true_case"
                },
                {
                    "source": "from_type_any.converted",
                    "target": "if.false_case"
                },
                {
                    "source": "if.output",
                    "target": ".output"
                },
                {
                    "source": ".input",
                    "target": "build_array2.first.from"
                },
                {
                    "source": ".default",
                    "target": "build_array1.first.output"
                },
                {
                    "source": "array_is_empty.empty",
                    "target": "if.condition"
                }
            ],
            "values": [],
            "reservedNodeNames": [
                {
                    "name": "input"
                },
                {
                    "name": "output"
                }
            ]
        }
    ]
}