{
    "header": {
        "metadata": [
            {
                "metaName": "adskFileFormatVersion",
                "metaValue": "100L"
            }
        ]
    },
    "namespaces": [],
    "types": [],
    "compounds": [
        {
            "name": "BPM::g2m_bifrost_pack_0::mesh::g2m_arrange_quad_face_vertex_and_offset",
            "uriImported": "file:///g2m_mesh_face_vertex_bridge.json",
            "metadata": [
                {
                    "metaName": "io_nodes",
                    "metadata": [
                        {
                            "metaName": "io_inodes",
                            "metadata": [
                                {
                                    "metaName": "input",
                                    "metadata": [
                                        {
                                            "metaName": "DisplayMode",
                                            "metaType": "string",
                                            "metaValue": "2"
                                        },
                                        {
                                            "metaName": "LayoutPos",
                                            "metaType": "string",
                                            "metaValue": "-874.978 320.292"
                                        },
                                        {
                                            "metaName": "io_ports",
                                            "metadata": [
                                                {
                                                    "metaName": "exsited_face_vertex_line1"
                                                },
                                                {
                                                    "metaName": "reverse1"
                                                },
                                                {
                                                    "metaName": "exsited_face_vertex_line2"
                                                },
                                                {
                                                    "metaName": "reverse2"
                                                },
                                                {
                                                    "metaName": "offset"
                                                }
                                            ]
                                        }
                                    ]
                                }
                            ]
                        },
                        {
                            "metaName": "io_onodes",
                            "metadata": [
                                {
                                    "metaName": "output",
                                    "metadata": [
                                        {
                                            "metaName": "DisplayMode",
                                            "metaType": "string",
                                            "metaValue": "2"
                                        },
                                        {
                                            "metaName": "LayoutPos",
                                            "metaType": "string",
                                            "metaValue": "2224.11 266.18"
                                        },
                                        {
                                            "metaName": "io_ports",
                                            "metadata": [
                                                {
                                                    "metaName": "face_vertex"
                                                },
                                                {
                                                    "metaName": "face_offset_no_head"
                                                },
                                                {
                                                    "metaName": "easy_vertex_offset_with_head"
                                                }
                                            ]
                                        }
                                    ]
                                }
                            ]
                        }
                    ]
                },
                {
                    "metaName": "backdrop",
                    "metadata": [
                        {
                            "metaName": "type",
                            "metaType": "string",
                            "metaValue": "backdrop"
                        },
                        {
                            "metaName": "text",
                            "metaType": "string",
                            "metaValue": "\u53cd\u8f49 point line\uff0c\u985e\u4f3c polyBridgeEdge() \u7684 Direction (Source)/(Target) \u53c3\u6578\u3002\n* \u9905\u584a\u7684\u4e00\u822c\u60c5\u6cc1\uff0cpoint line2 \u90fd\u9700\u8981\u53cd\u8f49\u3002\n\n\u8f38\u5165\uff1a\n[0,1,2,3]\n\n\u53cd\u8f49\uff1a\n[3,2,1,0]"
                        },
                        {
                            "metaName": "coords",
                            "metaType": "string",
                            "metaValue": "-516.963 -260.979 931.046 522.58"
                        }
                    ]
                },
                {
                    "metaName": "backdrop1",
                    "metadata": [
                        {
                            "metaName": "type",
                            "metaType": "string",
                            "metaValue": "backdrop"
                        },
                        {
                            "metaName": "text",
                            "metaType": "string",
                            "metaValue": "\u9ede\u6578\u91cf\u4e0d\u4e00\u81f4\uff0c\u53d6\u6700\u5c0f\u503c\u4f5c\u70ba\u5faa\u74b0\u6b21\u6578\u3002"
                        },
                        {
                            "metaName": "coords",
                            "metaType": "string",
                            "metaValue": "834.325 -186.309 734.982 440.488"
                        }
                    ]
                },
                {
                    "metaName": "_recentNode_",
                    "metaType": "string",
                    "metaValue": "BifrostGraph,Core::Constants,float"
                },
                {
                    "metaName": "_recentNode_",
                    "metaType": "string",
                    "metaValue": "BifrostGraph,Core::Array,sequence_array"
                },
                {
                    "metaName": "_recentNode_",
                    "metaType": "string",
                    "metaValue": "BifrostGraph,Core::Array,build_array"
                },
                {
                    "metaName": "_recentNode_",
                    "metaType": "string",
                    "metaValue": "BifrostGraph,G2M::array,g2m_array_shift"
                },
                {
                    "metaName": "_recentNode_",
                    "metaType": "string",
                    "metaValue": "BifrostGraph,Geometry::Mesh,construct_mesh"
                },
                {
                    "metaName": "backdrop2",
                    "metadata": [
                        {
                            "metaName": "type",
                            "metaType": "string",
                            "metaValue": "backdrop"
                        },
                        {
                            "metaName": "text",
                            "metaType": "string",
                            "metaValue": "\u50c5\u652f\u6301 4 \u908a\u9762"
                        },
                        {
                            "metaName": "coords",
                            "metaType": "string",
                            "metaValue": "-918.605 275.182 280.622 324.788"
                        }
                    ]
                },
                {
                    "metaName": "ViewportRect",
                    "metaType": "string",
                    "metaValue": "637.207 91.364 1345.28 1061.62"
                },
                {
                    "metaName": "DisplayMode",
                    "metaType": "string",
                    "metaValue": "2"
                },
                {
                    "metaName": "LayoutPos",
                    "metaType": "string",
                    "metaValue": "658.112 337.481"
                }
            ],
            "ports": [
                {
                    "portName": "exsited_face_vertex_line1",
                    "portDirection": "input",
                    "portType": "array<uint>",
                    "portDefault": []
                },
                {
                    "portName": "face_vertex",
                    "portDirection": "output",
                    "portType": "array<uint>"
                },
                {
                    "portName": "reverse1",
                    "portDirection": "input",
                    "portType": "bool",
                    "portDefault": "false"
                },
                {
                    "portName": "exsited_face_vertex_line2",
                    "portDirection": "input",
                    "portType": "array<uint>",
                    "portDefault": []
                },
                {
                    "portName": "reverse2",
                    "portDirection": "input",
                    "portType": "bool",
                    "portDefault": "false"
                },
                {
                    "portName": "face_offset_no_head",
                    "portDirection": "output",
                    "portType": "array<uint>"
                },
                {
                    "portName": "easy_vertex_offset_with_head",
                    "portDirection": "output",
                    "portType": "array<uint>"
                },
                {
                    "portName": "offset",
                    "portDirection": "input",
                    "portType": "int",
                    "portDefault": "0L"
                }
            ],
            "compounds": [
                {
                    "name": "build_face_vertex_and_offset",
                    "uriImported": "file:///g2m_mesh_face_vertex_bridge.json",
                    "metadata": [
                        {
                            "metaName": "icon",
                            "metaType": "string",
                            "metaValue": "<NATIVE>../icons/LoopIterate.svg"
                        },
                        {
                            "metaName": "icon",
                            "metaType": "string",
                            "metaValue": "<NATIVE>../icons/LoopIterate.svg"
                        },
                        {
                            "metaName": "icon",
                            "metaType": "string",
                            "metaValue": "<NATIVE>../icons/LoopIterate.svg"
                        },
                        {
                            "metaName": "io_nodes",
                            "metadata": [
                                {
                                    "metaName": "io_inodes",
                                    "metadata": [
                                        {
                                            "metaName": "input",
                                            "metadata": [
                                                {
                                                    "metaName": "DisplayMode",
                                                    "metaType": "string",
                                                    "metaValue": "2"
                                                },
                                                {
                                                    "metaName": "LayoutPos",
                                                    "metaType": "string",
                                                    "metaValue": "-518 -132.5"
                                                },
                                                {
                                                    "metaName": "io_ports",
                                                    "metadata": [
                                                        {
                                                            "metaName": "max_iterations"
                                                        },
                                                        {
                                                            "metaName": "current_index"
                                                        },
                                                        {
                                                            "metaName": "line1"
                                                        },
                                                        {
                                                            "metaName": "line2"
                                                        },
                                                        {
                                                            "metaName": "face_vertex_pool"
                                                        },
                                                        {
                                                            "metaName": "face_offset_pool"
                                                        }
                                                    ]
                                                }
                                            ]
                                        }
                                    ]
                                },
                                {
                                    "metaName": "io_onodes",
                                    "metadata": [
                                        {
                                            "metaName": "output",
                                            "metadata": [
                                                {
                                                    "metaName": "DisplayMode",
                                                    "metaType": "string",
                                                    "metaValue": "2"
                                                },
                                                {
                                                    "metaName": "LayoutPos",
                                                    "metaType": "string",
                                                    "metaValue": "1157.6 -223.31"
                                                },
                                                {
                                                    "metaName": "io_ports",
                                                    "metadata": [
                                                        {
                                                            "metaName": "face_vertex"
                                                        },
                                                        {
                                                            "metaName": "offset_no_head"
                                                        }
                                                    ]
                                                }
                                            ]
                                        }
                                    ]
                                }
                            ]
                        },
                        {
                            "metaName": "_recentNode_",
                            "metaType": "string",
                            "metaValue": "BifrostGraph,Core::Constants,float"
                        },
                        {
                            "metaName": "_recentNode_",
                            "metaType": "string",
                            "metaValue": "BifrostGraph,Core::Graph,pass"
                        },
                        {
                            "metaName": "_recentNode_",
                            "metaType": "string",
                            "metaValue": "BifrostGraph,Core::Math,increment"
                        },
                        {
                            "metaName": "_recentNode_",
                            "metaType": "string",
                            "metaValue": "BifrostGraph,Core::Array,last_in_array"
                        },
                        {
                            "metaName": "_recentNode_",
                            "metaType": "string",
                            "metaValue": "BifrostGraph,Core::Array,build_array"
                        },
                        {
                            "metaName": "ViewportRect",
                            "metaType": "string",
                            "metaValue": "-481.481 -375.988 1804.69 1424.17"
                        }
                    ],
                    "ports": [
                        {
                            "portName": "max_iterations",
                            "portDirection": "input",
                            "portType": "long",
                            "portIterationLimit": "true"
                        },
                        {
                            "portName": "current_index",
                            "portDirection": "input",
                            "portType": "long",
                            "portIterationCounter": "true"
                        },
                        {
                            "portName": "line1",
                            "portDirection": "input",
                            "portType": "array<uint>"
                        },
                        {
                            "portName": "line2",
                            "portDirection": "input",
                            "portType": "array<uint>"
                        },
                        {
                            "portName": "face_vertex_pool",
                            "portDirection": "input",
                            "portType": "array<uint>"
                        },
                        {
                            "portName": "face_vertex",
                            "portDirection": "output"
                        },
                        {
                            "portName": "face_offset_pool",
                            "portDirection": "input",
                            "portType": "array<uint>"
                        },
                        {
                            "portName": "offset_no_head",
                            "portDirection": "output"
                        }
                    ],
                    "compoundNodes": [
                        {
                            "nodeName": "get_from_array",
                            "nodeType": "Core::Array::get_from_array",
                            "metadata": [
                                {
                                    "metaName": "DisplayMode",
                                    "metaType": "string",
                                    "metaValue": "2"
                                },
                                {
                                    "metaName": "LayoutPos",
                                    "metaType": "string",
                                    "metaValue": "174.818 -559.425"
                                }
                            ]
                        },
                        {
                            "nodeName": "get_from_array1",
                            "nodeType": "Core::Array::get_from_array",
                            "metadata": [
                                {
                                    "metaName": "DisplayMode",
                                    "metaType": "string",
                                    "metaValue": "2"
                                },
                                {
                                    "metaName": "LayoutPos",
                                    "metaType": "string",
                                    "metaValue": "169.818 -379.425"
                                }
                            ]
                        },
                        {
                            "nodeName": "increment",
                            "nodeType": "Core::Math::increment",
                            "metadata": [
                                {
                                    "metaName": "DisplayMode",
                                    "metaType": "string",
                                    "metaValue": "0"
                                },
                                {
                                    "metaName": "LayoutPos",
                                    "metaType": "string",
                                    "metaValue": "-64.5159 -311.849"
                                }
                            ]
                        },
                        {
                            "nodeName": "get_from_array2",
                            "nodeType": "Core::Array::get_from_array",
                            "metadata": [
                                {
                                    "metaName": "DisplayMode",
                                    "metaType": "string",
                                    "metaValue": "2"
                                },
                                {
                                    "metaName": "LayoutPos",
                                    "metaType": "string",
                                    "metaValue": "163.083 182.812"
                                }
                            ]
                        },
                        {
                            "nodeName": "get_from_array3",
                            "nodeType": "Core::Array::get_from_array",
                            "metadata": [
                                {
                                    "metaName": "DisplayMode",
                                    "metaType": "string",
                                    "metaValue": "2"
                                },
                                {
                                    "metaName": "LayoutPos",
                                    "metaType": "string",
                                    "metaValue": "168.083 2.81137"
                                }
                            ]
                        },
                        {
                            "nodeName": "increment1",
                            "nodeType": "Core::Math::increment",
                            "metadata": [
                                {
                                    "metaName": "DisplayMode",
                                    "metaType": "string",
                                    "metaValue": "0"
                                },
                                {
                                    "metaName": "LayoutPos",
                                    "metaType": "string",
                                    "metaValue": "-86.9172 251.812"
                                }
                            ]
                        },
                        {
                            "nodeName": "build_array",
                            "nodeType": "Core::Array::build_array",
                            "multiInPortNames": [
                                "position_array",
                                "value",
                                "value1",
                                "value2",
                                "value3"
                            ],
                            "metadata": [
                                {
                                    "metaName": "DisplayMode",
                                    "metaType": "string",
                                    "metaValue": "2"
                                },
                                {
                                    "metaName": "LayoutPos",
                                    "metaType": "string",
                                    "metaValue": "564.301 -226.327"
                                }
                            ]
                        },
                        {
                            "nodeName": "build_array1",
                            "nodeType": "Core::Array::build_array",
                            "multiInPortNames": [
                                "offset_pool",
                                "output"
                            ],
                            "metadata": [
                                {
                                    "metaName": "DisplayMode",
                                    "metaType": "string",
                                    "metaValue": "2"
                                },
                                {
                                    "metaName": "LayoutPos",
                                    "metaType": "string",
                                    "metaValue": "680.04 529.564"
                                }
                            ]
                        },
                        {
                            "nodeName": "last_in_array",
                            "nodeType": "Core::Array::last_in_array",
                            "metadata": [
                                {
                                    "metaName": "DisplayMode",
                                    "metaType": "string",
                                    "metaValue": "2"
                                },
                                {
                                    "metaName": "LayoutPos",
                                    "metaType": "string",
                                    "metaValue": "188.076 561.126"
                                }
                            ]
                        },
                        {
                            "nodeName": "increment2",
                            "nodeType": "Core::Math::increment",
                            "metadata": [
                                {
                                    "metaName": "DisplayMode",
                                    "metaType": "string",
                                    "metaValue": "2"
                                },
                                {
                                    "metaName": "LayoutPos",
                                    "metaType": "string",
                                    "metaValue": "427.502 616.454"
                                }
                            ]
                        },
                        {
                            "nodeName": "value1",
                            "valueType": "char",
                            "metadata": [
                                {
                                    "metaName": "DisplayMode",
                                    "metaType": "string",
                                    "metaValue": "2"
                                },
                                {
                                    "metaName": "valuenode_defaultvalue",
                                    "metaType": "string",
                                    "metaValue": "4"
                                },
                                {
                                    "metaName": "LayoutPos",
                                    "metaType": "string",
                                    "metaValue": "185.57 747.273"
                                }
                            ]
                        }
                    ],
                    "connections": [
                        {
                            "source": "get_from_array.value",
                            "target": "build_array.first.value"
                        },
                        {
                            "source": "get_from_array1.value",
                            "target": "build_array.first.value1"
                        },
                        {
                            "source": "increment.output",
                            "target": "get_from_array1.index"
                        },
                        {
                            "source": "get_from_array2.value",
                            "target": "build_array.first.value2"
                        },
                        {
                            "source": "get_from_array3.value",
                            "target": "build_array.first.value3"
                        },
                        {
                            "source": "increment1.output",
                            "target": "get_from_array2.index"
                        },
                        {
                            "source": "build_array.array",
                            "target": ".face_vertex"
                        },
                        {
                            "source": ".current_index",
                            "target": "get_from_array.index"
                        },
                        {
                            "source": ".current_index",
                            "target": "increment.value"
                        },
                        {
                            "source": ".current_index",
                            "target": "get_from_array3.index"
                        },
                        {
                            "source": ".current_index",
                            "target": "increment1.value"
                        },
                        {
                            "source": ".face_vertex_pool",
                            "target": "build_array.first.position_array"
                        },
                        {
                            "source": ".face_offset_pool",
                            "target": "build_array1.first.offset_pool"
                        },
                        {
                            "source": ".face_offset_pool",
                            "target": "last_in_array.array"
                        },
                        {
                            "source": "last_in_array.last",
                            "target": "increment2.value"
                        },
                        {
                            "source": "increment2.output",
                            "target": "build_array1.first.output"
                        },
                        {
                            "source": "build_array1.array",
                            "target": ".offset_no_head"
                        },
                        {
                            "source": "value1.output",
                            "target": "increment2.by"
                        },
                        {
                            "source": ".line1",
                            "target": "get_from_array.array"
                        },
                        {
                            "source": ".line1",
                            "target": "get_from_array1.array"
                        },
                        {
                            "source": ".line2",
                            "target": "get_from_array3.array"
                        },
                        {
                            "source": ".line2",
                            "target": "get_from_array2.array"
                        }
                    ],
                    "values": [
                        {
                            "valueName": "increment.by",
                            "valueType": "char",
                            "value": "1"
                        },
                        {
                            "valueName": "increment1.by",
                            "valueType": "char",
                            "value": "1"
                        },
                        {
                            "valueName": "increment2.by",
                            "valueType": "char",
                            "value": "4"
                        },
                        {
                            "valueName": "value1.value",
                            "valueType": "char",
                            "value": "4"
                        }
                    ],
                    "reservedNodeNames": [
                        {
                            "name": "input"
                        },
                        {
                            "name": "output"
                        }
                    ],
                    "iterateCompound": {
                        "ports": [
                            {
                                "portKind": "state",
                                "inputPortName": "face_vertex_pool",
                                "outputPortName": "face_vertex"
                            },
                            {
                                "portKind": "state",
                                "inputPortName": "face_offset_pool",
                                "outputPortName": "offset_no_head"
                            }
                        ]
                    }
                }
            ],
            "compoundNodes": [
                {
                    "nodeName": "reverse_line1",
                    "nodeType": "Core::Array::reverse_array",
                    "metadata": [
                        {
                            "metaName": "DisplayMode",
                            "metaType": "string",
                            "metaValue": "2"
                        },
                        {
                            "metaName": "LayoutPos",
                            "metaType": "string",
                            "metaValue": "-415.329 -152.325"
                        }
                    ]
                },
                {
                    "nodeName": "if_reverse_1",
                    "nodeType": "Core::Logic::if",
                    "metadata": [
                        {
                            "metaName": "DisplayMode",
                            "metaType": "string",
                            "metaValue": "2"
                        },
                        {
                            "metaName": "LayoutPos",
                            "metaType": "string",
                            "metaValue": "-162.869 -201.14"
                        }
                    ]
                },
                {
                    "nodeName": "if_reverse_2",
                    "nodeType": "Core::Logic::if",
                    "metadata": [
                        {
                            "metaName": "DisplayMode",
                            "metaType": "string",
                            "metaValue": "2"
                        },
                        {
                            "metaName": "LayoutPos",
                            "metaType": "string",
                            "metaValue": "-166.419 1.06218"
                        }
                    ]
                },
                {
                    "nodeName": "reverse_line2",
                    "nodeType": "Core::Array::reverse_array",
                    "metadata": [
                        {
                            "metaName": "DisplayMode",
                            "metaType": "string",
                            "metaValue": "2"
                        },
                        {
                            "metaName": "LayoutPos",
                            "metaType": "string",
                            "metaValue": "-412.339 48.7872"
                        }
                    ]
                },
                {
                    "nodeName": "line1",
                    "nodeType": "Core::Graph::pass",
                    "metadata": [
                        {
                            "metaName": "DisplayMode",
                            "metaType": "string",
                            "metaValue": "2"
                        },
                        {
                            "metaName": "LayoutPos",
                            "metaType": "string",
                            "metaValue": "475.031 263.223"
                        }
                    ]
                },
                {
                    "nodeName": "line2",
                    "nodeType": "Core::Graph::pass",
                    "metadata": [
                        {
                            "metaName": "DisplayMode",
                            "metaType": "string",
                            "metaValue": "2"
                        },
                        {
                            "metaName": "LayoutPos",
                            "metaType": "string",
                            "metaValue": "476.281 431.402"
                        }
                    ]
                },
                {
                    "nodeName": "array_size",
                    "nodeType": "Core::Array::array_size",
                    "metadata": [
                        {
                            "metaName": "DisplayMode",
                            "metaType": "string",
                            "metaValue": "2"
                        },
                        {
                            "metaName": "LayoutPos",
                            "metaType": "string",
                            "metaValue": "840.815 -127.252"
                        }
                    ]
                },
                {
                    "nodeName": "array_size1",
                    "nodeType": "Core::Array::array_size",
                    "metadata": [
                        {
                            "metaName": "DisplayMode",
                            "metaType": "string",
                            "metaValue": "2"
                        },
                        {
                            "metaName": "LayoutPos",
                            "metaType": "string",
                            "metaValue": "840.815 57.2177"
                        }
                    ]
                },
                {
                    "nodeName": "min",
                    "nodeType": "Core::Math::min",
                    "multiInPortNames": [
                        "size",
                        "size1"
                    ],
                    "metadata": [
                        {
                            "metaName": "DisplayMode",
                            "metaType": "string",
                            "metaValue": "2"
                        },
                        {
                            "metaName": "LayoutPos",
                            "metaType": "string",
                            "metaValue": "1081.71 -69.007"
                        }
                    ]
                },
                {
                    "nodeName": "to_long",
                    "nodeType": "Core::Type_Conversion::to_long",
                    "metadata": [
                        {
                            "metaName": "DisplayMode",
                            "metaType": "string",
                            "metaValue": "2"
                        },
                        {
                            "metaName": "LayoutPos",
                            "metaType": "string",
                            "metaValue": "1332.14 -92.894"
                        }
                    ]
                },
                {
                    "nodeName": "decrement",
                    "nodeType": "Core::Math::decrement",
                    "metadata": [
                        {
                            "metaName": "DisplayMode",
                            "metaType": "string",
                            "metaValue": "0"
                        },
                        {
                            "metaName": "LayoutPos",
                            "metaType": "string",
                            "metaValue": "1632.64 358.923"
                        }
                    ]
                },
                {
                    "nodeName": "build_face_vertex_and_offset",
                    "nodeType": "build_face_vertex_and_offset",
                    "metadata": [
                        {
                            "metaName": "DisplayMode",
                            "metaType": "string",
                            "metaValue": "2"
                        },
                        {
                            "metaName": "LayoutPos",
                            "metaType": "string",
                            "metaValue": "1874.47 266.259"
                        }
                    ]
                },
                {
                    "nodeName": "g2m_array_shift",
                    "nodeType": "BPM::g2m_bifrost_pack_0::array::g2m_array_shift",
                    "metadata": [
                        {
                            "metaName": "DisplayMode",
                            "metaType": "string",
                            "metaValue": "2"
                        },
                        {
                            "metaName": "LayoutPos",
                            "metaType": "string",
                            "metaValue": "70.7063 -23"
                        }
                    ]
                },
                {
                    "nodeName": "easy_vertex_offset",
                    "nodeType": "Core::Array::sequence_array",
                    "metadata": [
                        {
                            "metaName": "DisplayMode",
                            "metaType": "string",
                            "metaValue": "2"
                        },
                        {
                            "metaName": "LayoutPos",
                            "metaType": "string",
                            "metaValue": "1868.45 -114.621"
                        }
                    ]
                },
                {
                    "nodeName": "value",
                    "valueType": "uint",
                    "metadata": [
                        {
                            "metaName": "DisplayMode",
                            "metaType": "string",
                            "metaValue": "0"
                        },
                        {
                            "metaName": "LayoutPos",
                            "metaType": "string",
                            "metaValue": "1627.57 -22.3877"
                        },
                        {
                            "metaName": "valuenode_defaultvalue",
                            "metaType": "string",
                            "metaValue": "4"
                        }
                    ]
                }
            ],
            "connections": [
                {
                    "source": "reverse_line1.reversed",
                    "target": "if_reverse_1.true_case"
                },
                {
                    "source": "reverse_line2.reversed",
                    "target": "if_reverse_2.true_case"
                },
                {
                    "source": "line1.output",
                    "target": "array_size.array"
                },
                {
                    "source": "line2.output",
                    "target": "array_size1.array"
                },
                {
                    "source": "array_size.size",
                    "target": "min.first.size"
                },
                {
                    "source": "array_size1.size",
                    "target": "min.first.size1"
                },
                {
                    "source": "min.minimum",
                    "target": "to_long.from"
                },
                {
                    "source": "to_long.long",
                    "target": "decrement.value"
                },
                {
                    "source": "decrement.output",
                    "target": "build_face_vertex_and_offset.max_iterations"
                },
                {
                    "source": ".exsited_face_vertex_line1",
                    "target": "reverse_line1.array"
                },
                {
                    "source": ".exsited_face_vertex_line2",
                    "target": "reverse_line2.array"
                },
                {
                    "source": ".exsited_face_vertex_line1",
                    "target": "if_reverse_1.false_case"
                },
                {
                    "source": ".exsited_face_vertex_line2",
                    "target": "if_reverse_2.false_case"
                },
                {
                    "source": ".reverse1",
                    "target": "if_reverse_1.condition"
                },
                {
                    "source": ".reverse2",
                    "target": "if_reverse_2.condition"
                },
                {
                    "source": "build_face_vertex_and_offset.face_vertex",
                    "target": ".face_vertex"
                },
                {
                    "source": "build_face_vertex_and_offset.offset_no_head",
                    "target": ".face_offset_no_head"
                },
                {
                    "source": "to_long.long",
                    "target": "easy_vertex_offset.size"
                },
                {
                    "source": "easy_vertex_offset.sequence",
                    "target": ".easy_vertex_offset_with_head"
                },
                {
                    "source": ".offset",
                    "target": "g2m_array_shift.direction"
                },
                {
                    "source": "value.output",
                    "target": "easy_vertex_offset.step"
                },
                {
                    "source": "if_reverse_1.output",
                    "target": "line1.input"
                },
                {
                    "source": "if_reverse_2.output",
                    "target": "g2m_array_shift.array"
                },
                {
                    "source": "g2m_array_shift.shifted",
                    "target": "line2.input"
                },
                {
                    "source": "line1.output",
                    "target": "build_face_vertex_and_offset.line1"
                },
                {
                    "source": "line2.output",
                    "target": "build_face_vertex_and_offset.line2"
                }
            ],
            "values": [
                {
                    "valueName": "decrement.by",
                    "valueType": "char",
                    "value": "1"
                },
                {
                    "valueName": "build_face_vertex_and_offset.max_iterations",
                    "valueType": "long",
                    "value": "10"
                },
                {
                    "valueName": "build_face_vertex_and_offset.face_offset_pool",
                    "valueType": "array<uint>",
                    "value": []
                },
                {
                    "valueName": "easy_vertex_offset.start",
                    "valueType": "uint",
                    "value": "0U"
                },
                {
                    "valueName": "easy_vertex_offset.step",
                    "valueType": "uint",
                    "value": "4U"
                },
                {
                    "valueName": "value.value",
                    "valueType": "uint",
                    "value": "4U"
                }
            ],
            "reservedNodeNames": [
                {
                    "name": "input"
                },
                {
                    "name": "output"
                }
            ]
        }
    ]
}