{
    "header": {
        "metadata": [
            {
                "metaName": "adskFileFormatVersion",
                "metaValue": "100L"
            }
        ]
    },
    "namespaces": [],
    "types": [],
    "compounds": [
        {
            "name": "BPM::g2m_bifrost_pack_0::array::g2m_array_remove_first",
            "uriImported": "stream:/bifrostGraphShape2",
            "metadata": [
                {
                    "metaName": "_recentNode_",
                    "metaType": "string",
                    "metaValue": "BifrostGraph,Core::Array,array_size"
                },
                {
                    "metaName": "_recentNode_",
                    "metaType": "string",
                    "metaValue": "BifrostGraph,Core::Array,slice_array"
                },
                {
                    "metaName": "_recentNode_",
                    "metaType": "string",
                    "metaValue": "BifrostGraph,Core::Array,build_array"
                },
                {
                    "metaName": "_recentNode_",
                    "metaType": "string",
                    "metaValue": "BifrostGraph,User::G2M,g2m_mesh_extrude"
                },
                {
                    "metaName": "_recentNode_",
                    "metaType": "string",
                    "metaValue": "BifrostGraph,G2M::mesh,g2m_calculate_face_ref"
                },
                {
                    "metaName": "io_nodes",
                    "metadata": [
                        {
                            "metaName": "io_inodes",
                            "metadata": [
                                {
                                    "metaName": "input",
                                    "metadata": [
                                        {
                                            "metaName": "DisplayMode",
                                            "metaType": "string",
                                            "metaValue": "2"
                                        },
                                        {
                                            "metaName": "LayoutPos",
                                            "metaType": "string",
                                            "metaValue": "-574 -100"
                                        },
                                        {
                                            "metaName": "io_ports",
                                            "metadata": [
                                                {
                                                    "metaName": "array"
                                                }
                                            ]
                                        }
                                    ]
                                }
                            ]
                        },
                        {
                            "metaName": "io_onodes",
                            "metadata": [
                                {
                                    "metaName": "output",
                                    "metadata": [
                                        {
                                            "metaName": "DisplayMode",
                                            "metaType": "string",
                                            "metaValue": "2"
                                        },
                                        {
                                            "metaName": "LayoutPos",
                                            "metaType": "string",
                                            "metaValue": "356 -124.5"
                                        },
                                        {
                                            "metaName": "io_ports",
                                            "metadata": [
                                                {
                                                    "metaName": "without_first"
                                                }
                                            ]
                                        }
                                    ]
                                }
                            ]
                        }
                    ]
                },
                {
                    "metaName": "ViewportRect",
                    "metaType": "string",
                    "metaValue": "-562 -443 1124 887"
                },
                {
                    "metaName": "DisplayMode",
                    "metaType": "string",
                    "metaValue": "2"
                },
                {
                    "metaName": "LayoutPos",
                    "metaType": "string",
                    "metaValue": "-990.261 -19.9614"
                }
            ],
            "ports": [
                {
                    "portName": "array",
                    "portDirection": "input"
                },
                {
                    "portName": "without_first",
                    "portDirection": "output"
                }
            ],
            "compoundNodes": [
                {
                    "nodeName": "slice_array",
                    "nodeType": "Core::Array::slice_array",
                    "metadata": [
                        {
                            "metaName": "DisplayMode",
                            "metaType": "string",
                            "metaValue": "2"
                        },
                        {
                            "metaName": "LayoutPos",
                            "metaType": "string",
                            "metaValue": "80 -124"
                        }
                    ]
                },
                {
                    "nodeName": "array_size",
                    "nodeType": "Core::Array::array_size",
                    "metadata": [
                        {
                            "metaName": "DisplayMode",
                            "metaType": "string",
                            "metaValue": "2"
                        },
                        {
                            "metaName": "LayoutPos",
                            "metaType": "string",
                            "metaValue": "-238 -30"
                        }
                    ]
                },
                {
                    "nodeName": "value",
                    "valueType": "long",
                    "metadata": [
                        {
                            "metaName": "valuenode_defaultvalue",
                            "metaType": "string",
                            "metaValue": "0"
                        },
                        {
                            "metaName": "DisplayMode",
                            "metaType": "string",
                            "metaValue": "0"
                        },
                        {
                            "metaName": "LayoutPos",
                            "metaType": "string",
                            "metaValue": "-239 -158"
                        }
                    ]
                }
            ],
            "connections": [
                {
                    "source": "slice_array.slice",
                    "target": ".without_first"
                },
                {
                    "source": "array_size.size",
                    "target": "slice_array.stop"
                },
                {
                    "source": "value.output",
                    "target": "slice_array.start"
                },
                {
                    "source": ".array",
                    "target": "slice_array.array"
                },
                {
                    "source": ".array",
                    "target": "array_size.array"
                }
            ],
            "values": [
                {
                    "valueName": "slice_array.start",
                    "valueType": "long",
                    "value": "1"
                },
                {
                    "valueName": "slice_array.stride",
                    "valueType": "long",
                    "value": "1"
                },
                {
                    "valueName": "value.value",
                    "valueType": "long",
                    "value": "1"
                }
            ],
            "reservedNodeNames": [
                {
                    "name": "input"
                },
                {
                    "name": "output"
                }
            ]
        }
    ]
}