{
    "header": {
        "metadata": [
            {
                "metaName": "adskFileFormatVersion",
                "metaValue": "100L"
            }
        ]
    },
    "namespaces": [],
    "types": [],
    "compounds": [
        {
            "name": "BPM::g2m_bifrost_pack_0::math::g2m_circle",
            "uriImported": "file:///g2m_circle.json",
            "metadata": [
                {
                    "metaName": "icon",
                    "metaType": "string",
                    "metaValue": "icons/g2m_default.png"
                },
                {
                    "metaName": "io_nodes",
                    "metadata": [
                        {
                            "metaName": "io_inodes",
                            "metadata": [
                                {
                                    "metaName": "input",
                                    "metadata": [
                                        {
                                            "metaName": "DisplayMode",
                                            "metaType": "string",
                                            "metaValue": "2"
                                        },
                                        {
                                            "metaName": "io_ports",
                                            "metadata": [
                                                {
                                                    "metaName": "angle"
                                                },
                                                {
                                                    "metaName": "radius"
                                                }
                                            ]
                                        },
                                        {
                                            "metaName": "LayoutPos",
                                            "metaType": "string",
                                            "metaValue": "-411.233 377.667"
                                        }
                                    ]
                                }
                            ]
                        },
                        {
                            "metaName": "io_onodes",
                            "metadata": [
                                {
                                    "metaName": "output",
                                    "metadata": [
                                        {
                                            "metaName": "DisplayMode",
                                            "metaType": "string",
                                            "metaValue": "2"
                                        },
                                        {
                                            "metaName": "io_ports",
                                            "metadata": [
                                                {
                                                    "metaName": "position"
                                                },
                                                {
                                                    "metaName": "clockwise"
                                                }
                                            ]
                                        },
                                        {
                                            "metaName": "LayoutPos",
                                            "metaType": "string",
                                            "metaValue": "1510.18 293.736"
                                        }
                                    ]
                                }
                            ]
                        }
                    ]
                },
                {
                    "metaName": "backdrop5",
                    "metadata": [
                        {
                            "metaName": "type",
                            "metaType": "string",
                            "metaValue": "backdrop"
                        },
                        {
                            "metaName": "text",
                            "metaType": "string",
                            "metaValue": "\u8a08\u7b97 X,Y \u7684\u4f4d\u7f6e\uff1a\nx = cos(\u03b8) * r\ny = sin(\u03b8) * r\n\n\u53c3\u8003\uff1ahttps://medium.com/nightingale/maths-for-drawing-circles-e41444781073"
                        },
                        {
                            "metaName": "coords",
                            "metaType": "string",
                            "metaValue": "780.369 -69.9381 549.13 617.216"
                        }
                    ]
                },
                {
                    "metaName": "_recentNode_",
                    "metaType": "string",
                    "metaValue": "BifrostGraph,Core::Conversion,scalar_to_vector3"
                },
                {
                    "metaName": "_recentNode_",
                    "metaType": "string",
                    "metaValue": "BifrostGraph,Core::Math,negate"
                },
                {
                    "metaName": "_recentNode_",
                    "metaType": "string",
                    "metaValue": "BifrostGraph,G2M::strand,g2m_strand_circle"
                },
                {
                    "metaName": "_recentNode_",
                    "metaType": "string",
                    "metaValue": "BifrostGraph,Geometry::Strands,construct_strands"
                },
                {
                    "metaName": "_recentNode_",
                    "metaType": "string",
                    "metaValue": "BifrostGraph,Core::Array,sequence_array"
                },
                {
                    "metaName": "ViewportRect",
                    "metaType": "string",
                    "metaValue": "-536.002 -155.9 1506.63 1004.42"
                },
                {
                    "metaName": "DisplayMode",
                    "metaType": "string",
                    "metaValue": "2"
                },
                {
                    "metaName": "LayoutPos",
                    "metaType": "string",
                    "metaValue": "-130.141 20.1835"
                }
            ],
            "ports": [
                {
                    "portName": "angle",
                    "portDirection": "input",
                    "portType": "float"
                },
                {
                    "portName": "radius",
                    "portDirection": "input",
                    "portType": "float",
                    "portDefault": "1f"
                },
                {
                    "portName": "position",
                    "portDirection": "output",
                    "portType": "Math::float3"
                },
                {
                    "portName": "clockwise",
                    "portDirection": "output",
                    "portType": "Math::float3"
                }
            ],
            "compoundNodes": [
                {
                    "nodeName": "cos",
                    "nodeType": "Core::Math::cos",
                    "metadata": [
                        {
                            "metaName": "DisplayMode",
                            "metaType": "string",
                            "metaValue": "2"
                        },
                        {
                            "metaName": "LayoutPos",
                            "metaType": "string",
                            "metaValue": "371.967 181.998"
                        }
                    ]
                },
                {
                    "nodeName": "multiply",
                    "nodeType": "Core::Math::multiply",
                    "multiInPortNames": [
                        "output1",
                        "cosine"
                    ],
                    "metadata": [
                        {
                            "metaName": "DisplayMode",
                            "metaType": "string",
                            "metaValue": "2"
                        },
                        {
                            "metaName": "LayoutPos",
                            "metaType": "string",
                            "metaValue": "653.337 203.592"
                        }
                    ]
                },
                {
                    "nodeName": "multiply1",
                    "nodeType": "Core::Math::multiply",
                    "multiInPortNames": [
                        "output1",
                        "sine"
                    ],
                    "metadata": [
                        {
                            "metaName": "DisplayMode",
                            "metaType": "string",
                            "metaValue": "2"
                        },
                        {
                            "metaName": "LayoutPos",
                            "metaType": "string",
                            "metaValue": "643.557 425.904"
                        }
                    ]
                },
                {
                    "nodeName": "sin",
                    "nodeType": "Core::Math::sin",
                    "metadata": [
                        {
                            "metaName": "DisplayMode",
                            "metaType": "string",
                            "metaValue": "2"
                        },
                        {
                            "metaName": "LayoutPos",
                            "metaType": "string",
                            "metaValue": "379.585 504.458"
                        }
                    ]
                },
                {
                    "nodeName": "radius",
                    "nodeType": "Core::Graph::pass",
                    "metadata": [
                        {
                            "metaName": "DisplayMode",
                            "metaType": "string",
                            "metaValue": "2"
                        },
                        {
                            "metaName": "LayoutPos",
                            "metaType": "string",
                            "metaValue": "-62.2834 453.153"
                        }
                    ]
                },
                {
                    "nodeName": "scalar_to_vector3",
                    "nodeType": "Core::Conversion::scalar_to_vector3",
                    "metadata": [
                        {
                            "metaName": "DisplayMode",
                            "metaType": "string",
                            "metaValue": "2"
                        },
                        {
                            "metaName": "LayoutPos",
                            "metaType": "string",
                            "metaValue": "1223.28 105.963"
                        }
                    ]
                },
                {
                    "nodeName": "degrees_to_radians1",
                    "nodeType": "Core::Conversion::degrees_to_radians",
                    "metadata": [
                        {
                            "metaName": "DisplayMode",
                            "metaType": "string",
                            "metaValue": "2"
                        },
                        {
                            "metaName": "LayoutPos",
                            "metaType": "string",
                            "metaValue": "-62.8194 253.995"
                        }
                    ]
                },
                {
                    "nodeName": "negate",
                    "nodeType": "Core::Math::negate",
                    "metadata": [
                        {
                            "metaName": "DisplayMode",
                            "metaType": "string",
                            "metaValue": "0"
                        },
                        {
                            "metaName": "LayoutPos",
                            "metaType": "string",
                            "metaValue": "977.444 242.712"
                        }
                    ]
                },
                {
                    "nodeName": "scalar_to_vector5",
                    "nodeType": "Core::Conversion::scalar_to_vector3",
                    "metadata": [
                        {
                            "metaName": "DisplayMode",
                            "metaType": "string",
                            "metaValue": "2"
                        },
                        {
                            "metaName": "LayoutPos",
                            "metaType": "string",
                            "metaValue": "1218.93 433.707"
                        }
                    ]
                }
            ],
            "connections": [
                {
                    "source": "sin.sine",
                    "target": "multiply1.first.sine"
                },
                {
                    "source": ".radius",
                    "target": "radius.input"
                },
                {
                    "source": "cos.cosine",
                    "target": "multiply.first.output1"
                },
                {
                    "source": "radius.output",
                    "target": "multiply.first.cosine"
                },
                {
                    "source": "radius.output",
                    "target": "multiply1.first.output1"
                },
                {
                    "source": "multiply.output",
                    "target": "scalar_to_vector3.x"
                },
                {
                    "source": ".angle",
                    "target": "degrees_to_radians1.degrees"
                },
                {
                    "source": "degrees_to_radians1.radians",
                    "target": "cos.value"
                },
                {
                    "source": "degrees_to_radians1.radians",
                    "target": "sin.value"
                },
                {
                    "source": "scalar_to_vector3.vector3",
                    "target": ".position"
                },
                {
                    "source": "multiply1.output",
                    "target": "negate.value"
                },
                {
                    "source": "negate.negated",
                    "target": "scalar_to_vector3.z"
                },
                {
                    "source": "multiply.output",
                    "target": "scalar_to_vector5.x"
                },
                {
                    "source": "multiply1.output",
                    "target": "scalar_to_vector5.z"
                },
                {
                    "source": "scalar_to_vector5.vector3",
                    "target": ".clockwise"
                }
            ],
            "values": [],
            "reservedNodeNames": [
                {
                    "name": "input"
                },
                {
                    "name": "output"
                }
            ]
        }
    ]
}