{
    "header": {
        "metadata": [
            {
                "metaName": "adskFileFormatVersion",
                "metaValue": "100L"
            }
        ]
    },
    "namespaces": [],
    "types": [],
    "compounds": [
        {
            "name": "BPM::g2m_bifrost_pack_0::math::g2m_tan_signal",
            "uriImported": "stream:/bifrostGraphShape1",
            "metadata": [
                {
                    "metaName": "io_nodes",
                    "metadata": [
                        {
                            "metaName": "io_inodes",
                            "metadata": [
                                {
                                    "metaName": "input",
                                    "metadata": [
                                        {
                                            "metaName": "DisplayMode",
                                            "metaType": "string",
                                            "metaValue": "2"
                                        },
                                        {
                                            "metaName": "LayoutPos",
                                            "metaType": "string",
                                            "metaValue": "-347.346 -60.5"
                                        },
                                        {
                                            "metaName": "io_ports",
                                            "metadata": [
                                                {
                                                    "metaName": "in"
                                                },
                                                {
                                                    "metaName": "frequency"
                                                },
                                                {
                                                    "metaName": "amplitude"
                                                },
                                                {
                                                    "metaName": "offset"
                                                },
                                                {
                                                    "metaName": "clamp"
                                                }
                                            ]
                                        }
                                    ]
                                }
                            ]
                        },
                        {
                            "metaName": "io_onodes",
                            "metadata": [
                                {
                                    "metaName": "output",
                                    "metadata": [
                                        {
                                            "metaName": "DisplayMode",
                                            "metaType": "string",
                                            "metaValue": "2"
                                        },
                                        {
                                            "metaName": "LayoutPos",
                                            "metaType": "string",
                                            "metaValue": "2248.64 -218.29"
                                        },
                                        {
                                            "metaName": "io_ports",
                                            "metadata": [
                                                {
                                                    "metaName": "value"
                                                }
                                            ]
                                        }
                                    ]
                                }
                            ]
                        }
                    ]
                },
                {
                    "metaName": "_recentNode_",
                    "metaType": "string",
                    "metaValue": "BifrostGraph,Core::Math,negate"
                },
                {
                    "metaName": "_recentNode_",
                    "metaType": "string",
                    "metaValue": "BifrostGraph,Core::Graph,pass"
                },
                {
                    "metaName": "_recentNode_",
                    "metaType": "string",
                    "metaValue": "BifrostGraph,Core::Math,clamp"
                },
                {
                    "metaName": "_recentNode_",
                    "metaType": "string",
                    "metaValue": "BifrostGraph,Core::Math,tan"
                },
                {
                    "metaName": "_recentNode_",
                    "metaType": "string",
                    "metaValue": "BifrostGraph,Core::Conversion,degrees_to_radians"
                },
                {
                    "metaName": "ViewportRect",
                    "metaType": "string",
                    "metaValue": "1084 -424 1124 887"
                },
                {
                    "metaName": "DisplayMode",
                    "metaType": "string",
                    "metaValue": "2"
                },
                {
                    "metaName": "LayoutPos",
                    "metaType": "string",
                    "metaValue": "675.358 -50.5658"
                }
            ],
            "ports": [
                {
                    "portName": "in",
                    "portDirection": "input",
                    "portType": "float",
                    "portDefault": "0f"
                },
                {
                    "portName": "frequency",
                    "portDirection": "input",
                    "portType": "float",
                    "portDefault": "90f"
                },
                {
                    "portName": "amplitude",
                    "portDirection": "input",
                    "portType": "float",
                    "portDefault": "1f"
                },
                {
                    "portName": "offset",
                    "portDirection": "input",
                    "portType": "float",
                    "portDefault": "0f"
                },
                {
                    "portName": "value",
                    "portDirection": "output"
                },
                {
                    "portName": "clamp",
                    "portDirection": "input",
                    "portType": "float",
                    "portDefault": "10f"
                }
            ],
            "compoundNodes": [
                {
                    "nodeName": "add",
                    "nodeType": "Core::Math::add",
                    "multiInPortNames": [
                        "output1",
                        "output2"
                    ],
                    "metadata": [
                        {
                            "metaName": "DisplayMode",
                            "metaType": "string",
                            "metaValue": "2"
                        },
                        {
                            "metaName": "LayoutPos",
                            "metaType": "string",
                            "metaValue": "669.4 -230.149"
                        }
                    ]
                },
                {
                    "nodeName": "amplitude",
                    "nodeType": "Core::Graph::pass",
                    "metadata": [
                        {
                            "metaName": "DisplayMode",
                            "metaType": "string",
                            "metaValue": "2"
                        },
                        {
                            "metaName": "LayoutPos",
                            "metaType": "string",
                            "metaValue": "163.264 154.822"
                        }
                    ]
                },
                {
                    "nodeName": "frequency",
                    "nodeType": "Core::Graph::pass",
                    "metadata": [
                        {
                            "metaName": "DisplayMode",
                            "metaType": "string",
                            "metaValue": "2"
                        },
                        {
                            "metaName": "LayoutPos",
                            "metaType": "string",
                            "metaValue": "159.695 -208.612"
                        }
                    ]
                },
                {
                    "nodeName": "multiply",
                    "nodeType": "Core::Math::multiply",
                    "multiInPortNames": [
                        "half_value",
                        "output1"
                    ],
                    "metadata": [
                        {
                            "metaName": "DisplayMode",
                            "metaType": "string",
                            "metaValue": "2"
                        },
                        {
                            "metaName": "LayoutPos",
                            "metaType": "string",
                            "metaValue": "415.265 -339.268"
                        }
                    ]
                },
                {
                    "nodeName": "multiply1",
                    "nodeType": "Core::Math::multiply",
                    "multiInPortNames": [
                        "cosine",
                        "output1"
                    ],
                    "metadata": [
                        {
                            "metaName": "DisplayMode",
                            "metaType": "string",
                            "metaValue": "2"
                        },
                        {
                            "metaName": "LayoutPos",
                            "metaType": "string",
                            "metaValue": "1629.18 -222.586"
                        }
                    ]
                },
                {
                    "nodeName": "offset",
                    "nodeType": "Core::Graph::pass",
                    "metadata": [
                        {
                            "metaName": "DisplayMode",
                            "metaType": "string",
                            "metaValue": "2"
                        },
                        {
                            "metaName": "LayoutPos",
                            "metaType": "string",
                            "metaValue": "156.825 -29.1385"
                        }
                    ]
                },
                {
                    "nodeName": "degree",
                    "nodeType": "Core::Graph::pass",
                    "metadata": [
                        {
                            "metaName": "DisplayMode",
                            "metaType": "string",
                            "metaValue": "2"
                        },
                        {
                            "metaName": "LayoutPos",
                            "metaType": "string",
                            "metaValue": "165.439 -385.213"
                        }
                    ]
                },
                {
                    "nodeName": "degrees_to_radians",
                    "nodeType": "Core::Conversion::degrees_to_radians",
                    "metadata": [
                        {
                            "metaName": "DisplayMode",
                            "metaType": "string",
                            "metaValue": "2"
                        },
                        {
                            "metaName": "LayoutPos",
                            "metaType": "string",
                            "metaValue": "1000.5 -244"
                        }
                    ]
                },
                {
                    "nodeName": "tan",
                    "nodeType": "Core::Math::tan",
                    "metadata": [
                        {
                            "metaName": "DisplayMode",
                            "metaType": "string",
                            "metaValue": "2"
                        },
                        {
                            "metaName": "LayoutPos",
                            "metaType": "string",
                            "metaValue": "1301.5 -270"
                        }
                    ]
                },
                {
                    "nodeName": "clamp",
                    "nodeType": "Core::Math::clamp",
                    "metadata": [
                        {
                            "metaName": "DisplayMode",
                            "metaType": "string",
                            "metaValue": "2"
                        },
                        {
                            "metaName": "LayoutPos",
                            "metaType": "string",
                            "metaValue": "1935.5 -18"
                        }
                    ]
                },
                {
                    "nodeName": "clamp1",
                    "nodeType": "Core::Graph::pass",
                    "metadata": [
                        {
                            "metaName": "DisplayMode",
                            "metaType": "string",
                            "metaValue": "2"
                        },
                        {
                            "metaName": "LayoutPos",
                            "metaType": "string",
                            "metaValue": "166.947 351.453"
                        }
                    ]
                },
                {
                    "nodeName": "negate",
                    "nodeType": "Core::Math::negate",
                    "metadata": [
                        {
                            "metaName": "DisplayMode",
                            "metaType": "string",
                            "metaValue": "2"
                        },
                        {
                            "metaName": "LayoutPos",
                            "metaType": "string",
                            "metaValue": "1623.5 14"
                        }
                    ]
                }
            ],
            "connections": [
                {
                    "source": "add.output",
                    "target": "degrees_to_radians.degrees"
                },
                {
                    "source": "amplitude.output",
                    "target": "multiply1.first.output1"
                },
                {
                    "source": "frequency.output",
                    "target": "multiply.first.output1"
                },
                {
                    "source": "multiply.output",
                    "target": "add.first.output1"
                },
                {
                    "source": "offset.output",
                    "target": "add.first.output2"
                },
                {
                    "source": "degree.output",
                    "target": "multiply.first.half_value"
                },
                {
                    "source": ".in",
                    "target": "degree.input"
                },
                {
                    "source": ".frequency",
                    "target": "frequency.input"
                },
                {
                    "source": ".offset",
                    "target": "offset.input"
                },
                {
                    "source": ".amplitude",
                    "target": "amplitude.input"
                },
                {
                    "source": "tan.tangent",
                    "target": "multiply1.first.cosine"
                },
                {
                    "source": "degrees_to_radians.radians",
                    "target": "tan.value"
                },
                {
                    "source": "multiply1.output",
                    "target": "clamp.value"
                },
                {
                    "source": "clamp.clamped",
                    "target": ".value"
                },
                {
                    "source": "clamp1.output",
                    "target": "clamp.max"
                },
                {
                    "source": ".clamp",
                    "target": "clamp1.input"
                },
                {
                    "source": "clamp1.output",
                    "target": "negate.value"
                },
                {
                    "source": "negate.negated",
                    "target": "clamp.min"
                }
            ],
            "values": [],
            "reservedNodeNames": [
                {
                    "name": "input"
                },
                {
                    "name": "output"
                }
            ]
        }
    ]
}