{
    "header": {
        "metadata": [
            {
                "metaName": "adskFileFormatVersion",
                "metaValue": "100L"
            }
        ]
    },
    "namespaces": [],
    "types": [],
    "compounds": [
        {
            "name": "BPM::g2m_bifrost_pack_0::math::g2m_divide_range",
            "uriImported": "file:///g2m_divide_range.json",
            "metadata": [
                {
                    "metaName": "io_nodes",
                    "metadata": [
                        {
                            "metaName": "io_inodes",
                            "metadata": [
                                {
                                    "metaName": "input",
                                    "metadata": [
                                        {
                                            "metaName": "DisplayMode",
                                            "metaType": "string",
                                            "metaValue": "2"
                                        },
                                        {
                                            "metaName": "LayoutPos",
                                            "metaType": "string",
                                            "metaValue": "-722.606 -44.2415"
                                        },
                                        {
                                            "metaName": "io_ports",
                                            "metadata": [
                                                {
                                                    "metaName": "segments"
                                                },
                                                {
                                                    "metaName": "from"
                                                },
                                                {
                                                    "metaName": "to"
                                                }
                                            ]
                                        }
                                    ]
                                }
                            ]
                        },
                        {
                            "metaName": "io_onodes",
                            "metadata": [
                                {
                                    "metaName": "output1",
                                    "metadata": [
                                        {
                                            "metaName": "DisplayMode",
                                            "metaType": "string",
                                            "metaValue": "2"
                                        },
                                        {
                                            "metaName": "LayoutPos",
                                            "metaType": "string",
                                            "metaValue": "2111.34 31.4598"
                                        },
                                        {
                                            "metaName": "io_ports",
                                            "metadata": [
                                                {
                                                    "metaName": "align_both"
                                                },
                                                {
                                                    "metaName": "align_start"
                                                },
                                                {
                                                    "metaName": "align_end"
                                                }
                                            ]
                                        }
                                    ]
                                }
                            ]
                        }
                    ]
                },
                {
                    "metaName": "backdrop1",
                    "metadata": [
                        {
                            "metaName": "type",
                            "metaType": "string",
                            "metaValue": "backdrop"
                        },
                        {
                            "metaName": "coords",
                            "metaType": "string",
                            "metaValue": "-875.283 -94.7263 452.559 324.734"
                        },
                        {
                            "metaName": "text",
                            "metaType": "string",
                            "metaValue": "\u628a\u4e00\u500b\u503c\u7bc4\u570d\u5e73\u5206\u6210\u6578\u5217\n\nINPUT:\n\nsegments: 4\nfrom: 0\nto: 90\n\n*0-90 \u5e73\u5206\u62104\u500b\u6578\u3002\n\nOUTPUT:\n\n\u9996\u5c0d\u9f4a align_head\n[0, 22.5, 45, 67.5]\n\n\u5c3e\u5c0d\u9f4a align_end\n[22.5, 45, 67.5, 90]\n\n\u9996\u5c3e\u5c0d\u9f4a align_both\n[0, 30, 60, 90]"
                        }
                    ]
                },
                {
                    "metaName": "_recentNode_",
                    "metaType": "string",
                    "metaValue": "BifrostGraph,Core::Iterators,for_each"
                },
                {
                    "metaName": "_recentNode_",
                    "metaType": "string",
                    "metaValue": "BifrostGraph,Core::Array,build_array"
                },
                {
                    "metaName": "_recentNode_",
                    "metaType": "string",
                    "metaValue": "BifrostGraph,Core::Math,decrement"
                },
                {
                    "metaName": "_recentNode_",
                    "metaType": "string",
                    "metaValue": "output"
                },
                {
                    "metaName": "_recentNode_",
                    "metaType": "string",
                    "metaValue": "BifrostGraph,Core::Logic,if"
                },
                {
                    "metaName": "ViewportRect",
                    "metaType": "string",
                    "metaValue": "-1019 -836 2518 1697"
                },
                {
                    "metaName": "DisplayMode",
                    "metaType": "string",
                    "metaValue": "2"
                },
                {
                    "metaName": "LayoutPos",
                    "metaType": "string",
                    "metaValue": "-67.5 439"
                }
            ],
            "ports": [
                {
                    "portName": "segments",
                    "portDirection": "input",
                    "portType": "uint",
                    "portDefault": "0U"
                },
                {
                    "portName": "from",
                    "portDirection": "input",
                    "portType": "float",
                    "portDefault": "0f"
                },
                {
                    "portName": "to",
                    "portDirection": "input",
                    "portType": "float",
                    "portDefault": "360f"
                },
                {
                    "portName": "align_both",
                    "portDirection": "output"
                },
                {
                    "portName": "align_start",
                    "portDirection": "output"
                },
                {
                    "portName": "align_end",
                    "portDirection": "output"
                }
            ],
            "compounds": [
                {
                    "name": "for_each2",
                    "uriImported": "file:///g2m_divide_range.json",
                    "metadata": [
                        {
                            "metaName": "icon",
                            "metaType": "string",
                            "metaValue": "<NATIVE>../icons/LoopForEach.svg"
                        },
                        {
                            "metaName": "icon",
                            "metaType": "string",
                            "metaValue": "<NATIVE>../icons/LoopForEach.svg"
                        },
                        {
                            "metaName": "icon",
                            "metaType": "string",
                            "metaValue": "<NATIVE>../icons/LoopForEach.svg"
                        },
                        {
                            "metaName": "_recentNode_",
                            "metaType": "string",
                            "metaValue": "BifrostGraph,Core::Type_Conversion,to_float"
                        },
                        {
                            "metaName": "_recentNode_",
                            "metaType": "string",
                            "metaValue": "BifrostGraph,Core::Math,multiply"
                        },
                        {
                            "metaName": "_recentNode_",
                            "metaType": "string",
                            "metaValue": "BifrostGraph,Core::Iterators,for_each"
                        },
                        {
                            "metaName": "_recentNode_",
                            "metaType": "string",
                            "metaValue": "BifrostGraph,Core::Math,divide"
                        },
                        {
                            "metaName": "_recentNode_",
                            "metaType": "string",
                            "metaValue": "BifrostGraph,Core::Math,add"
                        },
                        {
                            "metaName": "io_nodes",
                            "metadata": [
                                {
                                    "metaName": "io_inodes",
                                    "metadata": [
                                        {
                                            "metaName": "input",
                                            "metadata": [
                                                {
                                                    "metaName": "DisplayMode",
                                                    "metaType": "string",
                                                    "metaValue": "2"
                                                },
                                                {
                                                    "metaName": "LayoutPos",
                                                    "metaType": "string",
                                                    "metaValue": "-724 -108"
                                                },
                                                {
                                                    "metaName": "io_ports",
                                                    "metadata": [
                                                        {
                                                            "metaName": "max_iterations"
                                                        },
                                                        {
                                                            "metaName": "current_index"
                                                        },
                                                        {
                                                            "metaName": "each_segment"
                                                        }
                                                    ]
                                                }
                                            ]
                                        }
                                    ]
                                },
                                {
                                    "metaName": "io_onodes",
                                    "metadata": [
                                        {
                                            "metaName": "output",
                                            "metadata": [
                                                {
                                                    "metaName": "DisplayMode",
                                                    "metaType": "string",
                                                    "metaValue": "2"
                                                },
                                                {
                                                    "metaName": "LayoutPos",
                                                    "metaType": "string",
                                                    "metaValue": "195 -134"
                                                },
                                                {
                                                    "metaName": "io_ports",
                                                    "metadata": [
                                                        {
                                                            "metaName": "output"
                                                        }
                                                    ]
                                                }
                                            ]
                                        }
                                    ]
                                }
                            ]
                        },
                        {
                            "metaName": "ViewportRect",
                            "metaType": "string",
                            "metaValue": "-1258 -849 2517 1698"
                        }
                    ],
                    "ports": [
                        {
                            "portName": "max_iterations",
                            "portDirection": "input",
                            "portType": "long",
                            "portIterationLimit": "true"
                        },
                        {
                            "portName": "current_index",
                            "portDirection": "input",
                            "portType": "long",
                            "portIterationCounter": "true"
                        },
                        {
                            "portName": "each_segment",
                            "portDirection": "input"
                        },
                        {
                            "portName": "output",
                            "portDirection": "output",
                            "portIterationTarget": "true"
                        }
                    ],
                    "compoundNodes": [
                        {
                            "nodeName": "multiply",
                            "nodeType": "Core::Math::multiply",
                            "multiInPortNames": [
                                "current_index",
                                "each_segment"
                            ],
                            "metadata": [
                                {
                                    "metaName": "DisplayMode",
                                    "metaType": "string",
                                    "metaValue": "2"
                                },
                                {
                                    "metaName": "LayoutPos",
                                    "metaType": "string",
                                    "metaValue": "-356.5 -109"
                                }
                            ]
                        },
                        {
                            "nodeName": "to_float",
                            "nodeType": "Core::Type_Conversion::to_float",
                            "metadata": [
                                {
                                    "metaName": "DisplayMode",
                                    "metaType": "string",
                                    "metaValue": "2"
                                },
                                {
                                    "metaName": "LayoutPos",
                                    "metaType": "string",
                                    "metaValue": "-83.5 -134"
                                }
                            ]
                        }
                    ],
                    "connections": [
                        {
                            "source": "multiply.output",
                            "target": "to_float.from"
                        },
                        {
                            "source": "to_float.float",
                            "target": ".output"
                        },
                        {
                            "source": ".current_index",
                            "target": "multiply.first.current_index"
                        },
                        {
                            "source": ".each_segment",
                            "target": "multiply.first.each_segment"
                        }
                    ],
                    "values": [],
                    "reservedNodeNames": [
                        {
                            "name": "input"
                        },
                        {
                            "name": "output"
                        }
                    ],
                    "forEachCompound": {
                        "ports": []
                    }
                },
                {
                    "name": "for_each3",
                    "uriImported": "file:///g2m_divide_range.json",
                    "metadata": [
                        {
                            "metaName": "icon",
                            "metaType": "string",
                            "metaValue": "<NATIVE>../icons/LoopForEach.svg"
                        },
                        {
                            "metaName": "icon",
                            "metaType": "string",
                            "metaValue": "<NATIVE>../icons/LoopForEach.svg"
                        },
                        {
                            "metaName": "icon",
                            "metaType": "string",
                            "metaValue": "<NATIVE>../icons/LoopForEach.svg"
                        },
                        {
                            "metaName": "_recentNode_",
                            "metaType": "string",
                            "metaValue": "BifrostGraph,Core::Type_Conversion,to_float"
                        },
                        {
                            "metaName": "_recentNode_",
                            "metaType": "string",
                            "metaValue": "BifrostGraph,Core::Math,multiply"
                        },
                        {
                            "metaName": "_recentNode_",
                            "metaType": "string",
                            "metaValue": "BifrostGraph,Core::Iterators,for_each"
                        },
                        {
                            "metaName": "_recentNode_",
                            "metaType": "string",
                            "metaValue": "BifrostGraph,Core::Math,divide"
                        },
                        {
                            "metaName": "_recentNode_",
                            "metaType": "string",
                            "metaValue": "BifrostGraph,Core::Math,add"
                        },
                        {
                            "metaName": "ViewportRect",
                            "metaType": "string",
                            "metaValue": "-1258 -849 2517 1698"
                        },
                        {
                            "metaName": "io_nodes",
                            "metadata": [
                                {
                                    "metaName": "io_inodes",
                                    "metadata": [
                                        {
                                            "metaName": "input",
                                            "metadata": [
                                                {
                                                    "metaName": "DisplayMode",
                                                    "metaType": "string",
                                                    "metaValue": "2"
                                                },
                                                {
                                                    "metaName": "LayoutPos",
                                                    "metaType": "string",
                                                    "metaValue": "-724 -108"
                                                },
                                                {
                                                    "metaName": "io_ports",
                                                    "metadata": [
                                                        {
                                                            "metaName": "max_iterations"
                                                        },
                                                        {
                                                            "metaName": "current_index"
                                                        },
                                                        {
                                                            "metaName": "each_segment"
                                                        }
                                                    ]
                                                }
                                            ]
                                        }
                                    ]
                                },
                                {
                                    "metaName": "io_onodes",
                                    "metadata": [
                                        {
                                            "metaName": "output",
                                            "metadata": [
                                                {
                                                    "metaName": "DisplayMode",
                                                    "metaType": "string",
                                                    "metaValue": "2"
                                                },
                                                {
                                                    "metaName": "LayoutPos",
                                                    "metaType": "string",
                                                    "metaValue": "195 -134"
                                                },
                                                {
                                                    "metaName": "io_ports",
                                                    "metadata": [
                                                        {
                                                            "metaName": "output"
                                                        }
                                                    ]
                                                }
                                            ]
                                        }
                                    ]
                                }
                            ]
                        }
                    ],
                    "ports": [
                        {
                            "portName": "max_iterations",
                            "portDirection": "input",
                            "portType": "long",
                            "portIterationLimit": "true"
                        },
                        {
                            "portName": "current_index",
                            "portDirection": "input",
                            "portType": "long",
                            "portIterationCounter": "true"
                        },
                        {
                            "portName": "each_segment",
                            "portDirection": "input"
                        },
                        {
                            "portName": "output",
                            "portDirection": "output",
                            "portIterationTarget": "true"
                        }
                    ],
                    "compoundNodes": [
                        {
                            "nodeName": "multiply",
                            "nodeType": "Core::Math::multiply",
                            "multiInPortNames": [
                                "current_index",
                                "each_segment"
                            ],
                            "metadata": [
                                {
                                    "metaName": "DisplayMode",
                                    "metaType": "string",
                                    "metaValue": "2"
                                },
                                {
                                    "metaName": "LayoutPos",
                                    "metaType": "string",
                                    "metaValue": "-356.5 -109"
                                }
                            ]
                        },
                        {
                            "nodeName": "to_float",
                            "nodeType": "Core::Type_Conversion::to_float",
                            "metadata": [
                                {
                                    "metaName": "DisplayMode",
                                    "metaType": "string",
                                    "metaValue": "2"
                                },
                                {
                                    "metaName": "LayoutPos",
                                    "metaType": "string",
                                    "metaValue": "-83.5 -134"
                                }
                            ]
                        }
                    ],
                    "connections": [
                        {
                            "source": "multiply.output",
                            "target": "to_float.from"
                        },
                        {
                            "source": "to_float.float",
                            "target": ".output"
                        },
                        {
                            "source": ".current_index",
                            "target": "multiply.first.current_index"
                        },
                        {
                            "source": ".each_segment",
                            "target": "multiply.first.each_segment"
                        }
                    ],
                    "values": [],
                    "reservedNodeNames": [
                        {
                            "name": "input"
                        },
                        {
                            "name": "output"
                        }
                    ],
                    "forEachCompound": {
                        "ports": []
                    }
                }
            ],
            "compoundNodes": [
                {
                    "nodeName": "actual_range1",
                    "nodeType": "Core::Math::subtract",
                    "multiInPortNames": [
                        "to",
                        "from"
                    ],
                    "metadata": [
                        {
                            "metaName": "DisplayMode",
                            "metaType": "string",
                            "metaValue": "2"
                        },
                        {
                            "metaName": "LayoutPos",
                            "metaType": "string",
                            "metaValue": "-354.858 128.339"
                        }
                    ]
                },
                {
                    "nodeName": "each_segment1",
                    "nodeType": "Core::Math::divide",
                    "multiInPortNames": [
                        "output1",
                        "segments"
                    ],
                    "metadata": [
                        {
                            "metaName": "DisplayMode",
                            "metaType": "string",
                            "metaValue": "2"
                        },
                        {
                            "metaName": "LayoutPos",
                            "metaType": "string",
                            "metaValue": "421.745 -520.563"
                        }
                    ]
                },
                {
                    "nodeName": "decrement2",
                    "nodeType": "Core::Math::decrement",
                    "metadata": [
                        {
                            "metaName": "DisplayMode",
                            "metaType": "string",
                            "metaValue": "0"
                        },
                        {
                            "metaName": "LayoutPos",
                            "metaType": "string",
                            "metaValue": "186.624 -452.222"
                        }
                    ]
                },
                {
                    "nodeName": "for_each2",
                    "nodeType": "for_each2",
                    "metadata": [
                        {
                            "metaName": "DisplayMode",
                            "metaType": "string",
                            "metaValue": "2"
                        },
                        {
                            "metaName": "LayoutPos",
                            "metaType": "string",
                            "metaValue": "797.972 -350.575"
                        }
                    ]
                },
                {
                    "nodeName": "decrement3",
                    "nodeType": "Core::Math::decrement",
                    "metadata": [
                        {
                            "metaName": "LayoutPos",
                            "metaType": "string",
                            "metaValue": "424.745 -283.563"
                        },
                        {
                            "metaName": "DisplayMode",
                            "metaType": "string",
                            "metaValue": "2"
                        }
                    ]
                },
                {
                    "nodeName": "value6",
                    "valueType": "long",
                    "metadata": [
                        {
                            "metaName": "DisplayMode",
                            "metaType": "string",
                            "metaValue": "2"
                        },
                        {
                            "metaName": "LayoutPos",
                            "metaType": "string",
                            "metaValue": "425.821 -51.325"
                        },
                        {
                            "metaName": "valuenode_defaultvalue",
                            "metaType": "string",
                            "metaValue": "1"
                        }
                    ]
                },
                {
                    "nodeName": "add1",
                    "nodeType": "Core::Math::add",
                    "multiInPortNames": [
                        "output1",
                        "from"
                    ],
                    "metadata": [
                        {
                            "metaName": "DisplayMode",
                            "metaType": "string",
                            "metaValue": "2"
                        },
                        {
                            "metaName": "LayoutPos",
                            "metaType": "string",
                            "metaValue": "1100.14 -374.185"
                        }
                    ]
                },
                {
                    "nodeName": "add_head_and_end1",
                    "nodeType": "Core::Array::build_array",
                    "multiInPortNames": [
                        "from",
                        "output",
                        "to"
                    ],
                    "metadata": [
                        {
                            "metaName": "DisplayMode",
                            "metaType": "string",
                            "metaValue": "2"
                        },
                        {
                            "metaName": "LayoutPos",
                            "metaType": "string",
                            "metaValue": "1421.41 -379.465"
                        }
                    ]
                },
                {
                    "nodeName": "each_segment2",
                    "nodeType": "Core::Math::divide",
                    "multiInPortNames": [
                        "output1",
                        "segments"
                    ],
                    "metadata": [
                        {
                            "metaName": "DisplayMode",
                            "metaType": "string",
                            "metaValue": "2"
                        },
                        {
                            "metaName": "LayoutPos",
                            "metaType": "string",
                            "metaValue": "425.527 311.402"
                        }
                    ]
                },
                {
                    "nodeName": "for_each3",
                    "nodeType": "for_each3",
                    "metadata": [
                        {
                            "metaName": "DisplayMode",
                            "metaType": "string",
                            "metaValue": "2"
                        },
                        {
                            "metaName": "LayoutPos",
                            "metaType": "string",
                            "metaValue": "808.961 232.403"
                        }
                    ]
                },
                {
                    "nodeName": "add2",
                    "nodeType": "Core::Math::add",
                    "multiInPortNames": [
                        "output1",
                        "from"
                    ],
                    "metadata": [
                        {
                            "metaName": "DisplayMode",
                            "metaType": "string",
                            "metaValue": "2"
                        },
                        {
                            "metaName": "LayoutPos",
                            "metaType": "string",
                            "metaValue": "1132.36 209.145"
                        }
                    ]
                },
                {
                    "nodeName": "decrement4",
                    "nodeType": "Core::Math::decrement",
                    "metadata": [
                        {
                            "metaName": "DisplayMode",
                            "metaType": "string",
                            "metaValue": "0"
                        },
                        {
                            "metaName": "LayoutPos",
                            "metaType": "string",
                            "metaValue": "423.856 536.078"
                        }
                    ]
                },
                {
                    "nodeName": "build_array",
                    "nodeType": "Core::Array::build_array",
                    "multiInPortNames": [
                        "output",
                        "to"
                    ],
                    "metadata": [
                        {
                            "metaName": "DisplayMode",
                            "metaType": "string",
                            "metaValue": "2"
                        },
                        {
                            "metaName": "LayoutPos",
                            "metaType": "string",
                            "metaValue": "1393.4 301.945"
                        }
                    ]
                },
                {
                    "nodeName": "build_array1",
                    "nodeType": "Core::Array::build_array",
                    "multiInPortNames": [
                        "from",
                        "output"
                    ],
                    "metadata": [
                        {
                            "metaName": "DisplayMode",
                            "metaType": "string",
                            "metaValue": "2"
                        },
                        {
                            "metaName": "LayoutPos",
                            "metaType": "string",
                            "metaValue": "1389.04 52.3149"
                        }
                    ]
                },
                {
                    "nodeName": "value",
                    "valueType": "char",
                    "metadata": [
                        {
                            "metaName": "DisplayMode",
                            "metaType": "string",
                            "metaValue": "0"
                        },
                        {
                            "metaName": "LayoutPos",
                            "metaType": "string",
                            "metaValue": "191.601 -215.323"
                        },
                        {
                            "metaName": "valuenode_defaultvalue",
                            "metaType": "string",
                            "metaValue": "2"
                        }
                    ]
                }
            ],
            "connections": [
                {
                    "source": "actual_range1.output",
                    "target": "each_segment1.first.output1"
                },
                {
                    "source": ".to",
                    "target": "actual_range1.first.to"
                },
                {
                    "source": ".from",
                    "target": "actual_range1.first.from"
                },
                {
                    "source": "decrement2.output",
                    "target": "each_segment1.first.segments"
                },
                {
                    "source": "decrement3.output",
                    "target": "for_each2.max_iterations"
                },
                {
                    "source": "each_segment1.output",
                    "target": "for_each2.each_segment"
                },
                {
                    "source": "value6.output",
                    "target": "for_each2.current_index"
                },
                {
                    "source": "add1.output",
                    "target": "add_head_and_end1.first.output"
                },
                {
                    "source": ".from",
                    "target": "add1.first.from"
                },
                {
                    "source": ".from",
                    "target": "add_head_and_end1.first.from"
                },
                {
                    "source": ".to",
                    "target": "add_head_and_end1.first.to"
                },
                {
                    "source": "for_each2.output",
                    "target": "add1.first.output1"
                },
                {
                    "source": "add_head_and_end1.array",
                    "target": ".align_both"
                },
                {
                    "source": "each_segment2.output",
                    "target": "for_each3.each_segment"
                },
                {
                    "source": "for_each3.output",
                    "target": "add2.first.output1"
                },
                {
                    "source": ".from",
                    "target": "add2.first.from"
                },
                {
                    "source": "value6.output",
                    "target": "for_each3.current_index"
                },
                {
                    "source": "decrement4.output",
                    "target": "for_each3.max_iterations"
                },
                {
                    "source": "add2.output",
                    "target": "build_array.first.output"
                },
                {
                    "source": ".to",
                    "target": "build_array.first.to"
                },
                {
                    "source": "build_array.array",
                    "target": ".align_end"
                },
                {
                    "source": ".from",
                    "target": "build_array1.first.from"
                },
                {
                    "source": "add2.output",
                    "target": "build_array1.first.output"
                },
                {
                    "source": "build_array1.array",
                    "target": ".align_start"
                },
                {
                    "source": "actual_range1.output",
                    "target": "each_segment2.first.output1"
                },
                {
                    "source": "value.output",
                    "target": "decrement3.by"
                },
                {
                    "source": ".segments",
                    "target": "decrement2.value"
                },
                {
                    "source": ".segments",
                    "target": "each_segment2.first.segments"
                },
                {
                    "source": ".segments",
                    "target": "decrement4.value"
                },
                {
                    "source": ".segments",
                    "target": "decrement3.value"
                }
            ],
            "values": [
                {
                    "valueName": "decrement2.by",
                    "valueType": "char",
                    "value": "1"
                },
                {
                    "valueName": "for_each2.max_iterations",
                    "valueType": "long",
                    "value": "10"
                },
                {
                    "valueName": "value6.value",
                    "valueType": "long",
                    "value": "1"
                },
                {
                    "valueName": "for_each3.max_iterations",
                    "valueType": "long",
                    "value": "10"
                },
                {
                    "valueName": "value.value",
                    "valueType": "char",
                    "value": "2"
                }
            ],
            "reservedNodeNames": [
                {
                    "name": "input"
                },
                {
                    "name": "output1"
                }
            ]
        }
    ]
}