{
    "header": {
        "metadata": [
            {
                "metaName": "adskFileFormatVersion",
                "metaValue": "100L"
            }
        ]
    },
    "namespaces": [],
    "types": [],
    "compounds": [
        {
            "name": "BPM::jiggle_solver_0::punch",
            "uriImported": "stream:/bifrostGraphShape1",
            "metadata": [
                {
                    "metaName": "io_nodes",
                    "metadata": [
                        {
                            "metaName": "io_inodes",
                            "metadata": [
                                {
                                    "metaName": "CC_Base_BodyShape",
                                    "metadata": [
                                        {
                                            "metaName": "DisplayMode",
                                            "metaType": "string",
                                            "metaValue": "2"
                                        },
                                        {
                                            "metaName": "LayoutPos",
                                            "metaType": "string",
                                            "metaValue": "-376.386 -666.9"
                                        },
                                        {
                                            "metaName": "io_ports",
                                            "metadata": [
                                                {
                                                    "metaName": "arm"
                                                }
                                            ]
                                        }
                                    ]
                                },
                                {
                                    "metaName": "Input_by_Path",
                                    "metadata": [
                                        {
                                            "metaName": "DisplayMode",
                                            "metaType": "string",
                                            "metaValue": "2"
                                        },
                                        {
                                            "metaName": "LayoutPos",
                                            "metaType": "string",
                                            "metaValue": "-406.721 -317.363"
                                        },
                                        {
                                            "metaName": "io_ports",
                                            "metadata": [
                                                {
                                                    "metaName": "mesh"
                                                }
                                            ]
                                        }
                                    ]
                                }
                            ]
                        },
                        {
                            "metaName": "io_onodes"
                        }
                    ]
                },
                {
                    "metaName": "_recentNode_",
                    "metaType": "string",
                    "metaValue": "BifrostGraph,Rendering::Materials,standard_surface_mat"
                },
                {
                    "metaName": "_recentNode_",
                    "metaType": "string",
                    "metaValue": "BifrostGraph,Rendering::Materials,assign_material"
                },
                {
                    "metaName": "_recentNode_",
                    "metaType": "string",
                    "metaValue": "BifrostGraph,BPM::jiggle_solver_0,make_jiggle_constraint"
                },
                {
                    "metaName": "_recentNode_",
                    "metaType": "string",
                    "metaValue": "BifrostGraph,BPM::jiggle_solver_0,mesh_to_jiggle_points"
                },
                {
                    "metaName": "_recentNode_",
                    "metaType": "string",
                    "metaValue": "BifrostGraph,Modeling::Primitive,create_mesh_cube"
                },
                {
                    "metaName": "ViewportRect",
                    "metaType": "string",
                    "metaValue": "-851.603 -1894.02 2564.06 3143.73"
                },
                {
                    "metaName": "compoundIsGraph",
                    "metaValue": "true"
                },
                {
                    "metaName": "author",
                    "metaType": "string",
                    "metaValue": "HeydoubleU"
                },
                {
                    "metaName": "category",
                    "metaType": "string",
                    "metaValue": "BPM/jiggle-solver_0/jiggle-solver_0/jiggle_solver_0"
                },
                {
                    "metaName": "example_scene",
                    "metaType": "string",
                    "metaValue": "punch_example.ma"
                },
                {
                    "metaName": "thumbnail",
                    "metaType": "string",
                    "metaValue": "punch_thumb.png"
                }
            ],
            "terminalStates": [
                {
                    "name": "Core::Graph::terminal::final",
                    "enabled": "true"
                },
                {
                    "name": "Core::Graph::terminal::proxy",
                    "enabled": "false"
                },
                {
                    "name": "Core::Graph::terminal::diagnostic",
                    "enabled": "false"
                }
            ],
            "ports": [
                {
                    "portName": "arm",
                    "portDirection": "input",
                    "portType": "Amino::Object",
                    "portDefault": {},
                    "metadata": [
                        {
                            "metaName": "pathinfo",
                            "metadata": [
                                {
                                    "metaName": "path",
                                    "metaType": "string",
                                    "metaValue": "/CC_Base_Body/CC_Base_BodyShape"
                                },
                                {
                                    "metaName": "setOperation",
                                    "metaType": "string",
                                    "metaValue": "+"
                                },
                                {
                                    "metaName": "active",
                                    "metaType": "string",
                                    "metaValue": "true"
                                }
                            ]
                        }
                    ]
                },
                {
                    "portName": "mesh",
                    "portDirection": "input",
                    "portType": "array<Amino::Object>",
                    "portDefault": [
                        {},
                        {},
                        {},
                        {},
                        {},
                        {},
                        {},
                        {},
                        {},
                        {},
                        {},
                        {},
                        {},
                        {},
                        {},
                        {},
                        {},
                        {},
                        {}
                    ],
                    "metadata": [
                        {
                            "metaName": "pathinfo",
                            "metadata": [
                                {
                                    "metaName": "path",
                                    "metaType": "string",
                                    "metaValue": "/bone4/bone4Shape /bone5/bone5Shape /bone6/bone6Shape /bone7/bone7Shape /bone8/bone8Shape /bone9/bone9Shape /bone10/bone10Shape /bone11/bone11Shape /bone12/bone12Shape /bone13/bone13Shape /bone14/bone14Shape /bone15/bone15Shape /bone16/bone16Shape /bone17/bone17Shape /bone18/bone18Shape /bone19/bone19Shape /bone2/bone2Shape /bone3/bone3Shape /bone/boneShape"
                                },
                                {
                                    "metaName": "setOperation",
                                    "metaType": "string",
                                    "metaValue": "+"
                                },
                                {
                                    "metaName": "active",
                                    "metaType": "string",
                                    "metaValue": "true"
                                }
                            ]
                        }
                    ]
                }
            ],
            "compoundNodes": [
                {
                    "nodeName": "particle_solver_settings",
                    "nodeType": "Simulation::Particles::particle_solver_settings",
                    "fanInPortNames": {
                        "additional_settings": []
                    },
                    "metadata": [
                        {
                            "metaName": "DisplayMode",
                            "metaType": "string",
                            "metaValue": "2"
                        },
                        {
                            "metaName": "LayoutPos",
                            "metaType": "string",
                            "metaValue": "573.769 -176.593"
                        }
                    ]
                },
                {
                    "nodeName": "simulate_jiggle2",
                    "nodeType": "BPM::jiggle_solver_0::simulate_jiggle",
                    "fanInPortNames": {
                        "sources": [
                            "source"
                        ],
                        "colliders": [],
                        "influences": []
                    },
                    "terminalStates": [
                        {
                            "name": "Core::Graph::terminal::final",
                            "enabled": "true"
                        },
                        {
                            "name": "Core::Graph::terminal::proxy",
                            "enabled": "false"
                        },
                        {
                            "name": "Core::Graph::terminal::diagnostic",
                            "enabled": "false"
                        }
                    ],
                    "metadata": [
                        {
                            "metaName": "DisplayMode",
                            "metaType": "string",
                            "metaValue": "2"
                        },
                        {
                            "metaName": "LayoutPos",
                            "metaType": "string",
                            "metaValue": "985.891 -655.717"
                        }
                    ]
                },
                {
                    "nodeName": "source_jiggle_body",
                    "nodeType": "BPM::jiggle_solver_0::source_jiggle_body",
                    "terminalStates": [
                        {
                            "name": "Core::Graph::terminal::final",
                            "enabled": "true"
                        },
                        {
                            "name": "Core::Graph::terminal::proxy",
                            "enabled": "true"
                        },
                        {
                            "name": "Core::Graph::terminal::diagnostic",
                            "enabled": "false"
                        }
                    ],
                    "metadata": [
                        {
                            "metaName": "DisplayMode",
                            "metaType": "string",
                            "metaValue": "2"
                        },
                        {
                            "metaName": "PortExpandedState",
                            "metadata": [
                                {
                                    "metaName": "Spring Properties.Misc",
                                    "metaType": "string",
                                    "metaValue": "0"
                                },
                                {
                                    "metaName": "Spring Properties",
                                    "metaType": "string",
                                    "metaValue": "0"
                                },
                                {
                                    "metaName": "Settings",
                                    "metaType": "string",
                                    "metaValue": "0"
                                }
                            ]
                        },
                        {
                            "metaName": "LayoutPos",
                            "metaType": "string",
                            "metaValue": "575.387 -772.123"
                        }
                    ]
                },
                {
                    "nodeName": "merge_geometry",
                    "nodeType": "Modeling::Common::merge_geometry",
                    "metadata": [
                        {
                            "metaName": "DisplayMode",
                            "metaType": "string",
                            "metaValue": "2"
                        },
                        {
                            "metaName": "LayoutPos",
                            "metaType": "string",
                            "metaValue": "-109.027 -326.953"
                        }
                    ]
                },
                {
                    "nodeName": "make_jiggle_constraint2",
                    "nodeType": "BPM::jiggle_solver_0::make_jiggle_constraint",
                    "metadata": [
                        {
                            "metaName": "DisplayMode",
                            "metaType": "string",
                            "metaValue": "2"
                        },
                        {
                            "metaName": "LayoutPos",
                            "metaType": "string",
                            "metaValue": "176.694 -328.915"
                        },
                        {
                            "metaName": "PortExpandedState",
                            "metadata": [
                                {
                                    "metaName": "Constraint Settings.Hardening",
                                    "metaType": "string",
                                    "metaValue": "0"
                                },
                                {
                                    "metaName": "Constraint Settings",
                                    "metaType": "string",
                                    "metaValue": "0"
                                },
                                {
                                    "metaName": "Misc",
                                    "metaType": "string",
                                    "metaValue": "0"
                                }
                            ]
                        }
                    ]
                },
                {
                    "nodeName": "mesh_to_jiggle_points3",
                    "nodeType": "BPM::jiggle_solver_0::mesh_to_jiggle_points",
                    "terminalStates": [
                        {
                            "name": "Core::Graph::terminal::final",
                            "enabled": "true"
                        },
                        {
                            "name": "Core::Graph::terminal::proxy",
                            "enabled": "true"
                        },
                        {
                            "name": "Core::Graph::terminal::diagnostic",
                            "enabled": "false"
                        }
                    ],
                    "metadata": [
                        {
                            "metaName": "LayoutPos",
                            "metaType": "string",
                            "metaValue": "30.0554 -714.401"
                        },
                        {
                            "metaName": "DisplayMode",
                            "metaType": "string",
                            "metaValue": "2"
                        }
                    ]
                }
            ],
            "connections": [
                {
                    "source": "particle_solver_settings.solver_settings",
                    "target": "simulate_jiggle2.settings"
                },
                {
                    "source": ".mesh",
                    "target": "merge_geometry.geometry"
                },
                {
                    "source": "source_jiggle_body.source",
                    "target": "simulate_jiggle2.sources.source"
                },
                {
                    "source": "make_jiggle_constraint2.constraint",
                    "target": "source_jiggle_body.constraint"
                },
                {
                    "source": "merge_geometry.merged",
                    "target": "make_jiggle_constraint2.mesh"
                },
                {
                    "source": "mesh_to_jiggle_points3.points",
                    "target": "source_jiggle_body.points"
                },
                {
                    "source": ".arm",
                    "target": "mesh_to_jiggle_points3.mesh"
                }
            ],
            "values": [
                {
                    "valueName": "particle_solver_settings.master_start_frame",
                    "valueType": "float",
                    "value": "1f"
                },
                {
                    "valueName": "particle_solver_settings.gravity",
                    "valueType": "bool",
                    "value": "true"
                },
                {
                    "valueName": "particle_solver_settings.gravity_vector",
                    "valueType": "Math::float3",
                    "value": {
                        "x": "0f",
                        "y": "-400f",
                        "z": "0f"
                    }
                },
                {
                    "valueName": "particle_solver_settings.substeps",
                    "valueType": "int",
                    "value": "20L"
                },
                {
                    "valueName": "particle_solver_settings.simulation_speed",
                    "valueType": "float",
                    "value": "1f"
                },
                {
                    "valueName": "particle_solver_settings.shape",
                    "valueType": "Geometry::PointShapes",
                    "value": "Sphere"
                },
                {
                    "valueName": "particle_solver_settings.numeric_property",
                    "valueType": "string",
                    "value": "point_position"
                },
                {
                    "valueName": "particle_solver_settings.face_camera",
                    "valueType": "bool",
                    "value": "false"
                },
                {
                    "valueName": "particle_solver_settings.self_collisions",
                    "valueType": "bool",
                    "value": "false"
                },
                {
                    "valueName": "particle_solver_settings.spin_on_collision",
                    "valueType": "bool",
                    "value": "false"
                },
                {
                    "valueName": "particle_solver_settings.collision_spin",
                    "valueType": "float",
                    "value": "0.300000012f"
                },
                {
                    "valueName": "particle_solver_settings.label_point_id",
                    "valueType": "bool",
                    "value": "true"
                },
                {
                    "valueName": "particle_solver_settings.store_self_collisions",
                    "valueType": "bool",
                    "value": "false"
                },
                {
                    "valueName": "particle_solver_settings.store_surface_collisions",
                    "valueType": "bool",
                    "value": "false"
                },
                {
                    "valueName": "source_jiggle_body.connect_distance",
                    "valueType": "float",
                    "value": "2.70000005f"
                },
                {
                    "valueName": "source_jiggle_body.spring_coeff",
                    "valueType": "float",
                    "value": "900f"
                },
                {
                    "valueName": "source_jiggle_body.spring_smooth",
                    "valueType": "float",
                    "value": "60f"
                },
                {
                    "valueName": "source_jiggle_body.smooth_radius",
                    "valueType": "float",
                    "value": "3f"
                },
                {
                    "valueName": "source_jiggle_body.spring_damp",
                    "valueType": "float",
                    "value": "7f"
                },
                {
                    "valueName": "make_jiggle_constraint2.mesh",
                    "valueType": "Amino::Object",
                    "value": {}
                },
                {
                    "valueName": "make_jiggle_constraint2.compute_tangents",
                    "valueType": "bool",
                    "value": "true"
                },
                {
                    "valueName": "make_jiggle_constraint2.weight",
                    "valueType": "float",
                    "value": "1f"
                },
                {
                    "valueName": "make_jiggle_constraint2.falloff_range",
                    "valueType": "float",
                    "value": "0.699999988f"
                },
                {
                    "valueName": "make_jiggle_constraint2.falloff_exp",
                    "valueType": "float",
                    "value": "2f"
                },
                {
                    "valueName": "make_jiggle_constraint2.hardening",
                    "valueType": "bool",
                    "value": "true"
                },
                {
                    "valueName": "make_jiggle_constraint2.harden_velocity",
                    "valueType": "Math::float2",
                    "value": {
                        "x": "10f",
                        "y": "60f"
                    }
                },
                {
                    "valueName": "make_jiggle_constraint2.hard_weight",
                    "valueType": "float",
                    "value": "0.600000024f"
                },
                {
                    "valueName": "make_jiggle_constraint2.hard_range",
                    "valueType": "float",
                    "value": "5f"
                },
                {
                    "valueName": "make_jiggle_constraint2.hard_exp",
                    "valueType": "float",
                    "value": "0.5f"
                },
                {
                    "valueName": "make_jiggle_constraint2.velocity_transfer",
                    "valueType": "float",
                    "value": "1f"
                },
                {
                    "valueName": "make_jiggle_constraint2.compute_velocity",
                    "valueType": "bool",
                    "value": "true"
                },
                {
                    "valueName": "mesh_to_jiggle_points3.mesh",
                    "valueType": "Amino::Object",
                    "value": {}
                },
                {
                    "valueName": "mesh_to_jiggle_points3.min_hole_radius",
                    "valueType": "float",
                    "value": "0f"
                },
                {
                    "valueName": "mesh_to_jiggle_points3.volume_mode",
                    "valueType": "Geometry::Converters::VolumeMode",
                    "value": "Solid"
                },
                {
                    "valueName": "mesh_to_jiggle_points3.detail_size",
                    "valueType": "float",
                    "value": "1f"
                },
                {
                    "valueName": "mesh_to_jiggle_points3.inner_point_size",
                    "valueType": "float",
                    "value": "1f"
                },
                {
                    "valueName": "mesh_to_jiggle_points3.outer_point_size",
                    "valueType": "float",
                    "value": "1f"
                },
                {
                    "valueName": "mesh_to_jiggle_points3.scatter",
                    "valueType": "bool",
                    "value": "true"
                },
                {
                    "valueName": "mesh_to_jiggle_points3.auto_size_bias",
                    "valueType": "float",
                    "value": "0.119999997f"
                },
                {
                    "valueName": "mesh_to_jiggle_points3.packing_scale",
                    "valueType": "float",
                    "value": "1f"
                },
                {
                    "valueName": "mesh_to_jiggle_points3.cull_overlapping",
                    "valueType": "bool",
                    "value": "false"
                },
                {
                    "valueName": "mesh_to_jiggle_points3.overlapping_radius",
                    "valueType": "float",
                    "value": "1f"
                },
                {
                    "valueName": "mesh_to_jiggle_points3.inner_offset",
                    "valueType": "float",
                    "value": "0f"
                }
            ],
            "reservedNodeNames": [
                {
                    "name": "CC_Base_BodyShape"
                },
                {
                    "name": "Input_by_Path"
                }
            ]
        }
    ]
}