{
    "header": {
        "metadata": [
            {
                "metaName": "adskFileFormatVersion",
                "metaValue": "100L"
            }
        ]
    },
    "namespaces": [],
    "types": [],
    "compounds": [
        {
            "name": "BPM::jiggle_solver_0::jiggle_body_collision",
            "uriImported": "stream:/stream",
            "metadata": [
                {
                    "metaName": "io_nodes",
                    "metadata": [
                        {
                            "metaName": "io_inodes",
                            "metadata": [
                                {
                                    "metaName": "input",
                                    "metadata": [
                                        {
                                            "metaName": "DisplayMode",
                                            "metaType": "string",
                                            "metaValue": "2"
                                        },
                                        {
                                            "metaName": "io_ports",
                                            "metadata": [
                                                {
                                                    "metaName": "mesh"
                                                }
                                            ]
                                        },
                                        {
                                            "metaName": "LayoutPos",
                                            "metaType": "string",
                                            "metaValue": "-789 13"
                                        }
                                    ]
                                },
                                {
                                    "metaName": "input1",
                                    "metadata": [
                                        {
                                            "metaName": "io_ports",
                                            "metadata": [
                                                {
                                                    "metaName": "meshs"
                                                }
                                            ]
                                        },
                                        {
                                            "metaName": "DisplayMode",
                                            "metaType": "string",
                                            "metaValue": "2"
                                        },
                                        {
                                            "metaName": "LayoutPos",
                                            "metaType": "string",
                                            "metaValue": "-831 -262"
                                        }
                                    ]
                                }
                            ]
                        },
                        {
                            "metaName": "io_onodes",
                            "metadata": [
                                {
                                    "metaName": "output",
                                    "metadata": [
                                        {
                                            "metaName": "DisplayMode",
                                            "metaType": "string",
                                            "metaValue": "2"
                                        },
                                        {
                                            "metaName": "io_ports",
                                            "metadata": [
                                                {
                                                    "metaName": "mesh1"
                                                }
                                            ]
                                        },
                                        {
                                            "metaName": "LayoutPos",
                                            "metaType": "string",
                                            "metaValue": "373 -222"
                                        }
                                    ]
                                }
                            ]
                        }
                    ]
                },
                {
                    "metaName": "_recentNode_",
                    "metaType": "string",
                    "metaValue": "BifrostGraph,BPM::jiggle_solver_0,simulate_jiggle"
                },
                {
                    "metaName": "_recentNode_",
                    "metaType": "string",
                    "metaValue": "BifrostGraph,Rendering::Materials,standard_surface_mat"
                },
                {
                    "metaName": "_recentNode_",
                    "metaType": "string",
                    "metaValue": "BifrostGraph,Rendering::Materials,assign_material"
                },
                {
                    "metaName": "_recentNode_",
                    "metaType": "string",
                    "metaValue": "BifrostGraph,BPM::jiggle_solver_0,make_jiggle_constraint"
                },
                {
                    "metaName": "_recentNode_",
                    "metaType": "string",
                    "metaValue": "BifrostGraph,BPM::jiggle_solver_0,mesh_to_jiggle_points"
                },
                {
                    "metaName": "backdrop",
                    "metadata": [
                        {
                            "metaName": "type",
                            "metaType": "string",
                            "metaValue": "backdrop"
                        },
                        {
                            "metaName": "text",
                            "metaType": "string",
                            "metaValue": "Currently the only method for bodies to collide with each other is rely on particle self collision. This method isn't\nideal as particles can slip next to/between each other and allow the two surfaces to intersect. Check the\nmesh_to_jiggle_points, settings similar to these minimizes this issue and tends to give reasonable results.\n\nA more reliable, surface based collision method would be priority in a future version."
                        },
                        {
                            "metaName": "coords",
                            "metaType": "string",
                            "metaValue": "-460 -468 604 122"
                        }
                    ]
                },
                {
                    "metaName": "ViewportRect",
                    "metaType": "string",
                    "metaValue": "-989.135 -1172.49 1762.65 2161.14"
                },
                {
                    "metaName": "compoundIsGraph",
                    "metaValue": "true"
                },
                {
                    "metaName": "author",
                    "metaType": "string",
                    "metaValue": "HeydoubleU"
                },
                {
                    "metaName": "category",
                    "metaType": "string",
                    "metaValue": "BPM/jiggle-solver_0/jiggle-solver_0/jiggle_solver_0"
                },
                {
                    "metaName": "example_scene",
                    "metaType": "string",
                    "metaValue": "jiggle_body_collision_example.ma"
                },
                {
                    "metaName": "thumbnail",
                    "metaType": "string",
                    "metaValue": "jiggle_body_collision_thumb.png"
                }
            ],
            "terminalStates": [
                {
                    "name": "Core::Graph::terminal::final",
                    "enabled": "true"
                },
                {
                    "name": "Core::Graph::terminal::proxy",
                    "enabled": "false"
                },
                {
                    "name": "Core::Graph::terminal::diagnostic",
                    "enabled": "false"
                }
            ],
            "ports": [
                {
                    "portName": "mesh",
                    "portDirection": "input",
                    "portType": "Amino::Object",
                    "portDefault": {},
                    "metadata": [
                        {
                            "metaName": "pathinfo",
                            "metadata": [
                                {
                                    "metaName": "path",
                                    "metaType": "string",
                                    "metaValue": "/pSphere1/pSphereShape1"
                                },
                                {
                                    "metaName": "channels",
                                    "metaType": "string",
                                    "metaValue": "*"
                                },
                                {
                                    "metaName": "setOperation",
                                    "metaType": "string",
                                    "metaValue": "+"
                                },
                                {
                                    "metaName": "active",
                                    "metaType": "string",
                                    "metaValue": "true"
                                },
                                {
                                    "metaName": "normalsPerPoint",
                                    "metaType": "string",
                                    "metaValue": "true"
                                },
                                {
                                    "metaName": "normalsPerFaceVertex",
                                    "metaType": "string",
                                    "metaValue": "true"
                                },
                                {
                                    "metaName": "normalsPerFace",
                                    "metaType": "string",
                                    "metaValue": "false"
                                }
                            ]
                        }
                    ]
                },
                {
                    "portName": "meshs",
                    "portDirection": "input",
                    "portType": "array<Amino::Object>",
                    "portDefault": [
                        {},
                        {},
                        {},
                        {}
                    ]
                },
                {
                    "portName": "mesh1",
                    "portDirection": "output",
                    "portType": "array<Amino::Object>"
                }
            ],
            "compoundNodes": [
                {
                    "nodeName": "simulate_jiggle",
                    "nodeType": "BPM::jiggle_solver_0::simulate_jiggle",
                    "fanInPortNames": {
                        "sources": [
                            "sources"
                        ],
                        "colliders": [
                            "collider"
                        ],
                        "influences": []
                    },
                    "terminalStates": [
                        {
                            "name": "Core::Graph::terminal::final",
                            "enabled": "true"
                        },
                        {
                            "name": "Core::Graph::terminal::proxy",
                            "enabled": "false"
                        },
                        {
                            "name": "Core::Graph::terminal::diagnostic",
                            "enabled": "false"
                        }
                    ],
                    "metadata": [
                        {
                            "metaName": "DisplayMode",
                            "metaType": "string",
                            "metaValue": "2"
                        },
                        {
                            "metaName": "LayoutPos",
                            "metaType": "string",
                            "metaValue": "74 -286"
                        }
                    ]
                },
                {
                    "nodeName": "collider",
                    "nodeType": "Simulation::Common::collider",
                    "fanInPortNames": {
                        "geometry": [
                            "mesh"
                        ]
                    },
                    "metadata": [
                        {
                            "metaName": "DisplayMode",
                            "metaType": "string",
                            "metaValue": "2"
                        },
                        {
                            "metaName": "LayoutPos",
                            "metaType": "string",
                            "metaValue": "-424 -8"
                        }
                    ]
                },
                {
                    "nodeName": "source_jiggle_bodies",
                    "nodeType": "BPM::jiggle_solver_0::source_jiggle_bodies",
                    "fanInPortNames": {
                        "points": [
                            "points"
                        ]
                    },
                    "terminalStates": [
                        {
                            "name": "Core::Graph::terminal::final",
                            "enabled": "true"
                        },
                        {
                            "name": "Core::Graph::terminal::proxy",
                            "enabled": "true"
                        },
                        {
                            "name": "Core::Graph::terminal::diagnostic",
                            "enabled": "false"
                        }
                    ],
                    "metadata": [
                        {
                            "metaName": "DisplayMode",
                            "metaType": "string",
                            "metaValue": "2"
                        },
                        {
                            "metaName": "LayoutPos",
                            "metaType": "string",
                            "metaValue": "-252 -306"
                        }
                    ]
                },
                {
                    "nodeName": "mesh_to_jiggle_points",
                    "nodeType": "BPM::jiggle_solver_0::mesh_to_jiggle_points",
                    "terminalStates": [
                        {
                            "name": "Core::Graph::terminal::final",
                            "enabled": "true"
                        },
                        {
                            "name": "Core::Graph::terminal::proxy",
                            "enabled": "true"
                        },
                        {
                            "name": "Core::Graph::terminal::diagnostic",
                            "enabled": "false"
                        }
                    ],
                    "metadata": [
                        {
                            "metaName": "DisplayMode",
                            "metaType": "string",
                            "metaValue": "2"
                        },
                        {
                            "metaName": "LayoutPos",
                            "metaType": "string",
                            "metaValue": "-555 -285"
                        }
                    ]
                },
                {
                    "nodeName": "particle_solver_settings",
                    "nodeType": "Simulation::Particles::particle_solver_settings",
                    "fanInPortNames": {
                        "additional_settings": []
                    },
                    "metadata": [
                        {
                            "metaName": "DisplayMode",
                            "metaType": "string",
                            "metaValue": "2"
                        },
                        {
                            "metaName": "LayoutPos",
                            "metaType": "string",
                            "metaValue": "-173 122"
                        }
                    ]
                }
            ],
            "connections": [
                {
                    "source": "collider.collider",
                    "target": "simulate_jiggle.colliders.collider"
                },
                {
                    "source": ".mesh",
                    "target": "collider.geometry.mesh"
                },
                {
                    "source": "source_jiggle_bodies.sources",
                    "target": "simulate_jiggle.sources.sources"
                },
                {
                    "source": "mesh_to_jiggle_points.points",
                    "target": "source_jiggle_bodies.points.points"
                },
                {
                    "source": ".meshs",
                    "target": "mesh_to_jiggle_points.mesh"
                },
                {
                    "source": "simulate_jiggle.mesh",
                    "target": ".mesh1"
                },
                {
                    "source": "particle_solver_settings.solver_settings",
                    "target": "simulate_jiggle.settings"
                }
            ],
            "values": [
                {
                    "valueName": "source_jiggle_bodies.connect_distance",
                    "valueType": "float",
                    "value": "1.20000005f"
                },
                {
                    "valueName": "source_jiggle_bodies.spring_coeff",
                    "valueType": "float",
                    "value": "30f"
                },
                {
                    "valueName": "source_jiggle_bodies.smooth_radius",
                    "valueType": "float",
                    "value": "2f"
                },
                {
                    "valueName": "mesh_to_jiggle_points.detail_size",
                    "valueType": "float",
                    "value": "2f"
                },
                {
                    "valueName": "mesh_to_jiggle_points.inner_point_size",
                    "valueType": "float",
                    "value": "0.959999979f"
                },
                {
                    "valueName": "mesh_to_jiggle_points.outer_point_size",
                    "valueType": "float",
                    "value": "-1f"
                },
                {
                    "valueName": "mesh_to_jiggle_points.scatter",
                    "valueType": "bool",
                    "value": "false"
                },
                {
                    "valueName": "mesh_to_jiggle_points.inner_offset",
                    "valueType": "float",
                    "value": "0f"
                },
                {
                    "valueName": "particle_solver_settings.gravity_vector",
                    "valueType": "Math::float3",
                    "value": {
                        "x": "0f",
                        "y": "-20f",
                        "z": "0f"
                    }
                },
                {
                    "valueName": "particle_solver_settings.substeps",
                    "valueType": "int",
                    "value": "8L"
                },
                {
                    "valueName": "particle_solver_settings.self_collisions",
                    "valueType": "bool",
                    "value": "true"
                }
            ],
            "reservedNodeNames": [
                {
                    "name": "input"
                },
                {
                    "name": "output"
                },
                {
                    "name": "input1"
                }
            ]
        }
    ]
}