{
    "header": {
        "metadata": [
            {
                "metaName": "adskFileFormatVersion",
                "metaValue": "100L"
            }
        ]
    },
    "namespaces": [],
    "types": [],
    "compounds": [
        {
            "name": "BPM::hw_utilities_1::fill_in_property",
            "uriImported": "stream:/bifrostGraphShape1",
            "metadata": [
                {
                    "metaName": "io_nodes",
                    "metadata": [
                        {
                            "metaName": "io_inodes",
                            "metadata": [
                                {
                                    "metaName": "input",
                                    "metadata": [
                                        {
                                            "metaName": "DisplayMode",
                                            "metaType": "string",
                                            "metaValue": "2"
                                        },
                                        {
                                            "metaName": "io_ports",
                                            "metadata": [
                                                {
                                                    "metaName": "geometry"
                                                },
                                                {
                                                    "metaName": "property"
                                                },
                                                {
                                                    "metaName": "default"
                                                },
                                                {
                                                    "metaName": "data"
                                                },
                                                {
                                                    "metaName": "target"
                                                }
                                            ]
                                        },
                                        {
                                            "metaName": "LayoutPos",
                                            "metaType": "string",
                                            "metaValue": "-1029.2 -50.1889"
                                        }
                                    ]
                                }
                            ]
                        },
                        {
                            "metaName": "io_onodes",
                            "metadata": [
                                {
                                    "metaName": "output",
                                    "metadata": [
                                        {
                                            "metaName": "DisplayMode",
                                            "metaType": "string",
                                            "metaValue": "2"
                                        },
                                        {
                                            "metaName": "io_ports",
                                            "metadata": [
                                                {
                                                    "metaName": "output"
                                                }
                                            ]
                                        },
                                        {
                                            "metaName": "LayoutPos",
                                            "metaType": "string",
                                            "metaValue": "73.9943 -79.8847"
                                        }
                                    ]
                                }
                            ]
                        }
                    ]
                },
                {
                    "metaName": "ViewportRect",
                    "metaType": "string",
                    "metaValue": "-1400.91 -1029.58 1760.78 1919.09"
                },
                {
                    "metaName": "DisplayMode",
                    "metaType": "string",
                    "metaValue": "2"
                },
                {
                    "metaName": "LayoutPos",
                    "metaType": "string",
                    "metaValue": "325.926 193.386"
                }
            ],
            "ports": [
                {
                    "portName": "geometry",
                    "portDirection": "input",
                    "portType": "Amino::Object",
                    "portDefault": {}
                },
                {
                    "portName": "property",
                    "portDirection": "input",
                    "portType": "string",
                    "portDefault": "point_size"
                },
                {
                    "portName": "default",
                    "portDirection": "input",
                    "metadata": [
                        {
                            "metaName": "TypeWranglingSuggestedTypes",
                            "metaType": "string",
                            "metaValue": "float, long, uint, bool, string, Math::float2, Math::float3, Math::float4, Math::float3x3, Math::float4x4"
                        }
                    ]
                },
                {
                    "portName": "data",
                    "portDirection": "input"
                },
                {
                    "portName": "output",
                    "portDirection": "output"
                },
                {
                    "portName": "target",
                    "portDirection": "input",
                    "portType": "string",
                    "portDefault": "point_component"
                }
            ],
            "compoundNodes": [
                {
                    "nodeName": "has_property",
                    "nodeType": "Core::Object::has_property",
                    "metadata": [
                        {
                            "metaName": "DisplayMode",
                            "metaType": "string",
                            "metaValue": "2"
                        },
                        {
                            "metaName": "LayoutPos",
                            "metaType": "string",
                            "metaValue": "-565.841 -219.098"
                        }
                    ]
                },
                {
                    "nodeName": "if",
                    "nodeType": "Core::Logic::if",
                    "metadata": [
                        {
                            "metaName": "DisplayMode",
                            "metaType": "string",
                            "metaValue": "2"
                        },
                        {
                            "metaName": "LayoutPos",
                            "metaType": "string",
                            "metaValue": "-272.024 -78.4665"
                        }
                    ]
                },
                {
                    "nodeName": "set_geo_property",
                    "nodeType": "Geometry::Properties::set_geo_property",
                    "metadata": [
                        {
                            "metaName": "DisplayMode",
                            "metaType": "string",
                            "metaValue": "2"
                        },
                        {
                            "metaName": "LayoutPos",
                            "metaType": "string",
                            "metaValue": "-540.41 276.247"
                        }
                    ]
                }
            ],
            "connections": [
                {
                    "source": "has_property.found",
                    "target": "if.condition"
                },
                {
                    "source": "if.output",
                    "target": ".output"
                },
                {
                    "source": "set_geo_property.out_geometry",
                    "target": "if.false_case"
                },
                {
                    "source": ".data",
                    "target": "set_geo_property.data"
                },
                {
                    "source": ".geometry",
                    "target": "has_property.object"
                },
                {
                    "source": ".geometry",
                    "target": "if.true_case"
                },
                {
                    "source": ".geometry",
                    "target": "set_geo_property.geometry"
                },
                {
                    "source": ".target",
                    "target": "set_geo_property.target"
                },
                {
                    "source": ".default",
                    "target": "set_geo_property.default"
                },
                {
                    "source": ".property",
                    "target": "has_property.key"
                },
                {
                    "source": ".property",
                    "target": "set_geo_property.property"
                }
            ],
            "values": [
                {
                    "valueName": "set_geo_property.property",
                    "valueType": "string",
                    "value": ""
                },
                {
                    "valueName": "set_geo_property.target",
                    "valueType": "string",
                    "value": "point_component"
                }
            ],
            "reservedNodeNames": [
                {
                    "name": "input"
                },
                {
                    "name": "output"
                }
            ]
        }
    ]
}