{
    "header": {
        "metadata": [
            {
                "metaName": "adskFileFormatVersion",
                "metaValue": "100L"
            }
        ]
    },
    "namespaces": [],
    "types": [],
    "compounds": [
        {
            "name": "BPM::hw_utilities_1::one_minus_1m",
            "uriImported": "file:///one_minus_1m.json",
            "metadata": [
                {
                    "metaName": "ViewportRect",
                    "metaType": "string",
                    "metaValue": "-621.303 -250.639 1877.99 629.566"
                },
                {
                    "metaName": "io_nodes",
                    "metadata": [
                        {
                            "metaName": "io_inodes",
                            "metadata": [
                                {
                                    "metaName": "input",
                                    "metadata": [
                                        {
                                            "metaName": "DisplayMode",
                                            "metaType": "string",
                                            "metaValue": "2"
                                        },
                                        {
                                            "metaName": "LayoutPos",
                                            "metaType": "string",
                                            "metaValue": "-248.036 35.0707"
                                        },
                                        {
                                            "metaName": "io_ports",
                                            "metadata": [
                                                {
                                                    "metaName": "first"
                                                },
                                                {
                                                    "metaName": "subtract"
                                                }
                                            ]
                                        }
                                    ]
                                }
                            ]
                        },
                        {
                            "metaName": "io_onodes",
                            "metadata": [
                                {
                                    "metaName": "output",
                                    "metadata": [
                                        {
                                            "metaName": "DisplayMode",
                                            "metaType": "string",
                                            "metaValue": "2"
                                        },
                                        {
                                            "metaName": "LayoutPos",
                                            "metaType": "string",
                                            "metaValue": "620 10"
                                        },
                                        {
                                            "metaName": "io_ports",
                                            "metadata": [
                                                {
                                                    "metaName": "output"
                                                }
                                            ]
                                        }
                                    ]
                                }
                            ]
                        }
                    ]
                },
                {
                    "metaName": "DisplayMode",
                    "metaType": "string",
                    "metaValue": "2"
                },
                {
                    "metaName": "LayoutPos",
                    "metaType": "string",
                    "metaValue": "4.32744 455.959"
                }
            ],
            "ports": [
                {
                    "portName": "first",
                    "portDirection": "input",
                    "portType": "char",
                    "portDefault": "1"
                },
                {
                    "portName": "subtract",
                    "portDirection": "input"
                },
                {
                    "portName": "output",
                    "portDirection": "output"
                }
            ],
            "compoundNodes": [
                {
                    "nodeName": "subtract",
                    "nodeType": "Core::Math::subtract",
                    "multiInPortNames": [
                        "output1",
                        "default"
                    ],
                    "metadata": [
                        {
                            "metaName": "DisplayMode",
                            "metaType": "string",
                            "metaValue": "2"
                        },
                        {
                            "metaName": "LayoutPos",
                            "metaType": "string",
                            "metaValue": "315 11"
                        }
                    ]
                }
            ],
            "connections": [
                {
                    "source": "subtract.output",
                    "target": ".output"
                },
                {
                    "source": ".first",
                    "target": "subtract.first.output1"
                },
                {
                    "source": ".subtract",
                    "target": "subtract.first.default"
                }
            ],
            "values": [],
            "reservedNodeNames": [
                {
                    "name": "input"
                },
                {
                    "name": "output"
                }
            ]
        }
    ]
}