{
    "header": {
        "metadata": [
            {
                "metaName": "adskFileFormatVersion",
                "metaValue": "100L"
            },
            {
                "metaName": "adskFileFormatVersion",
                "metaValue": "100L"
            }
        ]
    },
    "namespaces": [],
    "types": [],
    "compounds": [
        {
            "name": "BPM::hw_utilities_1::Compounds::store_value",
            "metadata": [
                {
                    "metaName": "io_nodes",
                    "metadata": [
                        {
                            "metaName": "io_inodes",
                            "metadata": [
                                {
                                    "metaName": "input",
                                    "metadata": [
                                        {
                                            "metaName": "DisplayMode",
                                            "metaType": "string",
                                            "metaValue": "2"
                                        },
                                        {
                                            "metaName": "LayoutPos",
                                            "metaType": "string",
                                            "metaValue": "-692.722 -50.3345"
                                        },
                                        {
                                            "metaName": "io_ports",
                                            "metadata": [
                                                {
                                                    "metaName": "value"
                                                },
                                                {
                                                    "metaName": "use_reset_frame"
                                                },
                                                {
                                                    "metaName": "reset_frame"
                                                }
                                            ]
                                        }
                                    ]
                                }
                            ]
                        },
                        {
                            "metaName": "io_onodes",
                            "metadata": [
                                {
                                    "metaName": "output",
                                    "metadata": [
                                        {
                                            "metaName": "DisplayMode",
                                            "metaType": "string",
                                            "metaValue": "2"
                                        },
                                        {
                                            "metaName": "LayoutPos",
                                            "metaType": "string",
                                            "metaValue": "587.2 -23.3066"
                                        },
                                        {
                                            "metaName": "io_ports",
                                            "metadata": [
                                                {
                                                    "metaName": "store_value"
                                                }
                                            ]
                                        }
                                    ]
                                }
                            ]
                        }
                    ]
                },
                {
                    "metaName": "_recentNode_",
                    "metaType": "string",
                    "metaValue": "BifrostGraph,Core::Logic,less_or_equal"
                },
                {
                    "metaName": "_recentNode_",
                    "metaType": "string",
                    "metaValue": "BifrostGraph,Core::Logic,greater"
                },
                {
                    "metaName": "_recentNode_",
                    "metaType": "string",
                    "metaValue": "BifrostGraph,Core::Logic,equal"
                },
                {
                    "metaName": "_recentNode_",
                    "metaType": "string",
                    "metaValue": "BifrostGraph,Core::Time,time"
                },
                {
                    "metaName": "_recentNode_",
                    "metaType": "string",
                    "metaValue": "BifrostGraph,Core::Logic,if"
                },
                {
                    "metaName": "ViewportRect",
                    "metaType": "string",
                    "metaValue": "-1058.49 -191.867 1940.06 760.432"
                },
                {
                    "metaName": "DisplayMode",
                    "metaType": "string",
                    "metaValue": "2"
                },
                {
                    "metaName": "LayoutPos",
                    "metaType": "string",
                    "metaValue": "-940.319 1287.99"
                },
                {
                    "metaName": "PortExpandedState",
                    "metadata": [
                        {
                            "metaName": "settings",
                            "metaType": "string",
                            "metaValue": "0"
                        }
                    ]
                }
            ],
            "ports": [
                {
                    "portName": "value",
                    "portDirection": "input"
                },
                {
                    "portName": "store_value",
                    "portDirection": "output"
                },
                {
                    "portName": "use_reset_frame",
                    "portDirection": "input",
                    "portType": "bool",
                    "portDefault": "true"
                },
                {
                    "portName": "reset_frame",
                    "portDirection": "input",
                    "portType": "float"
                }
            ],
            "compounds": [
                {
                    "name": "compound2",
                    "metadata": [
                        {
                            "metaName": "io_nodes",
                            "metadata": [
                                {
                                    "metaName": "io_inodes",
                                    "metadata": [
                                        {
                                            "metaName": "input",
                                            "metadata": [
                                                {
                                                    "metaName": "DisplayMode",
                                                    "metaType": "string",
                                                    "metaValue": "2"
                                                },
                                                {
                                                    "metaName": "LayoutPos",
                                                    "metaType": "string",
                                                    "metaValue": "-692.722 -50.3345"
                                                },
                                                {
                                                    "metaName": "io_ports",
                                                    "metadata": [
                                                        {
                                                            "metaName": "geo_locations2"
                                                        },
                                                        {
                                                            "metaName": "geo_locations1"
                                                        },
                                                        {
                                                            "metaName": "reset_frame"
                                                        },
                                                        {
                                                            "metaName": "use_reset_frame"
                                                        }
                                                    ]
                                                }
                                            ]
                                        }
                                    ]
                                },
                                {
                                    "metaName": "io_onodes",
                                    "metadata": [
                                        {
                                            "metaName": "output",
                                            "metadata": [
                                                {
                                                    "metaName": "DisplayMode",
                                                    "metaType": "string",
                                                    "metaValue": "2"
                                                },
                                                {
                                                    "metaName": "io_ports",
                                                    "metadata": [
                                                        {
                                                            "metaName": "geo_locations"
                                                        }
                                                    ]
                                                },
                                                {
                                                    "metaName": "LayoutPos",
                                                    "metaType": "string",
                                                    "metaValue": "1104.49 -34.7455"
                                                }
                                            ]
                                        }
                                    ]
                                }
                            ]
                        },
                        {
                            "metaName": "_recentNode_",
                            "metaType": "string",
                            "metaValue": "BifrostGraph,Core::Logic,if"
                        },
                        {
                            "metaName": "_recentNode_",
                            "metaType": "string",
                            "metaValue": "BifrostGraph,Core::Logic,less_or_equal"
                        },
                        {
                            "metaName": "_recentNode_",
                            "metaType": "string",
                            "metaValue": "BifrostGraph,Core::Logic,greater"
                        },
                        {
                            "metaName": "_recentNode_",
                            "metaType": "string",
                            "metaValue": "BifrostGraph,Core::Logic,equal"
                        },
                        {
                            "metaName": "_recentNode_",
                            "metaType": "string",
                            "metaValue": "BifrostGraph,Core::Time,time"
                        },
                        {
                            "metaName": "ViewportRect",
                            "metaType": "string",
                            "metaValue": "-758.447 -314.508 2182.27 855.37"
                        }
                    ],
                    "ports": [
                        {
                            "portName": "geo_locations2",
                            "portDirection": "input"
                        },
                        {
                            "portName": "geo_locations1",
                            "portDirection": "input",
                            "linkedFeedbackPort": "geo_locations"
                        },
                        {
                            "portName": "reset_frame",
                            "portDirection": "input"
                        },
                        {
                            "portName": "geo_locations",
                            "portDirection": "output"
                        },
                        {
                            "portName": "use_reset_frame",
                            "portDirection": "input",
                            "portType": "bool"
                        }
                    ],
                    "compoundNodes": [
                        {
                            "nodeName": "if",
                            "nodeType": "Core::Logic::if",
                            "metadata": [
                                {
                                    "metaName": "DisplayMode",
                                    "metaType": "string",
                                    "metaValue": "2"
                                },
                                {
                                    "metaName": "LayoutPos",
                                    "metaType": "string",
                                    "metaValue": "147.517 -105.942"
                                }
                            ]
                        },
                        {
                            "nodeName": "time",
                            "nodeType": "Core::Time::time",
                            "metadata": [
                                {
                                    "metaName": "DisplayMode",
                                    "metaType": "string",
                                    "metaValue": "2"
                                },
                                {
                                    "metaName": "LayoutPos",
                                    "metaType": "string",
                                    "metaValue": "-689.465 184.713"
                                }
                            ]
                        },
                        {
                            "nodeName": "less_or_equal",
                            "nodeType": "Core::Logic::less_or_equal",
                            "metadata": [
                                {
                                    "metaName": "DisplayMode",
                                    "metaType": "string",
                                    "metaValue": "2"
                                },
                                {
                                    "metaName": "LayoutPos",
                                    "metaType": "string",
                                    "metaValue": "-341.06 221.285"
                                }
                            ]
                        },
                        {
                            "nodeName": "if1",
                            "nodeType": "Core::Logic::if",
                            "metadata": [
                                {
                                    "metaName": "DisplayMode",
                                    "metaType": "string",
                                    "metaValue": "2"
                                },
                                {
                                    "metaName": "LayoutPos",
                                    "metaType": "string",
                                    "metaValue": "784.141 -38.4534"
                                }
                            ]
                        }
                    ],
                    "connections": [
                        {
                            "source": "time.frame",
                            "target": "less_or_equal.first"
                        },
                        {
                            "source": "less_or_equal.output",
                            "target": "if.condition"
                        },
                        {
                            "source": ".reset_frame",
                            "target": "less_or_equal.second"
                        },
                        {
                            "source": ".use_reset_frame",
                            "target": "if1.condition"
                        },
                        {
                            "source": ".geo_locations1",
                            "target": "if1.false_case"
                        },
                        {
                            "source": "if1.output",
                            "target": ".geo_locations"
                        },
                        {
                            "source": ".geo_locations1",
                            "target": "if.false_case"
                        },
                        {
                            "source": ".geo_locations2",
                            "target": "if.true_case"
                        },
                        {
                            "source": "if.output",
                            "target": "if1.true_case"
                        }
                    ],
                    "values": [],
                    "reservedNodeNames": [
                        {
                            "name": "input"
                        },
                        {
                            "name": "output"
                        }
                    ]
                }
            ],
            "compoundNodes": [
                {
                    "nodeName": "compound2",
                    "nodeType": "compound2",
                    "metadata": [
                        {
                            "metaName": "DisplayMode",
                            "metaType": "string",
                            "metaValue": "2"
                        },
                        {
                            "metaName": "LayoutPos",
                            "metaType": "string",
                            "metaValue": "-289.325 -115.163"
                        }
                    ]
                }
            ],
            "connections": [
                {
                    "source": ".value",
                    "target": "compound2.geo_locations2"
                },
                {
                    "source": ".value",
                    "target": "compound2.geo_locations1"
                },
                {
                    "source": ".use_reset_frame",
                    "target": "compound2.use_reset_frame"
                },
                {
                    "source": "compound2.geo_locations",
                    "target": ".store_value"
                },
                {
                    "source": ".reset_frame",
                    "target": "compound2.reset_frame"
                }
            ],
            "values": [
                {
                    "valueName": "compound2.use_reset_frame",
                    "valueType": "bool",
                    "value": "false"
                }
            ],
            "reservedNodeNames": [
                {
                    "name": "input"
                },
                {
                    "name": "output"
                }
            ]
        },
        {
            "name": "BPM::hw_utilities_1::store_value",
            "uriImported": "stream:/bifrostGraphShape1",
            "metadata": [
                {
                    "metaName": "io_nodes",
                    "metadata": [
                        {
                            "metaName": "io_inodes",
                            "metadata": [
                                {
                                    "metaName": "input",
                                    "metadata": [
                                        {
                                            "metaName": "DisplayMode",
                                            "metaType": "string",
                                            "metaValue": "2"
                                        },
                                        {
                                            "metaName": "LayoutPos",
                                            "metaType": "string",
                                            "metaValue": "-692.722 -50.3345"
                                        },
                                        {
                                            "metaName": "io_ports",
                                            "metadata": [
                                                {
                                                    "metaName": "value"
                                                },
                                                {
                                                    "metaName": "use_store_frame"
                                                },
                                                {
                                                    "metaName": "store_frame"
                                                }
                                            ]
                                        }
                                    ]
                                }
                            ]
                        },
                        {
                            "metaName": "io_onodes",
                            "metadata": [
                                {
                                    "metaName": "output",
                                    "metadata": [
                                        {
                                            "metaName": "DisplayMode",
                                            "metaType": "string",
                                            "metaValue": "2"
                                        },
                                        {
                                            "metaName": "io_ports",
                                            "metadata": [
                                                {
                                                    "metaName": "stored_value"
                                                }
                                            ]
                                        },
                                        {
                                            "metaName": "LayoutPos",
                                            "metaType": "string",
                                            "metaValue": "6.63713 -110.075"
                                        }
                                    ]
                                }
                            ]
                        }
                    ]
                },
                {
                    "metaName": "_recentNode_",
                    "metaType": "string",
                    "metaValue": "BifrostGraph,Core::Logic,less_or_equal"
                },
                {
                    "metaName": "_recentNode_",
                    "metaType": "string",
                    "metaValue": "BifrostGraph,Core::Logic,greater"
                },
                {
                    "metaName": "_recentNode_",
                    "metaType": "string",
                    "metaValue": "BifrostGraph,Core::Logic,equal"
                },
                {
                    "metaName": "_recentNode_",
                    "metaType": "string",
                    "metaValue": "BifrostGraph,Core::Time,time"
                },
                {
                    "metaName": "_recentNode_",
                    "metaType": "string",
                    "metaValue": "BifrostGraph,Core::Logic,if"
                },
                {
                    "metaName": "PortExpandedState",
                    "metadata": [
                        {
                            "metaName": "settings",
                            "metaType": "string",
                            "metaValue": "0"
                        }
                    ]
                },
                {
                    "metaName": "ViewportRect",
                    "metaType": "string",
                    "metaValue": "-872.771 -733.839 1626.52 1503.47"
                },
                {
                    "metaName": "DisplayMode",
                    "metaType": "string",
                    "metaValue": "2"
                },
                {
                    "metaName": "LayoutPos",
                    "metaType": "string",
                    "metaValue": "440.72 -601.029"
                }
            ],
            "ports": [
                {
                    "portName": "value",
                    "portDirection": "input"
                },
                {
                    "portName": "stored_value",
                    "portDirection": "output"
                },
                {
                    "portName": "use_store_frame",
                    "portDirection": "input",
                    "portType": "bool",
                    "portDefault": "true"
                },
                {
                    "portName": "store_frame",
                    "portDirection": "input",
                    "portType": "float"
                }
            ],
            "compounds": [
                {
                    "name": "compound2",
                    "uriImported": "stream:/bifrostGraphShape1",
                    "metadata": [
                        {
                            "metaName": "io_nodes",
                            "metadata": [
                                {
                                    "metaName": "io_inodes",
                                    "metadata": [
                                        {
                                            "metaName": "input",
                                            "metadata": [
                                                {
                                                    "metaName": "DisplayMode",
                                                    "metaType": "string",
                                                    "metaValue": "2"
                                                },
                                                {
                                                    "metaName": "LayoutPos",
                                                    "metaType": "string",
                                                    "metaValue": "-692.722 -50.3345"
                                                },
                                                {
                                                    "metaName": "io_ports",
                                                    "metadata": [
                                                        {
                                                            "metaName": "value"
                                                        },
                                                        {
                                                            "metaName": "stored_fb"
                                                        },
                                                        {
                                                            "metaName": "use_store_frame"
                                                        },
                                                        {
                                                            "metaName": "store_frame"
                                                        }
                                                    ]
                                                }
                                            ]
                                        }
                                    ]
                                },
                                {
                                    "metaName": "io_onodes",
                                    "metadata": [
                                        {
                                            "metaName": "output",
                                            "metadata": [
                                                {
                                                    "metaName": "DisplayMode",
                                                    "metaType": "string",
                                                    "metaValue": "2"
                                                },
                                                {
                                                    "metaName": "LayoutPos",
                                                    "metaType": "string",
                                                    "metaValue": "578.014 -97.9587"
                                                },
                                                {
                                                    "metaName": "io_ports",
                                                    "metadata": [
                                                        {
                                                            "metaName": "stored_value"
                                                        }
                                                    ]
                                                }
                                            ]
                                        }
                                    ]
                                }
                            ]
                        },
                        {
                            "metaName": "_recentNode_",
                            "metaType": "string",
                            "metaValue": "BifrostGraph,Core::Logic,and"
                        },
                        {
                            "metaName": "_recentNode_",
                            "metaType": "string",
                            "metaValue": "BifrostGraph,Core::Logic,equal"
                        },
                        {
                            "metaName": "_recentNode_",
                            "metaType": "string",
                            "metaValue": "BifrostGraph,Core::Logic,if"
                        },
                        {
                            "metaName": "_recentNode_",
                            "metaType": "string",
                            "metaValue": "BifrostGraph,Core::Logic,less_or_equal"
                        },
                        {
                            "metaName": "_recentNode_",
                            "metaType": "string",
                            "metaValue": "BifrostGraph,Core::Logic,greater"
                        },
                        {
                            "metaName": "ViewportRect",
                            "metaType": "string",
                            "metaValue": "-1073.32 -911.522 2012.23 1860"
                        }
                    ],
                    "ports": [
                        {
                            "portName": "value",
                            "portDirection": "input"
                        },
                        {
                            "portName": "stored_fb",
                            "portDirection": "input",
                            "linkedFeedbackPort": "stored_value"
                        },
                        {
                            "portName": "use_store_frame",
                            "portDirection": "input",
                            "portType": "bool"
                        },
                        {
                            "portName": "store_frame",
                            "portDirection": "input"
                        },
                        {
                            "portName": "stored_value",
                            "portDirection": "output"
                        }
                    ],
                    "compoundNodes": [
                        {
                            "nodeName": "time",
                            "nodeType": "Core::Time::time",
                            "metadata": [
                                {
                                    "metaName": "DisplayMode",
                                    "metaType": "string",
                                    "metaValue": "2"
                                },
                                {
                                    "metaName": "LayoutPos",
                                    "metaType": "string",
                                    "metaValue": "-689.465 184.713"
                                }
                            ]
                        },
                        {
                            "nodeName": "if1",
                            "nodeType": "Core::Logic::if",
                            "metadata": [
                                {
                                    "metaName": "DisplayMode",
                                    "metaType": "string",
                                    "metaValue": "2"
                                },
                                {
                                    "metaName": "LayoutPos",
                                    "metaType": "string",
                                    "metaValue": "315.461 -98.0544"
                                }
                            ]
                        },
                        {
                            "nodeName": "equal",
                            "nodeType": "Core::Logic::equal",
                            "metadata": [
                                {
                                    "metaName": "DisplayMode",
                                    "metaType": "string",
                                    "metaValue": "2"
                                },
                                {
                                    "metaName": "LayoutPos",
                                    "metaType": "string",
                                    "metaValue": "-245.363 112.069"
                                }
                            ]
                        },
                        {
                            "nodeName": "and",
                            "nodeType": "Core::Logic::and",
                            "metadata": [
                                {
                                    "metaName": "DisplayMode",
                                    "metaType": "string",
                                    "metaValue": "2"
                                },
                                {
                                    "metaName": "LayoutPos",
                                    "metaType": "string",
                                    "metaValue": "25.5511 54.2729"
                                }
                            ]
                        }
                    ],
                    "connections": [
                        {
                            "source": ".stored_fb",
                            "target": "if1.false_case"
                        },
                        {
                            "source": "if1.output",
                            "target": ".stored_value"
                        },
                        {
                            "source": ".store_frame",
                            "target": "equal.first"
                        },
                        {
                            "source": "time.frame",
                            "target": "equal.second"
                        },
                        {
                            "source": ".use_store_frame",
                            "target": "and.first"
                        },
                        {
                            "source": "equal.output",
                            "target": "and.second"
                        },
                        {
                            "source": "and.output",
                            "target": "if1.condition"
                        },
                        {
                            "source": ".value",
                            "target": "if1.true_case"
                        }
                    ],
                    "values": [],
                    "reservedNodeNames": [
                        {
                            "name": "input"
                        },
                        {
                            "name": "output"
                        }
                    ]
                }
            ],
            "compoundNodes": [
                {
                    "nodeName": "compound2",
                    "nodeType": "compound2",
                    "metadata": [
                        {
                            "metaName": "DisplayMode",
                            "metaType": "string",
                            "metaValue": "2"
                        },
                        {
                            "metaName": "LayoutPos",
                            "metaType": "string",
                            "metaValue": "-291.325 -110.685"
                        }
                    ]
                }
            ],
            "connections": [
                {
                    "source": ".value",
                    "target": "compound2.value"
                },
                {
                    "source": ".value",
                    "target": "compound2.stored_fb"
                },
                {
                    "source": "compound2.stored_value",
                    "target": ".stored_value"
                },
                {
                    "source": ".store_frame",
                    "target": "compound2.store_frame"
                },
                {
                    "source": ".use_store_frame",
                    "target": "compound2.use_store_frame"
                }
            ],
            "values": [
                {
                    "valueName": "compound2.use_store_frame",
                    "valueType": "bool",
                    "value": "false"
                }
            ],
            "reservedNodeNames": [
                {
                    "name": "input"
                },
                {
                    "name": "output"
                }
            ]
        }
    ]
}