{
    "header": {
        "metadata": [
            {
                "metaName": "adskFileFormatVersion",
                "metaValue": "100L"
            }
        ]
    },
    "namespaces": [],
    "types": [
        {
            "enumName": "BPM::enum_pls_1::SetPropertyMode",
            "enumMembers": [
                {
                    "enumKey": "None",
                    "enumValue": "0"
                },
                {
                    "enumKey": "Random",
                    "enumValue": "1"
                },
                {
                    "enumKey": "From Property",
                    "enumValue": "2"
                }
            ]
        }
    ],
    "compounds": []
}