{
    "header": {
        "metadata": [
            {
                "metaName": "adskFileFormatVersion",
                "metaValue": "100L"
            }
        ]
    },
    "namespaces": [],
    "types": [],
    "compounds": [
        {
            "name": "BPM::bruh_1::forced_in_hole",
            "uriImported": "stream:/bifrostGraphShape1",
            "metadata": [
                {
                    "metaName": "io_nodes",
                    "metadata": [
                        {
                            "metaName": "io_inodes",
                            "metadata": [
                                {
                                    "metaName": "input",
                                    "metadata": [
                                        {
                                            "metaName": "DisplayMode",
                                            "metaType": "string",
                                            "metaValue": "2"
                                        },
                                        {
                                            "metaName": "LayoutPos",
                                            "metaType": "string",
                                            "metaValue": "-463.07 -32.6572"
                                        },
                                        {
                                            "metaName": "io_ports",
                                            "metadata": [
                                                {
                                                    "metaName": "pCylinderShape1_mesh"
                                                },
                                                {
                                                    "metaName": "pCubeShape1_mesh"
                                                },
                                                {
                                                    "metaName": "pCylinderShape2_mesh"
                                                }
                                            ]
                                        }
                                    ]
                                },
                                {
                                    "metaName": "input1",
                                    "metadata": [
                                        {
                                            "metaName": "DisplayMode",
                                            "metaType": "string",
                                            "metaValue": "2"
                                        },
                                        {
                                            "metaName": "io_ports",
                                            "metadata": [
                                                {
                                                    "metaName": "sphere"
                                                },
                                                {
                                                    "metaName": "cube"
                                                }
                                            ]
                                        },
                                        {
                                            "metaName": "LayoutPos",
                                            "metaType": "string",
                                            "metaValue": "-591.447 -328.556"
                                        }
                                    ]
                                }
                            ]
                        },
                        {
                            "metaName": "io_onodes"
                        }
                    ]
                },
                {
                    "metaName": "_recentNode_",
                    "metaType": "string",
                    "metaValue": "BifrostGraph,Geometry::Mesh,smooth_mesh"
                },
                {
                    "metaName": "_recentNode_",
                    "metaType": "string",
                    "metaValue": "BifrostGraph,BPM::jiggle_solver_0,source_jiggle_body"
                },
                {
                    "metaName": "_recentNode_",
                    "metaType": "string",
                    "metaValue": "BifrostGraph,BPM::jiggle_solver_0,source_jiggle_bodies"
                },
                {
                    "metaName": "_recentNode_",
                    "metaType": "string",
                    "metaValue": "BifrostGraph,BPM::super_cache_1,super_cache"
                },
                {
                    "metaName": "_recentNode_",
                    "metaType": "string",
                    "metaValue": "BifrostGraph,Simulation::Particles,particle_solver_settings"
                },
                {
                    "metaName": "ViewportRect",
                    "metaType": "string",
                    "metaValue": "-884.93 -1233.28 1982.94 2429.96"
                },
                {
                    "metaName": "compoundIsGraph",
                    "metaValue": "true"
                },
                {
                    "metaName": "author",
                    "metaType": "string",
                    "metaValue": "HeydoubleU"
                },
                {
                    "metaName": "category",
                    "metaType": "string",
                    "metaValue": "BPM/bruh_1/jiggle-solver_0"
                },
                {
                    "metaName": "example_scene",
                    "metaType": "string",
                    "metaValue": "forced_in_hole_example.ma"
                },
                {
                    "metaName": "thumbnail",
                    "metaType": "string",
                    "metaValue": "forced_in_hole_thumb.png"
                }
            ],
            "terminalStates": [
                {
                    "name": "Core::Graph::terminal::final",
                    "enabled": "true"
                },
                {
                    "name": "Core::Graph::terminal::proxy",
                    "enabled": "false"
                },
                {
                    "name": "Core::Graph::terminal::diagnostic",
                    "enabled": "false"
                }
            ],
            "ports": [
                {
                    "portName": "sphere",
                    "portDirection": "input",
                    "portType": "Amino::Object",
                    "portDefault": {},
                    "metadata": [
                        {
                            "metaName": "pathinfo",
                            "metadata": [
                                {
                                    "metaName": "path",
                                    "metaType": "string",
                                    "metaValue": "/pPlatonic1/pPlatonicShape1"
                                },
                                {
                                    "metaName": "channels",
                                    "metaType": "string",
                                    "metaValue": "*"
                                },
                                {
                                    "metaName": "setOperation",
                                    "metaType": "string",
                                    "metaValue": "+"
                                },
                                {
                                    "metaName": "active",
                                    "metaType": "string",
                                    "metaValue": "true"
                                },
                                {
                                    "metaName": "normalsPerPoint",
                                    "metaType": "string",
                                    "metaValue": "true"
                                },
                                {
                                    "metaName": "normalsPerFaceVertex",
                                    "metaType": "string",
                                    "metaValue": "true"
                                },
                                {
                                    "metaName": "normalsPerFace",
                                    "metaType": "string",
                                    "metaValue": "false"
                                }
                            ]
                        }
                    ]
                },
                {
                    "portName": "pCylinderShape1_mesh",
                    "portDirection": "input",
                    "portType": "Amino::Object",
                    "portDefault": {}
                },
                {
                    "portName": "pCubeShape1_mesh",
                    "portDirection": "input",
                    "portType": "Amino::Object",
                    "portDefault": {}
                },
                {
                    "portName": "pCylinderShape2_mesh",
                    "portDirection": "input",
                    "portType": "Amino::Object",
                    "portDefault": {}
                },
                {
                    "portName": "cube",
                    "portDirection": "input",
                    "portType": "Amino::Object",
                    "portDefault": {},
                    "metadata": [
                        {
                            "metaName": "pathinfo",
                            "metadata": [
                                {
                                    "metaName": "path",
                                    "metaType": "string",
                                    "metaValue": "/pCube2/pCubeShape2"
                                },
                                {
                                    "metaName": "setOperation",
                                    "metaType": "string",
                                    "metaValue": "+"
                                },
                                {
                                    "metaName": "active",
                                    "metaType": "string",
                                    "metaValue": "true"
                                }
                            ]
                        }
                    ]
                }
            ],
            "compoundNodes": [
                {
                    "nodeName": "collider",
                    "nodeType": "Simulation::Common::collider",
                    "fanInPortNames": {
                        "geometry": [
                            "pCylinderShape1_mesh",
                            "pCubeShape1_mesh",
                            "pCylinderShape2_mesh"
                        ]
                    },
                    "metadata": [
                        {
                            "metaName": "DisplayMode",
                            "metaType": "string",
                            "metaValue": "2"
                        },
                        {
                            "metaName": "LayoutPos",
                            "metaType": "string",
                            "metaValue": "-114.229 -28.3549"
                        }
                    ]
                },
                {
                    "nodeName": "simulate_jiggle",
                    "nodeType": "BPM::bruh_1::simulate_jiggle",
                    "fanInPortNames": {
                        "sources": [
                            "source"
                        ],
                        "colliders": [
                            "collider"
                        ],
                        "influences": []
                    },
                    "terminalStates": [
                        {
                            "name": "Core::Graph::terminal::final",
                            "enabled": "true"
                        },
                        {
                            "name": "Core::Graph::terminal::proxy",
                            "enabled": "false"
                        },
                        {
                            "name": "Core::Graph::terminal::diagnostic",
                            "enabled": "false"
                        }
                    ],
                    "metadata": [
                        {
                            "metaName": "DisplayMode",
                            "metaType": "string",
                            "metaValue": "2"
                        },
                        {
                            "metaName": "LayoutPos",
                            "metaType": "string",
                            "metaValue": "587.323 -140.457"
                        }
                    ]
                },
                {
                    "nodeName": "particle_solver_settings",
                    "nodeType": "Simulation::Particles::particle_solver_settings",
                    "fanInPortNames": {
                        "additional_settings": []
                    },
                    "metadata": [
                        {
                            "metaName": "DisplayMode",
                            "metaType": "string",
                            "metaValue": "2"
                        },
                        {
                            "metaName": "LayoutPos",
                            "metaType": "string",
                            "metaValue": "313.135 120.134"
                        }
                    ]
                },
                {
                    "nodeName": "mesh_to_jiggle_points",
                    "nodeType": "BPM::bruh_1::mesh_to_jiggle_points",
                    "terminalStates": [
                        {
                            "name": "Core::Graph::terminal::final",
                            "enabled": "true"
                        },
                        {
                            "name": "Core::Graph::terminal::proxy",
                            "enabled": "true"
                        },
                        {
                            "name": "Core::Graph::terminal::diagnostic",
                            "enabled": "false"
                        }
                    ],
                    "metadata": [
                        {
                            "metaName": "DisplayMode",
                            "metaType": "string",
                            "metaValue": "2"
                        },
                        {
                            "metaName": "LayoutPos",
                            "metaType": "string",
                            "metaValue": "-107.709 -341.878"
                        }
                    ]
                },
                {
                    "nodeName": "source_jiggle_body1",
                    "nodeType": "BPM::bruh_1::source_jiggle_body",
                    "terminalStates": [
                        {
                            "name": "Core::Graph::terminal::final",
                            "enabled": "true"
                        },
                        {
                            "name": "Core::Graph::terminal::proxy",
                            "enabled": "true"
                        },
                        {
                            "name": "Core::Graph::terminal::diagnostic",
                            "enabled": "false"
                        }
                    ],
                    "metadata": [
                        {
                            "metaName": "DisplayMode",
                            "metaType": "string",
                            "metaValue": "2"
                        },
                        {
                            "metaName": "LayoutPos",
                            "metaType": "string",
                            "metaValue": "187.5 -373"
                        }
                    ]
                }
            ],
            "connections": [
                {
                    "source": ".pCylinderShape1_mesh",
                    "target": "collider.geometry.pCylinderShape1_mesh"
                },
                {
                    "source": ".pCubeShape1_mesh",
                    "target": "collider.geometry.pCubeShape1_mesh"
                },
                {
                    "source": ".pCylinderShape2_mesh",
                    "target": "collider.geometry.pCylinderShape2_mesh"
                },
                {
                    "source": "collider.collider",
                    "target": "simulate_jiggle.colliders.collider"
                },
                {
                    "source": "particle_solver_settings.solver_settings",
                    "target": "simulate_jiggle.settings"
                },
                {
                    "source": "mesh_to_jiggle_points.points",
                    "target": "source_jiggle_body1.points"
                },
                {
                    "source": "source_jiggle_body1.source",
                    "target": "simulate_jiggle.sources.source"
                },
                {
                    "source": ".cube",
                    "target": "mesh_to_jiggle_points.mesh"
                }
            ],
            "values": [
                {
                    "valueName": "collider.method",
                    "valueType": "Simulation::Collide_Type",
                    "value": "Mesh_For_Points"
                },
                {
                    "valueName": "collider.detail_size",
                    "valueType": "float",
                    "value": "0.200000003f"
                },
                {
                    "valueName": "collider.offset",
                    "valueType": "float",
                    "value": "0f"
                },
                {
                    "valueName": "collider.resolution_mode",
                    "valueType": "Geometry::Volume::ResolutionType",
                    "value": "Absolute"
                },
                {
                    "valueName": "collider.bounciness",
                    "valueType": "float",
                    "value": "0.5f"
                },
                {
                    "valueName": "collider.friction",
                    "valueType": "float",
                    "value": "0f"
                },
                {
                    "valueName": "particle_solver_settings.substeps",
                    "valueType": "int",
                    "value": "10L"
                },
                {
                    "valueName": "particle_solver_settings.self_collisions",
                    "valueType": "bool",
                    "value": "false"
                },
                {
                    "valueName": "mesh_to_jiggle_points.mesh",
                    "valueType": "Amino::Object",
                    "value": {}
                },
                {
                    "valueName": "mesh_to_jiggle_points.min_hole_radius",
                    "valueType": "float",
                    "value": "0f"
                },
                {
                    "valueName": "mesh_to_jiggle_points.volume_mode",
                    "valueType": "Geometry::Converters::VolumeMode",
                    "value": "Solid"
                },
                {
                    "valueName": "mesh_to_jiggle_points.detail_size",
                    "valueType": "float",
                    "value": "2.70000005f"
                },
                {
                    "valueName": "mesh_to_jiggle_points.inner_point_size",
                    "valueType": "float",
                    "value": "1f"
                },
                {
                    "valueName": "mesh_to_jiggle_points.outer_point_size",
                    "valueType": "float",
                    "value": "1f"
                },
                {
                    "valueName": "mesh_to_jiggle_points.scatter",
                    "valueType": "bool",
                    "value": "true"
                },
                {
                    "valueName": "mesh_to_jiggle_points.auto_size_bias",
                    "valueType": "float",
                    "value": "0.200000003f"
                },
                {
                    "valueName": "mesh_to_jiggle_points.packing_scale",
                    "valueType": "float",
                    "value": "1f"
                },
                {
                    "valueName": "mesh_to_jiggle_points.cull_overlapping",
                    "valueType": "bool",
                    "value": "false"
                },
                {
                    "valueName": "mesh_to_jiggle_points.overlapping_radius",
                    "valueType": "float",
                    "value": "1f"
                },
                {
                    "valueName": "mesh_to_jiggle_points.inner_offset",
                    "valueType": "float",
                    "value": "0.200000003f"
                },
                {
                    "valueName": "source_jiggle_body1.connect_distance",
                    "valueType": "float",
                    "value": "1f"
                },
                {
                    "valueName": "source_jiggle_body1.spring_coeff",
                    "valueType": "float",
                    "value": "100f"
                },
                {
                    "valueName": "source_jiggle_body1.spring_smooth",
                    "valueType": "float",
                    "value": "30f"
                },
                {
                    "valueName": "source_jiggle_body1.smooth_radius",
                    "valueType": "float",
                    "value": "2f"
                },
                {
                    "valueName": "source_jiggle_body1.spring_damp",
                    "valueType": "float",
                    "value": "0.0500000007f"
                }
            ],
            "reservedNodeNames": [
                {
                    "name": "input"
                },
                {
                    "name": "input1"
                }
            ]
        }
    ]
}