{
    "header": {
        "metadata": [
            {
                "metaName": "adskFileFormatVersion",
                "metaValue": "100L"
            }
        ]
    },
    "dependencies": [
        {
            "uri": "file:///Math_types.json"
        },
        {
            "uri": "file:///Math_char.json"
        },
        {
            "uri": "file:///Math_float.json"
        },
        {
            "uri": "file:///Math_double.json"
        },
        {
            "uri": "file:///Math_uint.json"
        },
        {
            "uri": "file:///Math_short.json"
        },
        {
            "uri": "file:///Math_ulong.json"
        },
        {
            "uri": "file:///Math_int.json"
        },
        {
            "uri": "file:///Math_uchar.json"
        },
        {
            "uri": "file:///Math_ushort.json"
        },
        {
            "uri": "file:///Math_long.json"
        },
        {
            "uri": "file:///increment_decrement.json"
        },
        {
            "uri": "file:///Math_conversion.json"
        },
        {
            "uri": "file:///Math_array.json"
        },
        {
            "uri": "file:///Core_Array_slice_array.json"
        },
        {
            "uri": "file:///Core_Array_reverse_array.json"
        }
    ],
    "namespaces": [],
    "types": [],
    "compounds": [
        {
            "name": "BPM::g2m_bifrost_pack_0::array::array_close_circle",
            "uriImported": "stream:/bifrostGraphShape2",
            "metadata": [
                {
                    "metaName": "documentation",
                    "metaType": "string",
                    "metaValue": "docs/g2m_array_close_circle.md"
                },
                {
                    "metaName": "icon",
                    "metaType": "string",
                    "metaValue": "icons/g2m_default.png"
                },
                {
                    "metaName": "io_nodes",
                    "metadata": [
                        {
                            "metaName": "io_inodes",
                            "metadata": [
                                {
                                    "metaName": "input",
                                    "metadata": [
                                        {
                                            "metaName": "DisplayMode",
                                            "metaType": "string",
                                            "metaValue": "2"
                                        },
                                        {
                                            "metaName": "io_ports",
                                            "metadata": [
                                                {
                                                    "metaName": "old_array"
                                                },
                                                {
                                                    "metaName": "remove_first"
                                                },
                                                {
                                                    "metaName": "remove_last"
                                                }
                                            ]
                                        },
                                        {
                                            "metaName": "LayoutPos",
                                            "metaType": "string",
                                            "metaValue": "-767.844 -54.665"
                                        }
                                    ]
                                }
                            ]
                        },
                        {
                            "metaName": "io_onodes",
                            "metadata": [
                                {
                                    "metaName": "output",
                                    "metadata": [
                                        {
                                            "metaName": "DisplayMode",
                                            "metaType": "string",
                                            "metaValue": "2"
                                        },
                                        {
                                            "metaName": "io_ports",
                                            "metadata": [
                                                {
                                                    "metaName": "new_array"
                                                }
                                            ]
                                        },
                                        {
                                            "metaName": "LayoutPos",
                                            "metaType": "string",
                                            "metaValue": "3075.67 -53.1755"
                                        }
                                    ]
                                }
                            ]
                        }
                    ]
                },
                {
                    "metaName": "backdrop",
                    "metadata": [
                        {
                            "metaName": "type",
                            "metaType": "string",
                            "metaValue": "backdrop"
                        },
                        {
                            "metaName": "coords",
                            "metaType": "string",
                            "metaValue": "-268.704 -130.67 1112.98 379.075"
                        },
                        {
                            "metaName": "text",
                            "metaType": "string",
                            "metaValue": "old_array = [0,1,2,3]\n\nnew_array = [0,1,2,0,1,2]\n\n** \u7528\u65bc\u8f14\u52a9\u5275\u5efa\u9589\u5408\u7684 face_vertex"
                        }
                    ]
                },
                {
                    "metaName": "_recentNode_",
                    "metaType": "string",
                    "metaValue": "BifrostGraph,Core::Array,reverse_array"
                },
                {
                    "metaName": "_recentNode_",
                    "metaType": "string",
                    "metaValue": "BifrostGraph,Core::Array,array_size"
                },
                {
                    "metaName": "_recentNode_",
                    "metaType": "string",
                    "metaValue": "BifrostGraph,Core::Logic,if"
                },
                {
                    "metaName": "_recentNode_",
                    "metaType": "string",
                    "metaValue": "BifrostGraph,User::G2M,array_close_circle"
                },
                {
                    "metaName": "_recentNode_",
                    "metaType": "string",
                    "metaValue": "BifrostGraph,Core::Array,build_array"
                },
                {
                    "metaName": "ViewportRect",
                    "metaType": "string",
                    "metaValue": "-1101.99 -997.877 2735.93 1495.62"
                },
                {
                    "metaName": "DisplayMode",
                    "metaType": "string",
                    "metaValue": "2"
                },
                {
                    "metaName": "LayoutPos",
                    "metaType": "string",
                    "metaValue": "786.808 407.044"
                }
            ],
            "ports": [
                {
                    "portName": "old_array",
                    "portDirection": "input",
                    "portType": "array<uint>",
                    "portDefault": []
                },
                {
                    "portName": "new_array",
                    "portDirection": "output"
                },
                {
                    "portName": "remove_first",
                    "portDirection": "input",
                    "portType": "bool",
                    "portDefault": "false"
                },
                {
                    "portName": "remove_last",
                    "portDirection": "input",
                    "portType": "bool",
                    "portDefault": "false"
                }
            ],
            "compoundNodes": [
                {
                    "nodeName": "array_size5",
                    "nodeType": "Core::Array::array_size",
                    "metadata": [
                        {
                            "metaName": "DisplayMode",
                            "metaType": "string",
                            "metaValue": "2"
                        },
                        {
                            "metaName": "LayoutPos",
                            "metaType": "string",
                            "metaValue": "1568.08 60.6905"
                        }
                    ]
                },
                {
                    "nodeName": "build_array4",
                    "nodeType": "Core::Array::build_array",
                    "multiInPortNames": [
                        "resized",
                        "resized1"
                    ],
                    "metadata": [
                        {
                            "metaName": "DisplayMode",
                            "metaType": "string",
                            "metaValue": "2"
                        },
                        {
                            "metaName": "LayoutPos",
                            "metaType": "string",
                            "metaValue": "2774.67 -52.9685"
                        }
                    ]
                },
                {
                    "nodeName": "decrement",
                    "nodeType": "Core::Math::decrement",
                    "metadata": [
                        {
                            "metaName": "DisplayMode",
                            "metaType": "string",
                            "metaValue": "2"
                        },
                        {
                            "metaName": "LayoutPos",
                            "metaType": "string",
                            "metaValue": "1817.74 36.2825"
                        }
                    ]
                },
                {
                    "nodeName": "resize_array",
                    "nodeType": "Core::Array::resize_array",
                    "metadata": [
                        {
                            "metaName": "DisplayMode",
                            "metaType": "string",
                            "metaValue": "2"
                        },
                        {
                            "metaName": "LayoutPos",
                            "metaType": "string",
                            "metaValue": "2088.71 -109.777"
                        }
                    ]
                },
                {
                    "nodeName": "if",
                    "nodeType": "Core::Logic::if",
                    "metadata": [
                        {
                            "metaName": "DisplayMode",
                            "metaType": "string",
                            "metaValue": "2"
                        },
                        {
                            "metaName": "LayoutPos",
                            "metaType": "string",
                            "metaValue": "2382.8 -354.855"
                        }
                    ]
                },
                {
                    "nodeName": "if1",
                    "nodeType": "Core::Logic::if",
                    "metadata": [
                        {
                            "metaName": "DisplayMode",
                            "metaType": "string",
                            "metaValue": "2"
                        },
                        {
                            "metaName": "LayoutPos",
                            "metaType": "string",
                            "metaValue": "1142.84 -351.679"
                        }
                    ]
                },
                {
                    "nodeName": "reverse_array",
                    "nodeType": "Core::Array::reverse_array",
                    "metadata": [
                        {
                            "metaName": "DisplayMode",
                            "metaType": "string",
                            "metaValue": "2"
                        },
                        {
                            "metaName": "LayoutPos",
                            "metaType": "string",
                            "metaValue": "173.387 -153.79"
                        }
                    ]
                },
                {
                    "nodeName": "array_size",
                    "nodeType": "Core::Array::array_size",
                    "metadata": [
                        {
                            "metaName": "DisplayMode",
                            "metaType": "string",
                            "metaValue": "2"
                        },
                        {
                            "metaName": "LayoutPos",
                            "metaType": "string",
                            "metaValue": "-87.3935 59.2032"
                        }
                    ]
                },
                {
                    "nodeName": "decrement1",
                    "nodeType": "Core::Math::decrement",
                    "metadata": [
                        {
                            "metaName": "DisplayMode",
                            "metaType": "string",
                            "metaValue": "2"
                        },
                        {
                            "metaName": "LayoutPos",
                            "metaType": "string",
                            "metaValue": "163.685 34.6601"
                        }
                    ]
                },
                {
                    "nodeName": "resize_array1",
                    "nodeType": "Core::Array::resize_array",
                    "metadata": [
                        {
                            "metaName": "DisplayMode",
                            "metaType": "string",
                            "metaValue": "2"
                        },
                        {
                            "metaName": "LayoutPos",
                            "metaType": "string",
                            "metaValue": "490.331 -87.3353"
                        }
                    ]
                },
                {
                    "nodeName": "reverse_array1",
                    "nodeType": "Core::Array::reverse_array",
                    "metadata": [
                        {
                            "metaName": "DisplayMode",
                            "metaType": "string",
                            "metaValue": "2"
                        },
                        {
                            "metaName": "LayoutPos",
                            "metaType": "string",
                            "metaValue": "752.79 -110.675"
                        }
                    ]
                }
            ],
            "connections": [
                {
                    "source": "array_size5.size",
                    "target": "decrement.value"
                },
                {
                    "source": "build_array4.array",
                    "target": ".new_array"
                },
                {
                    "source": "decrement.output",
                    "target": "resize_array.new_size"
                },
                {
                    "source": ".remove_last",
                    "target": "if.condition"
                },
                {
                    "source": "resize_array.resized",
                    "target": "if.true_case"
                },
                {
                    "source": "if.output",
                    "target": "build_array4.first.resized"
                },
                {
                    "source": "if.output",
                    "target": "build_array4.first.resized1"
                },
                {
                    "source": ".remove_first",
                    "target": "if1.condition"
                },
                {
                    "source": ".old_array",
                    "target": "if1.false_case"
                },
                {
                    "source": "if1.output",
                    "target": "array_size5.array"
                },
                {
                    "source": "if1.output",
                    "target": "resize_array.array"
                },
                {
                    "source": "if1.output",
                    "target": "if.false_case"
                },
                {
                    "source": ".old_array",
                    "target": "reverse_array.array"
                },
                {
                    "source": "decrement1.output",
                    "target": "resize_array1.new_size"
                },
                {
                    "source": "array_size.size",
                    "target": "decrement1.value"
                },
                {
                    "source": "reverse_array.reversed",
                    "target": "resize_array1.array"
                },
                {
                    "source": ".old_array",
                    "target": "array_size.array"
                },
                {
                    "source": "resize_array1.resized",
                    "target": "reverse_array1.array"
                },
                {
                    "source": "reverse_array1.reversed",
                    "target": "if1.true_case"
                }
            ],
            "values": [
                {
                    "valueName": "decrement.by",
                    "valueType": "char",
                    "value": "1"
                },
                {
                    "valueName": "decrement1.by",
                    "valueType": "char",
                    "value": "1"
                }
            ],
            "reservedNodeNames": [
                {
                    "name": "input"
                },
                {
                    "name": "output"
                }
            ]
        }
    ]
}