{
    "header": {
        "metadata": [
            {
                "metaName": "adskFileFormatVersion",
                "metaValue": "100L"
            }
        ]
    },
    "namespaces": [],
    "types": [],
    "compounds": [
        {
            "name": "BPM::g2m_bifrost_pack_0::mesh::g2m_basic_triangle",
            "uriImported": "file:///g2m_basic_triangle.json",
            "metadata": [
                {
                    "metaName": "io_nodes",
                    "metadata": [
                        {
                            "metaName": "io_inodes",
                            "metadata": [
                                {
                                    "metaName": "input",
                                    "metadata": [
                                        {
                                            "metaName": "DisplayMode",
                                            "metaType": "string",
                                            "metaValue": "2"
                                        },
                                        {
                                            "metaName": "LayoutPos",
                                            "metaType": "string",
                                            "metaValue": "-713.354 -35.5"
                                        },
                                        {
                                            "metaName": "io_ports",
                                            "metadata": [
                                                {
                                                    "metaName": "three_point_position"
                                                },
                                                {
                                                    "metaName": "use_color"
                                                },
                                                {
                                                    "metaName": "rgb_color"
                                                }
                                            ]
                                        }
                                    ]
                                }
                            ]
                        },
                        {
                            "metaName": "io_onodes",
                            "metadata": [
                                {
                                    "metaName": "output",
                                    "metadata": [
                                        {
                                            "metaName": "DisplayMode",
                                            "metaType": "string",
                                            "metaValue": "2"
                                        },
                                        {
                                            "metaName": "io_ports",
                                            "metadata": [
                                                {
                                                    "metaName": "basic_triangle"
                                                }
                                            ]
                                        },
                                        {
                                            "metaName": "LayoutPos",
                                            "metaType": "string",
                                            "metaValue": "1961.5 20.4914"
                                        }
                                    ]
                                }
                            ]
                        }
                    ]
                },
                {
                    "metaName": "backdrop",
                    "metadata": [
                        {
                            "metaName": "type",
                            "metaType": "string",
                            "metaValue": "backdrop"
                        },
                        {
                            "metaName": "coords",
                            "metaType": "string",
                            "metaValue": "-293.797 -357.683 309.326 298.298"
                        },
                        {
                            "metaName": "text",
                            "metaType": "string",
                            "metaValue": "\u78ba\u4fdd\u53ea\u4f7f\u7528 3 \u500b\u9ede\u3002"
                        }
                    ]
                },
                {
                    "metaName": "backdrop1",
                    "metadata": [
                        {
                            "metaName": "type",
                            "metaType": "string",
                            "metaValue": "backdrop"
                        },
                        {
                            "metaName": "coords",
                            "metaType": "string",
                            "metaValue": "-840.354 -272.5 385 454"
                        },
                        {
                            "metaName": "text",
                            "metaType": "string",
                            "metaValue": "\u5f9e\u8f38\u5165\u7684 3 \u500b point_position \u69cb\u5efa\u4e00\u500b\u4e09\u89d2\u9762\u3002\n\u7b2c\u4e00\u9ede\u4f5c\u70ba face_vertex \u6392\u5e8f\u7684\u9996\u9ede\uff0c\u7136\u5f8c\u7b2c\u4e8c\u9ede\uff0c\u7b2c\u4e09\u9ede\u3002\n\u4e5f\u5c31\u662f [0,1,2]\n\n* \u6b64 Compound \u4e3b\u8981\u7528\u65bc\u6e2c\u8a66\u3002"
                        }
                    ]
                },
                {
                    "metaName": "_recentNode_",
                    "metaType": "string",
                    "metaValue": "BifrostGraph,Geometry::Properties,set_geo_property"
                },
                {
                    "metaName": "_recentNode_",
                    "metaType": "string",
                    "metaValue": "BifrostGraph,Core::Math,normalize"
                },
                {
                    "metaName": "_recentNode_",
                    "metaType": "string",
                    "metaValue": "BifrostGraph,Core::Array,get_from_array"
                },
                {
                    "metaName": "_recentNode_",
                    "metaType": "string",
                    "metaValue": "BifrostGraph,Core::Math,subtract"
                },
                {
                    "metaName": "_recentNode_",
                    "metaType": "string",
                    "metaValue": "BifrostGraph,Core::Array,first_in_array"
                },
                {
                    "metaName": "ViewportRect",
                    "metaType": "string",
                    "metaValue": "-758.511 -559.399 2107.93 1115.65"
                },
                {
                    "metaName": "DisplayMode",
                    "metaType": "string",
                    "metaValue": "2"
                },
                {
                    "metaName": "LayoutPos",
                    "metaType": "string",
                    "metaValue": "587.554 620.427"
                }
            ],
            "ports": [
                {
                    "portName": "basic_triangle",
                    "portDirection": "output",
                    "portType": "Amino::Object"
                },
                {
                    "portName": "three_point_position",
                    "portDirection": "input",
                    "portType": "array<Math::float3>",
                    "portDefault": []
                },
                {
                    "portName": "use_color",
                    "portDirection": "input",
                    "portType": "bool",
                    "portDefault": "true"
                },
                {
                    "portName": "rgb_color",
                    "portDirection": "input",
                    "portType": "Math::float3",
                    "portDefault": {
                        "x": "1f",
                        "y": "0f",
                        "z": "0f"
                    }
                }
            ],
            "compoundNodes": [
                {
                    "nodeName": "assign_material",
                    "nodeType": "Rendering::Materials::assign_material",
                    "metadata": [
                        {
                            "metaName": "DisplayMode",
                            "metaType": "string",
                            "metaValue": "2"
                        },
                        {
                            "metaName": "LayoutPos",
                            "metaType": "string",
                            "metaValue": "589.865 97.1746"
                        }
                    ]
                },
                {
                    "nodeName": "constant_surface_mat",
                    "nodeType": "Rendering::Materials::constant_surface_mat",
                    "metadata": [
                        {
                            "metaName": "DisplayMode",
                            "metaType": "string",
                            "metaValue": "2"
                        },
                        {
                            "metaName": "LayoutPos",
                            "metaType": "string",
                            "metaValue": "262.128 170.649"
                        }
                    ]
                },
                {
                    "nodeName": "construct_mesh",
                    "nodeType": "Geometry::Mesh::construct_mesh",
                    "metadata": [
                        {
                            "metaName": "DisplayMode",
                            "metaType": "string",
                            "metaValue": "2"
                        },
                        {
                            "metaName": "LayoutPos",
                            "metaType": "string",
                            "metaValue": "259.988 -98.3979"
                        }
                    ]
                },
                {
                    "nodeName": "sequence_array",
                    "nodeType": "Core::Array::sequence_array",
                    "metadata": [
                        {
                            "metaName": "DisplayMode",
                            "metaType": "string",
                            "metaValue": "0"
                        },
                        {
                            "metaName": "LayoutPos",
                            "metaType": "string",
                            "metaValue": "10.5022 -30.2379"
                        }
                    ]
                },
                {
                    "nodeName": "sequence_array1",
                    "nodeType": "Core::Array::sequence_array",
                    "metadata": [
                        {
                            "metaName": "DisplayMode",
                            "metaType": "string",
                            "metaValue": "0"
                        },
                        {
                            "metaName": "LayoutPos",
                            "metaType": "string",
                            "metaValue": "12.5022 92.7621"
                        }
                    ]
                },
                {
                    "nodeName": "resize_array",
                    "nodeType": "Core::Array::resize_array",
                    "metadata": [
                        {
                            "metaName": "DisplayMode",
                            "metaType": "string",
                            "metaValue": "2"
                        },
                        {
                            "metaName": "LayoutPos",
                            "metaType": "string",
                            "metaValue": "-228.499 -289"
                        }
                    ]
                },
                {
                    "nodeName": "if",
                    "nodeType": "Core::Logic::if",
                    "metadata": [
                        {
                            "metaName": "DisplayMode",
                            "metaType": "string",
                            "metaValue": "2"
                        },
                        {
                            "metaName": "LayoutPos",
                            "metaType": "string",
                            "metaValue": "950.608 -19.4724"
                        }
                    ]
                },
                {
                    "nodeName": "cross",
                    "nodeType": "Core::Math::cross",
                    "metadata": [
                        {
                            "metaName": "DisplayMode",
                            "metaType": "string",
                            "metaValue": "2"
                        },
                        {
                            "metaName": "LayoutPos",
                            "metaType": "string",
                            "metaValue": "970.5 -480"
                        }
                    ]
                },
                {
                    "nodeName": "first_in_array",
                    "nodeType": "Core::Array::first_in_array",
                    "metadata": [
                        {
                            "metaName": "DisplayMode",
                            "metaType": "string",
                            "metaValue": "2"
                        },
                        {
                            "metaName": "LayoutPos",
                            "metaType": "string",
                            "metaValue": "151.5 -314"
                        }
                    ]
                },
                {
                    "nodeName": "subtract",
                    "nodeType": "Core::Math::subtract",
                    "multiInPortNames": [
                        "resized",
                        "first1"
                    ],
                    "metadata": [
                        {
                            "metaName": "DisplayMode",
                            "metaType": "string",
                            "metaValue": "2"
                        },
                        {
                            "metaName": "LayoutPos",
                            "metaType": "string",
                            "metaValue": "424.6 -423.346"
                        }
                    ]
                },
                {
                    "nodeName": "get_from_array",
                    "nodeType": "Core::Array::get_from_array",
                    "metadata": [
                        {
                            "metaName": "DisplayMode",
                            "metaType": "string",
                            "metaValue": "2"
                        },
                        {
                            "metaName": "LayoutPos",
                            "metaType": "string",
                            "metaValue": "692.5 -558"
                        }
                    ]
                },
                {
                    "nodeName": "get_from_array1",
                    "nodeType": "Core::Array::get_from_array",
                    "metadata": [
                        {
                            "metaName": "DisplayMode",
                            "metaType": "string",
                            "metaValue": "2"
                        },
                        {
                            "metaName": "LayoutPos",
                            "metaType": "string",
                            "metaValue": "693.5 -343"
                        }
                    ]
                },
                {
                    "nodeName": "normalize",
                    "nodeType": "Core::Math::normalize",
                    "metadata": [
                        {
                            "metaName": "DisplayMode",
                            "metaType": "string",
                            "metaValue": "2"
                        },
                        {
                            "metaName": "LayoutPos",
                            "metaType": "string",
                            "metaValue": "1229.5 -504"
                        }
                    ]
                },
                {
                    "nodeName": "set_geo_property",
                    "nodeType": "Geometry::Properties::set_geo_property",
                    "metadata": [
                        {
                            "metaName": "DisplayMode",
                            "metaType": "string",
                            "metaValue": "2"
                        },
                        {
                            "metaName": "LayoutPos",
                            "metaType": "string",
                            "metaValue": "1592.04 -600.022"
                        }
                    ]
                }
            ],
            "connections": [
                {
                    "source": "construct_mesh.mesh",
                    "target": "assign_material.geometry"
                },
                {
                    "source": "constant_surface_mat.material_definition",
                    "target": "assign_material.surface_material"
                },
                {
                    "source": "sequence_array.sequence",
                    "target": "construct_mesh.face_offset"
                },
                {
                    "source": "sequence_array1.sequence",
                    "target": "construct_mesh.face_vertex"
                },
                {
                    "source": ".three_point_position",
                    "target": "resize_array.array"
                },
                {
                    "source": "resize_array.resized",
                    "target": "construct_mesh.point_position"
                },
                {
                    "source": ".rgb_color",
                    "target": "constant_surface_mat.color"
                },
                {
                    "source": ".use_color",
                    "target": "if.condition"
                },
                {
                    "source": "assign_material.out_geometry",
                    "target": "if.true_case"
                },
                {
                    "source": "construct_mesh.mesh",
                    "target": "if.false_case"
                },
                {
                    "source": "resize_array.resized",
                    "target": "first_in_array.array"
                },
                {
                    "source": "resize_array.resized",
                    "target": "subtract.first.resized"
                },
                {
                    "source": "first_in_array.first",
                    "target": "subtract.first.first1"
                },
                {
                    "source": "subtract.output",
                    "target": "get_from_array.array"
                },
                {
                    "source": "get_from_array.value",
                    "target": "cross.first"
                },
                {
                    "source": "subtract.output",
                    "target": "get_from_array1.array"
                },
                {
                    "source": "get_from_array1.value",
                    "target": "cross.second"
                },
                {
                    "source": "cross.cross_product",
                    "target": "normalize.value"
                },
                {
                    "source": "if.output",
                    "target": "set_geo_property.geometry"
                },
                {
                    "source": "normalize.normalized",
                    "target": "set_geo_property.data"
                },
                {
                    "source": "set_geo_property.out_geometry",
                    "target": ".basic_triangle"
                }
            ],
            "values": [
                {
                    "valueName": "assign_material.geometry",
                    "valueType": "Amino::Object",
                    "value": {}
                },
                {
                    "valueName": "assign_material.set_surface",
                    "valueType": "bool",
                    "value": "true"
                },
                {
                    "valueName": "assign_material.set_displacement",
                    "valueType": "bool",
                    "value": "false"
                },
                {
                    "valueName": "assign_material.set_volume",
                    "valueType": "bool",
                    "value": "false"
                },
                {
                    "valueName": "constant_surface_mat.name",
                    "valueType": "string",
                    "value": ""
                },
                {
                    "valueName": "constant_surface_mat.color",
                    "valueType": "Math::float3",
                    "value": {
                        "x": "1f",
                        "y": "0f",
                        "z": "0f"
                    }
                },
                {
                    "valueName": "constant_surface_mat.transparency",
                    "valueType": "Math::float3",
                    "value": {
                        "x": "0.5f",
                        "y": "0.5f",
                        "z": "0.5f"
                    }
                },
                {
                    "valueName": "sequence_array.size",
                    "valueType": "long",
                    "value": "2"
                },
                {
                    "valueName": "sequence_array.start",
                    "valueType": "uint",
                    "value": "0U"
                },
                {
                    "valueName": "sequence_array.step",
                    "valueType": "uint",
                    "value": "3U"
                },
                {
                    "valueName": "sequence_array1.size",
                    "valueType": "long",
                    "value": "3"
                },
                {
                    "valueName": "sequence_array1.start",
                    "valueType": "uint",
                    "value": "0U"
                },
                {
                    "valueName": "sequence_array1.step",
                    "valueType": "uint",
                    "value": "1U"
                },
                {
                    "valueName": "resize_array.new_size",
                    "valueType": "long",
                    "value": "3"
                },
                {
                    "valueName": "get_from_array.index",
                    "valueType": "long",
                    "value": "1"
                },
                {
                    "valueName": "get_from_array1.index",
                    "valueType": "long",
                    "value": "2"
                },
                {
                    "valueName": "set_geo_property.property",
                    "valueType": "string",
                    "value": "point_normal"
                },
                {
                    "valueName": "set_geo_property.default",
                    "valueType": "Math::float3",
                    "value": {
                        "x": "0f",
                        "y": "0f",
                        "z": "0f"
                    }
                },
                {
                    "valueName": "set_geo_property.data",
                    "valueType": "Math::float3",
                    "value": {
                        "x": "0f",
                        "y": "0f",
                        "z": "0f"
                    }
                }
            ],
            "reservedNodeNames": [
                {
                    "name": "input"
                },
                {
                    "name": "output"
                }
            ]
        }
    ]
}