{
    "header": {
        "metadata": [
            {
                "metaName": "adskFileFormatVersion",
                "metaValue": "100L"
            }
        ]
    },
    "namespaces": [],
    "types": [],
    "compounds": [
        {
            "name": "BPM::g2m_bifrost_pack_0::array::g2m_2d_array_to_offset",
            "uriImported": "stream:/bifrostGraphShape1",
            "metadata": [
                {
                    "metaName": "io_nodes",
                    "metadata": [
                        {
                            "metaName": "io_inodes",
                            "metadata": [
                                {
                                    "metaName": "input",
                                    "metadata": [
                                        {
                                            "metaName": "DisplayMode",
                                            "metaType": "string",
                                            "metaValue": "2"
                                        },
                                        {
                                            "metaName": "io_ports",
                                            "metadata": [
                                                {
                                                    "metaName": "array_2d"
                                                }
                                            ]
                                        },
                                        {
                                            "metaName": "LayoutPos",
                                            "metaType": "string",
                                            "metaValue": "-979.026 -10.5063"
                                        }
                                    ]
                                }
                            ]
                        },
                        {
                            "metaName": "io_onodes",
                            "metadata": [
                                {
                                    "metaName": "output",
                                    "metadata": [
                                        {
                                            "metaName": "DisplayMode",
                                            "metaType": "string",
                                            "metaValue": "2"
                                        },
                                        {
                                            "metaName": "io_ports",
                                            "metadata": [
                                                {
                                                    "metaName": "array_1d"
                                                },
                                                {
                                                    "metaName": "offset"
                                                }
                                            ]
                                        },
                                        {
                                            "metaName": "LayoutPos",
                                            "metaType": "string",
                                            "metaValue": "310.688 -104.384"
                                        }
                                    ]
                                }
                            ]
                        }
                    ]
                },
                {
                    "metaName": "_recentNode_",
                    "metaType": "string",
                    "metaValue": "BifrostGraph,Core::Array,empty_array"
                },
                {
                    "metaName": "_recentNode_",
                    "metaType": "string",
                    "metaValue": "BifrostGraph,Core::Iterators,for_each"
                },
                {
                    "metaName": "_recentNode_",
                    "metaType": "string",
                    "metaValue": "BifrostGraph,MJCG::Core::Array,flatten_2D_array"
                },
                {
                    "metaName": "_recentNode_",
                    "metaType": "string",
                    "metaValue": "BifrostGraph,Core::Iterators,iterate"
                },
                {
                    "metaName": "_recentNode_",
                    "metaType": "string",
                    "metaValue": "BifrostGraph,Core::Array,build_array"
                },
                {
                    "metaName": "backdrop",
                    "metadata": [
                        {
                            "metaName": "type",
                            "metaType": "string",
                            "metaValue": "backdrop"
                        },
                        {
                            "metaName": "coords",
                            "metaType": "string",
                            "metaValue": "-989.026 -218.506 269 409"
                        },
                        {
                            "metaName": "text",
                            "metaType": "string",
                            "metaValue": "\u8f49\u63db 2d \u6578\u7d44\u5230 1d\uff0c\u5e76\u8f38\u51fa offset \u5207\u5272\u5b9a\u4f4d\u3002\n\nINPUT:\n[[1,2,3], [8,8,8], [4,5,6]]\n\nOUTPUT:\n[1,2,3, 8,8,8, 4,5,6]\n[0,3,6,9]"
                        }
                    ]
                },
                {
                    "metaName": "ViewportRect",
                    "metaType": "string",
                    "metaValue": "-1015.54 -316.259 1168.65 620.193"
                },
                {
                    "metaName": "DisplayMode",
                    "metaType": "string",
                    "metaValue": "2"
                },
                {
                    "metaName": "LayoutPos",
                    "metaType": "string",
                    "metaValue": "1807.9 581.704"
                }
            ],
            "ports": [
                {
                    "portName": "array_1d",
                    "portDirection": "output"
                },
                {
                    "portName": "offset",
                    "portDirection": "output",
                    "portType": "array<uint>"
                },
                {
                    "portName": "array_2d",
                    "portDirection": "input"
                }
            ],
            "compounds": [
                {
                    "name": "iterate",
                    "uriImported": "stream:/bifrostGraphShape1",
                    "metadata": [
                        {
                            "metaName": "icon",
                            "metaType": "string",
                            "metaValue": "<NATIVE>../icons/LoopIterate.svg"
                        },
                        {
                            "metaName": "icon",
                            "metaType": "string",
                            "metaValue": "<NATIVE>../icons/LoopIterate.svg"
                        },
                        {
                            "metaName": "io_nodes",
                            "metadata": [
                                {
                                    "metaName": "io_inodes",
                                    "metadata": [
                                        {
                                            "metaName": "input",
                                            "metadata": [
                                                {
                                                    "metaName": "DisplayMode",
                                                    "metaType": "string",
                                                    "metaValue": "2"
                                                },
                                                {
                                                    "metaName": "LayoutPos",
                                                    "metaType": "string",
                                                    "metaValue": "-730 -136"
                                                },
                                                {
                                                    "metaName": "io_ports",
                                                    "metadata": [
                                                        {
                                                            "metaName": "current_index"
                                                        },
                                                        {
                                                            "metaName": "array_2d"
                                                        },
                                                        {
                                                            "metaName": "empty_array"
                                                        },
                                                        {
                                                            "metaName": "empty_offset"
                                                        }
                                                    ]
                                                }
                                            ]
                                        }
                                    ]
                                },
                                {
                                    "metaName": "io_onodes",
                                    "metadata": [
                                        {
                                            "metaName": "output",
                                            "metadata": [
                                                {
                                                    "metaName": "DisplayMode",
                                                    "metaType": "string",
                                                    "metaValue": "2"
                                                },
                                                {
                                                    "metaName": "LayoutPos",
                                                    "metaType": "string",
                                                    "metaValue": "452 -131"
                                                },
                                                {
                                                    "metaName": "io_ports",
                                                    "metadata": [
                                                        {
                                                            "metaName": "array_1d"
                                                        },
                                                        {
                                                            "metaName": "offset"
                                                        }
                                                    ]
                                                }
                                            ]
                                        }
                                    ]
                                }
                            ]
                        },
                        {
                            "metaName": "_recentNode_",
                            "metaType": "string",
                            "metaValue": "BifrostGraph,Core::Type_Conversion,to_unsigned_int"
                        },
                        {
                            "metaName": "_recentNode_",
                            "metaType": "string",
                            "metaValue": "BifrostGraph,Core::Array,build_array"
                        },
                        {
                            "metaName": "_recentNode_",
                            "metaType": "string",
                            "metaValue": "BifrostGraph,Geometry::Strands,construct_strands"
                        },
                        {
                            "metaName": "_recentNode_",
                            "metaType": "string",
                            "metaValue": "BifrostGraph,Geometry::Mesh,construct_mesh"
                        },
                        {
                            "metaName": "_recentNode_",
                            "metaType": "string",
                            "metaValue": "BifrostGraph,Core::Array,array_size"
                        },
                        {
                            "metaName": "ViewportRect",
                            "metaType": "string",
                            "metaValue": "-738 -322 1564 830"
                        }
                    ],
                    "ports": [
                        {
                            "portName": "current_index",
                            "portDirection": "input",
                            "portType": "long",
                            "portIterationCounter": "true"
                        },
                        {
                            "portName": "array_2d",
                            "portDirection": "input",
                            "portIterationTarget": "true"
                        },
                        {
                            "portName": "empty_array",
                            "portDirection": "input"
                        },
                        {
                            "portName": "array_1d",
                            "portDirection": "output"
                        },
                        {
                            "portName": "empty_offset",
                            "portDirection": "input",
                            "portType": "array<uint>"
                        },
                        {
                            "portName": "offset",
                            "portDirection": "output"
                        }
                    ],
                    "compoundNodes": [
                        {
                            "nodeName": "build_array",
                            "nodeType": "Core::Array::build_array",
                            "multiInPortNames": [
                                "empty_array",
                                "type_any"
                            ],
                            "metadata": [
                                {
                                    "metaName": "DisplayMode",
                                    "metaType": "string",
                                    "metaValue": "2"
                                },
                                {
                                    "metaName": "LayoutPos",
                                    "metaType": "string",
                                    "metaValue": "-166.5 -190"
                                }
                            ]
                        },
                        {
                            "nodeName": "array_size",
                            "nodeType": "Core::Array::array_size",
                            "metadata": [
                                {
                                    "metaName": "DisplayMode",
                                    "metaType": "string",
                                    "metaValue": "2"
                                },
                                {
                                    "metaName": "LayoutPos",
                                    "metaType": "string",
                                    "metaValue": "-436.5 137"
                                }
                            ]
                        },
                        {
                            "nodeName": "build_array1",
                            "nodeType": "Core::Array::build_array",
                            "multiInPortNames": [
                                "empty_offset",
                                "unsigned_int"
                            ],
                            "metadata": [
                                {
                                    "metaName": "DisplayMode",
                                    "metaType": "string",
                                    "metaValue": "2"
                                },
                                {
                                    "metaName": "LayoutPos",
                                    "metaType": "string",
                                    "metaValue": "63.5 7"
                                }
                            ]
                        },
                        {
                            "nodeName": "to_unsigned_int",
                            "nodeType": "Core::Type_Conversion::to_unsigned_int",
                            "metadata": [
                                {
                                    "metaName": "DisplayMode",
                                    "metaType": "string",
                                    "metaValue": "2"
                                },
                                {
                                    "metaName": "LayoutPos",
                                    "metaType": "string",
                                    "metaValue": "-198.5 113"
                                }
                            ]
                        }
                    ],
                    "connections": [
                        {
                            "source": ".empty_array",
                            "target": "build_array.first.empty_array"
                        },
                        {
                            "source": ".array_2d",
                            "target": "build_array.first.type_any"
                        },
                        {
                            "source": "build_array.array",
                            "target": ".array_1d"
                        },
                        {
                            "source": ".array_2d",
                            "target": "array_size.array"
                        },
                        {
                            "source": ".empty_offset",
                            "target": "build_array1.first.empty_offset"
                        },
                        {
                            "source": "array_size.size",
                            "target": "to_unsigned_int.from"
                        },
                        {
                            "source": "to_unsigned_int.unsigned_int",
                            "target": "build_array1.first.unsigned_int"
                        },
                        {
                            "source": "build_array1.array",
                            "target": ".offset"
                        }
                    ],
                    "values": [],
                    "reservedNodeNames": [
                        {
                            "name": "input"
                        },
                        {
                            "name": "output"
                        }
                    ],
                    "iterateCompound": {
                        "ports": [
                            {
                                "portKind": "state",
                                "inputPortName": "empty_array",
                                "outputPortName": "array_1d"
                            },
                            {
                                "portKind": "state",
                                "inputPortName": "empty_offset",
                                "outputPortName": "offset"
                            }
                        ]
                    }
                }
            ],
            "compoundNodes": [
                {
                    "nodeName": "iterate",
                    "nodeType": "iterate",
                    "metadata": [
                        {
                            "metaName": "DisplayMode",
                            "metaType": "string",
                            "metaValue": "2"
                        },
                        {
                            "metaName": "LayoutPos",
                            "metaType": "string",
                            "metaValue": "-681.99 -106.608"
                        }
                    ]
                },
                {
                    "nodeName": "value",
                    "valueType": "uint",
                    "metadata": [
                        {
                            "metaName": "DisplayMode",
                            "metaType": "string",
                            "metaValue": "2"
                        },
                        {
                            "metaName": "valuenode_defaultvalue",
                            "metaType": "string",
                            "metaValue": "0"
                        },
                        {
                            "metaName": "LayoutPos",
                            "metaType": "string",
                            "metaValue": "-308.584 -0.0114346"
                        }
                    ]
                },
                {
                    "nodeName": "offset",
                    "nodeType": "Core::Array::build_array",
                    "multiInPortNames": [
                        "output",
                        "cumulative"
                    ],
                    "metadata": [
                        {
                            "metaName": "DisplayMode",
                            "metaType": "string",
                            "metaValue": "2"
                        },
                        {
                            "metaName": "LayoutPos",
                            "metaType": "string",
                            "metaValue": "-55.0736 49.1286"
                        }
                    ]
                },
                {
                    "nodeName": "cumulative_sum_array",
                    "nodeType": "Core::Array::cumulative_sum_array",
                    "metadata": [
                        {
                            "metaName": "DisplayMode",
                            "metaType": "string",
                            "metaValue": "2"
                        },
                        {
                            "metaName": "LayoutPos",
                            "metaType": "string",
                            "metaValue": "-306.964 170.504"
                        }
                    ]
                }
            ],
            "connections": [
                {
                    "source": "iterate.array_1d",
                    "target": ".array_1d"
                },
                {
                    "source": "value.output",
                    "target": "offset.first.output"
                },
                {
                    "source": "cumulative_sum_array.cumulative",
                    "target": "offset.first.cumulative"
                },
                {
                    "source": "iterate.offset",
                    "target": "cumulative_sum_array.array"
                },
                {
                    "source": "offset.array",
                    "target": ".offset"
                },
                {
                    "source": ".array_2d",
                    "target": "iterate.array_2d"
                }
            ],
            "values": [
                {
                    "valueName": "value.value",
                    "valueType": "uint",
                    "value": "0U"
                }
            ],
            "reservedNodeNames": [
                {
                    "name": "input"
                },
                {
                    "name": "output"
                }
            ]
        }
    ]
}