{
    "header": {
        "metadata": [
            {
                "metaName": "adskFileFormatVersion",
                "metaValue": "100L"
            }
        ]
    },
    "dependencies": [
        {
            "uri": "file:///Math_types.json"
        },
        {
            "uri": "file:///Math_float.json"
        },
        {
            "uri": "file:///Math_double.json"
        },
        {
            "uri": "file:///Math_long.json"
        },
        {
            "uri": "file:///Math_char.json"
        },
        {
            "uri": "file:///Math_int.json"
        },
        {
            "uri": "file:///Math_short.json"
        },
        {
            "uri": "file:///Math_uchar.json"
        },
        {
            "uri": "file:///Math_uint.json"
        },
        {
            "uri": "file:///Math_ulong.json"
        },
        {
            "uri": "file:///Math_ushort.json"
        },
        {
            "uri": "file:///riv_types.json"
        },
        {
            "uri": "file:///bifrost_object_i.json"
        },
        {
            "uri": "file:///point_types.json"
        },
        {
            "uri": "file:///FCurve.json"
        },
        {
            "uri": "file:///riv_ops.json"
        },
        {
            "uri": "file:///CoreArrayOps.json"
        },
        {
            "uri": "file:///bifrost_geometry_query_types.json"
        },
        {
            "uri": "file:///geometry_types.json"
        },
        {
            "uri": "file:///get_property_any.json"
        },
        {
            "uri": "file:///get_property.json"
        },
        {
            "uri": "file:///get_geo_property.json"
        },
        {
            "uri": "file:///get_geo_component_count.json"
        },
        {
            "uri": "file:///get_mesh_structure.json"
        },
        {
            "uri": "file:///Math_array.json"
        },
        {
            "uri": "file:///increment_decrement.json"
        },
        {
            "uri": "file:///remove_first_in_array.json"
        },
        {
            "uri": "file:///Math_conversion.json"
        },
        {
            "uri": "file:///half_of.json"
        }
    ],
    "namespaces": [],
    "types": [],
    "compounds": [
        {
            "name": "BPM::g2m_bifrost_pack_0::mesh::g2m_mesh_combine",
            "uriImported": "stream:/bifrostGraphShape2",
            "metadata": [
                {
                    "metaName": "io_nodes",
                    "metadata": [
                        {
                            "metaName": "io_inodes",
                            "metadata": [
                                {
                                    "metaName": "input",
                                    "metadata": [
                                        {
                                            "metaName": "DisplayMode",
                                            "metaType": "string",
                                            "metaValue": "2"
                                        },
                                        {
                                            "metaName": "LayoutPos",
                                            "metaType": "string",
                                            "metaValue": "-1506.62 0.517279"
                                        },
                                        {
                                            "metaName": "io_ports",
                                            "metadata": [
                                                {
                                                    "metaName": "first_mesh"
                                                },
                                                {
                                                    "metaName": "second_mesh"
                                                },
                                                {
                                                    "metaName": "merge"
                                                }
                                            ]
                                        }
                                    ]
                                }
                            ]
                        },
                        {
                            "metaName": "io_onodes",
                            "metadata": [
                                {
                                    "metaName": "output",
                                    "metadata": [
                                        {
                                            "metaName": "DisplayMode",
                                            "metaType": "string",
                                            "metaValue": "2"
                                        },
                                        {
                                            "metaName": "io_ports",
                                            "metadata": [
                                                {
                                                    "metaName": "point_position"
                                                },
                                                {
                                                    "metaName": "face_offset"
                                                },
                                                {
                                                    "metaName": "face_vertex"
                                                }
                                            ]
                                        },
                                        {
                                            "metaName": "LayoutPos",
                                            "metaType": "string",
                                            "metaValue": "1669.33 -120.515"
                                        }
                                    ]
                                }
                            ]
                        }
                    ]
                },
                {
                    "metaName": "_recentNode_",
                    "metaType": "string",
                    "metaValue": "BifrostGraph,Core::Math,half_of"
                },
                {
                    "metaName": "_recentNode_",
                    "metaType": "string",
                    "metaValue": "BifrostGraph,Core::Logic,if"
                },
                {
                    "metaName": "_recentNode_",
                    "metaType": "string",
                    "metaValue": "BifrostGraph,User::G2M,print_float3_array"
                },
                {
                    "metaName": "_recentNode_",
                    "metaType": "string",
                    "metaValue": "BifrostGraph,Core::Constants,float"
                },
                {
                    "metaName": "_recentNode_",
                    "metaType": "string",
                    "metaValue": "BifrostGraph,Core::Array,array_size"
                },
                {
                    "metaName": "ViewportRect",
                    "metaType": "string",
                    "metaValue": "-1414.03 -977.197 3915.45 2252.33"
                },
                {
                    "metaName": "DisplayMode",
                    "metaType": "string",
                    "metaValue": "2"
                },
                {
                    "metaName": "LayoutPos",
                    "metaType": "string",
                    "metaValue": "843.842 663.493"
                }
            ],
            "ports": [
                {
                    "portName": "point_position",
                    "portDirection": "output",
                    "portType": "array<Math::float3>"
                },
                {
                    "portName": "face_offset",
                    "portDirection": "output",
                    "portType": "array<uint>"
                },
                {
                    "portName": "face_vertex",
                    "portDirection": "output",
                    "portType": "array<uint>"
                },
                {
                    "portName": "first_mesh",
                    "portDirection": "input",
                    "portType": "Amino::Object",
                    "portDefault": {}
                },
                {
                    "portName": "second_mesh",
                    "portDirection": "input",
                    "portType": "Amino::Object",
                    "portDefault": {}
                },
                {
                    "portName": "merge",
                    "portDirection": "input",
                    "portType": "bool",
                    "portDefault": "true"
                }
            ],
            "compoundNodes": [
                {
                    "nodeName": "add",
                    "nodeType": "Core::Math::add",
                    "multiInPortNames": [
                        "size",
                        "face_vertex1"
                    ],
                    "metadata": [
                        {
                            "metaName": "DisplayMode",
                            "metaType": "string",
                            "metaValue": "2"
                        },
                        {
                            "metaName": "LayoutPos",
                            "metaType": "string",
                            "metaValue": "330.208 801.827"
                        }
                    ]
                },
                {
                    "nodeName": "add1",
                    "nodeType": "Core::Math::add",
                    "multiInPortNames": [
                        "last",
                        "face_offset1"
                    ],
                    "metadata": [
                        {
                            "metaName": "DisplayMode",
                            "metaType": "string",
                            "metaValue": "2"
                        },
                        {
                            "metaName": "LayoutPos",
                            "metaType": "string",
                            "metaValue": "-26.7797 41.7838"
                        }
                    ]
                },
                {
                    "nodeName": "array_size",
                    "nodeType": "Core::Array::array_size",
                    "metadata": [
                        {
                            "metaName": "DisplayMode",
                            "metaType": "string",
                            "metaValue": "2"
                        },
                        {
                            "metaName": "LayoutPos",
                            "metaType": "string",
                            "metaValue": "-410.957 817.642"
                        }
                    ]
                },
                {
                    "nodeName": "face_offset",
                    "nodeType": "Core::Array::build_array",
                    "multiInPortNames": [
                        "face_offset1",
                        "out_array"
                    ],
                    "metadata": [
                        {
                            "metaName": "DisplayMode",
                            "metaType": "string",
                            "metaValue": "2"
                        },
                        {
                            "metaName": "LayoutPos",
                            "metaType": "string",
                            "metaValue": "972.523 -99.6438"
                        }
                    ]
                },
                {
                    "nodeName": "face_vertex",
                    "nodeType": "Core::Array::build_array",
                    "multiInPortNames": [
                        "face_vertex1",
                        "unsigned_int"
                    ],
                    "metadata": [
                        {
                            "metaName": "DisplayMode",
                            "metaType": "string",
                            "metaValue": "2"
                        },
                        {
                            "metaName": "LayoutPos",
                            "metaType": "string",
                            "metaValue": "977.53 138.376"
                        }
                    ]
                },
                {
                    "nodeName": "get_mesh_structure",
                    "nodeType": "Geometry::Mesh::get_mesh_structure",
                    "metadata": [
                        {
                            "metaName": "DisplayMode",
                            "metaType": "string",
                            "metaValue": "2"
                        },
                        {
                            "metaName": "LayoutPos",
                            "metaType": "string",
                            "metaValue": "-1190.01 -383.681"
                        }
                    ]
                },
                {
                    "nodeName": "get_mesh_structure1",
                    "nodeType": "Geometry::Mesh::get_mesh_structure",
                    "metadata": [
                        {
                            "metaName": "DisplayMode",
                            "metaType": "string",
                            "metaValue": "2"
                        },
                        {
                            "metaName": "LayoutPos",
                            "metaType": "string",
                            "metaValue": "-1200.61 245.705"
                        }
                    ]
                },
                {
                    "nodeName": "last_in_array",
                    "nodeType": "Core::Array::last_in_array",
                    "metadata": [
                        {
                            "metaName": "DisplayMode",
                            "metaType": "string",
                            "metaValue": "2"
                        },
                        {
                            "metaName": "LayoutPos",
                            "metaType": "string",
                            "metaValue": "-362.088 39.0523"
                        }
                    ]
                },
                {
                    "nodeName": "point_position1",
                    "nodeType": "Core::Array::build_array",
                    "multiInPortNames": [
                        "point_position",
                        "point_position1"
                    ],
                    "metadata": [
                        {
                            "metaName": "DisplayMode",
                            "metaType": "string",
                            "metaValue": "2"
                        },
                        {
                            "metaName": "LayoutPos",
                            "metaType": "string",
                            "metaValue": "967.848 -334.98"
                        }
                    ]
                },
                {
                    "nodeName": "remove_first_in_array",
                    "nodeType": "MJCG::Core::Array::remove_first_in_array",
                    "metadata": [
                        {
                            "metaName": "DisplayMode",
                            "metaType": "string",
                            "metaValue": "2"
                        },
                        {
                            "metaName": "LayoutPos",
                            "metaType": "string",
                            "metaValue": "263.234 -5.29502"
                        }
                    ]
                },
                {
                    "nodeName": "to_unsigned_int",
                    "nodeType": "Core::Type_Conversion::to_unsigned_int",
                    "metadata": [
                        {
                            "metaName": "DisplayMode",
                            "metaType": "string",
                            "metaValue": "2"
                        },
                        {
                            "metaName": "LayoutPos",
                            "metaType": "string",
                            "metaValue": "581.84 778.428"
                        }
                    ]
                },
                {
                    "nodeName": "resize_array",
                    "nodeType": "Core::Array::resize_array",
                    "metadata": [
                        {
                            "metaName": "DisplayMode",
                            "metaType": "string",
                            "metaValue": "2"
                        },
                        {
                            "metaName": "LayoutPos",
                            "metaType": "string",
                            "metaValue": "64.7375 -792.887"
                        }
                    ]
                },
                {
                    "nodeName": "array_size1",
                    "nodeType": "Core::Array::array_size",
                    "metadata": [
                        {
                            "metaName": "DisplayMode",
                            "metaType": "string",
                            "metaValue": "2"
                        },
                        {
                            "metaName": "LayoutPos",
                            "metaType": "string",
                            "metaValue": "-471.716 -605.982"
                        }
                    ]
                },
                {
                    "nodeName": "half_of",
                    "nodeType": "Core::Math::half_of",
                    "metadata": [
                        {
                            "metaName": "DisplayMode",
                            "metaType": "string",
                            "metaValue": "2"
                        },
                        {
                            "metaName": "LayoutPos",
                            "metaType": "string",
                            "metaValue": "-227.742 -625.957"
                        }
                    ]
                },
                {
                    "nodeName": "if",
                    "nodeType": "Core::Logic::if",
                    "metadata": [
                        {
                            "metaName": "DisplayMode",
                            "metaType": "string",
                            "metaValue": "2"
                        },
                        {
                            "metaName": "LayoutPos",
                            "metaType": "string",
                            "metaValue": "351.514 -685.881"
                        }
                    ]
                },
                {
                    "nodeName": "if1",
                    "nodeType": "Core::Logic::if",
                    "metadata": [
                        {
                            "metaName": "DisplayMode",
                            "metaType": "string",
                            "metaValue": "2"
                        },
                        {
                            "metaName": "LayoutPos",
                            "metaType": "string",
                            "metaValue": "47.9456 613.817"
                        }
                    ]
                },
                {
                    "nodeName": "half_of1",
                    "nodeType": "Core::Math::half_of",
                    "metadata": [
                        {
                            "metaName": "DisplayMode",
                            "metaType": "string",
                            "metaValue": "2"
                        },
                        {
                            "metaName": "LayoutPos",
                            "metaType": "string",
                            "metaValue": "-262.429 660.771"
                        }
                    ]
                }
            ],
            "connections": [
                {
                    "source": "get_mesh_structure1.face_vertex",
                    "target": "add.first.face_vertex1"
                },
                {
                    "source": "add.output",
                    "target": "to_unsigned_int.from"
                },
                {
                    "source": "last_in_array.last",
                    "target": "add1.first.last"
                },
                {
                    "source": "get_mesh_structure1.face_offset",
                    "target": "add1.first.face_offset1"
                },
                {
                    "source": "add1.output",
                    "target": "remove_first_in_array.array"
                },
                {
                    "source": "get_mesh_structure.face_offset",
                    "target": "face_offset.first.face_offset1"
                },
                {
                    "source": "remove_first_in_array.out_array",
                    "target": "face_offset.first.out_array"
                },
                {
                    "source": "get_mesh_structure.face_vertex",
                    "target": "face_vertex.first.face_vertex1"
                },
                {
                    "source": "to_unsigned_int.unsigned_int",
                    "target": "face_vertex.first.unsigned_int"
                },
                {
                    "source": ".first_mesh",
                    "target": "get_mesh_structure.mesh"
                },
                {
                    "source": "get_mesh_structure.face_offset",
                    "target": "last_in_array.array"
                },
                {
                    "source": ".second_mesh",
                    "target": "get_mesh_structure1.mesh"
                },
                {
                    "source": "get_mesh_structure1.point_position",
                    "target": "point_position1.first.point_position1"
                },
                {
                    "source": "get_mesh_structure.point_position",
                    "target": "resize_array.array"
                },
                {
                    "source": "get_mesh_structure.point_position",
                    "target": "array_size1.array"
                },
                {
                    "source": "array_size1.size",
                    "target": "half_of.value"
                },
                {
                    "source": "half_of.half_value",
                    "target": "resize_array.new_size"
                },
                {
                    "source": ".merge",
                    "target": "if.condition"
                },
                {
                    "source": "resize_array.resized",
                    "target": "if.true_case"
                },
                {
                    "source": "get_mesh_structure.point_position",
                    "target": "if.false_case"
                },
                {
                    "source": "if.output",
                    "target": "point_position1.first.point_position"
                },
                {
                    "source": ".merge",
                    "target": "if1.condition"
                },
                {
                    "source": "get_mesh_structure.point_position",
                    "target": "array_size.array"
                },
                {
                    "source": "if1.output",
                    "target": "add.first.size"
                },
                {
                    "source": "array_size.size",
                    "target": "if1.false_case"
                },
                {
                    "source": "array_size.size",
                    "target": "half_of1.value"
                },
                {
                    "source": "half_of1.half_value",
                    "target": "if1.true_case"
                },
                {
                    "source": "point_position1.array",
                    "target": ".point_position"
                },
                {
                    "source": "face_offset.array",
                    "target": ".face_offset"
                },
                {
                    "source": "face_vertex.array",
                    "target": ".face_vertex"
                }
            ],
            "values": [],
            "reservedNodeNames": [
                {
                    "name": "input"
                },
                {
                    "name": "output"
                }
            ]
        }
    ]
}