{
    "header": {
        "metadata": [
            {
                "metaName": "adskFileFormatVersion",
                "metaValue": "100L"
            }
        ]
    },
    "namespaces": [],
    "types": [],
    "compounds": [
        {
            "name": "BPM::g2m_bifrost_pack_0::shading::g2m_show_color_samples",
            "uriImported": "file:///g2m_show_color_samples.json",
            "metadata": [
                {
                    "metaName": "io_nodes",
                    "metadata": [
                        {
                            "metaName": "io_inodes",
                            "metadata": [
                                {
                                    "metaName": "input",
                                    "metadata": [
                                        {
                                            "metaName": "DisplayMode",
                                            "metaType": "string",
                                            "metaValue": "2"
                                        },
                                        {
                                            "metaName": "LayoutPos",
                                            "metaType": "string",
                                            "metaValue": "-546.078 -59.5437"
                                        },
                                        {
                                            "metaName": "io_ports",
                                            "metadata": [
                                                {
                                                    "metaName": "rgb_colors"
                                                },
                                                {
                                                    "metaName": "position_scale"
                                                },
                                                {
                                                    "metaName": "cube_height"
                                                }
                                            ]
                                        }
                                    ]
                                }
                            ]
                        },
                        {
                            "metaName": "io_onodes",
                            "metadata": [
                                {
                                    "metaName": "output",
                                    "metadata": [
                                        {
                                            "metaName": "DisplayMode",
                                            "metaType": "string",
                                            "metaValue": "2"
                                        },
                                        {
                                            "metaName": "LayoutPos",
                                            "metaType": "string",
                                            "metaValue": "185.015 -156.315"
                                        },
                                        {
                                            "metaName": "io_ports",
                                            "metadata": [
                                                {
                                                    "metaName": "cube"
                                                }
                                            ]
                                        }
                                    ]
                                }
                            ]
                        }
                    ]
                },
                {
                    "metaName": "ViewportRect",
                    "metaType": "string",
                    "metaValue": "-422.625 -222.39 953.235 697.768"
                },
                {
                    "metaName": "_recentNode_",
                    "metaType": "string",
                    "metaValue": "BifrostGraph,Core::Graph,terminal"
                },
                {
                    "metaName": "_recentNode_",
                    "metaType": "string",
                    "metaValue": "BifrostGraph,G2M::shading,g2m_show_color_samples"
                },
                {
                    "metaName": "_recentNode_",
                    "metaType": "string",
                    "metaValue": "BifrostGraph,G2M::shading,g2m_12_color_pattern"
                },
                {
                    "metaName": "_recentNode_",
                    "metaType": "string",
                    "metaValue": "BifrostGraph,VHH::Visualize::Display,show_normals"
                },
                {
                    "metaName": "DisplayMode",
                    "metaType": "string",
                    "metaValue": "2"
                },
                {
                    "metaName": "LayoutPos",
                    "metaType": "string",
                    "metaValue": "907.052 -228.796"
                }
            ],
            "ports": [
                {
                    "portName": "cube",
                    "portDirection": "output",
                    "portType": "Amino::Object"
                },
                {
                    "portName": "rgb_colors",
                    "portDirection": "input",
                    "portType": "array<Math::float3>",
                    "portDefault": [],
                    "isDefaultFanIn": "true"
                },
                {
                    "portName": "position_scale",
                    "portDirection": "input",
                    "portType": "float",
                    "portDefault": "1f"
                },
                {
                    "portName": "cube_height",
                    "portDirection": "input",
                    "portType": "float",
                    "portDefault": "5f"
                }
            ],
            "compounds": [
                {
                    "name": "compute_color_samples",
                    "uriImported": "file:///g2m_show_color_samples.json",
                    "metadata": [
                        {
                            "metaName": "icon",
                            "metaType": "string",
                            "metaValue": "<NATIVE>../icons/LoopForEach.svg"
                        },
                        {
                            "metaName": "icon",
                            "metaType": "string",
                            "metaValue": "<NATIVE>../icons/LoopForEach.svg"
                        },
                        {
                            "metaName": "icon",
                            "metaType": "string",
                            "metaValue": "<NATIVE>../icons/LoopForEach.svg"
                        },
                        {
                            "metaName": "_recentNode_",
                            "metaType": "string",
                            "metaValue": "BifrostGraph,Core::Math,multiply"
                        },
                        {
                            "metaName": "_recentNode_",
                            "metaType": "string",
                            "metaValue": "BifrostGraph,Core::Math,add"
                        },
                        {
                            "metaName": "_recentNode_",
                            "metaType": "string",
                            "metaValue": "BifrostGraph,Core::Type_Conversion,to_float"
                        },
                        {
                            "metaName": "_recentNode_",
                            "metaType": "string",
                            "metaValue": "BifrostGraph,Core::Conversion,scalar_to_vector3"
                        },
                        {
                            "metaName": "_recentNode_",
                            "metaType": "string",
                            "metaValue": "BifrostGraph,Core::Logic,greater"
                        },
                        {
                            "metaName": "io_nodes",
                            "metadata": [
                                {
                                    "metaName": "io_inodes",
                                    "metadata": [
                                        {
                                            "metaName": "input",
                                            "metadata": [
                                                {
                                                    "metaName": "DisplayMode",
                                                    "metaType": "string",
                                                    "metaValue": "2"
                                                },
                                                {
                                                    "metaName": "LayoutPos",
                                                    "metaType": "string",
                                                    "metaValue": "-557 -61"
                                                },
                                                {
                                                    "metaName": "io_ports",
                                                    "metadata": [
                                                        {
                                                            "metaName": "current_index"
                                                        },
                                                        {
                                                            "metaName": "rgb"
                                                        },
                                                        {
                                                            "metaName": "position_scale"
                                                        },
                                                        {
                                                            "metaName": "cube_height"
                                                        }
                                                    ]
                                                }
                                            ]
                                        }
                                    ]
                                },
                                {
                                    "metaName": "io_onodes",
                                    "metadata": [
                                        {
                                            "metaName": "output",
                                            "metadata": [
                                                {
                                                    "metaName": "DisplayMode",
                                                    "metaType": "string",
                                                    "metaValue": "2"
                                                },
                                                {
                                                    "metaName": "LayoutPos",
                                                    "metaType": "string",
                                                    "metaValue": "1844 -135"
                                                },
                                                {
                                                    "metaName": "io_ports",
                                                    "metadata": [
                                                        {
                                                            "metaName": "out_geometry"
                                                        }
                                                    ]
                                                }
                                            ]
                                        }
                                    ]
                                }
                            ]
                        },
                        {
                            "metaName": "ViewportRect",
                            "metaType": "string",
                            "metaValue": "-450 -351 777 550"
                        }
                    ],
                    "ports": [
                        {
                            "portName": "current_index",
                            "portDirection": "input",
                            "portType": "long",
                            "portIterationCounter": "true"
                        },
                        {
                            "portName": "rgb",
                            "portDirection": "input",
                            "portIterationTarget": "true"
                        },
                        {
                            "portName": "position_scale",
                            "portDirection": "input",
                            "portType": "float"
                        },
                        {
                            "portName": "out_geometry",
                            "portDirection": "output",
                            "portIterationTarget": "true"
                        },
                        {
                            "portName": "cube_height",
                            "portDirection": "input",
                            "portType": "float"
                        }
                    ],
                    "compoundNodes": [
                        {
                            "nodeName": "create_mesh_cube",
                            "nodeType": "Modeling::Primitive::create_mesh_cube",
                            "metadata": [
                                {
                                    "metaName": "DisplayMode",
                                    "metaType": "string",
                                    "metaValue": "2"
                                },
                                {
                                    "metaName": "PortExpandedState",
                                    "metadata": [
                                        {
                                            "metaName": "Transform",
                                            "metaType": "string",
                                            "metaValue": "1"
                                        },
                                        {
                                            "metaName": "Dimensions",
                                            "metaType": "string",
                                            "metaValue": "1"
                                        }
                                    ]
                                },
                                {
                                    "metaName": "LayoutPos",
                                    "metaType": "string",
                                    "metaValue": "1199.06 -441.391"
                                }
                            ]
                        },
                        {
                            "nodeName": "set_geo_property",
                            "nodeType": "Geometry::Properties::set_geo_property",
                            "metadata": [
                                {
                                    "metaName": "DisplayMode",
                                    "metaType": "string",
                                    "metaValue": "2"
                                },
                                {
                                    "metaName": "LayoutPos",
                                    "metaType": "string",
                                    "metaValue": "1593 -134"
                                }
                            ]
                        },
                        {
                            "nodeName": "if",
                            "nodeType": "Core::Logic::if",
                            "metadata": [
                                {
                                    "metaName": "DisplayMode",
                                    "metaType": "string",
                                    "metaValue": "2"
                                },
                                {
                                    "metaName": "LayoutPos",
                                    "metaType": "string",
                                    "metaValue": "453 -250"
                                }
                            ]
                        },
                        {
                            "nodeName": "greater",
                            "nodeType": "Core::Logic::greater",
                            "metadata": [
                                {
                                    "metaName": "DisplayMode",
                                    "metaType": "string",
                                    "metaValue": "2"
                                },
                                {
                                    "metaName": "LayoutPos",
                                    "metaType": "string",
                                    "metaValue": "-152 -317"
                                }
                            ]
                        },
                        {
                            "nodeName": "scalar_to_vector4",
                            "nodeType": "Core::Conversion::scalar_to_vector3",
                            "metadata": [
                                {
                                    "metaName": "DisplayMode",
                                    "metaType": "string",
                                    "metaValue": "2"
                                },
                                {
                                    "metaName": "LayoutPos",
                                    "metaType": "string",
                                    "metaValue": "939 -298"
                                }
                            ]
                        },
                        {
                            "nodeName": "to_float1",
                            "nodeType": "Core::Type_Conversion::to_float",
                            "metadata": [
                                {
                                    "metaName": "DisplayMode",
                                    "metaType": "string",
                                    "metaValue": "2"
                                },
                                {
                                    "metaName": "LayoutPos",
                                    "metaType": "string",
                                    "metaValue": "691 -274"
                                }
                            ]
                        },
                        {
                            "nodeName": "multiply",
                            "nodeType": "Core::Math::multiply",
                            "multiInPortNames": [
                                "current_index",
                                "position_scale"
                            ],
                            "metadata": [
                                {
                                    "metaName": "DisplayMode",
                                    "metaType": "string",
                                    "metaValue": "2"
                                },
                                {
                                    "metaName": "LayoutPos",
                                    "metaType": "string",
                                    "metaValue": "122 -202"
                                }
                            ]
                        }
                    ],
                    "connections": [
                        {
                            "source": "create_mesh_cube.cube_mesh",
                            "target": "set_geo_property.geometry"
                        },
                        {
                            "source": "set_geo_property.out_geometry",
                            "target": ".out_geometry"
                        },
                        {
                            "source": "if.output",
                            "target": "to_float1.from"
                        },
                        {
                            "source": "greater.output",
                            "target": "if.condition"
                        },
                        {
                            "source": "scalar_to_vector4.vector3",
                            "target": "create_mesh_cube.position"
                        },
                        {
                            "source": "to_float1.float",
                            "target": "scalar_to_vector4.x"
                        },
                        {
                            "source": "multiply.output",
                            "target": "if.true_case"
                        },
                        {
                            "source": ".current_index",
                            "target": "greater.first"
                        },
                        {
                            "source": ".current_index",
                            "target": "if.false_case"
                        },
                        {
                            "source": ".current_index",
                            "target": "multiply.first.current_index"
                        },
                        {
                            "source": ".rgb",
                            "target": "set_geo_property.data"
                        },
                        {
                            "source": ".position_scale",
                            "target": "multiply.first.position_scale"
                        },
                        {
                            "source": ".cube_height",
                            "target": "create_mesh_cube.height"
                        }
                    ],
                    "values": [
                        {
                            "valueName": "create_mesh_cube.length",
                            "valueType": "float",
                            "value": "1f"
                        },
                        {
                            "valueName": "create_mesh_cube.width",
                            "valueType": "float",
                            "value": "1f"
                        },
                        {
                            "valueName": "create_mesh_cube.height",
                            "valueType": "float",
                            "value": "5f"
                        },
                        {
                            "valueName": "create_mesh_cube.position",
                            "valueType": "Math::float3",
                            "value": {
                                "x": "0f",
                                "y": "0f",
                                "z": "0f"
                            }
                        },
                        {
                            "valueName": "create_mesh_cube.up_axis",
                            "valueType": "Math::float3",
                            "value": {
                                "x": "0f",
                                "y": "1f",
                                "z": "0f"
                            }
                        },
                        {
                            "valueName": "create_mesh_cube.base_to_pivot",
                            "valueType": "bool",
                            "value": "true"
                        },
                        {
                            "valueName": "set_geo_property.property",
                            "valueType": "string",
                            "value": "color"
                        },
                        {
                            "valueName": "set_geo_property.default",
                            "valueType": "Math::float3",
                            "value": {
                                "x": "0f",
                                "y": "0f",
                                "z": "0f"
                            }
                        },
                        {
                            "valueName": "set_geo_property.data",
                            "valueType": "Math::float3",
                            "value": {
                                "x": "0f",
                                "y": "0f",
                                "z": "0f"
                            }
                        },
                        {
                            "valueName": "set_geo_property.target",
                            "valueType": "string",
                            "value": "point_component"
                        }
                    ],
                    "reservedNodeNames": [
                        {
                            "name": "input"
                        },
                        {
                            "name": "output"
                        }
                    ],
                    "forEachCompound": {
                        "ports": []
                    }
                }
            ],
            "compoundNodes": [
                {
                    "nodeName": "compute_color_samples",
                    "nodeType": "compute_color_samples",
                    "metadata": [
                        {
                            "metaName": "DisplayMode",
                            "metaType": "string",
                            "metaValue": "2"
                        },
                        {
                            "metaName": "LayoutPos",
                            "metaType": "string",
                            "metaValue": "-293.791 -131.877"
                        }
                    ]
                },
                {
                    "nodeName": "merge_geometry",
                    "nodeType": "Modeling::Common::merge_geometry",
                    "metadata": [
                        {
                            "metaName": "DisplayMode",
                            "metaType": "string",
                            "metaValue": "2"
                        },
                        {
                            "metaName": "LayoutPos",
                            "metaType": "string",
                            "metaValue": "-54.8565 -156.276"
                        }
                    ]
                },
                {
                    "nodeName": "terminal",
                    "nodeType": "Core::Graph::terminal",
                    "fanInPortNames": {
                        "final": [],
                        "proxy": [],
                        "diagnostic": [
                            "out_geometry"
                        ]
                    },
                    "deactivatedTerminals": [
                        "Core::Graph::terminal::final",
                        "Core::Graph::terminal::proxy"
                    ],
                    "metadata": [
                        {
                            "metaName": "DisplayMode",
                            "metaType": "string",
                            "metaValue": "2"
                        },
                        {
                            "metaName": "LayoutPos",
                            "metaType": "string",
                            "metaValue": "188.334 21.8896"
                        }
                    ]
                }
            ],
            "connections": [
                {
                    "source": "compute_color_samples.out_geometry",
                    "target": "merge_geometry.geometry"
                },
                {
                    "source": "merge_geometry.merged",
                    "target": ".cube"
                },
                {
                    "source": ".position_scale",
                    "target": "compute_color_samples.position_scale"
                },
                {
                    "source": ".rgb_colors",
                    "target": "compute_color_samples.rgb"
                },
                {
                    "source": ".cube_height",
                    "target": "compute_color_samples.cube_height"
                },
                {
                    "source": "compute_color_samples.out_geometry",
                    "target": "terminal.diagnostic.out_geometry"
                }
            ],
            "values": [
                {
                    "valueName": "compute_color_samples.position_scale",
                    "valueType": "float",
                    "value": "1f"
                },
                {
                    "valueName": "compute_color_samples.cube_height",
                    "valueType": "float",
                    "value": "5f"
                }
            ],
            "reservedNodeNames": [
                {
                    "name": "input"
                },
                {
                    "name": "output"
                }
            ]
        }
    ]
}