{
    "header": {
        "metadata": [
            {
                "metaName": "adskFileFormatVersion",
                "metaValue": "100L"
            }
        ]
    },
    "namespaces": [],
    "types": [],
    "compounds": [
        {
            "name": "BPM::g2m_bifrost_pack_0::mesh::g2m_calculate_face_ref",
            "uriImported": "stream:/stream",
            "metadata": [
                {
                    "metaName": "io_nodes",
                    "metadata": [
                        {
                            "metaName": "io_inodes",
                            "metadata": [
                                {
                                    "metaName": "input",
                                    "metadata": [
                                        {
                                            "metaName": "DisplayMode",
                                            "metaType": "string",
                                            "metaValue": "2"
                                        },
                                        {
                                            "metaName": "io_ports",
                                            "metadata": [
                                                {
                                                    "metaName": "face_vertex"
                                                },
                                                {
                                                    "metaName": "face_offset"
                                                }
                                            ]
                                        },
                                        {
                                            "metaName": "LayoutPos",
                                            "metaType": "string",
                                            "metaValue": "-766 212"
                                        }
                                    ]
                                }
                            ]
                        },
                        {
                            "metaName": "io_onodes",
                            "metadata": [
                                {
                                    "metaName": "output",
                                    "metadata": [
                                        {
                                            "metaName": "DisplayMode",
                                            "metaType": "string",
                                            "metaValue": "2"
                                        },
                                        {
                                            "metaName": "io_ports",
                                            "metadata": [
                                                {
                                                    "metaName": "face_vertex_ref"
                                                },
                                                {
                                                    "metaName": "face_offset_ref"
                                                }
                                            ]
                                        },
                                        {
                                            "metaName": "LayoutPos",
                                            "metaType": "string",
                                            "metaValue": "865.687 119.923"
                                        }
                                    ]
                                }
                            ]
                        }
                    ]
                },
                {
                    "metaName": "_recentNode_",
                    "metaType": "string",
                    "metaValue": "BifrostGraph,Core::Array,build_array"
                },
                {
                    "metaName": "_recentNode_",
                    "metaType": "string",
                    "metaValue": "BifrostGraph,Core::Array,set_in_array"
                },
                {
                    "metaName": "_recentNode_",
                    "metaType": "string",
                    "metaValue": "BifrostGraph,Core::Math,add"
                },
                {
                    "metaName": "_recentNode_",
                    "metaType": "string",
                    "metaValue": "BifrostGraph,Core::Math,decrement"
                },
                {
                    "metaName": "_recentNode_",
                    "metaType": "string",
                    "metaValue": "BifrostGraph,Core::Array,array_size"
                },
                {
                    "metaName": "backdrop",
                    "metadata": [
                        {
                            "metaName": "type",
                            "metaType": "string",
                            "metaValue": "backdrop"
                        },
                        {
                            "metaName": "coords",
                            "metaType": "string",
                            "metaValue": "-783.709 144.19 268.211 291.626"
                        },
                        {
                            "metaName": "text",
                            "metaType": "string",
                            "metaValue": "\u8a08\u7b97\u570d\u6210 face \u7684\u5be6\u969b face_vertex \u5e8f\u5217\u3002\n\n\u5982\uff1a[0,1,2] \u570d\u4e00\u500b\u4e09\u89d2\u5f62\uff0c\u5be6\u969b\u7684\u908a\u662f [0,1,2,0]\u3002\n\u540c\u6642\u64f4\u5c55 face_offset\uff0c\u5982 [0,3,6] => [0,4,8]"
                        }
                    ]
                },
                {
                    "metaName": "ViewportRect",
                    "metaType": "string",
                    "metaValue": "-675.955 -94.7263 1096.62 865.395"
                },
                {
                    "metaName": "DisplayMode",
                    "metaType": "string",
                    "metaValue": "2"
                },
                {
                    "metaName": "LayoutPos",
                    "metaType": "string",
                    "metaValue": "-67.2677 -36.9078"
                }
            ],
            "ports": [
                {
                    "portName": "face_vertex",
                    "portDirection": "input",
                    "portType": "array<uint>"
                },
                {
                    "portName": "face_offset",
                    "portDirection": "input",
                    "portType": "array<uint>"
                },
                {
                    "portName": "face_vertex_ref",
                    "portDirection": "output"
                },
                {
                    "portName": "face_offset_ref",
                    "portDirection": "output"
                }
            ],
            "compounds": [
                {
                    "name": "iterate",
                    "uriImported": "stream:/stream",
                    "metadata": [
                        {
                            "metaName": "icon",
                            "metaType": "string",
                            "metaValue": "<NATIVE>../icons/LoopIterate.svg"
                        },
                        {
                            "metaName": "icon",
                            "metaType": "string",
                            "metaValue": "<NATIVE>../icons/LoopIterate.svg"
                        },
                        {
                            "metaName": "icon",
                            "metaType": "string",
                            "metaValue": "<NATIVE>../icons/LoopIterate.svg"
                        },
                        {
                            "metaName": "io_nodes",
                            "metadata": [
                                {
                                    "metaName": "io_inodes",
                                    "metadata": [
                                        {
                                            "metaName": "input",
                                            "metadata": [
                                                {
                                                    "metaName": "DisplayMode",
                                                    "metaType": "string",
                                                    "metaValue": "2"
                                                },
                                                {
                                                    "metaName": "LayoutPos",
                                                    "metaType": "string",
                                                    "metaValue": "-785 -46"
                                                },
                                                {
                                                    "metaName": "io_ports",
                                                    "metadata": [
                                                        {
                                                            "metaName": "max_iterations"
                                                        },
                                                        {
                                                            "metaName": "current_index"
                                                        },
                                                        {
                                                            "metaName": "face_vertex"
                                                        },
                                                        {
                                                            "metaName": "face_offset"
                                                        },
                                                        {
                                                            "metaName": "face_vertex_ref_pool"
                                                        },
                                                        {
                                                            "metaName": "face_offset_pool"
                                                        }
                                                    ]
                                                }
                                            ]
                                        }
                                    ]
                                },
                                {
                                    "metaName": "io_onodes",
                                    "metadata": [
                                        {
                                            "metaName": "output",
                                            "metadata": [
                                                {
                                                    "metaName": "DisplayMode",
                                                    "metaType": "string",
                                                    "metaValue": "2"
                                                },
                                                {
                                                    "metaName": "LayoutPos",
                                                    "metaType": "string",
                                                    "metaValue": "1416.98 -93.9562"
                                                },
                                                {
                                                    "metaName": "io_ports",
                                                    "metadata": [
                                                        {
                                                            "metaName": "face_vertex_ref"
                                                        },
                                                        {
                                                            "metaName": "face_offset_ref"
                                                        }
                                                    ]
                                                }
                                            ]
                                        }
                                    ]
                                }
                            ]
                        },
                        {
                            "metaName": "_recentNode_",
                            "metaType": "string",
                            "metaValue": "BifrostGraph,Core::Math,decrement"
                        },
                        {
                            "metaName": "_recentNode_",
                            "metaType": "string",
                            "metaValue": "BifrostGraph,Core::Array,build_array"
                        },
                        {
                            "metaName": "_recentNode_",
                            "metaType": "string",
                            "metaValue": "BifrostGraph,Core::Math,add"
                        },
                        {
                            "metaName": "_recentNode_",
                            "metaType": "string",
                            "metaValue": "BifrostGraph,Core::Math,increment"
                        },
                        {
                            "metaName": "_recentNode_",
                            "metaType": "string",
                            "metaValue": "BifrostGraph,Core::Math,subtract"
                        },
                        {
                            "metaName": "ViewportRect",
                            "metaType": "string",
                            "metaValue": "-1026.62 -509.771 1607.29 1268.39"
                        }
                    ],
                    "ports": [
                        {
                            "portName": "max_iterations",
                            "portDirection": "input",
                            "portType": "long",
                            "portIterationLimit": "true"
                        },
                        {
                            "portName": "current_index",
                            "portDirection": "input",
                            "portType": "long",
                            "portIterationCounter": "true"
                        },
                        {
                            "portName": "face_vertex",
                            "portDirection": "input",
                            "portType": "array<uint>"
                        },
                        {
                            "portName": "face_offset",
                            "portDirection": "input",
                            "portType": "array<uint>"
                        },
                        {
                            "portName": "face_vertex_ref_pool",
                            "portDirection": "input",
                            "portType": "array<uint>"
                        },
                        {
                            "portName": "face_vertex_ref",
                            "portDirection": "output"
                        },
                        {
                            "portName": "face_offset_pool",
                            "portDirection": "input",
                            "portType": "array<uint>"
                        },
                        {
                            "portName": "face_offset_ref",
                            "portDirection": "output"
                        }
                    ],
                    "compoundNodes": [
                        {
                            "nodeName": "get_from_array",
                            "nodeType": "Core::Array::get_from_array",
                            "metadata": [
                                {
                                    "metaName": "DisplayMode",
                                    "metaType": "string",
                                    "metaValue": "2"
                                },
                                {
                                    "metaName": "LayoutPos",
                                    "metaType": "string",
                                    "metaValue": "-422.597 -412.84"
                                }
                            ]
                        },
                        {
                            "nodeName": "slice_array",
                            "nodeType": "Core::Array::slice_array",
                            "metadata": [
                                {
                                    "metaName": "DisplayMode",
                                    "metaType": "string",
                                    "metaValue": "2"
                                },
                                {
                                    "metaName": "LayoutPos",
                                    "metaType": "string",
                                    "metaValue": "81.6204 -366.351"
                                }
                            ]
                        },
                        {
                            "nodeName": "get_from_array1",
                            "nodeType": "Core::Array::get_from_array",
                            "metadata": [
                                {
                                    "metaName": "DisplayMode",
                                    "metaType": "string",
                                    "metaValue": "2"
                                },
                                {
                                    "metaName": "LayoutPos",
                                    "metaType": "string",
                                    "metaValue": "-172.732 -293.887"
                                }
                            ]
                        },
                        {
                            "nodeName": "increment",
                            "nodeType": "Core::Math::increment",
                            "metadata": [
                                {
                                    "metaName": "DisplayMode",
                                    "metaType": "string",
                                    "metaValue": "0"
                                },
                                {
                                    "metaName": "LayoutPos",
                                    "metaType": "string",
                                    "metaValue": "-419.732 -215.887"
                                }
                            ]
                        },
                        {
                            "nodeName": "build_array",
                            "nodeType": "Core::Array::build_array",
                            "multiInPortNames": [
                                "empty_array",
                                "new_array"
                            ],
                            "metadata": [
                                {
                                    "metaName": "DisplayMode",
                                    "metaType": "string",
                                    "metaValue": "2"
                                },
                                {
                                    "metaName": "LayoutPos",
                                    "metaType": "string",
                                    "metaValue": "1138.24 -245.931"
                                }
                            ]
                        },
                        {
                            "nodeName": "first_in_array",
                            "nodeType": "Core::Array::first_in_array",
                            "metadata": [
                                {
                                    "metaName": "DisplayMode",
                                    "metaType": "string",
                                    "metaValue": "2"
                                },
                                {
                                    "metaName": "LayoutPos",
                                    "metaType": "string",
                                    "metaValue": "496.323 -149.417"
                                }
                            ]
                        },
                        {
                            "nodeName": "build_array1",
                            "nodeType": "Core::Array::build_array",
                            "multiInPortNames": [
                                "slice",
                                "first1"
                            ],
                            "metadata": [
                                {
                                    "metaName": "DisplayMode",
                                    "metaType": "string",
                                    "metaValue": "2"
                                },
                                {
                                    "metaName": "LayoutPos",
                                    "metaType": "string",
                                    "metaValue": "795.726 -197.83"
                                }
                            ]
                        },
                        {
                            "nodeName": "current_face_offset",
                            "nodeType": "Core::Array::get_from_array",
                            "metadata": [
                                {
                                    "metaName": "DisplayMode",
                                    "metaType": "string",
                                    "metaValue": "2"
                                },
                                {
                                    "metaName": "LayoutPos",
                                    "metaType": "string",
                                    "metaValue": "-403 241"
                                }
                            ]
                        },
                        {
                            "nodeName": "next_face_offset",
                            "nodeType": "Core::Array::get_from_array",
                            "metadata": [
                                {
                                    "metaName": "DisplayMode",
                                    "metaType": "string",
                                    "metaValue": "2"
                                },
                                {
                                    "metaName": "LayoutPos",
                                    "metaType": "string",
                                    "metaValue": "-404 452"
                                }
                            ]
                        },
                        {
                            "nodeName": "increment1",
                            "nodeType": "Core::Math::increment",
                            "metadata": [
                                {
                                    "metaName": "DisplayMode",
                                    "metaType": "string",
                                    "metaValue": "0"
                                },
                                {
                                    "metaName": "LayoutPos",
                                    "metaType": "string",
                                    "metaValue": "-634 521"
                                }
                            ]
                        },
                        {
                            "nodeName": "subtract",
                            "nodeType": "Core::Math::subtract",
                            "multiInPortNames": [
                                "value",
                                "value1"
                            ],
                            "metadata": [
                                {
                                    "metaName": "DisplayMode",
                                    "metaType": "string",
                                    "metaValue": "2"
                                },
                                {
                                    "metaName": "LayoutPos",
                                    "metaType": "string",
                                    "metaValue": "-157 323"
                                }
                            ]
                        },
                        {
                            "nodeName": "new_next_face_offset",
                            "nodeType": "Core::Math::add",
                            "multiInPortNames": [
                                "value",
                                "output1",
                                "output2"
                            ],
                            "metadata": [
                                {
                                    "metaName": "DisplayMode",
                                    "metaType": "string",
                                    "metaValue": "2"
                                },
                                {
                                    "metaName": "LayoutPos",
                                    "metaType": "string",
                                    "metaValue": "595.891 203.212"
                                }
                            ]
                        },
                        {
                            "nodeName": "value",
                            "valueType": "uint",
                            "metadata": [
                                {
                                    "metaName": "valuenode_defaultvalue",
                                    "metaType": "string",
                                    "metaValue": "0"
                                },
                                {
                                    "metaName": "DisplayMode",
                                    "metaType": "string",
                                    "metaValue": "0"
                                },
                                {
                                    "metaName": "LayoutPos",
                                    "metaType": "string",
                                    "metaValue": "333.01 367.305"
                                }
                            ]
                        },
                        {
                            "nodeName": "build_array2",
                            "nodeType": "Core::Array::build_array",
                            "multiInPortNames": [
                                "face_offset_pool",
                                "output"
                            ],
                            "metadata": [
                                {
                                    "metaName": "DisplayMode",
                                    "metaType": "string",
                                    "metaValue": "2"
                                },
                                {
                                    "metaName": "LayoutPos",
                                    "metaType": "string",
                                    "metaValue": "984.735 54.7216"
                                }
                            ]
                        },
                        {
                            "nodeName": "current_pool_face_offset",
                            "nodeType": "Core::Array::get_from_array",
                            "metadata": [
                                {
                                    "metaName": "DisplayMode",
                                    "metaType": "string",
                                    "metaValue": "2"
                                },
                                {
                                    "metaName": "LayoutPos",
                                    "metaType": "string",
                                    "metaValue": "342.183 153.226"
                                }
                            ]
                        },
                        {
                            "nodeName": "decrement",
                            "nodeType": "Core::Math::decrement",
                            "metadata": [
                                {
                                    "metaName": "DisplayMode",
                                    "metaType": "string",
                                    "metaValue": "0"
                                },
                                {
                                    "metaName": "LayoutPos",
                                    "metaType": "string",
                                    "metaValue": "100.626 223.52"
                                }
                            ]
                        }
                    ],
                    "connections": [
                        {
                            "source": ".current_index",
                            "target": "get_from_array.index"
                        },
                        {
                            "source": "get_from_array.value",
                            "target": "slice_array.start"
                        },
                        {
                            "source": ".current_index",
                            "target": "increment.value"
                        },
                        {
                            "source": "increment.output",
                            "target": "get_from_array1.index"
                        },
                        {
                            "source": "get_from_array1.value",
                            "target": "slice_array.stop"
                        },
                        {
                            "source": "build_array.array",
                            "target": ".face_vertex_ref"
                        },
                        {
                            "source": ".face_vertex_ref_pool",
                            "target": "build_array.first.empty_array"
                        },
                        {
                            "source": ".face_vertex",
                            "target": "slice_array.array"
                        },
                        {
                            "source": ".face_offset",
                            "target": "get_from_array.array"
                        },
                        {
                            "source": ".face_offset",
                            "target": "get_from_array1.array"
                        },
                        {
                            "source": "slice_array.slice",
                            "target": "first_in_array.array"
                        },
                        {
                            "source": "slice_array.slice",
                            "target": "build_array1.first.slice"
                        },
                        {
                            "source": "first_in_array.first",
                            "target": "build_array1.first.first1"
                        },
                        {
                            "source": "build_array1.array",
                            "target": "build_array.first.new_array"
                        },
                        {
                            "source": ".face_offset",
                            "target": "current_face_offset.array"
                        },
                        {
                            "source": ".current_index",
                            "target": "current_face_offset.index"
                        },
                        {
                            "source": ".current_index",
                            "target": "increment1.value"
                        },
                        {
                            "source": "increment1.output",
                            "target": "next_face_offset.index"
                        },
                        {
                            "source": ".face_offset",
                            "target": "next_face_offset.array"
                        },
                        {
                            "source": "next_face_offset.value",
                            "target": "subtract.first.value"
                        },
                        {
                            "source": "current_face_offset.value",
                            "target": "subtract.first.value1"
                        },
                        {
                            "source": "subtract.output",
                            "target": "new_next_face_offset.first.output1"
                        },
                        {
                            "source": "value.output",
                            "target": "new_next_face_offset.first.output2"
                        },
                        {
                            "source": ".face_offset_pool",
                            "target": "build_array2.first.face_offset_pool"
                        },
                        {
                            "source": "new_next_face_offset.output",
                            "target": "build_array2.first.output"
                        },
                        {
                            "source": "build_array2.array",
                            "target": ".face_offset_ref"
                        },
                        {
                            "source": ".face_offset_pool",
                            "target": "current_pool_face_offset.array"
                        },
                        {
                            "source": "current_pool_face_offset.value",
                            "target": "new_next_face_offset.first.value"
                        },
                        {
                            "source": ".current_index",
                            "target": "decrement.value"
                        },
                        {
                            "source": "decrement.output",
                            "target": "current_pool_face_offset.index"
                        }
                    ],
                    "values": [
                        {
                            "valueName": "increment.by",
                            "valueType": "char",
                            "value": "1"
                        },
                        {
                            "valueName": "increment1.by",
                            "valueType": "char",
                            "value": "1"
                        },
                        {
                            "valueName": "value.value",
                            "valueType": "uint",
                            "value": "1U"
                        }
                    ],
                    "reservedNodeNames": [
                        {
                            "name": "input"
                        },
                        {
                            "name": "output"
                        }
                    ],
                    "iterateCompound": {
                        "ports": [
                            {
                                "portKind": "state",
                                "inputPortName": "face_vertex_ref_pool",
                                "outputPortName": "face_vertex_ref"
                            },
                            {
                                "portKind": "state",
                                "inputPortName": "face_offset_pool",
                                "outputPortName": "face_offset_ref"
                            }
                        ]
                    }
                }
            ],
            "compoundNodes": [
                {
                    "nodeName": "iterate",
                    "nodeType": "iterate",
                    "metadata": [
                        {
                            "metaName": "DisplayMode",
                            "metaType": "string",
                            "metaValue": "2"
                        },
                        {
                            "metaName": "LayoutPos",
                            "metaType": "string",
                            "metaValue": "58.5542 118.61"
                        }
                    ]
                },
                {
                    "nodeName": "array_size",
                    "nodeType": "Core::Array::array_size",
                    "metadata": [
                        {
                            "metaName": "DisplayMode",
                            "metaType": "string",
                            "metaValue": "0"
                        },
                        {
                            "metaName": "LayoutPos",
                            "metaType": "string",
                            "metaValue": "-477.912 153.169"
                        }
                    ]
                },
                {
                    "nodeName": "decrement",
                    "nodeType": "Core::Math::decrement",
                    "metadata": [
                        {
                            "metaName": "DisplayMode",
                            "metaType": "string",
                            "metaValue": "0"
                        },
                        {
                            "metaName": "LayoutPos",
                            "metaType": "string",
                            "metaValue": "-226.736 153.169"
                        }
                    ]
                },
                {
                    "nodeName": "value",
                    "valueType": "uint",
                    "metadata": [
                        {
                            "metaName": "valuenode_defaultvalue",
                            "metaType": "string",
                            "metaValue": "0"
                        },
                        {
                            "metaName": "DisplayMode",
                            "metaType": "string",
                            "metaValue": "0"
                        },
                        {
                            "metaName": "LayoutPos",
                            "metaType": "string",
                            "metaValue": "322.271 214.59"
                        }
                    ]
                },
                {
                    "nodeName": "fill_zero_to_head",
                    "nodeType": "Core::Array::build_array",
                    "multiInPortNames": [
                        "output",
                        "face_offset_ref"
                    ],
                    "metadata": [
                        {
                            "metaName": "DisplayMode",
                            "metaType": "string",
                            "metaValue": "2"
                        },
                        {
                            "metaName": "LayoutPos",
                            "metaType": "string",
                            "metaValue": "562.5 197"
                        }
                    ]
                }
            ],
            "connections": [
                {
                    "source": "array_size.size",
                    "target": "decrement.value"
                },
                {
                    "source": "decrement.output",
                    "target": "iterate.max_iterations"
                },
                {
                    "source": "iterate.face_vertex_ref",
                    "target": ".face_vertex_ref"
                },
                {
                    "source": ".face_offset",
                    "target": "array_size.array"
                },
                {
                    "source": ".face_vertex",
                    "target": "iterate.face_vertex"
                },
                {
                    "source": ".face_offset",
                    "target": "iterate.face_offset"
                },
                {
                    "source": "value.output",
                    "target": "fill_zero_to_head.first.output"
                },
                {
                    "source": "iterate.face_offset_ref",
                    "target": "fill_zero_to_head.first.face_offset_ref"
                },
                {
                    "source": "fill_zero_to_head.array",
                    "target": ".face_offset_ref"
                }
            ],
            "values": [
                {
                    "valueName": "iterate.max_iterations",
                    "valueType": "long",
                    "value": "10"
                },
                {
                    "valueName": "iterate.face_offset_pool",
                    "valueType": "array<uint>",
                    "value": []
                },
                {
                    "valueName": "value.value",
                    "valueType": "uint",
                    "value": "0U"
                }
            ],
            "reservedNodeNames": [
                {
                    "name": "input"
                },
                {
                    "name": "output"
                }
            ]
        }
    ]
}