{
    "header": {
        "metadata": [
            {
                "metaName": "adskFileFormatVersion",
                "metaValue": "100L"
            }
        ]
    },
    "dependencies": [
        {
            "uri": "file:///Math_types.json"
        },
        {
            "uri": "file:///Math_conversion.json"
        },
        {
            "uri": "file:///Math_long.json"
        },
        {
            "uri": "file:///Math_array.json"
        },
        {
            "uri": "file:///Math_float.json"
        },
        {
            "uri": "file:///Math_double.json"
        },
        {
            "uri": "file:///Math_char.json"
        },
        {
            "uri": "file:///Math_int.json"
        },
        {
            "uri": "file:///Math_short.json"
        },
        {
            "uri": "file:///Math_uchar.json"
        },
        {
            "uri": "file:///Math_uint.json"
        },
        {
            "uri": "file:///Math_ulong.json"
        },
        {
            "uri": "file:///Math_ushort.json"
        },
        {
            "uri": "file:///Core_Array_slice_array.json"
        },
        {
            "uri": "file:///Core_Array_reverse_array.json"
        },
        {
            "uri": "file:///riv_types.json"
        },
        {
            "uri": "file:///bifrost_object_i.json"
        },
        {
            "uri": "file:///point_types.json"
        },
        {
            "uri": "file:///FCurve.json"
        },
        {
            "uri": "file:///riv_ops.json"
        },
        {
            "uri": "file:///increment_decrement.json"
        },
        {
            "uri": "file:///CoreStringOps.json"
        },
        {
            "uri": "file:///print_number_array.json"
        }
    ],
    "namespaces": [],
    "types": [],
    "compounds": [
        {
            "name": "BPM::g2m_bifrost_pack_0::mesh::g2m_mesh_disk",
            "uriImported": "stream:/bifrostGraphShape2",
            "metadata": [
                {
                    "metaName": "documentation",
                    "metaType": "string",
                    "metaValue": "docs/g2m_mesh_disk.md"
                },
                {
                    "metaName": "icon",
                    "metaType": "string",
                    "metaValue": "icons/g2m_default.png"
                },
                {
                    "metaName": "io_nodes",
                    "metadata": [
                        {
                            "metaName": "io_inodes",
                            "metadata": [
                                {
                                    "metaName": "input",
                                    "metadata": [
                                        {
                                            "metaName": "DisplayMode",
                                            "metaType": "string",
                                            "metaValue": "2"
                                        },
                                        {
                                            "metaName": "LayoutPos",
                                            "metaType": "string",
                                            "metaValue": "-1354.27 -40.4192"
                                        },
                                        {
                                            "metaName": "io_ports",
                                            "metadata": [
                                                {
                                                    "metaName": "orgin_point"
                                                },
                                                {
                                                    "metaName": "radius_point_line"
                                                },
                                                {
                                                    "metaName": "reverse_point_line"
                                                },
                                                {
                                                    "metaName": "closed_mode"
                                                }
                                            ]
                                        }
                                    ]
                                }
                            ]
                        },
                        {
                            "metaName": "io_onodes",
                            "metadata": [
                                {
                                    "metaName": "output",
                                    "metadata": [
                                        {
                                            "metaName": "DisplayMode",
                                            "metaType": "string",
                                            "metaValue": "2"
                                        },
                                        {
                                            "metaName": "LayoutPos",
                                            "metaType": "string",
                                            "metaValue": "3324.14 -61.7576"
                                        },
                                        {
                                            "metaName": "io_ports",
                                            "metadata": [
                                                {
                                                    "metaName": "point_position"
                                                },
                                                {
                                                    "metaName": "face_offset"
                                                },
                                                {
                                                    "metaName": "face_vertex"
                                                },
                                                {
                                                    "metaName": "print_face_vertex"
                                                }
                                            ]
                                        }
                                    ]
                                }
                            ]
                        }
                    ]
                },
                {
                    "metaName": "backdrop",
                    "metadata": [
                        {
                            "metaName": "type",
                            "metaType": "string",
                            "metaValue": "backdrop"
                        },
                        {
                            "metaName": "text",
                            "metaType": "string",
                            "metaValue": "out:\n[1, 2, 3, 4]"
                        },
                        {
                            "metaName": "coords",
                            "metaType": "string",
                            "metaValue": "221.796 -25.7837 503.286 226.175"
                        }
                    ]
                },
                {
                    "metaName": "backdrop1",
                    "metadata": [
                        {
                            "metaName": "type",
                            "metaType": "string",
                            "metaValue": "backdrop"
                        },
                        {
                            "metaName": "text",
                            "metaType": "string",
                            "metaValue": "\u4e8b\u5148\u78ba\u8a8d face_vertex \u6578\u7d44\u7684\u9577\u5ea6\uff0c\u7136\u5f8c\u5728\u5faa\u74b0\u4e2d\u586b\u5165\u503c\u3002\u64da\u8aaa\u9019\u6a23\u6bd4\u5728\u6578\u7d44\u4e2d \"build_array\" \u6548\u7387\u9ad8\u3002"
                        },
                        {
                            "metaName": "coords",
                            "metaType": "string",
                            "metaValue": "-10.2259 236.95 2294.15 618.817"
                        }
                    ]
                },
                {
                    "metaName": "backdrop2",
                    "metadata": [
                        {
                            "metaName": "type",
                            "metaType": "string",
                            "metaValue": "backdrop"
                        },
                        {
                            "metaName": "coords",
                            "metaType": "string",
                            "metaValue": "-1041.28 492.985 801.154 672.592"
                        },
                        {
                            "metaName": "text",
                            "metaType": "string",
                            "metaValue": "\u9589\u5408\u6a21\u5f0f\n\n0\uff1a\u4e0d\u9589\u5408\n1\uff1a\u9996\u5c3e\u76f8\u9023\n2\uff1a\u9996\u5c3e\u5408\u4f75"
                        }
                    ]
                },
                {
                    "metaName": "_recentNode_",
                    "metaType": "string",
                    "metaValue": "BifrostGraph,Core::Math,increment"
                },
                {
                    "metaName": "_recentNode_",
                    "metaType": "string",
                    "metaValue": "BifrostGraph,Core::Logic,if"
                },
                {
                    "metaName": "_recentNode_",
                    "metaType": "string",
                    "metaValue": "BifrostGraph,Core::Logic,greater"
                },
                {
                    "metaName": "_recentNode_",
                    "metaType": "string",
                    "metaValue": "BifrostGraph,Core::Array,set_in_array"
                },
                {
                    "metaName": "_recentNode_",
                    "metaType": "string",
                    "metaValue": "BifrostGraph,Core::Math,decrement"
                },
                {
                    "metaName": "ViewportRect",
                    "metaType": "string",
                    "metaValue": "263.316 -502.553 1988.42 1591.49"
                },
                {
                    "metaName": "DisplayMode",
                    "metaType": "string",
                    "metaValue": "2"
                },
                {
                    "metaName": "LayoutPos",
                    "metaType": "string",
                    "metaValue": "-508.234 256.725"
                }
            ],
            "ports": [
                {
                    "portName": "orgin_point",
                    "portDirection": "input",
                    "portType": "Math::float3"
                },
                {
                    "portName": "radius_point_line",
                    "portDirection": "input",
                    "portType": "array<Math::float3>"
                },
                {
                    "portName": "reverse_point_line",
                    "portDirection": "input",
                    "portType": "bool",
                    "portDefault": "false"
                },
                {
                    "portName": "closed_mode",
                    "portDirection": "input",
                    "portType": "uchar",
                    "portDefault": "0"
                },
                {
                    "portName": "point_position",
                    "portDirection": "output"
                },
                {
                    "portName": "face_offset",
                    "portDirection": "output"
                },
                {
                    "portName": "face_vertex",
                    "portDirection": "output"
                },
                {
                    "portName": "print_face_vertex",
                    "portDirection": "output"
                }
            ],
            "compounds": [
                {
                    "name": "iterate",
                    "uriImported": "stream:/bifrostGraphShape2",
                    "metadata": [
                        {
                            "metaName": "icon",
                            "metaType": "string",
                            "metaValue": "<NATIVE>../icons/LoopIterate.svg"
                        },
                        {
                            "metaName": "icon",
                            "metaType": "string",
                            "metaValue": "<NATIVE>../icons/LoopIterate.svg"
                        },
                        {
                            "metaName": "io_nodes",
                            "metadata": [
                                {
                                    "metaName": "io_inodes",
                                    "metadata": [
                                        {
                                            "metaName": "input",
                                            "metadata": [
                                                {
                                                    "metaName": "io_ports",
                                                    "metadata": [
                                                        {
                                                            "metaName": "max_iterations"
                                                        },
                                                        {
                                                            "metaName": "current_index"
                                                        },
                                                        {
                                                            "metaName": "indices"
                                                        },
                                                        {
                                                            "metaName": "empty_array"
                                                        }
                                                    ]
                                                },
                                                {
                                                    "metaName": "DisplayMode",
                                                    "metaType": "string",
                                                    "metaValue": "2"
                                                },
                                                {
                                                    "metaName": "LayoutPos",
                                                    "metaType": "string",
                                                    "metaValue": "-736 -126"
                                                }
                                            ]
                                        }
                                    ]
                                },
                                {
                                    "metaName": "io_onodes",
                                    "metadata": [
                                        {
                                            "metaName": "output",
                                            "metadata": [
                                                {
                                                    "metaName": "DisplayMode",
                                                    "metaType": "string",
                                                    "metaValue": "2"
                                                },
                                                {
                                                    "metaName": "io_ports",
                                                    "metadata": [
                                                        {
                                                            "metaName": "out_array"
                                                        }
                                                    ]
                                                },
                                                {
                                                    "metaName": "LayoutPos",
                                                    "metaType": "string",
                                                    "metaValue": "1717.77 -122.83"
                                                }
                                            ]
                                        }
                                    ]
                                }
                            ]
                        },
                        {
                            "metaName": "_recentNode_",
                            "metaType": "string",
                            "metaValue": "BifrostGraph,Core::Constants,float"
                        },
                        {
                            "metaName": "_recentNode_",
                            "metaType": "string",
                            "metaValue": "BifrostGraph,Core::Array,get_from_array"
                        },
                        {
                            "metaName": "_recentNode_",
                            "metaType": "string",
                            "metaValue": "BifrostGraph,Core::Math,increment"
                        },
                        {
                            "metaName": "_recentNode_",
                            "metaType": "string",
                            "metaValue": "BifrostGraph,Core::Array,set_in_array"
                        },
                        {
                            "metaName": "_recentNode_",
                            "metaType": "string",
                            "metaValue": "BifrostGraph,Core::Math,multiply"
                        },
                        {
                            "metaName": "ViewportRect",
                            "metaType": "string",
                            "metaValue": "-716.417 -638.167 2024.67 1077.79"
                        }
                    ],
                    "ports": [
                        {
                            "portName": "max_iterations",
                            "portDirection": "input",
                            "portType": "long",
                            "portIterationLimit": "true"
                        },
                        {
                            "portName": "current_index",
                            "portDirection": "input",
                            "portType": "long",
                            "portIterationCounter": "true"
                        },
                        {
                            "portName": "indices",
                            "portDirection": "input"
                        },
                        {
                            "portName": "empty_array",
                            "portDirection": "input",
                            "portType": "array<long>"
                        },
                        {
                            "portName": "out_array",
                            "portDirection": "output"
                        }
                    ],
                    "compoundNodes": [
                        {
                            "nodeName": "set_in_array",
                            "nodeType": "Core::Array::set_in_array",
                            "metadata": [
                                {
                                    "metaName": "DisplayMode",
                                    "metaType": "string",
                                    "metaValue": "2"
                                },
                                {
                                    "metaName": "LayoutPos",
                                    "metaType": "string",
                                    "metaValue": "139.5 -77"
                                }
                            ]
                        },
                        {
                            "nodeName": "multiply",
                            "nodeType": "Core::Math::multiply",
                            "multiInPortNames": [
                                "current_index",
                                "output1"
                            ],
                            "metadata": [
                                {
                                    "metaName": "DisplayMode",
                                    "metaType": "string",
                                    "metaValue": "2"
                                },
                                {
                                    "metaName": "LayoutPos",
                                    "metaType": "string",
                                    "metaValue": "-156.5 122"
                                }
                            ]
                        },
                        {
                            "nodeName": "value",
                            "valueType": "uint",
                            "metadata": [
                                {
                                    "metaName": "DisplayMode",
                                    "metaType": "string",
                                    "metaValue": "2"
                                },
                                {
                                    "metaName": "valuenode_defaultvalue",
                                    "metaType": "string",
                                    "metaValue": "0"
                                },
                                {
                                    "metaName": "LayoutPos",
                                    "metaType": "string",
                                    "metaValue": "-400.5 170"
                                }
                            ]
                        },
                        {
                            "nodeName": "set_in_array1",
                            "nodeType": "Core::Array::set_in_array",
                            "metadata": [
                                {
                                    "metaName": "DisplayMode",
                                    "metaType": "string",
                                    "metaValue": "2"
                                },
                                {
                                    "metaName": "LayoutPos",
                                    "metaType": "string",
                                    "metaValue": "774.5 -99"
                                }
                            ]
                        },
                        {
                            "nodeName": "increment",
                            "nodeType": "Core::Math::increment",
                            "metadata": [
                                {
                                    "metaName": "DisplayMode",
                                    "metaType": "string",
                                    "metaValue": "2"
                                },
                                {
                                    "metaName": "LayoutPos",
                                    "metaType": "string",
                                    "metaValue": "480.5 100"
                                }
                            ]
                        },
                        {
                            "nodeName": "increment2",
                            "nodeType": "Core::Math::increment",
                            "metadata": [
                                {
                                    "metaName": "DisplayMode",
                                    "metaType": "string",
                                    "metaValue": "2"
                                },
                                {
                                    "metaName": "LayoutPos",
                                    "metaType": "string",
                                    "metaValue": "1147.56 76.3898"
                                }
                            ]
                        },
                        {
                            "nodeName": "set_in_array2",
                            "nodeType": "Core::Array::set_in_array",
                            "metadata": [
                                {
                                    "metaName": "DisplayMode",
                                    "metaType": "string",
                                    "metaValue": "2"
                                },
                                {
                                    "metaName": "LayoutPos",
                                    "metaType": "string",
                                    "metaValue": "1415.8 -124.041"
                                }
                            ]
                        },
                        {
                            "nodeName": "get_from_array",
                            "nodeType": "Core::Array::get_from_array",
                            "metadata": [
                                {
                                    "metaName": "DisplayMode",
                                    "metaType": "string",
                                    "metaValue": "2"
                                },
                                {
                                    "metaName": "LayoutPos",
                                    "metaType": "string",
                                    "metaValue": "441.042 -457.294"
                                }
                            ]
                        },
                        {
                            "nodeName": "increment3",
                            "nodeType": "Core::Math::increment",
                            "metadata": [
                                {
                                    "metaName": "DisplayMode",
                                    "metaType": "string",
                                    "metaValue": "2"
                                },
                                {
                                    "metaName": "LayoutPos",
                                    "metaType": "string",
                                    "metaValue": "879.874 -391.751"
                                }
                            ]
                        },
                        {
                            "nodeName": "get_from_array1",
                            "nodeType": "Core::Array::get_from_array",
                            "metadata": [
                                {
                                    "metaName": "DisplayMode",
                                    "metaType": "string",
                                    "metaValue": "2"
                                },
                                {
                                    "metaName": "LayoutPos",
                                    "metaType": "string",
                                    "metaValue": "1154.74 -461.832"
                                }
                            ]
                        },
                        {
                            "nodeName": "value1",
                            "valueType": "uint",
                            "metadata": [
                                {
                                    "metaName": "DisplayMode",
                                    "metaType": "string",
                                    "metaValue": "2"
                                },
                                {
                                    "metaName": "valuenode_defaultvalue",
                                    "metaType": "string",
                                    "metaValue": "0"
                                },
                                {
                                    "metaName": "LayoutPos",
                                    "metaType": "string",
                                    "metaValue": "-352.029 -404.055"
                                }
                            ]
                        }
                    ],
                    "connections": [
                        {
                            "source": ".current_index",
                            "target": "multiply.first.current_index"
                        },
                        {
                            "source": "value.output",
                            "target": "multiply.first.output1"
                        },
                        {
                            "source": "multiply.output",
                            "target": "set_in_array.index"
                        },
                        {
                            "source": "set_in_array.out_array",
                            "target": "set_in_array1.array"
                        },
                        {
                            "source": "multiply.output",
                            "target": "increment.value"
                        },
                        {
                            "source": "increment.output",
                            "target": "set_in_array1.index"
                        },
                        {
                            "source": "increment2.output",
                            "target": "set_in_array2.index"
                        },
                        {
                            "source": "increment.output",
                            "target": "increment2.value"
                        },
                        {
                            "source": "set_in_array1.out_array",
                            "target": "set_in_array2.array"
                        },
                        {
                            "source": ".indices",
                            "target": "get_from_array.array"
                        },
                        {
                            "source": "set_in_array2.out_array",
                            "target": ".out_array"
                        },
                        {
                            "source": ".empty_array",
                            "target": "set_in_array.array"
                        },
                        {
                            "source": "get_from_array.value",
                            "target": "set_in_array1.value"
                        },
                        {
                            "source": "increment3.output",
                            "target": "get_from_array1.index"
                        },
                        {
                            "source": ".current_index",
                            "target": "increment3.value"
                        },
                        {
                            "source": ".indices",
                            "target": "get_from_array1.array"
                        },
                        {
                            "source": "get_from_array1.value",
                            "target": "set_in_array2.value"
                        },
                        {
                            "source": "value1.output",
                            "target": "set_in_array.value"
                        },
                        {
                            "source": ".current_index",
                            "target": "get_from_array.index"
                        }
                    ],
                    "values": [
                        {
                            "valueName": "value.value",
                            "valueType": "uint",
                            "value": "3U"
                        },
                        {
                            "valueName": "increment2.by",
                            "valueType": "char",
                            "value": "1"
                        },
                        {
                            "valueName": "increment3.by",
                            "valueType": "char",
                            "value": "1"
                        },
                        {
                            "valueName": "value1.value",
                            "valueType": "uint",
                            "value": "0U"
                        }
                    ],
                    "reservedNodeNames": [
                        {
                            "name": "input"
                        },
                        {
                            "name": "output"
                        }
                    ],
                    "iterateCompound": {
                        "ports": [
                            {
                                "portKind": "state",
                                "inputPortName": "empty_array",
                                "outputPortName": "out_array"
                            }
                        ]
                    }
                }
            ],
            "compoundNodes": [
                {
                    "nodeName": "if",
                    "nodeType": "Core::Logic::if",
                    "metadata": [
                        {
                            "metaName": "DisplayMode",
                            "metaType": "string",
                            "metaValue": "2"
                        },
                        {
                            "metaName": "LayoutPos",
                            "metaType": "string",
                            "metaValue": "-306.5 -57"
                        }
                    ]
                },
                {
                    "nodeName": "reverse_array",
                    "nodeType": "Core::Array::reverse_array",
                    "metadata": [
                        {
                            "metaName": "DisplayMode",
                            "metaType": "string",
                            "metaValue": "2"
                        },
                        {
                            "metaName": "LayoutPos",
                            "metaType": "string",
                            "metaValue": "-536.5 95"
                        }
                    ]
                },
                {
                    "nodeName": "build_array",
                    "nodeType": "Core::Array::build_array",
                    "multiInPortNames": [
                        "orgin_point",
                        "output"
                    ],
                    "metadata": [
                        {
                            "metaName": "DisplayMode",
                            "metaType": "string",
                            "metaValue": "2"
                        },
                        {
                            "metaName": "LayoutPos",
                            "metaType": "string",
                            "metaValue": "31.228 -710.624"
                        }
                    ]
                },
                {
                    "nodeName": "point_position",
                    "nodeType": "Core::Graph::pass",
                    "metadata": [
                        {
                            "metaName": "DisplayMode",
                            "metaType": "string",
                            "metaValue": "2"
                        },
                        {
                            "metaName": "LayoutPos",
                            "metaType": "string",
                            "metaValue": "2775.24 -742.761"
                        }
                    ]
                },
                {
                    "nodeName": "iterate",
                    "nodeType": "iterate",
                    "metadata": [
                        {
                            "metaName": "DisplayMode",
                            "metaType": "string",
                            "metaValue": "2"
                        },
                        {
                            "metaName": "LayoutPos",
                            "metaType": "string",
                            "metaValue": "2530.48 -24.6906"
                        }
                    ]
                },
                {
                    "nodeName": "array_size",
                    "nodeType": "Core::Array::array_size",
                    "metadata": [
                        {
                            "metaName": "DisplayMode",
                            "metaType": "string",
                            "metaValue": "2"
                        },
                        {
                            "metaName": "LayoutPos",
                            "metaType": "string",
                            "metaValue": "6.12465 376.01"
                        }
                    ]
                },
                {
                    "nodeName": "decrement",
                    "nodeType": "Core::Math::decrement",
                    "metadata": [
                        {
                            "metaName": "DisplayMode",
                            "metaType": "string",
                            "metaValue": "2"
                        },
                        {
                            "metaName": "LayoutPos",
                            "metaType": "string",
                            "metaValue": "583.856 284.469"
                        }
                    ]
                },
                {
                    "nodeName": "multiply",
                    "nodeType": "Core::Math::multiply",
                    "multiInPortNames": [
                        "output1",
                        "output2"
                    ],
                    "metadata": [
                        {
                            "metaName": "DisplayMode",
                            "metaType": "string",
                            "metaValue": "2"
                        },
                        {
                            "metaName": "LayoutPos",
                            "metaType": "string",
                            "metaValue": "1691.18 619.357"
                        }
                    ]
                },
                {
                    "nodeName": "value",
                    "valueType": "uint",
                    "metadata": [
                        {
                            "metaName": "DisplayMode",
                            "metaType": "string",
                            "metaValue": "2"
                        },
                        {
                            "metaName": "valuenode_defaultvalue",
                            "metaType": "string",
                            "metaValue": "0"
                        },
                        {
                            "metaName": "LayoutPos",
                            "metaType": "string",
                            "metaValue": "1291.41 660.212"
                        }
                    ]
                },
                {
                    "nodeName": "sequence_array",
                    "nodeType": "Core::Array::sequence_array",
                    "metadata": [
                        {
                            "metaName": "DisplayMode",
                            "metaType": "string",
                            "metaValue": "2"
                        },
                        {
                            "metaName": "LayoutPos",
                            "metaType": "string",
                            "metaValue": "1952.38 614.141"
                        }
                    ]
                },
                {
                    "nodeName": "print_number_array",
                    "nodeType": "User::G2M::print_number_array",
                    "metadata": [
                        {
                            "metaName": "DisplayMode",
                            "metaType": "string",
                            "metaValue": "2"
                        },
                        {
                            "metaName": "LayoutPos",
                            "metaType": "string",
                            "metaValue": "3068.66 194.494"
                        }
                    ]
                },
                {
                    "nodeName": "face_offset",
                    "nodeType": "Core::Array::sequence_array",
                    "metadata": [
                        {
                            "metaName": "DisplayMode",
                            "metaType": "string",
                            "metaValue": "2"
                        },
                        {
                            "metaName": "LayoutPos",
                            "metaType": "string",
                            "metaValue": "2084.33 1161.25"
                        }
                    ]
                },
                {
                    "nodeName": "face_vertex",
                    "nodeType": "Core::Type_Conversion::to_unsigned_int",
                    "metadata": [
                        {
                            "metaName": "DisplayMode",
                            "metaType": "string",
                            "metaValue": "2"
                        },
                        {
                            "metaName": "LayoutPos",
                            "metaType": "string",
                            "metaValue": "2779.18 -47.0595"
                        }
                    ]
                },
                {
                    "nodeName": "clamp",
                    "nodeType": "Core::Math::clamp",
                    "metadata": [
                        {
                            "metaName": "DisplayMode",
                            "metaType": "string",
                            "metaValue": "2"
                        },
                        {
                            "metaName": "LayoutPos",
                            "metaType": "string",
                            "metaValue": "-1031.28 780.772"
                        }
                    ]
                },
                {
                    "nodeName": "to_unsigned_char",
                    "nodeType": "Core::Type_Conversion::to_unsigned_char",
                    "metadata": [
                        {
                            "metaName": "DisplayMode",
                            "metaType": "string",
                            "metaValue": "2"
                        },
                        {
                            "metaName": "LayoutPos",
                            "metaType": "string",
                            "metaValue": "-788.767 757.084"
                        }
                    ]
                },
                {
                    "nodeName": "equal_0",
                    "nodeType": "Core::Logic::equal",
                    "metadata": [
                        {
                            "metaName": "DisplayMode",
                            "metaType": "string",
                            "metaValue": "2"
                        },
                        {
                            "metaName": "LayoutPos",
                            "metaType": "string",
                            "metaValue": "-475.126 502.985"
                        }
                    ]
                },
                {
                    "nodeName": "equal_1",
                    "nodeType": "Core::Logic::equal",
                    "metadata": [
                        {
                            "metaName": "DisplayMode",
                            "metaType": "string",
                            "metaValue": "2"
                        },
                        {
                            "metaName": "LayoutPos",
                            "metaType": "string",
                            "metaValue": "-481.978 731.836"
                        }
                    ]
                },
                {
                    "nodeName": "equal_2",
                    "nodeType": "Core::Logic::equal",
                    "metadata": [
                        {
                            "metaName": "DisplayMode",
                            "metaType": "string",
                            "metaValue": "2"
                        },
                        {
                            "metaName": "LayoutPos",
                            "metaType": "string",
                            "metaValue": "-484.718 956.577"
                        }
                    ]
                },
                {
                    "nodeName": "array_size1",
                    "nodeType": "Core::Array::array_size",
                    "metadata": [
                        {
                            "metaName": "DisplayMode",
                            "metaType": "string",
                            "metaValue": "2"
                        },
                        {
                            "metaName": "LayoutPos",
                            "metaType": "string",
                            "metaValue": "252.918 2.1835"
                        }
                    ]
                },
                {
                    "nodeName": "sequence_array1",
                    "nodeType": "Core::Array::sequence_array",
                    "metadata": [
                        {
                            "metaName": "DisplayMode",
                            "metaType": "string",
                            "metaValue": "2"
                        },
                        {
                            "metaName": "LayoutPos",
                            "metaType": "string",
                            "metaValue": "481.432 -22.0763"
                        }
                    ]
                },
                {
                    "nodeName": "build_array1",
                    "nodeType": "Core::Array::build_array",
                    "multiInPortNames": [
                        "sequence",
                        "sequence1"
                    ],
                    "metadata": [
                        {
                            "metaName": "DisplayMode",
                            "metaType": "string",
                            "metaValue": "2"
                        },
                        {
                            "metaName": "LayoutPos",
                            "metaType": "string",
                            "metaValue": "1116.81 -387.201"
                        }
                    ]
                },
                {
                    "nodeName": "if_mode_2",
                    "nodeType": "Core::Logic::if",
                    "metadata": [
                        {
                            "metaName": "DisplayMode",
                            "metaType": "string",
                            "metaValue": "2"
                        },
                        {
                            "metaName": "LayoutPos",
                            "metaType": "string",
                            "metaValue": "1943.94 -331.437"
                        }
                    ]
                },
                {
                    "nodeName": "first_in_array",
                    "nodeType": "Core::Array::first_in_array",
                    "metadata": [
                        {
                            "metaName": "DisplayMode",
                            "metaType": "string",
                            "metaValue": "2"
                        },
                        {
                            "metaName": "LayoutPos",
                            "metaType": "string",
                            "metaValue": "1034.65 -38.5489"
                        }
                    ]
                },
                {
                    "nodeName": "array_size2",
                    "nodeType": "Core::Array::array_size",
                    "metadata": [
                        {
                            "metaName": "DisplayMode",
                            "metaType": "string",
                            "metaValue": "2"
                        },
                        {
                            "metaName": "LayoutPos",
                            "metaType": "string",
                            "metaValue": "993.144 96.5849"
                        }
                    ]
                },
                {
                    "nodeName": "decrement1",
                    "nodeType": "Core::Math::decrement",
                    "metadata": [
                        {
                            "metaName": "DisplayMode",
                            "metaType": "string",
                            "metaValue": "2"
                        },
                        {
                            "metaName": "LayoutPos",
                            "metaType": "string",
                            "metaValue": "1273.69 -1.11554"
                        }
                    ]
                },
                {
                    "nodeName": "set_in_array",
                    "nodeType": "Core::Array::set_in_array",
                    "metadata": [
                        {
                            "metaName": "DisplayMode",
                            "metaType": "string",
                            "metaValue": "2"
                        },
                        {
                            "metaName": "LayoutPos",
                            "metaType": "string",
                            "metaValue": "1573.76 -134.953"
                        }
                    ]
                },
                {
                    "nodeName": "greater_0",
                    "nodeType": "Core::Logic::greater",
                    "metadata": [
                        {
                            "metaName": "DisplayMode",
                            "metaType": "string",
                            "metaValue": "2"
                        },
                        {
                            "metaName": "LayoutPos",
                            "metaType": "string",
                            "metaValue": "-488.512 1219.27"
                        }
                    ]
                },
                {
                    "nodeName": "if_mode_1_or_2",
                    "nodeType": "Core::Logic::if",
                    "metadata": [
                        {
                            "metaName": "DisplayMode",
                            "metaType": "string",
                            "metaValue": "2"
                        },
                        {
                            "metaName": "LayoutPos",
                            "metaType": "string",
                            "metaValue": "2248.39 -462.26"
                        }
                    ]
                },
                {
                    "nodeName": "greater_1",
                    "nodeType": "Core::Logic::greater",
                    "metadata": [
                        {
                            "metaName": "DisplayMode",
                            "metaType": "string",
                            "metaValue": "2"
                        },
                        {
                            "metaName": "LayoutPos",
                            "metaType": "string",
                            "metaValue": "-492.904 1420.84"
                        }
                    ]
                },
                {
                    "nodeName": "if_mode_1_or_2_B",
                    "nodeType": "Core::Logic::if",
                    "metadata": [
                        {
                            "metaName": "DisplayMode",
                            "metaType": "string",
                            "metaValue": "2"
                        },
                        {
                            "metaName": "LayoutPos",
                            "metaType": "string",
                            "metaValue": "1391.1 296.466"
                        }
                    ]
                },
                {
                    "nodeName": "if_mode_2_B",
                    "nodeType": "Core::Logic::if",
                    "metadata": [
                        {
                            "metaName": "DisplayMode",
                            "metaType": "string",
                            "metaValue": "2"
                        },
                        {
                            "metaName": "LayoutPos",
                            "metaType": "string",
                            "metaValue": "1054.81 434.782"
                        }
                    ]
                },
                {
                    "nodeName": "if_mode_2_B1",
                    "nodeType": "Core::Logic::if",
                    "metadata": [
                        {
                            "metaName": "DisplayMode",
                            "metaType": "string",
                            "metaValue": "2"
                        },
                        {
                            "metaName": "LayoutPos",
                            "metaType": "string",
                            "metaValue": "1402.28 1281.61"
                        }
                    ]
                },
                {
                    "nodeName": "if_mode_1_or_2_B1",
                    "nodeType": "Core::Logic::if",
                    "metadata": [
                        {
                            "metaName": "DisplayMode",
                            "metaType": "string",
                            "metaValue": "2"
                        },
                        {
                            "metaName": "LayoutPos",
                            "metaType": "string",
                            "metaValue": "1715.82 1185.3"
                        }
                    ]
                },
                {
                    "nodeName": "increment",
                    "nodeType": "Core::Math::increment",
                    "metadata": [
                        {
                            "metaName": "DisplayMode",
                            "metaType": "string",
                            "metaValue": "2"
                        },
                        {
                            "metaName": "LayoutPos",
                            "metaType": "string",
                            "metaValue": "1082.85 1370.12"
                        }
                    ]
                }
            ],
            "connections": [
                {
                    "source": ".reverse_point_line",
                    "target": "if.condition"
                },
                {
                    "source": "reverse_array.reversed",
                    "target": "if.true_case"
                },
                {
                    "source": "if.output",
                    "target": "build_array.first.output"
                },
                {
                    "source": "build_array.array",
                    "target": "point_position.input"
                },
                {
                    "source": "if.output",
                    "target": "array_size.array"
                },
                {
                    "source": "array_size.size",
                    "target": "decrement.value"
                },
                {
                    "source": "value.output",
                    "target": "multiply.first.output2"
                },
                {
                    "source": "multiply.output",
                    "target": "sequence_array.size"
                },
                {
                    "source": "print_number_array.out_int_string",
                    "target": ".print_face_vertex"
                },
                {
                    "source": "sequence_array.sequence",
                    "target": "iterate.empty_array"
                },
                {
                    "source": "iterate.out_array",
                    "target": "face_vertex.from"
                },
                {
                    "source": "value.output",
                    "target": "face_offset.step"
                },
                {
                    "source": ".closed_mode",
                    "target": "clamp.value"
                },
                {
                    "source": "clamp.clamped",
                    "target": "to_unsigned_char.from"
                },
                {
                    "source": "to_unsigned_char.unsigned_char",
                    "target": "equal_0.first"
                },
                {
                    "source": "to_unsigned_char.unsigned_char",
                    "target": "equal_1.first"
                },
                {
                    "source": "to_unsigned_char.unsigned_char",
                    "target": "equal_2.first"
                },
                {
                    "source": "if.output",
                    "target": "array_size1.array"
                },
                {
                    "source": "array_size1.size",
                    "target": "sequence_array1.size"
                },
                {
                    "source": "sequence_array1.sequence",
                    "target": "build_array1.first.sequence"
                },
                {
                    "source": "sequence_array1.sequence",
                    "target": "build_array1.first.sequence1"
                },
                {
                    "source": "sequence_array1.sequence",
                    "target": "first_in_array.array"
                },
                {
                    "source": "sequence_array1.sequence",
                    "target": "array_size2.array"
                },
                {
                    "source": "array_size2.size",
                    "target": "decrement1.value"
                },
                {
                    "source": "decrement1.output",
                    "target": "set_in_array.index"
                },
                {
                    "source": "first_in_array.first",
                    "target": "set_in_array.value"
                },
                {
                    "source": "sequence_array1.sequence",
                    "target": "set_in_array.array"
                },
                {
                    "source": "set_in_array.out_array",
                    "target": "if_mode_2.true_case"
                },
                {
                    "source": "to_unsigned_char.unsigned_char",
                    "target": "greater_0.first"
                },
                {
                    "source": "greater_0.output",
                    "target": "if_mode_1_or_2.condition"
                },
                {
                    "source": "sequence_array1.sequence",
                    "target": "if_mode_1_or_2.false_case"
                },
                {
                    "source": "to_unsigned_char.unsigned_char",
                    "target": "greater_1.first"
                },
                {
                    "source": "greater_1.output",
                    "target": "if_mode_2.condition"
                },
                {
                    "source": "build_array1.array",
                    "target": "if_mode_2.false_case"
                },
                {
                    "source": "if_mode_2.output",
                    "target": "if_mode_1_or_2.true_case"
                },
                {
                    "source": "if_mode_1_or_2.output",
                    "target": "iterate.indices"
                },
                {
                    "source": "if_mode_2_B.output",
                    "target": "if_mode_1_or_2_B.true_case"
                },
                {
                    "source": "greater_0.output",
                    "target": "if_mode_1_or_2_B.condition"
                },
                {
                    "source": "greater_1.output",
                    "target": "if_mode_2_B.condition"
                },
                {
                    "source": "decrement.output",
                    "target": "if_mode_1_or_2_B.false_case"
                },
                {
                    "source": "decrement.output",
                    "target": "if_mode_2_B.true_case"
                },
                {
                    "source": "array_size.size",
                    "target": "if_mode_2_B.false_case"
                },
                {
                    "source": "if_mode_1_or_2_B.output",
                    "target": "iterate.max_iterations"
                },
                {
                    "source": "if_mode_1_or_2_B.output",
                    "target": "multiply.first.output1"
                },
                {
                    "source": "if_mode_2_B1.output",
                    "target": "if_mode_1_or_2_B1.true_case"
                },
                {
                    "source": "greater_1.output",
                    "target": "if_mode_2_B1.condition"
                },
                {
                    "source": "greater_0.output",
                    "target": "if_mode_1_or_2_B1.condition"
                },
                {
                    "source": "array_size.size",
                    "target": "if_mode_1_or_2_B1.false_case"
                },
                {
                    "source": "array_size.size",
                    "target": "if_mode_2_B1.true_case"
                },
                {
                    "source": "if_mode_1_or_2_B1.output",
                    "target": "face_offset.size"
                },
                {
                    "source": "array_size.size",
                    "target": "increment.value"
                },
                {
                    "source": "increment.output",
                    "target": "if_mode_2_B1.false_case"
                },
                {
                    "source": "face_vertex.unsigned_int",
                    "target": "print_number_array.int_array"
                },
                {
                    "source": ".orgin_point",
                    "target": "build_array.first.orgin_point"
                },
                {
                    "source": ".radius_point_line",
                    "target": "reverse_array.array"
                },
                {
                    "source": ".radius_point_line",
                    "target": "if.false_case"
                },
                {
                    "source": "point_position.output",
                    "target": ".point_position"
                },
                {
                    "source": "face_offset.sequence",
                    "target": ".face_offset"
                },
                {
                    "source": "face_vertex.unsigned_int",
                    "target": ".face_vertex"
                }
            ],
            "values": [
                {
                    "valueName": "iterate.max_iterations",
                    "valueType": "long",
                    "value": "10"
                },
                {
                    "valueName": "value.value",
                    "valueType": "uint",
                    "value": "3U"
                },
                {
                    "valueName": "sequence_array.start",
                    "valueType": "uint",
                    "value": "0U"
                },
                {
                    "valueName": "face_offset.start",
                    "valueType": "uint",
                    "value": "0U"
                },
                {
                    "valueName": "face_offset.step",
                    "valueType": "uint",
                    "value": "3U"
                },
                {
                    "valueName": "clamp.max",
                    "valueType": "float",
                    "value": "2f"
                },
                {
                    "valueName": "equal_1.second",
                    "valueType": "uchar",
                    "value": "1"
                },
                {
                    "valueName": "equal_2.second",
                    "valueType": "uchar",
                    "value": "2"
                },
                {
                    "valueName": "sequence_array1.start",
                    "valueType": "uint",
                    "value": "1U"
                },
                {
                    "valueName": "sequence_array1.step",
                    "valueType": "uint",
                    "value": "1U"
                },
                {
                    "valueName": "greater_1.second",
                    "valueType": "uchar",
                    "value": "1"
                }
            ],
            "reservedNodeNames": [
                {
                    "name": "input"
                },
                {
                    "name": "output"
                }
            ]
        }
    ]
}