{
    "header": {
        "metadata": [
            {
                "metaName": "adskFileFormatVersion",
                "metaValue": "100L"
            }
        ]
    },
    "namespaces": [],
    "types": [],
    "compounds": [
        {
            "name": "BPM::g2m_bifrost_pack_0::math::g2m_triangle_circumcircle",
            "uriImported": "stream:/bifrostGraphShape1",
            "metadata": [
                {
                    "metaName": "documentation",
                    "metaType": "string",
                    "metaValue": "docs/g2m_triangle_circumcircle.md"
                },
                {
                    "metaName": "icon",
                    "metaType": "string",
                    "metaValue": "icons/g2m_default.png"
                },
                {
                    "metaName": "io_nodes",
                    "metadata": [
                        {
                            "metaName": "io_inodes",
                            "metadata": [
                                {
                                    "metaName": "input",
                                    "metadata": [
                                        {
                                            "metaName": "DisplayMode",
                                            "metaType": "string",
                                            "metaValue": "2"
                                        },
                                        {
                                            "metaName": "LayoutPos",
                                            "metaType": "string",
                                            "metaValue": "-697.081 83.2184"
                                        },
                                        {
                                            "metaName": "io_ports",
                                            "metadata": [
                                                {
                                                    "metaName": "point_a"
                                                },
                                                {
                                                    "metaName": "point_b"
                                                },
                                                {
                                                    "metaName": "point_c"
                                                }
                                            ]
                                        }
                                    ]
                                }
                            ]
                        },
                        {
                            "metaName": "io_onodes",
                            "metadata": [
                                {
                                    "metaName": "output",
                                    "metadata": [
                                        {
                                            "metaName": "DisplayMode",
                                            "metaType": "string",
                                            "metaValue": "2"
                                        },
                                        {
                                            "metaName": "LayoutPos",
                                            "metaType": "string",
                                            "metaValue": "2877.54 198.037"
                                        },
                                        {
                                            "metaName": "io_ports",
                                            "metadata": [
                                                {
                                                    "metaName": "circumcenter"
                                                },
                                                {
                                                    "metaName": "circumradius"
                                                }
                                            ]
                                        }
                                    ]
                                }
                            ]
                        }
                    ]
                },
                {
                    "metaName": "backdrop",
                    "metadata": [
                        {
                            "metaName": "type",
                            "metaType": "string",
                            "metaValue": "backdrop"
                        },
                        {
                            "metaName": "text",
                            "metaType": "string",
                            "metaValue": "\u8a08\u7b97\u4e09\u89d2\u5f62\u5916\u63a5\u5713\u7684\u5713\u5fc3\u548c\u534a\u5f91\n\n\u53c3\u8003\uff1ahttps://zhidao.baidu.com/question/13494427.html"
                        },
                        {
                            "metaName": "coords",
                            "metaType": "string",
                            "metaValue": "-755.766 4.38341 345.395 395.904"
                        }
                    ]
                },
                {
                    "metaName": "ViewportRect",
                    "metaType": "string",
                    "metaValue": "-1231.17 -122.606 1139.45 604.694"
                },
                {
                    "metaName": "DisplayMode",
                    "metaType": "string",
                    "metaValue": "2"
                },
                {
                    "metaName": "LayoutPos",
                    "metaType": "string",
                    "metaValue": "-171.572 -684.967"
                }
            ],
            "ports": [
                {
                    "portName": "point_a",
                    "portDirection": "input",
                    "portType": "Math::float3",
                    "portDefault": {
                        "x": "-1f",
                        "y": "0f",
                        "z": "0f"
                    }
                },
                {
                    "portName": "point_b",
                    "portDirection": "input",
                    "portType": "Math::float3",
                    "portDefault": {
                        "x": "2f",
                        "y": "0f",
                        "z": "0f"
                    }
                },
                {
                    "portName": "point_c",
                    "portDirection": "input",
                    "portType": "Math::float3",
                    "portDefault": {
                        "x": "0f",
                        "y": "0f",
                        "z": "-1f"
                    }
                },
                {
                    "portName": "circumcenter",
                    "portDirection": "output",
                    "portType": "Math::float3"
                },
                {
                    "portName": "circumradius",
                    "portDirection": "output",
                    "portType": "float"
                }
            ],
            "compounds": [
                {
                    "name": "list_vector",
                    "uriImported": "stream:/bifrostGraphShape1",
                    "metadata": [
                        {
                            "metaName": "io_nodes",
                            "metadata": [
                                {
                                    "metaName": "io_inodes",
                                    "metadata": [
                                        {
                                            "metaName": "input",
                                            "metadata": [
                                                {
                                                    "metaName": "io_ports",
                                                    "metadata": [
                                                        {
                                                            "metaName": "point_a"
                                                        },
                                                        {
                                                            "metaName": "point_b"
                                                        },
                                                        {
                                                            "metaName": "point_c"
                                                        }
                                                    ]
                                                },
                                                {
                                                    "metaName": "DisplayMode",
                                                    "metaType": "string",
                                                    "metaValue": "2"
                                                },
                                                {
                                                    "metaName": "LayoutPos",
                                                    "metaType": "string",
                                                    "metaValue": "-557 -61"
                                                }
                                            ]
                                        }
                                    ]
                                },
                                {
                                    "metaName": "io_onodes",
                                    "metadata": [
                                        {
                                            "metaName": "output",
                                            "metadata": [
                                                {
                                                    "metaName": "DisplayMode",
                                                    "metaType": "string",
                                                    "metaValue": "2"
                                                },
                                                {
                                                    "metaName": "LayoutPos",
                                                    "metaType": "string",
                                                    "metaValue": "332 -61"
                                                },
                                                {
                                                    "metaName": "io_ports",
                                                    "metadata": [
                                                        {
                                                            "metaName": "vector_ac"
                                                        },
                                                        {
                                                            "metaName": "vector_ab"
                                                        },
                                                        {
                                                            "metaName": "vector_bc"
                                                        },
                                                        {
                                                            "metaName": "vector_ba"
                                                        },
                                                        {
                                                            "metaName": "vector_ca"
                                                        },
                                                        {
                                                            "metaName": "vector_cb"
                                                        }
                                                    ]
                                                }
                                            ]
                                        }
                                    ]
                                }
                            ]
                        },
                        {
                            "metaName": "ViewportRect",
                            "metaType": "string",
                            "metaValue": "-782 -415 1564 830"
                        }
                    ],
                    "ports": [
                        {
                            "portName": "point_a",
                            "portDirection": "input",
                            "portType": "Math::float3"
                        },
                        {
                            "portName": "vector_ac",
                            "portDirection": "output"
                        },
                        {
                            "portName": "point_b",
                            "portDirection": "input",
                            "portType": "Math::float3"
                        },
                        {
                            "portName": "vector_ab",
                            "portDirection": "output"
                        },
                        {
                            "portName": "vector_bc",
                            "portDirection": "output"
                        },
                        {
                            "portName": "vector_ba",
                            "portDirection": "output"
                        },
                        {
                            "portName": "vector_ca",
                            "portDirection": "output"
                        },
                        {
                            "portName": "vector_cb",
                            "portDirection": "output"
                        },
                        {
                            "portName": "point_c",
                            "portDirection": "input",
                            "portType": "Math::float3"
                        }
                    ],
                    "compoundNodes": [
                        {
                            "nodeName": "subtract",
                            "nodeType": "Core::Math::subtract",
                            "multiInPortNames": [
                                "triangle_vertex_C",
                                "triangle_vertex_A"
                            ],
                            "metadata": [
                                {
                                    "metaName": "DisplayMode",
                                    "metaType": "string",
                                    "metaValue": "2"
                                },
                                {
                                    "metaName": "LayoutPos",
                                    "metaType": "string",
                                    "metaValue": "-84.9903 -505.021"
                                }
                            ]
                        },
                        {
                            "nodeName": "subtract1",
                            "nodeType": "Core::Math::subtract",
                            "multiInPortNames": [
                                "triangle_vertex_B",
                                "triangle_vertex_A"
                            ],
                            "metadata": [
                                {
                                    "metaName": "DisplayMode",
                                    "metaType": "string",
                                    "metaValue": "2"
                                },
                                {
                                    "metaName": "LayoutPos",
                                    "metaType": "string",
                                    "metaValue": "-87.1083 -287.777"
                                }
                            ]
                        },
                        {
                            "nodeName": "subtract2",
                            "nodeType": "Core::Math::subtract",
                            "multiInPortNames": [
                                "triangle_vertex_C",
                                "triangle_vertex_B"
                            ],
                            "metadata": [
                                {
                                    "metaName": "DisplayMode",
                                    "metaType": "string",
                                    "metaValue": "2"
                                },
                                {
                                    "metaName": "LayoutPos",
                                    "metaType": "string",
                                    "metaValue": "-84.8223 -28.7961"
                                }
                            ]
                        },
                        {
                            "nodeName": "subtract3",
                            "nodeType": "Core::Math::subtract",
                            "multiInPortNames": [
                                "triangle_vertex_A",
                                "triangle_vertex_B"
                            ],
                            "metadata": [
                                {
                                    "metaName": "DisplayMode",
                                    "metaType": "string",
                                    "metaValue": "2"
                                },
                                {
                                    "metaName": "LayoutPos",
                                    "metaType": "string",
                                    "metaValue": "-85.9756 199.543"
                                }
                            ]
                        },
                        {
                            "nodeName": "subtract4",
                            "nodeType": "Core::Math::subtract",
                            "multiInPortNames": [
                                "triangle_vertex_A",
                                "triangle_vertex_C"
                            ],
                            "metadata": [
                                {
                                    "metaName": "DisplayMode",
                                    "metaType": "string",
                                    "metaValue": "2"
                                },
                                {
                                    "metaName": "LayoutPos",
                                    "metaType": "string",
                                    "metaValue": "-87.1288 465.939"
                                }
                            ]
                        },
                        {
                            "nodeName": "subtract5",
                            "nodeType": "Core::Math::subtract",
                            "multiInPortNames": [
                                "triangle_vertex_B",
                                "triangle_vertex_C"
                            ],
                            "metadata": [
                                {
                                    "metaName": "DisplayMode",
                                    "metaType": "string",
                                    "metaValue": "2"
                                },
                                {
                                    "metaName": "LayoutPos",
                                    "metaType": "string",
                                    "metaValue": "-84.8224 700.045"
                                }
                            ]
                        }
                    ],
                    "connections": [
                        {
                            "source": ".point_c",
                            "target": "subtract.first.triangle_vertex_C"
                        },
                        {
                            "source": ".point_a",
                            "target": "subtract.first.triangle_vertex_A"
                        },
                        {
                            "source": "subtract.output",
                            "target": ".vector_ac"
                        },
                        {
                            "source": ".point_b",
                            "target": "subtract1.first.triangle_vertex_B"
                        },
                        {
                            "source": ".point_a",
                            "target": "subtract1.first.triangle_vertex_A"
                        },
                        {
                            "source": "subtract1.output",
                            "target": ".vector_ab"
                        },
                        {
                            "source": ".point_c",
                            "target": "subtract2.first.triangle_vertex_C"
                        },
                        {
                            "source": ".point_b",
                            "target": "subtract2.first.triangle_vertex_B"
                        },
                        {
                            "source": "subtract2.output",
                            "target": ".vector_bc"
                        },
                        {
                            "source": ".point_a",
                            "target": "subtract3.first.triangle_vertex_A"
                        },
                        {
                            "source": ".point_b",
                            "target": "subtract3.first.triangle_vertex_B"
                        },
                        {
                            "source": "subtract3.output",
                            "target": ".vector_ba"
                        },
                        {
                            "source": ".point_a",
                            "target": "subtract4.first.triangle_vertex_A"
                        },
                        {
                            "source": ".point_c",
                            "target": "subtract4.first.triangle_vertex_C"
                        },
                        {
                            "source": "subtract4.output",
                            "target": ".vector_ca"
                        },
                        {
                            "source": ".point_b",
                            "target": "subtract5.first.triangle_vertex_B"
                        },
                        {
                            "source": ".point_c",
                            "target": "subtract5.first.triangle_vertex_C"
                        },
                        {
                            "source": "subtract5.output",
                            "target": ".vector_cb"
                        }
                    ],
                    "values": [],
                    "reservedNodeNames": [
                        {
                            "name": "input"
                        },
                        {
                            "name": "output"
                        }
                    ]
                }
            ],
            "compoundNodes": [
                {
                    "nodeName": "d1",
                    "nodeType": "Core::Math::dot",
                    "metadata": [
                        {
                            "metaName": "DisplayMode",
                            "metaType": "string",
                            "metaValue": "2"
                        },
                        {
                            "metaName": "LayoutPos",
                            "metaType": "string",
                            "metaValue": "171.488 -403.917"
                        }
                    ]
                },
                {
                    "nodeName": "d2",
                    "nodeType": "Core::Math::dot",
                    "metadata": [
                        {
                            "metaName": "DisplayMode",
                            "metaType": "string",
                            "metaValue": "2"
                        },
                        {
                            "metaName": "LayoutPos",
                            "metaType": "string",
                            "metaValue": "179.921 -223.14"
                        }
                    ]
                },
                {
                    "nodeName": "d3",
                    "nodeType": "Core::Math::dot",
                    "metadata": [
                        {
                            "metaName": "DisplayMode",
                            "metaType": "string",
                            "metaValue": "2"
                        },
                        {
                            "metaName": "LayoutPos",
                            "metaType": "string",
                            "metaValue": "184.714 -23.9265"
                        }
                    ]
                },
                {
                    "nodeName": "c1",
                    "nodeType": "Core::Math::multiply",
                    "multiInPortNames": [
                        "dot_product",
                        "dot_product1"
                    ],
                    "metadata": [
                        {
                            "metaName": "DisplayMode",
                            "metaType": "string",
                            "metaValue": "2"
                        },
                        {
                            "metaName": "LayoutPos",
                            "metaType": "string",
                            "metaValue": "787.172 -175.526"
                        }
                    ]
                },
                {
                    "nodeName": "c2",
                    "nodeType": "Core::Math::multiply",
                    "multiInPortNames": [
                        "dot_product",
                        "dot_product1"
                    ],
                    "metadata": [
                        {
                            "metaName": "DisplayMode",
                            "metaType": "string",
                            "metaValue": "2"
                        },
                        {
                            "metaName": "LayoutPos",
                            "metaType": "string",
                            "metaValue": "786.899 53.3003"
                        }
                    ]
                },
                {
                    "nodeName": "c3",
                    "nodeType": "Core::Math::multiply",
                    "multiInPortNames": [
                        "dot_product",
                        "dot_product1"
                    ],
                    "metadata": [
                        {
                            "metaName": "DisplayMode",
                            "metaType": "string",
                            "metaValue": "2"
                        },
                        {
                            "metaName": "LayoutPos",
                            "metaType": "string",
                            "metaValue": "784.969 275.394"
                        }
                    ]
                },
                {
                    "nodeName": "c",
                    "nodeType": "Core::Math::add",
                    "multiInPortNames": [
                        "output1",
                        "output2",
                        "output3"
                    ],
                    "metadata": [
                        {
                            "metaName": "DisplayMode",
                            "metaType": "string",
                            "metaValue": "2"
                        },
                        {
                            "metaName": "LayoutPos",
                            "metaType": "string",
                            "metaValue": "1242.23 2.8708"
                        }
                    ]
                },
                {
                    "nodeName": "add1",
                    "nodeType": "Core::Math::add",
                    "multiInPortNames": [
                        "dot_product",
                        "dot_product1"
                    ],
                    "metadata": [
                        {
                            "metaName": "DisplayMode",
                            "metaType": "string",
                            "metaValue": "2"
                        },
                        {
                            "metaName": "LayoutPos",
                            "metaType": "string",
                            "metaValue": "790.226 -970.352"
                        }
                    ]
                },
                {
                    "nodeName": "add2",
                    "nodeType": "Core::Math::add",
                    "multiInPortNames": [
                        "dot_product",
                        "dot_product1"
                    ],
                    "metadata": [
                        {
                            "metaName": "DisplayMode",
                            "metaType": "string",
                            "metaValue": "2"
                        },
                        {
                            "metaName": "LayoutPos",
                            "metaType": "string",
                            "metaValue": "784.856 -751.879"
                        }
                    ]
                },
                {
                    "nodeName": "add3",
                    "nodeType": "Core::Math::add",
                    "multiInPortNames": [
                        "dot_product",
                        "dot_product1"
                    ],
                    "metadata": [
                        {
                            "metaName": "DisplayMode",
                            "metaType": "string",
                            "metaValue": "2"
                        },
                        {
                            "metaName": "LayoutPos",
                            "metaType": "string",
                            "metaValue": "784.853 -538.78"
                        }
                    ]
                },
                {
                    "nodeName": "multiply",
                    "nodeType": "Core::Math::multiply",
                    "multiInPortNames": [
                        "output1",
                        "output2",
                        "output3"
                    ],
                    "metadata": [
                        {
                            "metaName": "DisplayMode",
                            "metaType": "string",
                            "metaValue": "2"
                        },
                        {
                            "metaName": "LayoutPos",
                            "metaType": "string",
                            "metaValue": "1069.59 -798.439"
                        }
                    ]
                },
                {
                    "nodeName": "divide",
                    "nodeType": "Core::Math::divide",
                    "multiInPortNames": [
                        "output1",
                        "output2"
                    ],
                    "metadata": [
                        {
                            "metaName": "DisplayMode",
                            "metaType": "string",
                            "metaValue": "2"
                        },
                        {
                            "metaName": "LayoutPos",
                            "metaType": "string",
                            "metaValue": "1400.87 -399.103"
                        }
                    ]
                },
                {
                    "nodeName": "square_root",
                    "nodeType": "Core::Math::square_root",
                    "metadata": [
                        {
                            "metaName": "DisplayMode",
                            "metaType": "string",
                            "metaValue": "2"
                        },
                        {
                            "metaName": "LayoutPos",
                            "metaType": "string",
                            "metaValue": "1665.88 -422.801"
                        }
                    ]
                },
                {
                    "nodeName": "Circumradius_R",
                    "nodeType": "Core::Math::half_of",
                    "metadata": [
                        {
                            "metaName": "DisplayMode",
                            "metaType": "string",
                            "metaValue": "2"
                        },
                        {
                            "metaName": "LayoutPos",
                            "metaType": "string",
                            "metaValue": "1927.36 -447.034"
                        }
                    ]
                },
                {
                    "nodeName": "add4",
                    "nodeType": "Core::Math::add",
                    "multiInPortNames": [
                        "output1",
                        "output2"
                    ],
                    "metadata": [
                        {
                            "metaName": "DisplayMode",
                            "metaType": "string",
                            "metaValue": "2"
                        },
                        {
                            "metaName": "LayoutPos",
                            "metaType": "string",
                            "metaValue": "1669.88 259.492"
                        }
                    ]
                },
                {
                    "nodeName": "multiply1",
                    "nodeType": "Core::Math::multiply",
                    "multiInPortNames": [
                        "output1",
                        "triangle_vertex_A"
                    ],
                    "metadata": [
                        {
                            "metaName": "DisplayMode",
                            "metaType": "string",
                            "metaValue": "2"
                        },
                        {
                            "metaName": "LayoutPos",
                            "metaType": "string",
                            "metaValue": "1937.71 376.883"
                        }
                    ]
                },
                {
                    "nodeName": "add5",
                    "nodeType": "Core::Math::add",
                    "multiInPortNames": [
                        "output1",
                        "output2",
                        "output3"
                    ],
                    "metadata": [
                        {
                            "metaName": "DisplayMode",
                            "metaType": "string",
                            "metaValue": "2"
                        },
                        {
                            "metaName": "LayoutPos",
                            "metaType": "string",
                            "metaValue": "2219.03 551.044"
                        }
                    ]
                },
                {
                    "nodeName": "add6",
                    "nodeType": "Core::Math::add",
                    "multiInPortNames": [
                        "output1",
                        "output2"
                    ],
                    "metadata": [
                        {
                            "metaName": "DisplayMode",
                            "metaType": "string",
                            "metaValue": "2"
                        },
                        {
                            "metaName": "LayoutPos",
                            "metaType": "string",
                            "metaValue": "1671.29 502.74"
                        }
                    ]
                },
                {
                    "nodeName": "multiply2",
                    "nodeType": "Core::Math::multiply",
                    "multiInPortNames": [
                        "output1",
                        "triangle_vertex_B"
                    ],
                    "metadata": [
                        {
                            "metaName": "DisplayMode",
                            "metaType": "string",
                            "metaValue": "2"
                        },
                        {
                            "metaName": "LayoutPos",
                            "metaType": "string",
                            "metaValue": "1934.75 597.443"
                        }
                    ]
                },
                {
                    "nodeName": "add7",
                    "nodeType": "Core::Math::add",
                    "multiInPortNames": [
                        "output1",
                        "output2"
                    ],
                    "metadata": [
                        {
                            "metaName": "DisplayMode",
                            "metaType": "string",
                            "metaValue": "2"
                        },
                        {
                            "metaName": "LayoutPos",
                            "metaType": "string",
                            "metaValue": "1668.89 726.004"
                        }
                    ]
                },
                {
                    "nodeName": "multiply3",
                    "nodeType": "Core::Math::multiply",
                    "multiInPortNames": [
                        "output1",
                        "triangle_vertex_C"
                    ],
                    "metadata": [
                        {
                            "metaName": "DisplayMode",
                            "metaType": "string",
                            "metaValue": "2"
                        },
                        {
                            "metaName": "LayoutPos",
                            "metaType": "string",
                            "metaValue": "1927.43 810.918"
                        }
                    ]
                },
                {
                    "nodeName": "Circumcenter",
                    "nodeType": "Core::Math::divide",
                    "multiInPortNames": [
                        "output1",
                        "double_value"
                    ],
                    "metadata": [
                        {
                            "metaName": "DisplayMode",
                            "metaType": "string",
                            "metaValue": "2"
                        },
                        {
                            "metaName": "LayoutPos",
                            "metaType": "string",
                            "metaValue": "2505.18 340.844"
                        }
                    ]
                },
                {
                    "nodeName": "twice_of",
                    "nodeType": "Core::Math::twice_of",
                    "metadata": [
                        {
                            "metaName": "DisplayMode",
                            "metaType": "string",
                            "metaValue": "2"
                        },
                        {
                            "metaName": "LayoutPos",
                            "metaType": "string",
                            "metaValue": "2200.44 211.739"
                        }
                    ]
                },
                {
                    "nodeName": "list_vector",
                    "nodeType": "list_vector",
                    "metadata": [
                        {
                            "metaName": "DisplayMode",
                            "metaType": "string",
                            "metaValue": "2"
                        },
                        {
                            "metaName": "LayoutPos",
                            "metaType": "string",
                            "metaValue": "-194.048 -225.469"
                        }
                    ]
                }
            ],
            "connections": [
                {
                    "source": "d2.dot_product",
                    "target": "c1.first.dot_product"
                },
                {
                    "source": "d3.dot_product",
                    "target": "c1.first.dot_product1"
                },
                {
                    "source": "d1.dot_product",
                    "target": "c2.first.dot_product"
                },
                {
                    "source": "d3.dot_product",
                    "target": "c2.first.dot_product1"
                },
                {
                    "source": "d1.dot_product",
                    "target": "c3.first.dot_product"
                },
                {
                    "source": "d2.dot_product",
                    "target": "c3.first.dot_product1"
                },
                {
                    "source": "c1.output",
                    "target": "c.first.output1"
                },
                {
                    "source": "c2.output",
                    "target": "c.first.output2"
                },
                {
                    "source": "c3.output",
                    "target": "c.first.output3"
                },
                {
                    "source": "d1.dot_product",
                    "target": "add1.first.dot_product"
                },
                {
                    "source": "d2.dot_product",
                    "target": "add1.first.dot_product1"
                },
                {
                    "source": "d2.dot_product",
                    "target": "add2.first.dot_product"
                },
                {
                    "source": "d3.dot_product",
                    "target": "add2.first.dot_product1"
                },
                {
                    "source": "d1.dot_product",
                    "target": "add3.first.dot_product"
                },
                {
                    "source": "d3.dot_product",
                    "target": "add3.first.dot_product1"
                },
                {
                    "source": "add1.output",
                    "target": "multiply.first.output1"
                },
                {
                    "source": "add2.output",
                    "target": "multiply.first.output2"
                },
                {
                    "source": "add3.output",
                    "target": "multiply.first.output3"
                },
                {
                    "source": "multiply.output",
                    "target": "divide.first.output1"
                },
                {
                    "source": "c.output",
                    "target": "divide.first.output2"
                },
                {
                    "source": "divide.output",
                    "target": "square_root.value"
                },
                {
                    "source": "square_root.root",
                    "target": "Circumradius_R.value"
                },
                {
                    "source": "c2.output",
                    "target": "add4.first.output1"
                },
                {
                    "source": "c3.output",
                    "target": "add4.first.output2"
                },
                {
                    "source": "add4.output",
                    "target": "multiply1.first.output1"
                },
                {
                    "source": "multiply1.output",
                    "target": "add5.first.output1"
                },
                {
                    "source": "c1.output",
                    "target": "add6.first.output1"
                },
                {
                    "source": "c3.output",
                    "target": "add6.first.output2"
                },
                {
                    "source": "add6.output",
                    "target": "multiply2.first.output1"
                },
                {
                    "source": "multiply2.output",
                    "target": "add5.first.output2"
                },
                {
                    "source": "c1.output",
                    "target": "add7.first.output1"
                },
                {
                    "source": "c2.output",
                    "target": "add7.first.output2"
                },
                {
                    "source": "add7.output",
                    "target": "multiply3.first.output1"
                },
                {
                    "source": "multiply3.output",
                    "target": "add5.first.output3"
                },
                {
                    "source": "add5.output",
                    "target": "Circumcenter.first.output1"
                },
                {
                    "source": "c.output",
                    "target": "twice_of.value"
                },
                {
                    "source": "twice_of.double_value",
                    "target": "Circumcenter.first.double_value"
                },
                {
                    "source": ".point_a",
                    "target": "multiply1.first.triangle_vertex_A"
                },
                {
                    "source": ".point_b",
                    "target": "multiply2.first.triangle_vertex_B"
                },
                {
                    "source": ".point_c",
                    "target": "multiply3.first.triangle_vertex_C"
                },
                {
                    "source": "Circumcenter.output",
                    "target": ".circumcenter"
                },
                {
                    "source": "Circumradius_R.half_value",
                    "target": ".circumradius"
                },
                {
                    "source": ".point_c",
                    "target": "list_vector.point_c"
                },
                {
                    "source": ".point_a",
                    "target": "list_vector.point_a"
                },
                {
                    "source": "list_vector.vector_ac",
                    "target": "d1.first"
                },
                {
                    "source": ".point_b",
                    "target": "list_vector.point_b"
                },
                {
                    "source": "list_vector.vector_ab",
                    "target": "d1.second"
                },
                {
                    "source": "list_vector.vector_bc",
                    "target": "d2.first"
                },
                {
                    "source": "list_vector.vector_ba",
                    "target": "d2.second"
                },
                {
                    "source": "list_vector.vector_ca",
                    "target": "d3.first"
                },
                {
                    "source": "list_vector.vector_cb",
                    "target": "d3.second"
                }
            ],
            "values": [
                {
                    "valueName": "list_vector.point_a",
                    "valueType": "Math::float3",
                    "value": {
                        "x": "0f",
                        "y": "0f",
                        "z": "0f"
                    }
                },
                {
                    "valueName": "list_vector.point_b",
                    "valueType": "Math::float3",
                    "value": {
                        "x": "0f",
                        "y": "0f",
                        "z": "0f"
                    }
                },
                {
                    "valueName": "list_vector.point_c",
                    "valueType": "Math::float3",
                    "value": {
                        "x": "0f",
                        "y": "0f",
                        "z": "0f"
                    }
                }
            ],
            "reservedNodeNames": [
                {
                    "name": "input"
                },
                {
                    "name": "output"
                }
            ]
        }
    ]
}