{
    "header": {
        "metadata": [
            {
                "metaName": "adskFileFormatVersion",
                "metaValue": "100L"
            }
        ]
    },
    "namespaces": [],
    "types": [],
    "compounds": [
        {
            "name": "BPM::g2m_bifrost_pack_0::diagnostic::g2m_triangle_scope",
            "uriImported": "stream:/stream",
            "metadata": [
                {
                    "metaName": "io_nodes",
                    "metadata": [
                        {
                            "metaName": "io_inodes",
                            "metadata": [
                                {
                                    "metaName": "input",
                                    "metadata": [
                                        {
                                            "metaName": "DisplayMode",
                                            "metaType": "string",
                                            "metaValue": "2"
                                        },
                                        {
                                            "metaName": "LayoutPos",
                                            "metaType": "string",
                                            "metaValue": "-1106 19"
                                        },
                                        {
                                            "metaName": "io_ports",
                                            "metadata": [
                                                {
                                                    "metaName": "center"
                                                },
                                                {
                                                    "metaName": "radius"
                                                },
                                                {
                                                    "metaName": "point_a"
                                                },
                                                {
                                                    "metaName": "point_b"
                                                },
                                                {
                                                    "metaName": "point_c"
                                                },
                                                {
                                                    "metaName": "mesh_color"
                                                },
                                                {
                                                    "metaName": "strand_color"
                                                },
                                                {
                                                    "metaName": "point_color"
                                                },
                                                {
                                                    "metaName": "show_mesh"
                                                },
                                                {
                                                    "metaName": "show_point"
                                                },
                                                {
                                                    "metaName": "show_strand"
                                                },
                                                {
                                                    "metaName": "strand_size"
                                                }
                                            ]
                                        }
                                    ]
                                }
                            ]
                        },
                        {
                            "metaName": "io_onodes",
                            "metadata": [
                                {
                                    "metaName": "output",
                                    "metadata": [
                                        {
                                            "metaName": "DisplayMode",
                                            "metaType": "string",
                                            "metaValue": "2"
                                        },
                                        {
                                            "metaName": "LayoutPos",
                                            "metaType": "string",
                                            "metaValue": "2547.53 179.119"
                                        }
                                    ]
                                }
                            ]
                        }
                    ]
                },
                {
                    "metaName": "_recentNode_",
                    "metaType": "string",
                    "metaValue": "BifrostGraph,Core::Graph,pass"
                },
                {
                    "metaName": "_recentNode_",
                    "metaType": "string",
                    "metaValue": "BifrostGraph,Core::Math,multiply"
                },
                {
                    "metaName": "_recentNode_",
                    "metaType": "string",
                    "metaValue": "BifrostGraph,Core::Constants,float"
                },
                {
                    "metaName": "_recentNode_",
                    "metaType": "string",
                    "metaValue": "BifrostGraph,Geometry::Strands,set_strands_shape"
                },
                {
                    "metaName": "_recentNode_",
                    "metaType": "string",
                    "metaValue": "BifrostGraph,Core::Array,build_array"
                },
                {
                    "metaName": "ViewportRect",
                    "metaType": "string",
                    "metaValue": "-1295 -864 2590 1729"
                },
                {
                    "metaName": "DisplayMode",
                    "metaType": "string",
                    "metaValue": "2"
                },
                {
                    "metaName": "LayoutPos",
                    "metaType": "string",
                    "metaValue": "75.2896 -381.557"
                },
                {
                    "metaName": "UILayout",
                    "metaType": "string",
                    "metaValue": "{\n    \"NodeLayout\": {\n        \"hideUndeclaredPorts\": false,\n        \"items\": [\n            {\n                \"port\": \"center\"\n            },\n            {\n                \"port\": \"radius\"\n            },\n            {\n                \"port\": \"point_a\"\n            },\n            {\n                \"port\": \"point_b\"\n            },\n            {\n                \"port\": \"point_c\"\n            },\n            {\n                \"expanded\": false,\n                \"group\": \"mesh options\",\n                \"items\": [\n                    {\n                        \"port\": \"show_mesh\"\n                    },\n                    {\n                        \"port\": \"mesh_color\"\n                    }\n                ]\n            },\n            {\n                \"expanded\": false,\n                \"group\": \"point options\",\n                \"items\": [\n                    {\n                        \"port\": \"show_point\"\n                    },\n                    {\n                        \"port\": \"point_color\"\n                    }\n                ]\n            },\n            {\n                \"expanded\": false,\n                \"group\": \"strand options\",\n                \"items\": [\n                    {\n                        \"port\": \"show_strand\"\n                    },\n                    {\n                        \"port\": \"strand_size\"\n                    },\n                    {\n                        \"port\": \"strand_color\"\n                    }\n                ]\n            }\n        ]\n    }\n}\n"
                },
                {
                    "metaName": "PortExpandedState",
                    "metadata": [
                        {
                            "metaName": "rgb color settings",
                            "metaType": "string",
                            "metaValue": "1"
                        },
                        {
                            "metaName": "mesh options",
                            "metaType": "string",
                            "metaValue": "0"
                        },
                        {
                            "metaName": "point options",
                            "metaType": "string",
                            "metaValue": "0"
                        },
                        {
                            "metaName": "strand options",
                            "metaType": "string",
                            "metaValue": "0"
                        }
                    ]
                }
            ],
            "ports": [
                {
                    "portName": "center",
                    "portDirection": "input",
                    "portType": "Math::float3",
                    "portDefault": {
                        "x": "0f",
                        "y": "0f",
                        "z": "0f"
                    }
                },
                {
                    "portName": "radius",
                    "portDirection": "input",
                    "portType": "float",
                    "portDefault": "1f"
                },
                {
                    "portName": "point_a",
                    "portDirection": "input",
                    "portType": "Math::float3",
                    "portDefault": {
                        "x": "0f",
                        "y": "0f",
                        "z": "0f"
                    }
                },
                {
                    "portName": "point_b",
                    "portDirection": "input",
                    "portType": "Math::float3",
                    "portDefault": {
                        "x": "0f",
                        "y": "0f",
                        "z": "0f"
                    }
                },
                {
                    "portName": "point_c",
                    "portDirection": "input",
                    "portType": "Math::float3",
                    "portDefault": {
                        "x": "0f",
                        "y": "0f",
                        "z": "0f"
                    }
                },
                {
                    "portName": "mesh_color",
                    "portDirection": "input",
                    "portType": "Math::float3",
                    "portDefault": {
                        "x": "1f",
                        "y": "0f",
                        "z": "0f"
                    }
                },
                {
                    "portName": "strand_color",
                    "portDirection": "input",
                    "portType": "Math::float3",
                    "portDefault": {
                        "x": "1f",
                        "y": "1f",
                        "z": "0f"
                    }
                },
                {
                    "portName": "point_color",
                    "portDirection": "input",
                    "portType": "Math::float3",
                    "portDefault": {
                        "x": "0f",
                        "y": "1f",
                        "z": "0f"
                    }
                },
                {
                    "portName": "show_mesh",
                    "portDirection": "input",
                    "portType": "bool",
                    "portDefault": "false"
                },
                {
                    "portName": "show_point",
                    "portDirection": "input",
                    "portType": "bool",
                    "portDefault": "false"
                },
                {
                    "portName": "show_strand",
                    "portDirection": "input",
                    "portType": "bool",
                    "portDefault": "true"
                },
                {
                    "portName": "strand_size",
                    "portDirection": "input",
                    "portType": "float",
                    "portDefault": "0.00999999978f"
                }
            ],
            "compoundNodes": [
                {
                    "nodeName": "add",
                    "nodeType": "Core::Math::add",
                    "multiInPortNames": [
                        "cross_product",
                        "triangle_vertex_C"
                    ],
                    "metadata": [
                        {
                            "metaName": "DisplayMode",
                            "metaType": "string",
                            "metaValue": "2"
                        },
                        {
                            "metaName": "LayoutPos",
                            "metaType": "string",
                            "metaValue": "531.871 72.6409"
                        }
                    ]
                },
                {
                    "nodeName": "build_array",
                    "nodeType": "Core::Array::build_array",
                    "multiInPortNames": [
                        "output"
                    ],
                    "metadata": [
                        {
                            "metaName": "DisplayMode",
                            "metaType": "string",
                            "metaValue": "2"
                        },
                        {
                            "metaName": "LayoutPos",
                            "metaType": "string",
                            "metaValue": "828.904 -38.7398"
                        }
                    ]
                },
                {
                    "nodeName": "build_array1",
                    "nodeType": "Core::Array::build_array",
                    "multiInPortNames": [
                        "triangle_vertex_A",
                        "triangle_vertex_B",
                        "triangle_vertex_C",
                        "center"
                    ],
                    "metadata": [
                        {
                            "metaName": "DisplayMode",
                            "metaType": "string",
                            "metaValue": "2"
                        },
                        {
                            "metaName": "LayoutPos",
                            "metaType": "string",
                            "metaValue": "452.581 757.366"
                        }
                    ]
                },
                {
                    "nodeName": "construct_points",
                    "nodeType": "Geometry::Points::construct_points",
                    "metadata": [
                        {
                            "metaName": "DisplayMode",
                            "metaType": "string",
                            "metaValue": "2"
                        },
                        {
                            "metaName": "LayoutPos",
                            "metaType": "string",
                            "metaValue": "720.581 821.366"
                        }
                    ]
                },
                {
                    "nodeName": "cross",
                    "nodeType": "Core::Math::cross",
                    "metadata": [
                        {
                            "metaName": "DisplayMode",
                            "metaType": "string",
                            "metaValue": "2"
                        },
                        {
                            "metaName": "LayoutPos",
                            "metaType": "string",
                            "metaValue": "-215 -258"
                        }
                    ]
                },
                {
                    "nodeName": "g2m_basic_triangle",
                    "nodeType": "User::G2M::g2m_basic_triangle",
                    "metadata": [
                        {
                            "metaName": "DisplayMode",
                            "metaType": "string",
                            "metaValue": "2"
                        },
                        {
                            "metaName": "LayoutPos",
                            "metaType": "string",
                            "metaValue": "969.581 572.366"
                        }
                    ]
                },
                {
                    "nodeName": "point_scope",
                    "nodeType": "Diagnostic::Display::point_scope",
                    "metadata": [
                        {
                            "metaName": "DisplayMode",
                            "metaType": "string",
                            "metaValue": "2"
                        },
                        {
                            "metaName": "PortExpandedState",
                            "metadata": [
                                {
                                    "metaName": "Color",
                                    "metaType": "string",
                                    "metaValue": "0"
                                }
                            ]
                        },
                        {
                            "metaName": "LayoutPos",
                            "metaType": "string",
                            "metaValue": "971.591 804.018"
                        }
                    ]
                },
                {
                    "nodeName": "rotation_between_vectors",
                    "nodeType": "Core::Math::rotation_between_vectors",
                    "metadata": [
                        {
                            "metaName": "DisplayMode",
                            "metaType": "string",
                            "metaValue": "2"
                        },
                        {
                            "metaName": "LayoutPos",
                            "metaType": "string",
                            "metaValue": "657.409 -496.173"
                        }
                    ]
                },
                {
                    "nodeName": "vector_ca",
                    "nodeType": "Core::Math::subtract",
                    "multiInPortNames": [
                        "point_a",
                        "point_c"
                    ],
                    "metadata": [
                        {
                            "metaName": "DisplayMode",
                            "metaType": "string",
                            "metaValue": "2"
                        },
                        {
                            "metaName": "LayoutPos",
                            "metaType": "string",
                            "metaValue": "-512 -369"
                        }
                    ]
                },
                {
                    "nodeName": "vector_cb",
                    "nodeType": "Core::Math::subtract",
                    "multiInPortNames": [
                        "point_b",
                        "point_c"
                    ],
                    "metadata": [
                        {
                            "metaName": "DisplayMode",
                            "metaType": "string",
                            "metaValue": "2"
                        },
                        {
                            "metaName": "LayoutPos",
                            "metaType": "string",
                            "metaValue": "-507 -150"
                        }
                    ]
                },
                {
                    "nodeName": "terminal",
                    "nodeType": "Core::Graph::terminal",
                    "fanInPortNames": {
                        "final": [],
                        "proxy": [],
                        "diagnostic": [
                            "strand_circle",
                            "output",
                            "output1",
                            "output2"
                        ]
                    },
                    "deactivatedTerminals": [
                        "Core::Graph::terminal::final",
                        "Core::Graph::terminal::proxy"
                    ],
                    "metadata": [
                        {
                            "metaName": "DisplayMode",
                            "metaType": "string",
                            "metaValue": "2"
                        },
                        {
                            "metaName": "LayoutPos",
                            "metaType": "string",
                            "metaValue": "2313.35 117.503"
                        }
                    ]
                },
                {
                    "nodeName": "g2m_strand_circle",
                    "nodeType": "BPM::g2m_bifrost_pack_0::strand::g2m_strand_circle",
                    "metadata": [
                        {
                            "metaName": "DisplayMode",
                            "metaType": "string",
                            "metaValue": "2"
                        },
                        {
                            "metaName": "LayoutPos",
                            "metaType": "string",
                            "metaValue": "958.033 -632.172"
                        }
                    ]
                },
                {
                    "nodeName": "value",
                    "valueType": "Math::float3",
                    "metadata": [
                        {
                            "metaName": "DisplayMode",
                            "metaType": "string",
                            "metaValue": "2"
                        },
                        {
                            "metaName": "valuenode_defaultvalue",
                            "metaType": "string",
                            "metaValue": "0"
                        },
                        {
                            "metaName": "valuenode_defaultvalue",
                            "metaType": "string",
                            "metaValue": "1"
                        },
                        {
                            "metaName": "valuenode_defaultvalue",
                            "metaType": "string",
                            "metaValue": "0"
                        },
                        {
                            "metaName": "LayoutPos",
                            "metaType": "string",
                            "metaValue": "417.612 -472.361"
                        }
                    ]
                },
                {
                    "nodeName": "value1",
                    "valueType": "uint",
                    "metadata": [
                        {
                            "metaName": "DisplayMode",
                            "metaType": "string",
                            "metaValue": "2"
                        },
                        {
                            "metaName": "valuenode_defaultvalue",
                            "metaType": "string",
                            "metaValue": "48"
                        },
                        {
                            "metaName": "LayoutPos",
                            "metaType": "string",
                            "metaValue": "680.609 -741.754"
                        }
                    ]
                },
                {
                    "nodeName": "normalize",
                    "nodeType": "Core::Math::normalize",
                    "metadata": [
                        {
                            "metaName": "DisplayMode",
                            "metaType": "string",
                            "metaValue": "2"
                        },
                        {
                            "metaName": "LayoutPos",
                            "metaType": "string",
                            "metaValue": "25.2971 -281.706"
                        }
                    ]
                },
                {
                    "nodeName": "g2m_basic_color",
                    "nodeType": "BPM::g2m_bifrost_pack_0::shading::g2m_basic_color",
                    "metadata": [
                        {
                            "metaName": "DisplayMode",
                            "metaType": "string",
                            "metaValue": "2"
                        },
                        {
                            "metaName": "LayoutPos",
                            "metaType": "string",
                            "metaValue": "1699.15 -206.416"
                        }
                    ]
                },
                {
                    "nodeName": "build_array2",
                    "nodeType": "Core::Array::build_array",
                    "multiInPortNames": [
                        "circle",
                        "strands"
                    ],
                    "metadata": [
                        {
                            "metaName": "DisplayMode",
                            "metaType": "string",
                            "metaValue": "2"
                        },
                        {
                            "metaName": "LayoutPos",
                            "metaType": "string",
                            "metaValue": "1527.19 -617.11"
                        }
                    ]
                },
                {
                    "nodeName": "if_show_mesh",
                    "nodeType": "Core::Logic::if",
                    "metadata": [
                        {
                            "metaName": "DisplayMode",
                            "metaType": "string",
                            "metaValue": "2"
                        },
                        {
                            "metaName": "LayoutPos",
                            "metaType": "string",
                            "metaValue": "1983.7 167.188"
                        }
                    ]
                },
                {
                    "nodeName": "if_show_point",
                    "nodeType": "Core::Logic::if",
                    "metadata": [
                        {
                            "metaName": "DisplayMode",
                            "metaType": "string",
                            "metaValue": "2"
                        },
                        {
                            "metaName": "LayoutPos",
                            "metaType": "string",
                            "metaValue": "1984.62 405.259"
                        }
                    ]
                },
                {
                    "nodeName": "if_show_strand",
                    "nodeType": "Core::Logic::if",
                    "metadata": [
                        {
                            "metaName": "DisplayMode",
                            "metaType": "string",
                            "metaValue": "2"
                        },
                        {
                            "metaName": "LayoutPos",
                            "metaType": "string",
                            "metaValue": "1986.53 -61.4338"
                        }
                    ]
                },
                {
                    "nodeName": "create_arrow_strands",
                    "nodeType": "Modeling::Strands::create_arrow_strands",
                    "metadata": [
                        {
                            "metaName": "DisplayMode",
                            "metaType": "string",
                            "metaValue": "2"
                        },
                        {
                            "metaName": "LayoutPos",
                            "metaType": "string",
                            "metaValue": "1103.92 31.7119"
                        }
                    ]
                },
                {
                    "nodeName": "build_array3",
                    "nodeType": "Core::Array::build_array",
                    "multiInPortNames": [
                        "output"
                    ],
                    "metadata": [
                        {
                            "metaName": "DisplayMode",
                            "metaType": "string",
                            "metaValue": "2"
                        },
                        {
                            "metaName": "LayoutPos",
                            "metaType": "string",
                            "metaValue": "836.91 153.808"
                        }
                    ]
                },
                {
                    "nodeName": "set_strands_shape",
                    "nodeType": "Geometry::Strands::set_strands_shape",
                    "metadata": [
                        {
                            "metaName": "DisplayMode",
                            "metaType": "string",
                            "metaValue": "2"
                        },
                        {
                            "metaName": "LayoutPos",
                            "metaType": "string",
                            "metaValue": "1210.95 -656.449"
                        }
                    ]
                },
                {
                    "nodeName": "multiply",
                    "nodeType": "Core::Math::multiply",
                    "multiInPortNames": [
                        "output1",
                        "output2"
                    ],
                    "metadata": [
                        {
                            "metaName": "DisplayMode",
                            "metaType": "string",
                            "metaValue": "0"
                        },
                        {
                            "metaName": "LayoutPos",
                            "metaType": "string",
                            "metaValue": "827.716 341.131"
                        }
                    ]
                },
                {
                    "nodeName": "value3",
                    "valueType": "float",
                    "metadata": [
                        {
                            "metaName": "valuenode_defaultvalue",
                            "metaType": "string",
                            "metaValue": "0"
                        },
                        {
                            "metaName": "DisplayMode",
                            "metaType": "string",
                            "metaValue": "0"
                        },
                        {
                            "metaName": "LayoutPos",
                            "metaType": "string",
                            "metaValue": "584.122 392.769"
                        }
                    ]
                },
                {
                    "nodeName": "strand_size",
                    "nodeType": "Core::Graph::pass",
                    "metadata": [
                        {
                            "metaName": "DisplayMode",
                            "metaType": "string",
                            "metaValue": "2"
                        },
                        {
                            "metaName": "LayoutPos",
                            "metaType": "string",
                            "metaValue": "-782.159 381.676"
                        }
                    ]
                }
            ],
            "connections": [
                {
                    "source": "build_array1.array",
                    "target": "g2m_basic_triangle.three_point_position"
                },
                {
                    "source": "build_array1.array",
                    "target": "construct_points.point_position"
                },
                {
                    "source": "construct_points.points",
                    "target": "point_scope.point_geo"
                },
                {
                    "source": "vector_ca.output",
                    "target": "cross.first"
                },
                {
                    "source": "vector_cb.output",
                    "target": "cross.second"
                },
                {
                    "source": ".center",
                    "target": "add.first.triangle_vertex_C"
                },
                {
                    "source": ".center",
                    "target": "build_array.first.output"
                },
                {
                    "source": ".point_a",
                    "target": "build_array1.first.triangle_vertex_A"
                },
                {
                    "source": ".point_a",
                    "target": "vector_ca.first.point_a"
                },
                {
                    "source": ".point_b",
                    "target": "build_array1.first.triangle_vertex_B"
                },
                {
                    "source": ".point_b",
                    "target": "vector_cb.first.point_b"
                },
                {
                    "source": ".point_c",
                    "target": "build_array1.first.triangle_vertex_C"
                },
                {
                    "source": ".point_c",
                    "target": "vector_ca.first.point_c"
                },
                {
                    "source": ".point_c",
                    "target": "vector_cb.first.point_c"
                },
                {
                    "source": ".radius",
                    "target": "g2m_strand_circle.radius"
                },
                {
                    "source": "rotation_between_vectors.quaternion",
                    "target": "g2m_strand_circle.quaternion"
                },
                {
                    "source": ".center",
                    "target": "g2m_strand_circle.origin"
                },
                {
                    "source": "value.output",
                    "target": "rotation_between_vectors.from"
                },
                {
                    "source": "value1.output",
                    "target": "g2m_strand_circle.sides"
                },
                {
                    "source": ".center",
                    "target": "build_array1.first.center"
                },
                {
                    "source": "cross.cross_product",
                    "target": "normalize.value"
                },
                {
                    "source": "normalize.normalized",
                    "target": "add.first.cross_product"
                },
                {
                    "source": "normalize.normalized",
                    "target": "rotation_between_vectors.to"
                },
                {
                    "source": "build_array2.array",
                    "target": "g2m_basic_color.object"
                },
                {
                    "source": ".mesh_color",
                    "target": "g2m_basic_triangle.rgb_color"
                },
                {
                    "source": ".strand_color",
                    "target": "g2m_basic_color.rgb_color"
                },
                {
                    "source": ".point_color",
                    "target": "point_scope.color"
                },
                {
                    "source": ".show_mesh",
                    "target": "if_show_mesh.condition"
                },
                {
                    "source": "g2m_basic_triangle.basic_triangle",
                    "target": "if_show_mesh.true_case"
                },
                {
                    "source": "if_show_mesh.output",
                    "target": "terminal.diagnostic.output"
                },
                {
                    "source": ".show_point",
                    "target": "if_show_point.condition"
                },
                {
                    "source": ".show_strand",
                    "target": "if_show_strand.condition"
                },
                {
                    "source": "point_scope.diagnostic_geo",
                    "target": "if_show_point.true_case"
                },
                {
                    "source": "if_show_point.output",
                    "target": "terminal.diagnostic.output1"
                },
                {
                    "source": "g2m_basic_color.out_object",
                    "target": "if_show_strand.true_case"
                },
                {
                    "source": "if_show_strand.output",
                    "target": "terminal.diagnostic.output2"
                },
                {
                    "source": "add.output",
                    "target": "build_array3.first.output"
                },
                {
                    "source": "build_array.array",
                    "target": "create_arrow_strands.start_positions"
                },
                {
                    "source": "build_array3.array",
                    "target": "create_arrow_strands.end_positions"
                },
                {
                    "source": "create_arrow_strands.strands",
                    "target": "build_array2.first.strands"
                },
                {
                    "source": "g2m_strand_circle.circle",
                    "target": "set_strands_shape.strands"
                },
                {
                    "source": "set_strands_shape.out_strands",
                    "target": "build_array2.first.circle"
                },
                {
                    "source": "multiply.output",
                    "target": "create_arrow_strands.arrowhead_size"
                },
                {
                    "source": ".strand_size",
                    "target": "strand_size.input"
                },
                {
                    "source": "value3.output",
                    "target": "multiply.first.output2"
                },
                {
                    "source": "strand_size.output",
                    "target": "multiply.first.output1"
                },
                {
                    "source": "strand_size.output",
                    "target": "set_strands_shape.default_size"
                }
            ],
            "values": [
                {
                    "valueName": "g2m_basic_triangle.three_point_position",
                    "valueType": "array<Math::float3>",
                    "value": []
                },
                {
                    "valueName": "g2m_basic_triangle.use_color",
                    "valueType": "bool",
                    "value": "true"
                },
                {
                    "valueName": "g2m_basic_triangle.rgb_color",
                    "valueType": "Math::float3",
                    "value": {
                        "x": "1f",
                        "y": "0f",
                        "z": "0f"
                    }
                },
                {
                    "valueName": "point_scope.shape",
                    "valueType": "Geometry::PointShapes",
                    "value": "Disk"
                },
                {
                    "valueName": "point_scope.default_size",
                    "valueType": "float",
                    "value": "0.0250000004f"
                },
                {
                    "valueName": "point_scope.cull_by_scalar_property",
                    "valueType": "bool",
                    "value": "false"
                },
                {
                    "valueName": "point_scope.cull_property",
                    "valueType": "string",
                    "value": "point_age"
                },
                {
                    "valueName": "point_scope.keep_max_value",
                    "valueType": "float",
                    "value": "3f"
                },
                {
                    "valueName": "point_scope.invert_range",
                    "valueType": "bool",
                    "value": "false"
                },
                {
                    "valueName": "point_scope.coloring_property",
                    "valueType": "string",
                    "value": "point_normal"
                },
                {
                    "valueName": "point_scope.coloring_mode",
                    "valueType": "Diagnostic::ColoringMode",
                    "value": "Color"
                },
                {
                    "valueName": "point_scope.color",
                    "valueType": "Math::float3",
                    "value": {
                        "x": "1f",
                        "y": "1f",
                        "z": "1f"
                    }
                },
                {
                    "valueName": "point_scope.heatmap_R",
                    "valueType": "Amino::FCurve",
                    "value": {
                        "version": "1",
                        "preExtrapolation": "0",
                        "postExtrapolation": "0",
                        "points": [
                            {
                                "point": {
                                    "locked": "1",
                                    "interpolation": "2",
                                    "pcn": {
                                        "xp": "-0.40000000000000002",
                                        "yp": "0.10000000000000001",
                                        "x": "0",
                                        "y": "0.10000000000000001",
                                        "xn": "0.40000000000000002",
                                        "yn": "0.10000000000000001"
                                    }
                                }
                            },
                            {
                                "point": {
                                    "locked": "1",
                                    "interpolation": "2",
                                    "pcn": {
                                        "xp": "9.5999999999999996",
                                        "yp": "1",
                                        "x": "10",
                                        "y": "1",
                                        "xn": "10.4",
                                        "yn": "1"
                                    }
                                }
                            }
                        ]
                    }
                },
                {
                    "valueName": "point_scope.heatmap_G",
                    "valueType": "Amino::FCurve",
                    "value": {
                        "version": "1",
                        "preExtrapolation": "0",
                        "postExtrapolation": "0",
                        "points": [
                            {
                                "point": {
                                    "locked": "1",
                                    "interpolation": "2",
                                    "pcn": {
                                        "xp": "-1.3999999999999999",
                                        "yp": "0",
                                        "x": "-1",
                                        "y": "0",
                                        "xn": "-0.59999999999999998",
                                        "yn": "0"
                                    }
                                }
                            },
                            {
                                "point": {
                                    "locked": "1",
                                    "interpolation": "2",
                                    "pcn": {
                                        "xp": "4.7000000000000002",
                                        "yp": "1",
                                        "x": "5",
                                        "y": "1",
                                        "xn": "5.2999999999999998",
                                        "yn": "1"
                                    }
                                }
                            },
                            {
                                "point": {
                                    "locked": "1",
                                    "interpolation": "2",
                                    "pcn": {
                                        "xp": "9.5999999999999996",
                                        "yp": "0",
                                        "x": "10",
                                        "y": "0",
                                        "xn": "10.4",
                                        "yn": "0"
                                    }
                                }
                            }
                        ]
                    }
                },
                {
                    "valueName": "point_scope.heatmap_B",
                    "valueType": "Amino::FCurve",
                    "value": {
                        "version": "1",
                        "preExtrapolation": "0",
                        "postExtrapolation": "0",
                        "points": [
                            {
                                "point": {
                                    "locked": "1",
                                    "interpolation": "2",
                                    "pcn": {
                                        "xp": "-0.40000000000000002",
                                        "yp": "1",
                                        "x": "0",
                                        "y": "1",
                                        "xn": "0.40000000000000002",
                                        "yn": "1"
                                    }
                                }
                            },
                            {
                                "point": {
                                    "locked": "1",
                                    "interpolation": "2",
                                    "pcn": {
                                        "xp": "9.5999999999999996",
                                        "yp": "0.10000000000000001",
                                        "x": "10",
                                        "y": "0.10000000000000001",
                                        "xn": "10.4",
                                        "yn": "0.10000000000000001"
                                    }
                                }
                            }
                        ]
                    }
                },
                {
                    "valueName": "point_scope.arrow_property",
                    "valueType": "string",
                    "value": "point_velocity"
                },
                {
                    "valueName": "point_scope.normalize_arrow",
                    "valueType": "bool",
                    "value": "false"
                },
                {
                    "valueName": "point_scope.enable_arrows",
                    "valueType": "bool",
                    "value": "false"
                },
                {
                    "valueName": "point_scope.length_scale",
                    "valueType": "float",
                    "value": "1f"
                },
                {
                    "valueName": "rotation_between_vectors.from",
                    "valueType": "Math::float3",
                    "value": {
                        "x": "0f",
                        "y": "1f",
                        "z": "0f"
                    }
                },
                {
                    "valueName": "g2m_strand_circle.radius",
                    "valueType": "float",
                    "value": "1f"
                },
                {
                    "valueName": "g2m_strand_circle.sides",
                    "valueType": "uint",
                    "value": "48U"
                },
                {
                    "valueName": "value.value",
                    "valueType": "Math::float3",
                    "value": {
                        "x": "0f",
                        "y": "1f",
                        "z": "0f"
                    }
                },
                {
                    "valueName": "value1.value",
                    "valueType": "uint",
                    "value": "48U"
                },
                {
                    "valueName": "g2m_basic_color.rgb_color",
                    "valueType": "Math::float3",
                    "value": {
                        "x": "0.5f",
                        "y": "1f",
                        "z": "0.5f"
                    }
                },
                {
                    "valueName": "create_arrow_strands.arrowhead_size",
                    "valueType": "float",
                    "value": "0.0500000007f"
                },
                {
                    "valueName": "create_arrow_strands.stem_width_ratio",
                    "valueType": "float",
                    "value": "0.300000012f"
                },
                {
                    "valueName": "set_strands_shape.default_size",
                    "valueType": "float",
                    "value": "0.00999999978f"
                },
                {
                    "valueName": "value3.value",
                    "valueType": "float",
                    "value": "5f"
                }
            ],
            "reservedNodeNames": [
                {
                    "name": "input"
                },
                {
                    "name": "output"
                }
            ]
        }
    ]
}