{
    "header": {
        "metadata": [
            {
                "metaName": "adskFileFormatVersion",
                "metaValue": "100L"
            }
        ]
    },
    "namespaces": [],
    "types": [],
    "compounds": [
        {
            "name": "BPM::g2m_bifrost_pack_0::diagnostic::g2m_geo_normal_scope",
            "uriImported": "stream:/bifrostGraphShape1",
            "metadata": [
                {
                    "metaName": "_recentNode_",
                    "metaType": "string",
                    "metaValue": "BifrostGraph,Core::Array,last_in_array"
                },
                {
                    "metaName": "_recentNode_",
                    "metaType": "string",
                    "metaValue": "BifrostGraph,Core::Array,first_in_array"
                },
                {
                    "metaName": "_recentNode_",
                    "metaType": "string",
                    "metaValue": "BifrostGraph,Bruce,curves_deformer"
                },
                {
                    "metaName": "_recentNode_",
                    "metaType": "string",
                    "metaValue": "BifrostGraph,Core::Constants,float"
                },
                {
                    "metaName": "_recentNode_",
                    "metaType": "string",
                    "metaValue": "BifrostGraph,Core::Math,add"
                },
                {
                    "metaName": "io_nodes",
                    "metadata": [
                        {
                            "metaName": "io_inodes",
                            "metadata": [
                                {
                                    "metaName": "input",
                                    "metadata": [
                                        {
                                            "metaName": "DisplayMode",
                                            "metaType": "string",
                                            "metaValue": "2"
                                        },
                                        {
                                            "metaName": "io_ports",
                                            "metadata": [
                                                {
                                                    "metaName": "geometry"
                                                }
                                            ]
                                        },
                                        {
                                            "metaName": "LayoutPos",
                                            "metaType": "string",
                                            "metaValue": "-493.73 145.64"
                                        }
                                    ]
                                }
                            ]
                        },
                        {
                            "metaName": "io_onodes",
                            "metadata": [
                                {
                                    "metaName": "output",
                                    "metadata": [
                                        {
                                            "metaName": "DisplayMode",
                                            "metaType": "string",
                                            "metaValue": "2"
                                        },
                                        {
                                            "metaName": "LayoutPos",
                                            "metaType": "string",
                                            "metaValue": "924.133 69.4441"
                                        },
                                        {
                                            "metaName": "io_ports",
                                            "metadata": [
                                                {
                                                    "metaName": "point_normal_strands"
                                                },
                                                {
                                                    "metaName": "face_vertex_normal_strands"
                                                }
                                            ]
                                        }
                                    ]
                                }
                            ]
                        }
                    ]
                },
                {
                    "metaName": "backdrop",
                    "metadata": [
                        {
                            "metaName": "type",
                            "metaType": "string",
                            "metaValue": "backdrop"
                        },
                        {
                            "metaName": "text",
                            "metaType": "string",
                            "metaValue": "\u5df2\u77e5\u554f\u984c\uff1a\n\n\u7121\u6cd5\u8655\u7406\u8edf\u908a(soft edge)\uff0c\u56e0\u70ba face_vertex_normal \u7684\u6578\u91cf\u8207 face_vertex \u7684\u6578\u91cf\u4e0d\u7b26\uff0c\u4e0d\u80fd\u627e\u5230\u5c0d\u61c9\u95dc\u4fc2\u3002"
                        },
                        {
                            "metaName": "coords",
                            "metaType": "string",
                            "metaValue": "-859.42 89.5336 594.74 242.186"
                        },
                        {
                            "metaName": "color",
                            "metaType": "string",
                            "metaValue": "#500000"
                        }
                    ]
                },
                {
                    "metaName": "ViewportRect",
                    "metaType": "string",
                    "metaValue": "-957.181 -170.451 994.163 896.377"
                },
                {
                    "metaName": "DisplayMode",
                    "metaType": "string",
                    "metaValue": "2"
                },
                {
                    "metaName": "LayoutPos",
                    "metaType": "string",
                    "metaValue": "360.784 -45.8183"
                }
            ],
            "ports": [
                {
                    "portName": "geometry",
                    "portDirection": "input",
                    "portType": "Amino::Object",
                    "portDefault": {}
                },
                {
                    "portName": "point_normal_strands",
                    "portDirection": "output",
                    "portType": "Amino::Object"
                },
                {
                    "portName": "face_vertex_normal_strands",
                    "portDirection": "output",
                    "portType": "Amino::Object"
                }
            ],
            "compoundNodes": [
                {
                    "nodeName": "add",
                    "nodeType": "Core::Math::add",
                    "multiInPortNames": [
                        "resized",
                        "point_normal"
                    ],
                    "metadata": [
                        {
                            "metaName": "DisplayMode",
                            "metaType": "string",
                            "metaValue": "2"
                        },
                        {
                            "metaName": "LayoutPos",
                            "metaType": "string",
                            "metaValue": "185.224 -122.947"
                        }
                    ]
                },
                {
                    "nodeName": "array_average",
                    "nodeType": "MJCG::Core::Array::array_average",
                    "metadata": [
                        {
                            "metaName": "DisplayMode",
                            "metaType": "string",
                            "metaValue": "2"
                        },
                        {
                            "metaName": "LayoutPos",
                            "metaType": "string",
                            "metaValue": "-160.89 -637.529"
                        }
                    ]
                },
                {
                    "nodeName": "array_size",
                    "nodeType": "Core::Array::array_size",
                    "metadata": [
                        {
                            "metaName": "DisplayMode",
                            "metaType": "string",
                            "metaValue": "2"
                        },
                        {
                            "metaName": "LayoutPos",
                            "metaType": "string",
                            "metaValue": "45.7961 -669.761"
                        }
                    ]
                },
                {
                    "nodeName": "build_array",
                    "nodeType": "Core::Array::build_array",
                    "multiInPortNames": [
                        "average"
                    ],
                    "metadata": [
                        {
                            "metaName": "DisplayMode",
                            "metaType": "string",
                            "metaValue": "2"
                        },
                        {
                            "metaName": "LayoutPos",
                            "metaType": "string",
                            "metaValue": "274.187 -806.736"
                        }
                    ]
                },
                {
                    "nodeName": "create_arrow_strands",
                    "nodeType": "Modeling::Strands::create_arrow_strands",
                    "metadata": [
                        {
                            "metaName": "DisplayMode",
                            "metaType": "string",
                            "metaValue": "2"
                        },
                        {
                            "metaName": "LayoutPos",
                            "metaType": "string",
                            "metaValue": "542.057 -208.761"
                        }
                    ]
                },
                {
                    "nodeName": "get_point_normal1",
                    "nodeType": "Geometry::Properties::get_point_normal",
                    "metadata": [
                        {
                            "metaName": "DisplayMode",
                            "metaType": "string",
                            "metaValue": "2"
                        },
                        {
                            "metaName": "LayoutPos",
                            "metaType": "string",
                            "metaValue": "-153.326 -50.54"
                        }
                    ]
                },
                {
                    "nodeName": "get_point_position",
                    "nodeType": "Geometry::Properties::get_point_position",
                    "metadata": [
                        {
                            "metaName": "DisplayMode",
                            "metaType": "string",
                            "metaValue": "2"
                        },
                        {
                            "metaName": "LayoutPos",
                            "metaType": "string",
                            "metaValue": "-152.925 -244.428"
                        }
                    ]
                },
                {
                    "nodeName": "resize_array",
                    "nodeType": "Core::Array::resize_array",
                    "metadata": [
                        {
                            "metaName": "DisplayMode",
                            "metaType": "string",
                            "metaValue": "2"
                        },
                        {
                            "metaName": "LayoutPos",
                            "metaType": "string",
                            "metaValue": "509.927 -514.382"
                        }
                    ]
                },
                {
                    "nodeName": "get_geo_property",
                    "nodeType": "Geometry::Properties::get_geo_property",
                    "metadata": [
                        {
                            "metaName": "DisplayMode",
                            "metaType": "string",
                            "metaValue": "2"
                        },
                        {
                            "metaName": "LayoutPos",
                            "metaType": "string",
                            "metaValue": "-152.047 562.386"
                        }
                    ]
                },
                {
                    "nodeName": "get_mesh_structure",
                    "nodeType": "Geometry::Mesh::get_mesh_structure",
                    "metadata": [
                        {
                            "metaName": "DisplayMode",
                            "metaType": "string",
                            "metaValue": "2"
                        },
                        {
                            "metaName": "LayoutPos",
                            "metaType": "string",
                            "metaValue": "-155.352 251.803"
                        }
                    ]
                },
                {
                    "nodeName": "get_face_vertex_position",
                    "nodeType": "Core::Array::get_from_array",
                    "metadata": [
                        {
                            "metaName": "DisplayMode",
                            "metaType": "string",
                            "metaValue": "2"
                        },
                        {
                            "metaName": "LayoutPos",
                            "metaType": "string",
                            "metaValue": "122.521 299.807"
                        }
                    ]
                },
                {
                    "nodeName": "create_arrow_strands1",
                    "nodeType": "Modeling::Strands::create_arrow_strands",
                    "metadata": [
                        {
                            "metaName": "DisplayMode",
                            "metaType": "string",
                            "metaValue": "2"
                        },
                        {
                            "metaName": "LayoutPos",
                            "metaType": "string",
                            "metaValue": "743.452 419.824"
                        }
                    ]
                },
                {
                    "nodeName": "add1",
                    "nodeType": "Core::Math::add",
                    "multiInPortNames": [
                        "value",
                        "data"
                    ],
                    "metadata": [
                        {
                            "metaName": "DisplayMode",
                            "metaType": "string",
                            "metaValue": "2"
                        },
                        {
                            "metaName": "LayoutPos",
                            "metaType": "string",
                            "metaValue": "443.036 514.906"
                        }
                    ]
                },
                {
                    "nodeName": "value",
                    "valueType": "Math::float3",
                    "metadata": [
                        {
                            "metaName": "DisplayMode",
                            "metaType": "string",
                            "metaValue": "2"
                        },
                        {
                            "metaName": "LayoutPos",
                            "metaType": "string",
                            "metaValue": "-202.228 -879.486"
                        },
                        {
                            "metaName": "valuenode_defaultvalue",
                            "metaType": "string",
                            "metaValue": "0"
                        },
                        {
                            "metaName": "valuenode_defaultvalue",
                            "metaType": "string",
                            "metaValue": "0"
                        },
                        {
                            "metaName": "valuenode_defaultvalue",
                            "metaType": "string",
                            "metaValue": "0"
                        }
                    ]
                },
                {
                    "nodeName": "first_in_array",
                    "nodeType": "Core::Array::first_in_array",
                    "metadata": [
                        {
                            "metaName": "DisplayMode",
                            "metaType": "string",
                            "metaValue": "2"
                        },
                        {
                            "metaName": "LayoutPos",
                            "metaType": "string",
                            "metaValue": "-515.779 -771.618"
                        }
                    ]
                },
                {
                    "nodeName": "last_in_array",
                    "nodeType": "Core::Array::last_in_array",
                    "metadata": [
                        {
                            "metaName": "DisplayMode",
                            "metaType": "string",
                            "metaValue": "2"
                        },
                        {
                            "metaName": "LayoutPos",
                            "metaType": "string",
                            "metaValue": "-538.523 -921.083"
                        }
                    ]
                }
            ],
            "connections": [
                {
                    "source": "add.output",
                    "target": "create_arrow_strands.end_positions"
                },
                {
                    "source": "array_size.size",
                    "target": "resize_array.new_size"
                },
                {
                    "source": "build_array.array",
                    "target": "resize_array.array"
                },
                {
                    "source": "create_arrow_strands.strands",
                    "target": ".point_normal_strands"
                },
                {
                    "source": "get_point_normal1.point_normal",
                    "target": "add.first.point_normal"
                },
                {
                    "source": "get_point_position.point_position",
                    "target": "array_average.array"
                },
                {
                    "source": "get_point_position.point_position",
                    "target": "array_size.array"
                },
                {
                    "source": "get_point_position.point_position",
                    "target": "first_in_array.array"
                },
                {
                    "source": "get_point_position.point_position",
                    "target": "last_in_array.array"
                },
                {
                    "source": "get_point_position.point_position",
                    "target": "create_arrow_strands.start_positions"
                },
                {
                    "source": "get_point_position.point_position",
                    "target": "add.first.resized"
                },
                {
                    "source": "get_geo_property.data",
                    "target": "add1.first.data"
                },
                {
                    "source": "get_mesh_structure.point_position",
                    "target": "get_face_vertex_position.array"
                },
                {
                    "source": "get_mesh_structure.face_vertex",
                    "target": "get_face_vertex_position.index"
                },
                {
                    "source": "get_face_vertex_position.value",
                    "target": "add1.first.value"
                },
                {
                    "source": "get_face_vertex_position.value",
                    "target": "create_arrow_strands1.start_positions"
                },
                {
                    "source": "create_arrow_strands1.strands",
                    "target": ".face_vertex_normal_strands"
                },
                {
                    "source": "add1.output",
                    "target": "create_arrow_strands1.end_positions"
                },
                {
                    "source": "value.output",
                    "target": "build_array.first.average"
                },
                {
                    "source": "value.output",
                    "target": "resize_array.default"
                },
                {
                    "source": "last_in_array.last",
                    "target": "value.value"
                },
                {
                    "source": ".geometry",
                    "target": "get_point_normal1.geometry"
                },
                {
                    "source": ".geometry",
                    "target": "get_point_position.geometry"
                },
                {
                    "source": ".geometry",
                    "target": "get_geo_property.geometry"
                },
                {
                    "source": ".geometry",
                    "target": "get_mesh_structure.mesh"
                }
            ],
            "values": [
                {
                    "valueName": "create_arrow_strands.arrowhead_size",
                    "valueType": "float",
                    "value": "0.100000001f"
                },
                {
                    "valueName": "create_arrow_strands.stem_width_ratio",
                    "valueType": "float",
                    "value": "0.100000001f"
                },
                {
                    "valueName": "get_geo_property.property",
                    "valueType": "string",
                    "value": "face_vertex_normal"
                },
                {
                    "valueName": "get_geo_property.type",
                    "valueType": "array<Math::float3>",
                    "value": []
                },
                {
                    "valueName": "create_arrow_strands1.arrowhead_size",
                    "valueType": "float",
                    "value": "0.100000001f"
                },
                {
                    "valueName": "create_arrow_strands1.stem_width_ratio",
                    "valueType": "float",
                    "value": "0.100000001f"
                },
                {
                    "valueName": "value.value",
                    "valueType": "Math::float3",
                    "value": {
                        "x": "0f",
                        "y": "0f",
                        "z": "0f"
                    }
                }
            ],
            "reservedNodeNames": [
                {
                    "name": "input"
                },
                {
                    "name": "output"
                }
            ]
        }
    ]
}