{
    "header": {
        "metadata": [
            {
                "metaName": "adskFileFormatVersion",
                "metaValue": "100L"
            }
        ]
    },
    "namespaces": [],
    "types": [],
    "compounds": [
        {
            "name": "BPM::g2m_bifrost_pack_0::shading::g2m_coolors_reader",
            "uriImported": "stream:/bifrostGraphShape1",
            "metadata": [
                {
                    "metaName": "io_nodes",
                    "metadata": [
                        {
                            "metaName": "io_inodes",
                            "metadata": [
                                {
                                    "metaName": "input",
                                    "metadata": [
                                        {
                                            "metaName": "DisplayMode",
                                            "metaType": "string",
                                            "metaValue": "2"
                                        },
                                        {
                                            "metaName": "LayoutPos",
                                            "metaType": "string",
                                            "metaValue": "-557 -61"
                                        },
                                        {
                                            "metaName": "io_ports",
                                            "metadata": [
                                                {
                                                    "metaName": "coolors_palette_url"
                                                }
                                            ]
                                        }
                                    ]
                                }
                            ]
                        },
                        {
                            "metaName": "io_onodes",
                            "metadata": [
                                {
                                    "metaName": "output",
                                    "metadata": [
                                        {
                                            "metaName": "DisplayMode",
                                            "metaType": "string",
                                            "metaValue": "2"
                                        },
                                        {
                                            "metaName": "LayoutPos",
                                            "metaType": "string",
                                            "metaValue": "737 -283.5"
                                        },
                                        {
                                            "metaName": "io_ports",
                                            "metadata": [
                                                {
                                                    "metaName": "rgb"
                                                }
                                            ]
                                        }
                                    ]
                                }
                            ]
                        }
                    ]
                },
                {
                    "metaName": "_recentNode_",
                    "metaType": "string",
                    "metaValue": "BifrostGraph,G2M::shading,g2m_show_color_samples"
                },
                {
                    "metaName": "_recentNode_",
                    "metaType": "string",
                    "metaValue": "BifrostGraph,G2M::utility,g2m_hex_to_rgb"
                },
                {
                    "metaName": "_recentNode_",
                    "metaType": "string",
                    "metaValue": "BifrostGraph,Modeling::Common,merge_geometry"
                },
                {
                    "metaName": "_recentNode_",
                    "metaType": "string",
                    "metaValue": "BifrostGraph,Core::Constants,float"
                },
                {
                    "metaName": "_recentNode_",
                    "metaType": "string",
                    "metaValue": "BifrostGraph,Core::Graph,terminal"
                },
                {
                    "metaName": "ViewportRect",
                    "metaType": "string",
                    "metaValue": "-590 -322 750 549"
                },
                {
                    "metaName": "DisplayMode",
                    "metaType": "string",
                    "metaValue": "2"
                },
                {
                    "metaName": "LayoutPos",
                    "metaType": "string",
                    "metaValue": "-339.941 463.986"
                },
                {
                    "metaName": "terminal_node_disabled_flags",
                    "metaType": "string",
                    "metaValue": "Core::Graph::terminal::diagnostic"
                }
            ],
            "ports": [
                {
                    "portName": "coolors_palette_url",
                    "portDirection": "input",
                    "portType": "string",
                    "portDefault": ""
                },
                {
                    "portName": "rgb",
                    "portDirection": "output"
                }
            ],
            "compoundNodes": [
                {
                    "nodeName": "last_in_array",
                    "nodeType": "Core::Array::last_in_array",
                    "metadata": [
                        {
                            "metaName": "DisplayMode",
                            "metaType": "string",
                            "metaValue": "2"
                        },
                        {
                            "metaName": "LayoutPos",
                            "metaType": "string",
                            "metaValue": "-45.2434 -108.492"
                        }
                    ]
                },
                {
                    "nodeName": "split_string",
                    "nodeType": "Core::String::split_string",
                    "metadata": [
                        {
                            "metaName": "DisplayMode",
                            "metaType": "string",
                            "metaValue": "2"
                        },
                        {
                            "metaName": "LayoutPos",
                            "metaType": "string",
                            "metaValue": "-275.095 -83.7527"
                        }
                    ]
                },
                {
                    "nodeName": "split_string1",
                    "nodeType": "Core::String::split_string",
                    "metadata": [
                        {
                            "metaName": "DisplayMode",
                            "metaType": "string",
                            "metaValue": "2"
                        },
                        {
                            "metaName": "LayoutPos",
                            "metaType": "string",
                            "metaValue": "203.563 -132.682"
                        }
                    ]
                },
                {
                    "nodeName": "terminal",
                    "nodeType": "Core::Graph::terminal",
                    "fanInPortNames": {
                        "final": [],
                        "proxy": [],
                        "diagnostic": [
                            "cube"
                        ]
                    },
                    "deactivatedTerminals": [
                        "Core::Graph::terminal::final",
                        "Core::Graph::terminal::proxy"
                    ],
                    "metadata": [
                        {
                            "metaName": "DisplayMode",
                            "metaType": "string",
                            "metaValue": "2"
                        },
                        {
                            "metaName": "LayoutPos",
                            "metaType": "string",
                            "metaValue": "1020.35 -140.181"
                        }
                    ]
                },
                {
                    "nodeName": "value",
                    "valueType": "string",
                    "metadata": [
                        {
                            "metaName": "DisplayMode",
                            "metaType": "string",
                            "metaValue": "2"
                        },
                        {
                            "metaName": "valuenode_defaultvalue",
                            "metaType": "string",
                            "metaValue": "https://coolors.co/f94144-f3722c-f8961e-f9844a-f9c74f-90be6d-43aa8b-4d908e-577590-277da1"
                        },
                        {
                            "metaName": "LayoutPos",
                            "metaType": "string",
                            "metaValue": "-551.23 -251.955"
                        }
                    ]
                },
                {
                    "nodeName": "value1",
                    "valueType": "string",
                    "metadata": [
                        {
                            "metaName": "DisplayMode",
                            "metaType": "string",
                            "metaValue": "0"
                        },
                        {
                            "metaName": "LayoutPos",
                            "metaType": "string",
                            "metaValue": "-301.5 127"
                        },
                        {
                            "metaName": "valuenode_defaultvalue",
                            "metaType": "string",
                            "metaValue": "/"
                        }
                    ]
                },
                {
                    "nodeName": "value2",
                    "valueType": "string",
                    "metadata": [
                        {
                            "metaName": "DisplayMode",
                            "metaType": "string",
                            "metaValue": "0"
                        },
                        {
                            "metaName": "LayoutPos",
                            "metaType": "string",
                            "metaValue": "199.5 45"
                        },
                        {
                            "metaName": "valuenode_defaultvalue",
                            "metaType": "string",
                            "metaValue": "-"
                        }
                    ]
                },
                {
                    "nodeName": "g2m_hex_to_rgb",
                    "nodeType": "BPM::g2m_bifrost_pack_0::utility::g2m_hex_to_rgb",
                    "metadata": [
                        {
                            "metaName": "DisplayMode",
                            "metaType": "string",
                            "metaValue": "2"
                        },
                        {
                            "metaName": "LayoutPos",
                            "metaType": "string",
                            "metaValue": "445.5 -156"
                        }
                    ]
                },
                {
                    "nodeName": "g2m_show_color_samples1",
                    "nodeType": "BPM::g2m_bifrost_pack_0::shading::g2m_show_color_samples",
                    "fanInPortNames": {
                        "rgb_colors": [
                            "rgb"
                        ]
                    },
                    "metadata": [
                        {
                            "metaName": "DisplayMode",
                            "metaType": "string",
                            "metaValue": "2"
                        },
                        {
                            "metaName": "LayoutPos",
                            "metaType": "string",
                            "metaValue": "743.512 -70.3063"
                        }
                    ]
                }
            ],
            "connections": [
                {
                    "source": "split_string.split",
                    "target": "last_in_array.array"
                },
                {
                    "source": "last_in_array.last",
                    "target": "split_string1.string"
                },
                {
                    "source": ".coolors_palette_url",
                    "target": "split_string.string"
                },
                {
                    "source": "value1.output",
                    "target": "split_string.separator"
                },
                {
                    "source": "value2.output",
                    "target": "split_string1.separator"
                },
                {
                    "source": "split_string1.split",
                    "target": "g2m_hex_to_rgb.hex"
                },
                {
                    "source": "g2m_hex_to_rgb.rgb",
                    "target": ".rgb"
                },
                {
                    "source": "g2m_hex_to_rgb.rgb",
                    "target": "g2m_show_color_samples1.rgb_colors.rgb"
                },
                {
                    "source": "g2m_show_color_samples1.cube",
                    "target": "terminal.diagnostic.cube"
                }
            ],
            "values": [
                {
                    "valueName": "split_string.separator",
                    "valueType": "string",
                    "value": "/"
                },
                {
                    "valueName": "split_string1.separator",
                    "valueType": "string",
                    "value": "-"
                },
                {
                    "valueName": "value.value",
                    "valueType": "string",
                    "value": "https://coolors.co/f94144-f3722c-f8961e-f9844a-f9c74f-90be6d-43aa8b-4d908e-577590-277da1"
                },
                {
                    "valueName": "value1.value",
                    "valueType": "string",
                    "value": "/"
                },
                {
                    "valueName": "value2.value",
                    "valueType": "string",
                    "value": "-"
                }
            ],
            "reservedNodeNames": [
                {
                    "name": "input"
                },
                {
                    "name": "output"
                }
            ]
        }
    ]
}