{
    "header": {
        "metadata": [
            {
                "metaName": "adskFileFormatVersion",
                "metaValue": "100L"
            }
        ]
    },
    "dependencies": [
        {
            "uri": "file:///bifrost_object_i.json"
        },
        {
            "uri": "file:///Math_types.json"
        },
        {
            "uri": "file:///bifrost_geometry_query_types.json"
        },
        {
            "uri": "file:///geometry_types.json"
        },
        {
            "uri": "file:///set_property_any.json"
        },
        {
            "uri": "file:///set_property.json"
        },
        {
            "uri": "file:///has_property.json"
        },
        {
            "uri": "file:///get_property_any.json"
        },
        {
            "uri": "file:///get_property.json"
        },
        {
            "uri": "file:///get_property_keys.json"
        },
        {
            "uri": "file:///is_empty.json"
        },
        {
            "uri": "file:///materials.json"
        },
        {
            "uri": "file:///create_object_from_schema.json"
        },
        {
            "uri": "file:///Math_conversion.json"
        },
        {
            "uri": "file:///Math_float.json"
        },
        {
            "uri": "file:///Math_double.json"
        },
        {
            "uri": "file:///Math_ulong.json"
        },
        {
            "uri": "file:///Math_char.json"
        },
        {
            "uri": "file:///Math_int.json"
        },
        {
            "uri": "file:///Math_long.json"
        },
        {
            "uri": "file:///Math_short.json"
        },
        {
            "uri": "file:///Math_uchar.json"
        },
        {
            "uri": "file:///Math_uint.json"
        },
        {
            "uri": "file:///Math_ushort.json"
        },
        {
            "uri": "file:///set_sub_object_property.json"
        },
        {
            "uri": "file:///validate_strands.json"
        },
        {
            "uri": "file:///construct_strands.json"
        }
    ],
    "namespaces": [],
    "types": [],
    "compounds": [
        {
            "name": "BPM::g2m_bifrost_pack_0::strand::g2m_point_to_strand",
            "uriImported": "file:///g2m_point_strand.json",
            "metadata": [
                {
                    "metaName": "io_nodes",
                    "metadata": [
                        {
                            "metaName": "io_inodes",
                            "metadata": [
                                {
                                    "metaName": "input",
                                    "metadata": [
                                        {
                                            "metaName": "DisplayMode",
                                            "metaType": "string",
                                            "metaValue": "2"
                                        },
                                        {
                                            "metaName": "LayoutPos",
                                            "metaType": "string",
                                            "metaValue": "-571 -61"
                                        },
                                        {
                                            "metaName": "io_ports",
                                            "metadata": [
                                                {
                                                    "metaName": "point_position"
                                                },
                                                {
                                                    "metaName": "color"
                                                }
                                            ]
                                        }
                                    ]
                                }
                            ]
                        },
                        {
                            "metaName": "io_onodes",
                            "metadata": [
                                {
                                    "metaName": "output",
                                    "metadata": [
                                        {
                                            "metaName": "io_ports",
                                            "metadata": [
                                                {
                                                    "metaName": "out_strand"
                                                }
                                            ]
                                        },
                                        {
                                            "metaName": "DisplayMode",
                                            "metaType": "string",
                                            "metaValue": "2"
                                        },
                                        {
                                            "metaName": "LayoutPos",
                                            "metaType": "string",
                                            "metaValue": "270.049 -109.257"
                                        }
                                    ]
                                }
                            ]
                        }
                    ]
                },
                {
                    "metaName": "ViewportRect",
                    "metaType": "string",
                    "metaValue": "-861.704 -299.95 1643.73 875.006"
                },
                {
                    "metaName": "DisplayMode",
                    "metaType": "string",
                    "metaValue": "2"
                },
                {
                    "metaName": "LayoutPos",
                    "metaType": "string",
                    "metaValue": "274.17 354.447"
                }
            ],
            "ports": [
                {
                    "portName": "out_strand",
                    "portDirection": "output",
                    "portType": "Amino::Object"
                },
                {
                    "portName": "point_position",
                    "portDirection": "input",
                    "portType": "array<Math::float3>",
                    "portDefault": []
                },
                {
                    "portName": "color",
                    "portDirection": "input",
                    "portType": "Math::float3",
                    "portDefault": {
                        "x": "1f",
                        "y": "0f",
                        "z": "0f"
                    }
                }
            ],
            "compoundNodes": [
                {
                    "nodeName": "assign_material",
                    "nodeType": "Rendering::Materials::assign_material",
                    "metadata": [
                        {
                            "metaName": "DisplayMode",
                            "metaType": "string",
                            "metaValue": "2"
                        },
                        {
                            "metaName": "LayoutPos",
                            "metaType": "string",
                            "metaValue": "-13.1418 -109.236"
                        }
                    ]
                },
                {
                    "nodeName": "constant_surface_mat",
                    "nodeType": "Rendering::Materials::constant_surface_mat",
                    "metadata": [
                        {
                            "metaName": "DisplayMode",
                            "metaType": "string",
                            "metaValue": "2"
                        },
                        {
                            "metaName": "LayoutPos",
                            "metaType": "string",
                            "metaValue": "-300.976 125.434"
                        }
                    ]
                },
                {
                    "nodeName": "construct_strands",
                    "nodeType": "Geometry::Strands::construct_strands",
                    "metadata": [
                        {
                            "metaName": "DisplayMode",
                            "metaType": "string",
                            "metaValue": "2"
                        },
                        {
                            "metaName": "LayoutPos",
                            "metaType": "string",
                            "metaValue": "-300.981 -85.4017"
                        }
                    ]
                }
            ],
            "connections": [
                {
                    "source": "construct_strands.strands",
                    "target": "assign_material.geometry"
                },
                {
                    "source": "constant_surface_mat.material_definition",
                    "target": "assign_material.surface_material"
                },
                {
                    "source": "assign_material.out_geometry",
                    "target": ".out_strand"
                },
                {
                    "source": ".point_position",
                    "target": "construct_strands.point_position"
                },
                {
                    "source": ".color",
                    "target": "constant_surface_mat.color"
                }
            ],
            "values": [
                {
                    "valueName": "assign_material.geometry",
                    "valueType": "Amino::Object",
                    "value": {}
                },
                {
                    "valueName": "assign_material.set_surface",
                    "valueType": "bool",
                    "value": "true"
                },
                {
                    "valueName": "assign_material.set_displacement",
                    "valueType": "bool",
                    "value": "true"
                },
                {
                    "valueName": "assign_material.set_volume",
                    "valueType": "bool",
                    "value": "true"
                },
                {
                    "valueName": "constant_surface_mat.name",
                    "valueType": "string",
                    "value": ""
                },
                {
                    "valueName": "constant_surface_mat.color",
                    "valueType": "Math::float3",
                    "value": {
                        "x": "1f",
                        "y": "0f",
                        "z": "0f"
                    }
                },
                {
                    "valueName": "constant_surface_mat.transparency",
                    "valueType": "Math::float3",
                    "value": {
                        "x": "0f",
                        "y": "0f",
                        "z": "0f"
                    }
                }
            ],
            "reservedNodeNames": [
                {
                    "name": "input"
                },
                {
                    "name": "output"
                }
            ]
        }
    ]
}