{
    "header": {
        "metadata": [
            {
                "metaName": "adskFileFormatVersion",
                "metaValue": "100L"
            }
        ]
    },
    "dependencies": [
        {
            "uri": "file:///Math_types.json"
        },
        {
            "uri": "file:///Math_conversion.json"
        },
        {
            "uri": "file:///riv_types.json"
        },
        {
            "uri": "file:///bifrost_object_i.json"
        },
        {
            "uri": "file:///point_types.json"
        },
        {
            "uri": "file:///FCurve.json"
        },
        {
            "uri": "file:///riv_ops.json"
        }
    ],
    "namespaces": [],
    "types": [],
    "compounds": [
        {
            "name": "BPM::g2m_bifrost_pack_0::utility::g2m_array_to_vector234",
            "uriImported": "stream:/stream",
            "metadata": [
                {
                    "metaName": "io_nodes",
                    "metadata": [
                        {
                            "metaName": "io_inodes",
                            "metadata": [
                                {
                                    "metaName": "input",
                                    "metadata": [
                                        {
                                            "metaName": "io_ports",
                                            "metadata": [
                                                {
                                                    "metaName": "array"
                                                }
                                            ]
                                        },
                                        {
                                            "metaName": "DisplayMode",
                                            "metaType": "string",
                                            "metaValue": "2"
                                        },
                                        {
                                            "metaName": "LayoutPos",
                                            "metaType": "string",
                                            "metaValue": "-1025 67.5"
                                        }
                                    ]
                                }
                            ]
                        },
                        {
                            "metaName": "io_onodes",
                            "metadata": [
                                {
                                    "metaName": "output",
                                    "metadata": [
                                        {
                                            "metaName": "DisplayMode",
                                            "metaType": "string",
                                            "metaValue": "2"
                                        },
                                        {
                                            "metaName": "LayoutPos",
                                            "metaType": "string",
                                            "metaValue": "802.359 46.5896"
                                        },
                                        {
                                            "metaName": "io_ports",
                                            "metadata": [
                                                {
                                                    "metaName": "array_size"
                                                },
                                                {
                                                    "metaName": "vector234"
                                                }
                                            ]
                                        }
                                    ]
                                }
                            ]
                        }
                    ]
                },
                {
                    "metaName": "backdrop",
                    "metadata": [
                        {
                            "metaName": "type",
                            "metaType": "string",
                            "metaValue": "backdrop"
                        },
                        {
                            "metaName": "coords",
                            "metaType": "string",
                            "metaValue": "-1000 -233 885 249"
                        },
                        {
                            "metaName": "text",
                            "metaType": "string",
                            "metaValue": "\u628a\u6578\u5b57\u5e8f\u5217\uff08\u6578\u7d44\uff09\u8f49\u6210 vector2/vector3/vector4\n\u5982\u679c\u6578\u7d44\u5927\u5c0f\u4e0d\u662f 2/3/4\uff0c\u5247\u8f38\u51fa\u9ed8\u8a8d\u503c\u7684 vector4 <0,0,0,0> "
                        }
                    ]
                },
                {
                    "metaName": "ViewportRect",
                    "metaType": "string",
                    "metaValue": "-1293.33 -389.401 1804.02 957.071"
                },
                {
                    "metaName": "DisplayMode",
                    "metaType": "string",
                    "metaValue": "2"
                },
                {
                    "metaName": "LayoutPos",
                    "metaType": "string",
                    "metaValue": "-403.062 112.851"
                }
            ],
            "ports": [
                {
                    "portName": "array",
                    "portDirection": "input"
                },
                {
                    "portName": "array_size",
                    "portDirection": "output",
                    "portType": "long"
                },
                {
                    "portName": "vector234",
                    "portDirection": "output"
                }
            ],
            "compoundNodes": [
                {
                    "nodeName": "array_size",
                    "nodeType": "Core::Array::array_size",
                    "metadata": [
                        {
                            "metaName": "DisplayMode",
                            "metaType": "string",
                            "metaValue": "2"
                        },
                        {
                            "metaName": "LayoutPos",
                            "metaType": "string",
                            "metaValue": "-396.008 44.8761"
                        }
                    ]
                },
                {
                    "nodeName": "equal_2",
                    "nodeType": "Core::Logic::equal",
                    "metadata": [
                        {
                            "metaName": "DisplayMode",
                            "metaType": "string",
                            "metaValue": "2"
                        },
                        {
                            "metaName": "LayoutPos",
                            "metaType": "string",
                            "metaValue": "16.2135 245.927"
                        }
                    ]
                },
                {
                    "nodeName": "equal_3",
                    "nodeType": "Core::Logic::equal",
                    "metadata": [
                        {
                            "metaName": "DisplayMode",
                            "metaType": "string",
                            "metaValue": "2"
                        },
                        {
                            "metaName": "LayoutPos",
                            "metaType": "string",
                            "metaValue": "30.0765 648.002"
                        }
                    ]
                },
                {
                    "nodeName": "equal_4",
                    "nodeType": "Core::Logic::equal",
                    "metadata": [
                        {
                            "metaName": "DisplayMode",
                            "metaType": "string",
                            "metaValue": "2"
                        },
                        {
                            "metaName": "LayoutPos",
                            "metaType": "string",
                            "metaValue": "31.3375 1076.55"
                        }
                    ]
                },
                {
                    "nodeName": "first_in_array1",
                    "nodeType": "Core::Array::first_in_array",
                    "metadata": [
                        {
                            "metaName": "DisplayMode",
                            "metaType": "string",
                            "metaValue": "2"
                        },
                        {
                            "metaName": "LayoutPos",
                            "metaType": "string",
                            "metaValue": "-603.082 284.838"
                        }
                    ]
                },
                {
                    "nodeName": "get_from_array_index_1",
                    "nodeType": "Core::Array::get_from_array",
                    "metadata": [
                        {
                            "metaName": "DisplayMode",
                            "metaType": "string",
                            "metaValue": "2"
                        },
                        {
                            "metaName": "LayoutPos",
                            "metaType": "string",
                            "metaValue": "-599.216 460.109"
                        }
                    ]
                },
                {
                    "nodeName": "get_from_array_index_2",
                    "nodeType": "Core::Array::get_from_array",
                    "metadata": [
                        {
                            "metaName": "DisplayMode",
                            "metaType": "string",
                            "metaValue": "2"
                        },
                        {
                            "metaName": "LayoutPos",
                            "metaType": "string",
                            "metaValue": "-597.927 659.868"
                        }
                    ]
                },
                {
                    "nodeName": "get_from_array_index_3",
                    "nodeType": "Core::Array::get_from_array",
                    "metadata": [
                        {
                            "metaName": "DisplayMode",
                            "metaType": "string",
                            "metaValue": "2"
                        },
                        {
                            "metaName": "LayoutPos",
                            "metaType": "string",
                            "metaValue": "-599.216 859.626"
                        }
                    ]
                },
                {
                    "nodeName": "if",
                    "nodeType": "Core::Logic::if",
                    "metadata": [
                        {
                            "metaName": "DisplayMode",
                            "metaType": "string",
                            "metaValue": "2"
                        },
                        {
                            "metaName": "LayoutPos",
                            "metaType": "string",
                            "metaValue": "366.609 221.978"
                        }
                    ]
                },
                {
                    "nodeName": "if1",
                    "nodeType": "Core::Logic::if",
                    "metadata": [
                        {
                            "metaName": "DisplayMode",
                            "metaType": "string",
                            "metaValue": "2"
                        },
                        {
                            "metaName": "LayoutPos",
                            "metaType": "string",
                            "metaValue": "380.472 625.313"
                        }
                    ]
                },
                {
                    "nodeName": "if2",
                    "nodeType": "Core::Logic::if",
                    "metadata": [
                        {
                            "metaName": "DisplayMode",
                            "metaType": "string",
                            "metaValue": "2"
                        },
                        {
                            "metaName": "LayoutPos",
                            "metaType": "string",
                            "metaValue": "381.733 1052.6"
                        }
                    ]
                },
                {
                    "nodeName": "scalar_to_vector2",
                    "nodeType": "Core::Conversion::scalar_to_vector2",
                    "metadata": [
                        {
                            "metaName": "DisplayMode",
                            "metaType": "string",
                            "metaValue": "2"
                        },
                        {
                            "metaName": "LayoutPos",
                            "metaType": "string",
                            "metaValue": "21.2545 447.594"
                        }
                    ]
                },
                {
                    "nodeName": "scalar_to_vector3",
                    "nodeType": "Core::Conversion::scalar_to_vector3",
                    "metadata": [
                        {
                            "metaName": "DisplayMode",
                            "metaType": "string",
                            "metaValue": "2"
                        },
                        {
                            "metaName": "LayoutPos",
                            "metaType": "string",
                            "metaValue": "28.8165 858.491"
                        }
                    ]
                },
                {
                    "nodeName": "scalar_to_vector4",
                    "nodeType": "Core::Conversion::scalar_to_vector4",
                    "metadata": [
                        {
                            "metaName": "DisplayMode",
                            "metaType": "string",
                            "metaValue": "2"
                        },
                        {
                            "metaName": "LayoutPos",
                            "metaType": "string",
                            "metaValue": "30.0765 1280.73"
                        }
                    ]
                }
            ],
            "connections": [
                {
                    "source": ".array",
                    "target": "array_size.array"
                },
                {
                    "source": "array_size.size",
                    "target": ".array_size"
                },
                {
                    "source": "array_size.size",
                    "target": "equal_2.first"
                },
                {
                    "source": "array_size.size",
                    "target": "equal_3.first"
                },
                {
                    "source": "array_size.size",
                    "target": "equal_4.first"
                },
                {
                    "source": "equal_2.output",
                    "target": "if.condition"
                },
                {
                    "source": "equal_3.output",
                    "target": "if1.condition"
                },
                {
                    "source": "equal_4.output",
                    "target": "if2.condition"
                },
                {
                    "source": ".array",
                    "target": "first_in_array1.array"
                },
                {
                    "source": "first_in_array1.first",
                    "target": "scalar_to_vector2.x"
                },
                {
                    "source": "first_in_array1.first",
                    "target": "scalar_to_vector3.x"
                },
                {
                    "source": "first_in_array1.first",
                    "target": "scalar_to_vector4.x"
                },
                {
                    "source": ".array",
                    "target": "get_from_array_index_1.array"
                },
                {
                    "source": "get_from_array_index_1.value",
                    "target": "scalar_to_vector2.y"
                },
                {
                    "source": "get_from_array_index_1.value",
                    "target": "scalar_to_vector3.y"
                },
                {
                    "source": "get_from_array_index_1.value",
                    "target": "scalar_to_vector4.y"
                },
                {
                    "source": ".array",
                    "target": "get_from_array_index_2.array"
                },
                {
                    "source": "get_from_array_index_2.value",
                    "target": "scalar_to_vector3.z"
                },
                {
                    "source": "get_from_array_index_2.value",
                    "target": "scalar_to_vector4.z"
                },
                {
                    "source": ".array",
                    "target": "get_from_array_index_3.array"
                },
                {
                    "source": "get_from_array_index_3.value",
                    "target": "scalar_to_vector4.w"
                },
                {
                    "source": "scalar_to_vector2.vector2",
                    "target": "if.true_case"
                },
                {
                    "source": "if1.output",
                    "target": "if.false_case"
                },
                {
                    "source": "scalar_to_vector3.vector3",
                    "target": "if1.true_case"
                },
                {
                    "source": "if2.output",
                    "target": "if1.false_case"
                },
                {
                    "source": "scalar_to_vector4.vector4",
                    "target": "if2.true_case"
                },
                {
                    "source": "if.output",
                    "target": ".vector234"
                }
            ],
            "values": [
                {
                    "valueName": "equal_2.second",
                    "valueType": "long",
                    "value": "2"
                },
                {
                    "valueName": "equal_3.second",
                    "valueType": "long",
                    "value": "3"
                },
                {
                    "valueName": "equal_4.second",
                    "valueType": "long",
                    "value": "4"
                },
                {
                    "valueName": "get_from_array_index_1.index",
                    "valueType": "long",
                    "value": "1"
                },
                {
                    "valueName": "get_from_array_index_2.index",
                    "valueType": "long",
                    "value": "2"
                },
                {
                    "valueName": "get_from_array_index_3.index",
                    "valueType": "long",
                    "value": "3"
                }
            ],
            "reservedNodeNames": [
                {
                    "name": "input"
                },
                {
                    "name": "output"
                }
            ]
        }
    ]
}