{
    "header": {
        "metadata": [
            {
                "metaName": "adskFileFormatVersion",
                "metaValue": "100L"
            }
        ]
    },
    "namespaces": [],
    "types": [],
    "compounds": [
        {
            "name": "BPM::g2m_bifrost_pack_0::array::g2m_repeat_last",
            "uriImported": "file:///g2m_repeat_last.json",
            "metadata": [
                {
                    "metaName": "documentation",
                    "metaType": "string",
                    "metaValue": "docs/g2m_repeat_last.md"
                },
                {
                    "metaName": "icon",
                    "metaType": "string",
                    "metaValue": "icons/g2m_default.png"
                },
                {
                    "metaName": "io_nodes",
                    "metadata": [
                        {
                            "metaName": "io_inodes",
                            "metadata": [
                                {
                                    "metaName": "input",
                                    "metadata": [
                                        {
                                            "metaName": "DisplayMode",
                                            "metaType": "string",
                                            "metaValue": "2"
                                        },
                                        {
                                            "metaName": "LayoutPos",
                                            "metaType": "string",
                                            "metaValue": "-571 -61"
                                        },
                                        {
                                            "metaName": "io_ports",
                                            "metadata": [
                                                {
                                                    "metaName": "in_array"
                                                },
                                                {
                                                    "metaName": "new_size"
                                                }
                                            ]
                                        }
                                    ]
                                }
                            ]
                        },
                        {
                            "metaName": "io_onodes",
                            "metadata": [
                                {
                                    "metaName": "output",
                                    "metadata": [
                                        {
                                            "metaName": "DisplayMode",
                                            "metaType": "string",
                                            "metaValue": "2"
                                        },
                                        {
                                            "metaName": "LayoutPos",
                                            "metaType": "string",
                                            "metaValue": "1284.6 -97.3774"
                                        },
                                        {
                                            "metaName": "io_ports",
                                            "metadata": [
                                                {
                                                    "metaName": "new_array"
                                                }
                                            ]
                                        }
                                    ]
                                }
                            ]
                        }
                    ]
                },
                {
                    "metaName": "backdrop",
                    "metadata": [
                        {
                            "metaName": "type",
                            "metaType": "string",
                            "metaValue": "backdrop"
                        },
                        {
                            "metaName": "coords",
                            "metaType": "string",
                            "metaValue": "-254.748 -540.595 1451.57 771.265"
                        },
                        {
                            "metaName": "text",
                            "metaType": "string",
                            "metaValue": "\u91cd\u8907\u8f38\u5165\u6578\u7d44\u7684\u6700\u540e\u4e00\u500b\u5143\u7d20\uff0c\u586b\u6eff\u6307\u5b9a\u7684 size\u3002\n\n\u8f38\u5165\uff1a\nin_array: \u8f38\u5165\u7684\u6578\u7d44\nnew_size: \u65b0\u7684\u6578\u7d44\u5c3a\u5bf8\uff0c\u503c\u7232 0 \u6642\u4ec0\u9ebd\u90fd\u4e0d\u505a\u3002"
                        }
                    ]
                },
                {
                    "metaName": "_recentNode_",
                    "metaType": "string",
                    "metaValue": "BifrostGraph,Core::Array,build_array"
                },
                {
                    "metaName": "_recentNode_",
                    "metaType": "string",
                    "metaValue": "BifrostGraph,User::G2M,g2m_repeat_last"
                },
                {
                    "metaName": "_recentNode_",
                    "metaType": "string",
                    "metaValue": "BifrostGraph,G2M::app,g2m_pie_piece"
                },
                {
                    "metaName": "_recentNode_",
                    "metaType": "string",
                    "metaValue": "BifrostGraph,Core::Array,first_in_array"
                },
                {
                    "metaName": "_recentNode_",
                    "metaType": "string",
                    "metaValue": "BifrostGraph,Geometry::Mesh,validate_mesh"
                },
                {
                    "metaName": "ViewportRect",
                    "metaType": "string",
                    "metaValue": "-507 -605 1561 888"
                },
                {
                    "metaName": "DisplayMode",
                    "metaType": "string",
                    "metaValue": "2"
                },
                {
                    "metaName": "LayoutPos",
                    "metaType": "string",
                    "metaValue": "748.921 508.007"
                }
            ],
            "ports": [
                {
                    "portName": "in_array",
                    "portDirection": "input"
                },
                {
                    "portName": "new_size",
                    "portDirection": "input",
                    "portType": "long",
                    "portDefault": "0"
                },
                {
                    "portName": "new_array",
                    "portDirection": "output"
                }
            ],
            "compoundNodes": [
                {
                    "nodeName": "greater2",
                    "nodeType": "Core::Logic::greater",
                    "metadata": [
                        {
                            "metaName": "DisplayMode",
                            "metaType": "string",
                            "metaValue": "2"
                        },
                        {
                            "metaName": "LayoutPos",
                            "metaType": "string",
                            "metaValue": "587.05 -530.595"
                        }
                    ]
                },
                {
                    "nodeName": "if_new_size",
                    "nodeType": "Core::Logic::if",
                    "metadata": [
                        {
                            "metaName": "DisplayMode",
                            "metaType": "string",
                            "metaValue": "2"
                        },
                        {
                            "metaName": "LayoutPos",
                            "metaType": "string",
                            "metaValue": "961.825 -158.264"
                        }
                    ]
                },
                {
                    "nodeName": "last_in_array6",
                    "nodeType": "Core::Array::last_in_array",
                    "metadata": [
                        {
                            "metaName": "DisplayMode",
                            "metaType": "string",
                            "metaValue": "2"
                        },
                        {
                            "metaName": "LayoutPos",
                            "metaType": "string",
                            "metaValue": "259.169 -56.303"
                        }
                    ]
                },
                {
                    "nodeName": "pass1",
                    "nodeType": "Core::Graph::pass",
                    "metadata": [
                        {
                            "metaName": "DisplayMode",
                            "metaType": "string",
                            "metaValue": "2"
                        },
                        {
                            "metaName": "LayoutPos",
                            "metaType": "string",
                            "metaValue": "-243.193 45.6696"
                        }
                    ]
                },
                {
                    "nodeName": "resize_array6",
                    "nodeType": "Core::Array::resize_array",
                    "metadata": [
                        {
                            "metaName": "DisplayMode",
                            "metaType": "string",
                            "metaValue": "2"
                        },
                        {
                            "metaName": "LayoutPos",
                            "metaType": "string",
                            "metaValue": "588.91 -305.087"
                        }
                    ]
                },
                {
                    "nodeName": "build_array",
                    "nodeType": "Core::Array::build_array",
                    "multiInPortNames": [
                        "in_array"
                    ],
                    "metadata": [
                        {
                            "metaName": "DisplayMode",
                            "metaType": "string",
                            "metaValue": "2"
                        },
                        {
                            "metaName": "LayoutPos",
                            "metaType": "string",
                            "metaValue": "-243.5 -175"
                        }
                    ]
                }
            ],
            "connections": [
                {
                    "source": "pass1.output",
                    "target": "greater2.first"
                },
                {
                    "source": "greater2.output",
                    "target": "if_new_size.condition"
                },
                {
                    "source": "resize_array6.resized",
                    "target": "if_new_size.true_case"
                },
                {
                    "source": "if_new_size.output",
                    "target": ".new_array"
                },
                {
                    "source": "last_in_array6.last",
                    "target": "resize_array6.default"
                },
                {
                    "source": ".new_size",
                    "target": "pass1.input"
                },
                {
                    "source": "pass1.output",
                    "target": "resize_array6.new_size"
                },
                {
                    "source": ".in_array",
                    "target": "build_array.first.in_array"
                },
                {
                    "source": "build_array.array",
                    "target": "resize_array6.array"
                },
                {
                    "source": "build_array.array",
                    "target": "last_in_array6.array"
                },
                {
                    "source": "build_array.array",
                    "target": "if_new_size.false_case"
                }
            ],
            "values": [],
            "reservedNodeNames": [
                {
                    "name": "input"
                },
                {
                    "name": "output"
                }
            ]
        }
    ]
}