{
    "header": {
        "metadata": [
            {
                "metaName": "adskFileFormatVersion",
                "metaValue": "100L"
            }
        ]
    },
    "namespaces": [],
    "types": [],
    "compounds": [
        {
            "name": "BPM::g2m_bifrost_pack_0::math::g2m_triangle_solver_ASA",
            "uriImported": "file:///g2m_triangle_formula_ASA.json",
            "metadata": [
                {
                    "metaName": "documentation",
                    "metaType": "string",
                    "metaValue": "docs/g2m_triangle_solver_ASA.md"
                },
                {
                    "metaName": "icon",
                    "metaType": "string",
                    "metaValue": "icons/g2m_default.png"
                },
                {
                    "metaName": "io_nodes",
                    "metadata": [
                        {
                            "metaName": "io_inodes",
                            "metadata": [
                                {
                                    "metaName": "input",
                                    "metadata": [
                                        {
                                            "metaName": "DisplayMode",
                                            "metaType": "string",
                                            "metaValue": "2"
                                        },
                                        {
                                            "metaName": "LayoutPos",
                                            "metaType": "string",
                                            "metaValue": "-712 -153"
                                        },
                                        {
                                            "metaName": "io_ports",
                                            "metadata": [
                                                {
                                                    "metaName": "angle_A"
                                                },
                                                {
                                                    "metaName": "side_b"
                                                },
                                                {
                                                    "metaName": "angle_C"
                                                }
                                            ]
                                        }
                                    ]
                                }
                            ]
                        },
                        {
                            "metaName": "io_onodes",
                            "metadata": [
                                {
                                    "metaName": "output",
                                    "metadata": [
                                        {
                                            "metaName": "DisplayMode",
                                            "metaType": "string",
                                            "metaValue": "2"
                                        },
                                        {
                                            "metaName": "LayoutPos",
                                            "metaType": "string",
                                            "metaValue": "1165 -150"
                                        },
                                        {
                                            "metaName": "io_ports",
                                            "metadata": [
                                                {
                                                    "metaName": "side_a"
                                                },
                                                {
                                                    "metaName": "angle_B"
                                                },
                                                {
                                                    "metaName": "side_c"
                                                }
                                            ]
                                        }
                                    ]
                                }
                            ]
                        }
                    ]
                },
                {
                    "metaName": "_recentNode_",
                    "metaType": "string",
                    "metaValue": "BifrostGraph,G2M::math,g2m_triangle_solver_AAS"
                },
                {
                    "metaName": "_recentNode_",
                    "metaType": "string",
                    "metaValue": "BifrostGraph,Core::Graph,pass"
                },
                {
                    "metaName": "_recentNode_",
                    "metaType": "string",
                    "metaValue": "BifrostGraph,G2M::math,g2m_triangle_formula_AAS"
                },
                {
                    "metaName": "_recentNode_",
                    "metaType": "string",
                    "metaValue": "BifrostGraph,Simulation::Aero,aero_adaptivity_settings"
                },
                {
                    "metaName": "_recentNode_",
                    "metaType": "string",
                    "metaValue": "BifrostGraph,Core::Math,subtract"
                },
                {
                    "metaName": "ViewportRect",
                    "metaType": "string",
                    "metaValue": "-893.558 -575.973 1872.15 1073.98"
                },
                {
                    "metaName": "DisplayMode",
                    "metaType": "string",
                    "metaValue": "2"
                },
                {
                    "metaName": "LayoutPos",
                    "metaType": "string",
                    "metaValue": "1149.35 391.785"
                }
            ],
            "ports": [
                {
                    "portName": "angle_A",
                    "portDirection": "input",
                    "portType": "float",
                    "portDefault": "0f"
                },
                {
                    "portName": "side_b",
                    "portDirection": "input",
                    "portType": "float",
                    "portDefault": "0f"
                },
                {
                    "portName": "angle_C",
                    "portDirection": "input",
                    "portType": "float",
                    "portDefault": "0f"
                },
                {
                    "portName": "side_a",
                    "portDirection": "output"
                },
                {
                    "portName": "angle_B",
                    "portDirection": "output"
                },
                {
                    "portName": "side_c",
                    "portDirection": "output"
                }
            ],
            "compoundNodes": [
                {
                    "nodeName": "pi",
                    "nodeType": "Core::Constants::pi",
                    "metadata": [
                        {
                            "metaName": "DisplayMode",
                            "metaType": "string",
                            "metaValue": "2"
                        },
                        {
                            "metaName": "LayoutPos",
                            "metaType": "string",
                            "metaValue": "-610 -441"
                        }
                    ]
                },
                {
                    "nodeName": "angle_B",
                    "nodeType": "Core::Math::subtract",
                    "multiInPortNames": [
                        "pi",
                        "angle_A",
                        "angle_C"
                    ],
                    "metadata": [
                        {
                            "metaName": "DisplayMode",
                            "metaType": "string",
                            "metaValue": "2"
                        },
                        {
                            "metaName": "LayoutPos",
                            "metaType": "string",
                            "metaValue": "-340 -465"
                        }
                    ]
                },
                {
                    "nodeName": "side_a",
                    "nodeType": "Core::Graph::pass",
                    "metadata": [
                        {
                            "metaName": "DisplayMode",
                            "metaType": "string",
                            "metaValue": "2"
                        },
                        {
                            "metaName": "LayoutPos",
                            "metaType": "string",
                            "metaValue": "301 -468"
                        }
                    ]
                },
                {
                    "nodeName": "side_c",
                    "nodeType": "Core::Graph::pass",
                    "metadata": [
                        {
                            "metaName": "DisplayMode",
                            "metaType": "string",
                            "metaValue": "2"
                        },
                        {
                            "metaName": "LayoutPos",
                            "metaType": "string",
                            "metaValue": "812 -50"
                        }
                    ]
                },
                {
                    "nodeName": "g2m_triangle_solver_AAS",
                    "nodeType": "BPM::g2m_bifrost_pack_0::math::g2m_triangle_solver_AAS",
                    "metadata": [
                        {
                            "metaName": "DisplayMode",
                            "metaType": "string",
                            "metaValue": "2"
                        },
                        {
                            "metaName": "LayoutPos",
                            "metaType": "string",
                            "metaValue": "-19.5 -360"
                        }
                    ]
                },
                {
                    "nodeName": "g2m_triangle_solver_AAS1",
                    "nodeType": "BPM::g2m_bifrost_pack_0::math::g2m_triangle_solver_AAS",
                    "metadata": [
                        {
                            "metaName": "DisplayMode",
                            "metaType": "string",
                            "metaValue": "2"
                        },
                        {
                            "metaName": "LayoutPos",
                            "metaType": "string",
                            "metaValue": "542.5 -27"
                        }
                    ]
                }
            ],
            "connections": [
                {
                    "source": "pi.pi",
                    "target": "angle_B.first.pi"
                },
                {
                    "source": ".angle_A",
                    "target": "angle_B.first.angle_A"
                },
                {
                    "source": ".angle_C",
                    "target": "angle_B.first.angle_C"
                },
                {
                    "source": "side_a.output",
                    "target": ".side_a"
                },
                {
                    "source": "side_c.output",
                    "target": ".side_c"
                },
                {
                    "source": "angle_B.output",
                    "target": ".angle_B"
                },
                {
                    "source": ".side_b",
                    "target": "g2m_triangle_solver_AAS.side_a"
                },
                {
                    "source": "angle_B.output",
                    "target": "g2m_triangle_solver_AAS.angle_A"
                },
                {
                    "source": ".angle_A",
                    "target": "g2m_triangle_solver_AAS.angle_B"
                },
                {
                    "source": "g2m_triangle_solver_AAS.side_b",
                    "target": "side_a.input"
                },
                {
                    "source": "side_a.output",
                    "target": "g2m_triangle_solver_AAS1.side_a"
                },
                {
                    "source": ".angle_A",
                    "target": "g2m_triangle_solver_AAS1.angle_A"
                },
                {
                    "source": ".angle_C",
                    "target": "g2m_triangle_solver_AAS1.angle_B"
                },
                {
                    "source": "g2m_triangle_solver_AAS1.side_b",
                    "target": "side_c.input"
                }
            ],
            "values": [],
            "reservedNodeNames": [
                {
                    "name": "input"
                },
                {
                    "name": "output"
                }
            ]
        }
    ]
}