{
    "header": {
        "metadata": [
            {
                "metaName": "adskFileFormatVersion",
                "metaValue": "100L"
            }
        ]
    },
    "namespaces": [],
    "types": [],
    "compounds": [
        {
            "name": "BPM::g2m_bifrost_pack_0::math::g2m_vector_length",
            "uriImported": "file:///g2m_vector_magnitude.json",
            "metadata": [
                {
                    "metaName": "documentation",
                    "metaType": "string",
                    "metaValue": "docs/g2m_vector_magnitude.md"
                },
                {
                    "metaName": "icon",
                    "metaType": "string",
                    "metaValue": "icons/g2m_default.png"
                },
                {
                    "metaName": "io_nodes",
                    "metadata": [
                        {
                            "metaName": "io_inodes",
                            "metadata": [
                                {
                                    "metaName": "input",
                                    "metadata": [
                                        {
                                            "metaName": "DisplayMode",
                                            "metaType": "string",
                                            "metaValue": "2"
                                        },
                                        {
                                            "metaName": "LayoutPos",
                                            "metaType": "string",
                                            "metaValue": "-732 -97"
                                        },
                                        {
                                            "metaName": "io_ports",
                                            "metadata": [
                                                {
                                                    "metaName": "start"
                                                },
                                                {
                                                    "metaName": "end"
                                                }
                                            ]
                                        }
                                    ]
                                }
                            ]
                        },
                        {
                            "metaName": "io_onodes",
                            "metadata": [
                                {
                                    "metaName": "output",
                                    "metadata": [
                                        {
                                            "metaName": "DisplayMode",
                                            "metaType": "string",
                                            "metaValue": "2"
                                        },
                                        {
                                            "metaName": "LayoutPos",
                                            "metaType": "string",
                                            "metaValue": "1352.18 -187.9"
                                        },
                                        {
                                            "metaName": "io_ports",
                                            "metadata": [
                                                {
                                                    "metaName": "length"
                                                }
                                            ]
                                        }
                                    ]
                                }
                            ]
                        }
                    ]
                },
                {
                    "metaName": "backdrop",
                    "metadata": [
                        {
                            "metaName": "type",
                            "metaType": "string",
                            "metaValue": "backdrop"
                        },
                        {
                            "metaName": "color",
                            "metaType": "string",
                            "metaValue": "#536b6d"
                        },
                        {
                            "metaName": "coords",
                            "metaType": "string",
                            "metaValue": "-426.061 -485.67 1715.08 929.073"
                        },
                        {
                            "metaName": "text",
                            "metaType": "string",
                            "metaValue": "\u8a08\u7b97\u77e2\u91cf\u7684\u5927\u5c0f\uff08\u5373\u9577\u5ea6\uff09\nMagnitude of a Vector\n\n\u53c3\u8003\uff1ahttps://www.varsitytutors.com/hotmath/hotmath_help/topics/magnitude-and-direction-of-vectors\nhttps://www.youtube.com/watch?v=r-pTBvAYDT8\n"
                        }
                    ]
                },
                {
                    "metaName": "_recentNode_",
                    "metaType": "string",
                    "metaValue": "BifrostGraph,Core::Math,subtract"
                },
                {
                    "metaName": "_recentNode_",
                    "metaType": "string",
                    "metaValue": "BifrostGraph,Core::Math,absolute_value"
                },
                {
                    "metaName": "_recentNode_",
                    "metaType": "string",
                    "metaValue": "BifrostGraph,Core::Math,square_root"
                },
                {
                    "metaName": "_recentNode_",
                    "metaType": "string",
                    "metaValue": "BifrostGraph,Core::Math,add"
                },
                {
                    "metaName": "_recentNode_",
                    "metaType": "string",
                    "metaValue": "BifrostGraph,Core::Math,two_to_power_of"
                },
                {
                    "metaName": "ViewportRect",
                    "metaType": "string",
                    "metaValue": "-787.383 -660.268 2120.73 1128.93"
                },
                {
                    "metaName": "DisplayMode",
                    "metaType": "string",
                    "metaValue": "2"
                },
                {
                    "metaName": "LayoutPos",
                    "metaType": "string",
                    "metaValue": "3306.37 -1138.64"
                }
            ],
            "ports": [
                {
                    "portName": "start",
                    "portDirection": "input",
                    "portType": "Math::float3"
                },
                {
                    "portName": "end",
                    "portDirection": "input",
                    "portType": "Math::float3"
                },
                {
                    "portName": "length",
                    "portDirection": "output",
                    "portType": "float"
                }
            ],
            "compoundNodes": [
                {
                    "nodeName": "vector3_to_scalar",
                    "nodeType": "Core::Conversion::vector3_to_scalar",
                    "metadata": [
                        {
                            "metaName": "DisplayMode",
                            "metaType": "string",
                            "metaValue": "2"
                        },
                        {
                            "metaName": "LayoutPos",
                            "metaType": "string",
                            "metaValue": "-405.986 -387.278"
                        }
                    ]
                },
                {
                    "nodeName": "vector3_to_scalar1",
                    "nodeType": "Core::Conversion::vector3_to_scalar",
                    "metadata": [
                        {
                            "metaName": "DisplayMode",
                            "metaType": "string",
                            "metaValue": "2"
                        },
                        {
                            "metaName": "LayoutPos",
                            "metaType": "string",
                            "metaValue": "-411.986 -134.278"
                        }
                    ]
                },
                {
                    "nodeName": "subtract",
                    "nodeType": "Core::Math::subtract",
                    "multiInPortNames": [
                        "x",
                        "x1"
                    ],
                    "metadata": [
                        {
                            "metaName": "DisplayMode",
                            "metaType": "string",
                            "metaValue": "2"
                        },
                        {
                            "metaName": "LayoutPos",
                            "metaType": "string",
                            "metaValue": "-9.98612 -383.278"
                        }
                    ]
                },
                {
                    "nodeName": "power",
                    "nodeType": "Core::Math::power",
                    "metadata": [
                        {
                            "metaName": "DisplayMode",
                            "metaType": "string",
                            "metaValue": "2"
                        },
                        {
                            "metaName": "LayoutPos",
                            "metaType": "string",
                            "metaValue": "238.014 -407.278"
                        }
                    ]
                },
                {
                    "nodeName": "subtract1",
                    "nodeType": "Core::Math::subtract",
                    "multiInPortNames": [
                        "z",
                        "z1"
                    ],
                    "metadata": [
                        {
                            "metaName": "DisplayMode",
                            "metaType": "string",
                            "metaValue": "2"
                        },
                        {
                            "metaName": "LayoutPos",
                            "metaType": "string",
                            "metaValue": "-17.0611 156.872"
                        }
                    ]
                },
                {
                    "nodeName": "power1",
                    "nodeType": "Core::Math::power",
                    "metadata": [
                        {
                            "metaName": "DisplayMode",
                            "metaType": "string",
                            "metaValue": "2"
                        },
                        {
                            "metaName": "LayoutPos",
                            "metaType": "string",
                            "metaValue": "247.089 146.097"
                        }
                    ]
                },
                {
                    "nodeName": "add",
                    "nodeType": "Core::Math::add",
                    "multiInPortNames": [
                        "power",
                        "power1",
                        "power2"
                    ],
                    "metadata": [
                        {
                            "metaName": "DisplayMode",
                            "metaType": "string",
                            "metaValue": "2"
                        },
                        {
                            "metaName": "LayoutPos",
                            "metaType": "string",
                            "metaValue": "544.014 -279.278"
                        }
                    ]
                },
                {
                    "nodeName": "square_root",
                    "nodeType": "Core::Math::square_root",
                    "metadata": [
                        {
                            "metaName": "DisplayMode",
                            "metaType": "string",
                            "metaValue": "2"
                        },
                        {
                            "metaName": "LayoutPos",
                            "metaType": "string",
                            "metaValue": "803.014 -303.278"
                        }
                    ]
                },
                {
                    "nodeName": "absolute_value",
                    "nodeType": "Core::Math::absolute_value",
                    "metadata": [
                        {
                            "metaName": "DisplayMode",
                            "metaType": "string",
                            "metaValue": "2"
                        },
                        {
                            "metaName": "LayoutPos",
                            "metaType": "string",
                            "metaValue": "1051.99 -327.107"
                        }
                    ]
                },
                {
                    "nodeName": "subtract2",
                    "nodeType": "Core::Math::subtract",
                    "multiInPortNames": [
                        "y",
                        "y1"
                    ],
                    "metadata": [
                        {
                            "metaName": "DisplayMode",
                            "metaType": "string",
                            "metaValue": "2"
                        },
                        {
                            "metaName": "LayoutPos",
                            "metaType": "string",
                            "metaValue": "-27.8918 -131.868"
                        }
                    ]
                },
                {
                    "nodeName": "power2",
                    "nodeType": "Core::Math::power",
                    "metadata": [
                        {
                            "metaName": "DisplayMode",
                            "metaType": "string",
                            "metaValue": "2"
                        },
                        {
                            "metaName": "LayoutPos",
                            "metaType": "string",
                            "metaValue": "251.916 -152.243"
                        }
                    ]
                }
            ],
            "connections": [
                {
                    "source": ".start",
                    "target": "vector3_to_scalar.vector3"
                },
                {
                    "source": ".end",
                    "target": "vector3_to_scalar1.vector3"
                },
                {
                    "source": "vector3_to_scalar1.x",
                    "target": "subtract.first.x"
                },
                {
                    "source": "vector3_to_scalar.x",
                    "target": "subtract.first.x1"
                },
                {
                    "source": "subtract.output",
                    "target": "power.base"
                },
                {
                    "source": "vector3_to_scalar1.z",
                    "target": "subtract1.first.z"
                },
                {
                    "source": "vector3_to_scalar.z",
                    "target": "subtract1.first.z1"
                },
                {
                    "source": "subtract1.output",
                    "target": "power1.base"
                },
                {
                    "source": "power.power",
                    "target": "add.first.power"
                },
                {
                    "source": "add.output",
                    "target": "square_root.value"
                },
                {
                    "source": "square_root.root",
                    "target": "absolute_value.value"
                },
                {
                    "source": "absolute_value.absolute_value",
                    "target": ".length"
                },
                {
                    "source": "vector3_to_scalar1.y",
                    "target": "subtract2.first.y"
                },
                {
                    "source": "vector3_to_scalar.y",
                    "target": "subtract2.first.y1"
                },
                {
                    "source": "subtract2.output",
                    "target": "power2.base"
                },
                {
                    "source": "power2.power",
                    "target": "add.first.power1"
                },
                {
                    "source": "power1.power",
                    "target": "add.first.power2"
                }
            ],
            "values": [
                {
                    "valueName": "power.exponent",
                    "valueType": "float",
                    "value": "2f"
                },
                {
                    "valueName": "power1.exponent",
                    "valueType": "float",
                    "value": "2f"
                },
                {
                    "valueName": "power2.exponent",
                    "valueType": "float",
                    "value": "2f"
                }
            ],
            "reservedNodeNames": [
                {
                    "name": "input"
                },
                {
                    "name": "output"
                }
            ]
        }
    ]
}