{
    "header": {
        "metadata": [
            {
                "metaName": "adskFileFormatVersion",
                "metaValue": "100L"
            }
        ]
    },
    "namespaces": [],
    "types": [],
    "compounds": [
        {
            "name": "BPM::g2m_bifrost_pack_0::shading::g2m_basic_color",
            "metadata": [
                {
                    "metaName": "io_nodes",
                    "metadata": [
                        {
                            "metaName": "io_inodes",
                            "metadata": [
                                {
                                    "metaName": "input",
                                    "metadata": [
                                        {
                                            "metaName": "DisplayMode",
                                            "metaType": "string",
                                            "metaValue": "2"
                                        },
                                        {
                                            "metaName": "LayoutPos",
                                            "metaType": "string",
                                            "metaValue": "-700 -83"
                                        },
                                        {
                                            "metaName": "io_ports",
                                            "metadata": [
                                                {
                                                    "metaName": "object"
                                                },
                                                {
                                                    "metaName": "rgb_color"
                                                },
                                                {
                                                    "metaName": "transparency"
                                                }
                                            ]
                                        }
                                    ]
                                }
                            ]
                        },
                        {
                            "metaName": "io_onodes",
                            "metadata": [
                                {
                                    "metaName": "output",
                                    "metadata": [
                                        {
                                            "metaName": "DisplayMode",
                                            "metaType": "string",
                                            "metaValue": "2"
                                        },
                                        {
                                            "metaName": "io_ports",
                                            "metadata": [
                                                {
                                                    "metaName": "out_object"
                                                }
                                            ]
                                        },
                                        {
                                            "metaName": "LayoutPos",
                                            "metaType": "string",
                                            "metaValue": "185 -109"
                                        }
                                    ]
                                }
                            ]
                        }
                    ]
                },
                {
                    "metaName": "ViewportRect",
                    "metaType": "string",
                    "metaValue": "-1061 -412 1564 830"
                },
                {
                    "metaName": "DisplayMode",
                    "metaType": "string",
                    "metaValue": "2"
                },
                {
                    "metaName": "LayoutPos",
                    "metaType": "string",
                    "metaValue": "1487.48 399.12"
                }
            ],
            "ports": [
                {
                    "portName": "object",
                    "portDirection": "input"
                },
                {
                    "portName": "out_object",
                    "portDirection": "output"
                },
                {
                    "portName": "rgb_color",
                    "portDirection": "input",
                    "portType": "Math::float3",
                    "portDefault": {
                        "x": "1f",
                        "y": "0f",
                        "z": "0f"
                    }
                },
                {
                    "portName": "transparency",
                    "portDirection": "input",
                    "portType": "Math::float3",
                    "portDefault": {
                        "x": "0.5f",
                        "y": "0.5f",
                        "z": "0.5f"
                    }
                }
            ],
            "compoundNodes": [
                {
                    "nodeName": "assign_material",
                    "nodeType": "Rendering::Materials::assign_material",
                    "metadata": [
                        {
                            "metaName": "DisplayMode",
                            "metaType": "string",
                            "metaValue": "2"
                        },
                        {
                            "metaName": "LayoutPos",
                            "metaType": "string",
                            "metaValue": "-61.5 -109"
                        }
                    ]
                },
                {
                    "nodeName": "constant_surface_mat",
                    "nodeType": "Rendering::Materials::constant_surface_mat",
                    "metadata": [
                        {
                            "metaName": "DisplayMode",
                            "metaType": "string",
                            "metaValue": "2"
                        },
                        {
                            "metaName": "LayoutPos",
                            "metaType": "string",
                            "metaValue": "-329.237 12.4744"
                        }
                    ]
                }
            ],
            "connections": [
                {
                    "source": "constant_surface_mat.material_definition",
                    "target": "assign_material.surface_material"
                },
                {
                    "source": ".object",
                    "target": "assign_material.geometry"
                },
                {
                    "source": "assign_material.out_geometry",
                    "target": ".out_object"
                },
                {
                    "source": ".rgb_color",
                    "target": "constant_surface_mat.color"
                },
                {
                    "source": ".transparency",
                    "target": "constant_surface_mat.transparency"
                }
            ],
            "values": [
                {
                    "valueName": "assign_material.geometry",
                    "valueType": "Amino::Object",
                    "value": {}
                },
                {
                    "valueName": "assign_material.set_surface",
                    "valueType": "bool",
                    "value": "true"
                },
                {
                    "valueName": "assign_material.set_displacement",
                    "valueType": "bool",
                    "value": "false"
                },
                {
                    "valueName": "assign_material.set_volume",
                    "valueType": "bool",
                    "value": "false"
                },
                {
                    "valueName": "constant_surface_mat.name",
                    "valueType": "string",
                    "value": "basic_color"
                },
                {
                    "valueName": "constant_surface_mat.color",
                    "valueType": "Math::float3",
                    "value": {
                        "x": "1f",
                        "y": "0f",
                        "z": "0f"
                    }
                },
                {
                    "valueName": "constant_surface_mat.transparency",
                    "valueType": "Math::float3",
                    "value": {
                        "x": "0.5f",
                        "y": "0.5f",
                        "z": "0.5f"
                    }
                }
            ],
            "reservedNodeNames": [
                {
                    "name": "input"
                },
                {
                    "name": "output"
                }
            ]
        }
    ]
}