{
    "header": {
        "metadata": [
            {
                "metaName": "adskFileFormatVersion",
                "metaValue": "100L"
            }
        ]
    },
    "namespaces": [],
    "types": [],
    "compounds": [
        {
            "name": "BPM::g2m_bifrost_pack_0::array::g2m_array_shift",
            "uriImported": "stream:/bifrostGraphShape2",
            "metadata": [
                {
                    "metaName": "documentation",
                    "metaType": "string",
                    "metaValue": "docs/g2m_array_shift.md"
                },
                {
                    "metaName": "icon",
                    "metaType": "string",
                    "metaValue": "icons/g2m_default.png"
                },
                {
                    "metaName": "io_nodes",
                    "metadata": [
                        {
                            "metaName": "io_inodes",
                            "metadata": [
                                {
                                    "metaName": "input",
                                    "metadata": [
                                        {
                                            "metaName": "DisplayMode",
                                            "metaType": "string",
                                            "metaValue": "2"
                                        },
                                        {
                                            "metaName": "LayoutPos",
                                            "metaType": "string",
                                            "metaValue": "-1052.51 -71.4859"
                                        },
                                        {
                                            "metaName": "io_ports",
                                            "metadata": [
                                                {
                                                    "metaName": "array"
                                                },
                                                {
                                                    "metaName": "direction"
                                                }
                                            ]
                                        }
                                    ]
                                }
                            ]
                        },
                        {
                            "metaName": "io_onodes",
                            "metadata": [
                                {
                                    "metaName": "output",
                                    "metadata": [
                                        {
                                            "metaName": "DisplayMode",
                                            "metaType": "string",
                                            "metaValue": "2"
                                        },
                                        {
                                            "metaName": "io_ports",
                                            "metadata": [
                                                {
                                                    "metaName": "shifted"
                                                }
                                            ]
                                        },
                                        {
                                            "metaName": "LayoutPos",
                                            "metaType": "string",
                                            "metaValue": "2458.3 582.398"
                                        }
                                    ]
                                }
                            ]
                        }
                    ]
                },
                {
                    "metaName": "_recentNode_",
                    "metaType": "string",
                    "metaValue": "BifrostGraph,Core::Logic,and"
                },
                {
                    "metaName": "_recentNode_",
                    "metaType": "string",
                    "metaValue": "BifrostGraph,Core::Constants,float"
                },
                {
                    "metaName": "_recentNode_",
                    "metaType": "string",
                    "metaValue": "BifrostGraph,Core::Logic,greater"
                },
                {
                    "metaName": "_recentNode_",
                    "metaType": "string",
                    "metaValue": "BifrostGraph,Core::Logic,if"
                },
                {
                    "metaName": "_recentNode_",
                    "metaType": "string",
                    "metaValue": "BifrostGraph,Core::Logic,not_equal"
                },
                {
                    "metaName": "backdrop",
                    "metadata": [
                        {
                            "metaName": "type",
                            "metaType": "string",
                            "metaValue": "backdrop"
                        },
                        {
                            "metaName": "text",
                            "metaType": "string",
                            "metaValue": "\u5982\u679c\u4e0d\u9700\u8981\u63db\u4f4d\u7f6e\uff0c\u6216\u6578\u7d44\u53ea\u6709\u4e00\u500b\u5143\u7d20\uff0c\u5247\u7121\u9700\u8a08\u7b97\u3002\n\u7a0d\u5fae\u63d0\u9ad8\u9ede\u6027\u80fd"
                        },
                        {
                            "metaName": "coords",
                            "metaType": "string",
                            "metaValue": "-262.661 541.97 974.539 377.575"
                        }
                    ]
                },
                {
                    "metaName": "backdrop1",
                    "metadata": [
                        {
                            "metaName": "type",
                            "metaType": "string",
                            "metaValue": "backdrop"
                        },
                        {
                            "metaName": "text",
                            "metaType": "string",
                            "metaValue": "\u6539\u8b8a array \u5143\u7d20\u7684\u6392\u5e8f\u3002\ndirection \u7232\u6b63\uff0c\u5c07\u982d\u90e8\u5143\u7d20\u79fb\u81f3\u5c3e\u90e8\u3002\u7232\u8ca0\uff0c\u5c3e\u90e8\u79fb\u81f3\u982d\u90e8\u3002\n\n\u4f8b\uff1a\narray = [0,1,2,3,4]\n\ndirection = 1\nshifted = [1,2,3,4,0]\n\ndirection = -2\nshifted = [3,4,0,1,2]"
                        },
                        {
                            "metaName": "coords",
                            "metaType": "string",
                            "metaValue": "-1207.67 -135.014 422.951 298.636"
                        }
                    ]
                },
                {
                    "metaName": "ViewportRect",
                    "metaType": "string",
                    "metaValue": "-1281.17 -571.322 1811.61 1429.63"
                },
                {
                    "metaName": "DisplayMode",
                    "metaType": "string",
                    "metaValue": "2"
                },
                {
                    "metaName": "LayoutPos",
                    "metaType": "string",
                    "metaValue": "92.6734 -225.66"
                }
            ],
            "ports": [
                {
                    "portName": "array",
                    "portDirection": "input"
                },
                {
                    "portName": "direction",
                    "portDirection": "input",
                    "portType": "int",
                    "portDefault": "0L"
                },
                {
                    "portName": "shifted",
                    "portDirection": "output"
                }
            ],
            "compoundNodes": [
                {
                    "nodeName": "build_array",
                    "nodeType": "Core::Array::build_array",
                    "multiInPortNames": [
                        "array1"
                    ],
                    "metadata": [
                        {
                            "metaName": "DisplayMode",
                            "metaType": "string",
                            "metaValue": "2"
                        },
                        {
                            "metaName": "LayoutPos",
                            "metaType": "string",
                            "metaValue": "-769.013 -95.4859"
                        }
                    ]
                },
                {
                    "nodeName": "slice_array",
                    "nodeType": "Core::Array::slice_array",
                    "metadata": [
                        {
                            "metaName": "DisplayMode",
                            "metaType": "string",
                            "metaValue": "2"
                        },
                        {
                            "metaName": "LayoutPos",
                            "metaType": "string",
                            "metaValue": "767.259 -114.261"
                        }
                    ]
                },
                {
                    "nodeName": "array_size",
                    "nodeType": "Core::Array::array_size",
                    "metadata": [
                        {
                            "metaName": "DisplayMode",
                            "metaType": "string",
                            "metaValue": "2"
                        },
                        {
                            "metaName": "LayoutPos",
                            "metaType": "string",
                            "metaValue": "-447.11 -219.838"
                        }
                    ]
                },
                {
                    "nodeName": "get_from_array",
                    "nodeType": "Core::Array::get_from_array",
                    "metadata": [
                        {
                            "metaName": "DisplayMode",
                            "metaType": "string",
                            "metaValue": "2"
                        },
                        {
                            "metaName": "LayoutPos",
                            "metaType": "string",
                            "metaValue": "750.09 212.794"
                        }
                    ]
                },
                {
                    "nodeName": "sequence_array",
                    "nodeType": "Core::Array::sequence_array",
                    "metadata": [
                        {
                            "metaName": "DisplayMode",
                            "metaType": "string",
                            "metaValue": "2"
                        },
                        {
                            "metaName": "LayoutPos",
                            "metaType": "string",
                            "metaValue": "461.256 288.515"
                        }
                    ]
                },
                {
                    "nodeName": "absolute_value",
                    "nodeType": "Core::Math::absolute_value",
                    "metadata": [
                        {
                            "metaName": "DisplayMode",
                            "metaType": "string",
                            "metaValue": "2"
                        },
                        {
                            "metaName": "LayoutPos",
                            "metaType": "string",
                            "metaValue": "88.2206 236.71"
                        }
                    ]
                },
                {
                    "nodeName": "build_array1",
                    "nodeType": "Core::Array::build_array",
                    "multiInPortNames": [
                        "slice",
                        "value"
                    ],
                    "metadata": [
                        {
                            "metaName": "DisplayMode",
                            "metaType": "string",
                            "metaValue": "2"
                        },
                        {
                            "metaName": "LayoutPos",
                            "metaType": "string",
                            "metaValue": "1065.46 -137.842"
                        }
                    ]
                },
                {
                    "nodeName": "modulo",
                    "nodeType": "Core::Math::modulo",
                    "metadata": [
                        {
                            "metaName": "DisplayMode",
                            "metaType": "string",
                            "metaValue": "2"
                        },
                        {
                            "metaName": "LayoutPos",
                            "metaType": "string",
                            "metaValue": "-228.115 154.522"
                        }
                    ]
                },
                {
                    "nodeName": "if",
                    "nodeType": "Core::Logic::if",
                    "metadata": [
                        {
                            "metaName": "DisplayMode",
                            "metaType": "string",
                            "metaValue": "2"
                        },
                        {
                            "metaName": "LayoutPos",
                            "metaType": "string",
                            "metaValue": "438.712 -206.5"
                        }
                    ]
                },
                {
                    "nodeName": "reverse_array",
                    "nodeType": "Core::Array::reverse_array",
                    "metadata": [
                        {
                            "metaName": "DisplayMode",
                            "metaType": "string",
                            "metaValue": "2"
                        },
                        {
                            "metaName": "LayoutPos",
                            "metaType": "string",
                            "metaValue": "165.269 -35.7949"
                        }
                    ]
                },
                {
                    "nodeName": "if1",
                    "nodeType": "Core::Logic::if",
                    "metadata": [
                        {
                            "metaName": "DisplayMode",
                            "metaType": "string",
                            "metaValue": "2"
                        },
                        {
                            "metaName": "LayoutPos",
                            "metaType": "string",
                            "metaValue": "1685.81 -336.109"
                        }
                    ]
                },
                {
                    "nodeName": "greater_or_equal",
                    "nodeType": "Core::Logic::greater_or_equal",
                    "metadata": [
                        {
                            "metaName": "DisplayMode",
                            "metaType": "string",
                            "metaValue": "2"
                        },
                        {
                            "metaName": "LayoutPos",
                            "metaType": "string",
                            "metaValue": "160.526 -312.401"
                        }
                    ]
                },
                {
                    "nodeName": "reverse_array1",
                    "nodeType": "Core::Array::reverse_array",
                    "metadata": [
                        {
                            "metaName": "DisplayMode",
                            "metaType": "string",
                            "metaValue": "2"
                        },
                        {
                            "metaName": "LayoutPos",
                            "metaType": "string",
                            "metaValue": "1401.29 -68.9882"
                        }
                    ]
                },
                {
                    "nodeName": "direction",
                    "nodeType": "Core::Graph::pass",
                    "metadata": [
                        {
                            "metaName": "DisplayMode",
                            "metaType": "string",
                            "metaValue": "2"
                        },
                        {
                            "metaName": "LayoutPos",
                            "metaType": "string",
                            "metaValue": "-769.604 176.451"
                        }
                    ]
                },
                {
                    "nodeName": "not_equal",
                    "nodeType": "Core::Logic::not_equal",
                    "metadata": [
                        {
                            "metaName": "DisplayMode",
                            "metaType": "string",
                            "metaValue": "2"
                        },
                        {
                            "metaName": "LayoutPos",
                            "metaType": "string",
                            "metaValue": "-241.733 596.618"
                        }
                    ]
                },
                {
                    "nodeName": "if_necessary_to_shift",
                    "nodeType": "Core::Logic::if",
                    "metadata": [
                        {
                            "metaName": "DisplayMode",
                            "metaType": "string",
                            "metaValue": "2"
                        },
                        {
                            "metaName": "LayoutPos",
                            "metaType": "string",
                            "metaValue": "2210.39 582.209"
                        }
                    ]
                },
                {
                    "nodeName": "greater",
                    "nodeType": "Core::Logic::greater",
                    "metadata": [
                        {
                            "metaName": "DisplayMode",
                            "metaType": "string",
                            "metaValue": "2"
                        },
                        {
                            "metaName": "LayoutPos",
                            "metaType": "string",
                            "metaValue": "208.339 707.213"
                        }
                    ]
                },
                {
                    "nodeName": "value",
                    "valueType": "long",
                    "metadata": [
                        {
                            "metaName": "valuenode_defaultvalue",
                            "metaType": "string",
                            "metaValue": "0"
                        },
                        {
                            "metaName": "DisplayMode",
                            "metaType": "string",
                            "metaValue": "0"
                        },
                        {
                            "metaName": "LayoutPos",
                            "metaType": "string",
                            "metaValue": "-35.7469 776.148"
                        }
                    ]
                },
                {
                    "nodeName": "and",
                    "nodeType": "Core::Logic::and",
                    "metadata": [
                        {
                            "metaName": "DisplayMode",
                            "metaType": "string",
                            "metaValue": "2"
                        },
                        {
                            "metaName": "LayoutPos",
                            "metaType": "string",
                            "metaValue": "463.918 573.108"
                        }
                    ]
                }
            ],
            "connections": [
                {
                    "source": ".array",
                    "target": "build_array.first.array1"
                },
                {
                    "source": "build_array.array",
                    "target": "array_size.array"
                },
                {
                    "source": "array_size.size",
                    "target": "slice_array.stop"
                },
                {
                    "source": "sequence_array.sequence",
                    "target": "get_from_array.index"
                },
                {
                    "source": "slice_array.slice",
                    "target": "build_array1.first.slice"
                },
                {
                    "source": "get_from_array.value",
                    "target": "build_array1.first.value"
                },
                {
                    "source": "array_size.size",
                    "target": "modulo.divisor"
                },
                {
                    "source": "modulo.remainder",
                    "target": "absolute_value.value"
                },
                {
                    "source": "absolute_value.absolute_value",
                    "target": "sequence_array.size"
                },
                {
                    "source": "build_array.array",
                    "target": "if.true_case"
                },
                {
                    "source": "build_array.array",
                    "target": "reverse_array.array"
                },
                {
                    "source": "reverse_array.reversed",
                    "target": "if.false_case"
                },
                {
                    "source": "if.output",
                    "target": "slice_array.array"
                },
                {
                    "source": "absolute_value.absolute_value",
                    "target": "slice_array.start"
                },
                {
                    "source": "if.output",
                    "target": "get_from_array.array"
                },
                {
                    "source": "modulo.remainder",
                    "target": "greater_or_equal.first"
                },
                {
                    "source": "greater_or_equal.output",
                    "target": "if.condition"
                },
                {
                    "source": "greater_or_equal.output",
                    "target": "if1.condition"
                },
                {
                    "source": "build_array1.array",
                    "target": "if1.true_case"
                },
                {
                    "source": "build_array1.array",
                    "target": "reverse_array1.array"
                },
                {
                    "source": "reverse_array1.reversed",
                    "target": "if1.false_case"
                },
                {
                    "source": "direction.output",
                    "target": "modulo.value"
                },
                {
                    "source": ".direction",
                    "target": "direction.input"
                },
                {
                    "source": "direction.output",
                    "target": "not_equal.first"
                },
                {
                    "source": "if1.output",
                    "target": "if_necessary_to_shift.true_case"
                },
                {
                    "source": "build_array.array",
                    "target": "if_necessary_to_shift.false_case"
                },
                {
                    "source": "if_necessary_to_shift.output",
                    "target": ".shifted"
                },
                {
                    "source": "array_size.size",
                    "target": "greater.first"
                },
                {
                    "source": "value.output",
                    "target": "greater.second"
                },
                {
                    "source": "not_equal.output",
                    "target": "and.first"
                },
                {
                    "source": "greater.output",
                    "target": "and.second"
                },
                {
                    "source": "and.output",
                    "target": "if_necessary_to_shift.condition"
                }
            ],
            "values": [
                {
                    "valueName": "sequence_array.start",
                    "valueType": "int",
                    "value": "0L"
                },
                {
                    "valueName": "sequence_array.step",
                    "valueType": "int",
                    "value": "1L"
                },
                {
                    "valueName": "value.value",
                    "valueType": "long",
                    "value": "1"
                }
            ],
            "reservedNodeNames": [
                {
                    "name": "input"
                },
                {
                    "name": "output"
                }
            ]
        }
    ]
}