{
    "header": {
        "metadata": [
            {
                "metaName": "adskFileFormatVersion",
                "metaValue": "100L"
            }
        ]
    },
    "namespaces": [],
    "types": [],
    "compounds": [
        {
            "name": "BPM::g2m_bifrost_pack_0::math::g2m_vector_position_on",
            "uriImported": "stream:/bifrostGraphShape1",
            "metadata": [
                {
                    "metaName": "documentation",
                    "metaType": "string",
                    "metaValue": "docs/g2m_vector_scale.md"
                },
                {
                    "metaName": "icon",
                    "metaType": "string",
                    "metaValue": "icons/g2m_default.png"
                },
                {
                    "metaName": "io_nodes",
                    "metadata": [
                        {
                            "metaName": "io_inodes",
                            "metadata": [
                                {
                                    "metaName": "input",
                                    "metadata": [
                                        {
                                            "metaName": "DisplayMode",
                                            "metaType": "string",
                                            "metaValue": "2"
                                        },
                                        {
                                            "metaName": "LayoutPos",
                                            "metaType": "string",
                                            "metaValue": "-1101.05 157.019"
                                        },
                                        {
                                            "metaName": "io_ports",
                                            "metadata": [
                                                {
                                                    "metaName": "vector"
                                                },
                                                {
                                                    "metaName": "origin"
                                                },
                                                {
                                                    "metaName": "length"
                                                }
                                            ]
                                        }
                                    ]
                                }
                            ]
                        },
                        {
                            "metaName": "io_onodes",
                            "metadata": [
                                {
                                    "metaName": "output",
                                    "metadata": [
                                        {
                                            "metaName": "DisplayMode",
                                            "metaType": "string",
                                            "metaValue": "2"
                                        },
                                        {
                                            "metaName": "LayoutPos",
                                            "metaType": "string",
                                            "metaValue": "1078.86 255.148"
                                        },
                                        {
                                            "metaName": "io_ports",
                                            "metadata": [
                                                {
                                                    "metaName": "point_position"
                                                }
                                            ]
                                        }
                                    ]
                                }
                            ]
                        }
                    ]
                },
                {
                    "metaName": "backdrop1",
                    "metadata": [
                        {
                            "metaName": "type",
                            "metaType": "string",
                            "metaValue": "backdrop"
                        },
                        {
                            "metaName": "text",
                            "metaType": "string",
                            "metaValue": "\u5df2\u77e5\u4e00\u500b\u77e2\u91cf OA\uff0c\u548c\u77e2\u91cf\u4e0a\u4e00\u9ede OB \u7684\u9577\u5ea6\uff0c\u6c42 OB \u7684\u5750\u6a19\u3002\n\n\u53c3\u8003\uff1ahttps://blog.csdn.net/monster_god/article/details/103261609\n\n\u8f38\u5165\uff1a\nvector: OA\norigin:\nscale: OA \u9577\u5ea6\u7684\u7e2e\u653e\u6bd4\u4f8b\uff08\u5373 OA \u7684\u9577\u5ea6\u4e58\u6b64\u4fc2\u6578\uff09\n\n\u8f38\u51fa\uff1a\nOB \u7684\u5750\u6a19\n"
                        },
                        {
                            "metaName": "coords",
                            "metaType": "string",
                            "metaValue": "-1372.65 76.5902 551.65 316.859"
                        }
                    ]
                },
                {
                    "metaName": "backdrop",
                    "metadata": [
                        {
                            "metaName": "type",
                            "metaType": "string",
                            "metaValue": "backdrop"
                        },
                        {
                            "metaName": "text",
                            "metaType": "string",
                            "metaValue": "\u53ef\u8996\u5316\u53c3\u8003"
                        },
                        {
                            "metaName": "coords",
                            "metaType": "string",
                            "metaValue": "760.044 510.213 1344.21 1040.53"
                        }
                    ]
                },
                {
                    "metaName": "_recentNode_",
                    "metaType": "string",
                    "metaValue": "BifrostGraph,Core::Constants,float"
                },
                {
                    "metaName": "_recentNode_",
                    "metaType": "string",
                    "metaValue": "BifrostGraph,Core::Array,build_array"
                },
                {
                    "metaName": "_recentNode_",
                    "metaType": "string",
                    "metaValue": "BifrostGraph,Core::Graph,terminal"
                },
                {
                    "metaName": "_recentNode_",
                    "metaType": "string",
                    "metaValue": "BifrostGraph,Geometry::Points,construct_points"
                },
                {
                    "metaName": "_recentNode_",
                    "metaType": "string",
                    "metaValue": "BifrostGraph,Diagnostic::Display,point_scope"
                },
                {
                    "metaName": "ViewportRect",
                    "metaType": "string",
                    "metaValue": "363.511 319.095 2291.03 1212.56"
                },
                {
                    "metaName": "DisplayMode",
                    "metaType": "string",
                    "metaValue": "2"
                },
                {
                    "metaName": "LayoutPos",
                    "metaType": "string",
                    "metaValue": "5190.02 1587.24"
                },
                {
                    "metaName": "terminal_node_disabled_flags",
                    "metaType": "string",
                    "metaValue": "Core::Graph::terminal::diagnostic"
                }
            ],
            "ports": [
                {
                    "portName": "point_position",
                    "portDirection": "output"
                },
                {
                    "portName": "vector",
                    "portDirection": "input",
                    "portType": "Math::float3",
                    "portDefault": {
                        "x": "0f",
                        "y": "0f",
                        "z": "0f"
                    }
                },
                {
                    "portName": "origin",
                    "portDirection": "input",
                    "portType": "Math::float3",
                    "portDefault": {
                        "x": "0f",
                        "y": "0f",
                        "z": "0f"
                    }
                },
                {
                    "portName": "length",
                    "portDirection": "input",
                    "portType": "float",
                    "portDefault": "1f"
                }
            ],
            "compoundNodes": [
                {
                    "nodeName": "add",
                    "nodeType": "Core::Math::add",
                    "multiInPortNames": [
                        "output1",
                        "output2"
                    ],
                    "metadata": [
                        {
                            "metaName": "DisplayMode",
                            "metaType": "string",
                            "metaValue": "2"
                        },
                        {
                            "metaName": "LayoutPos",
                            "metaType": "string",
                            "metaValue": "814.137 255.663"
                        }
                    ]
                },
                {
                    "nodeName": "p",
                    "nodeType": "Core::Math::multiply",
                    "multiInPortNames": [
                        "normalized",
                        "magnitude"
                    ],
                    "metadata": [
                        {
                            "metaName": "DisplayMode",
                            "metaType": "string",
                            "metaValue": "2"
                        },
                        {
                            "metaName": "LayoutPos",
                            "metaType": "string",
                            "metaValue": "446.989 127.679"
                        }
                    ]
                },
                {
                    "nodeName": "normalize",
                    "nodeType": "Core::Math::normalize",
                    "metadata": [
                        {
                            "metaName": "DisplayMode",
                            "metaType": "string",
                            "metaValue": "2"
                        },
                        {
                            "metaName": "LayoutPos",
                            "metaType": "string",
                            "metaValue": "106.244 -48.6607"
                        }
                    ]
                },
                {
                    "nodeName": "subtract",
                    "nodeType": "Core::Math::subtract",
                    "multiInPortNames": [
                        "output1",
                        "output2"
                    ],
                    "metadata": [
                        {
                            "metaName": "DisplayMode",
                            "metaType": "string",
                            "metaValue": "2"
                        },
                        {
                            "metaName": "LayoutPos",
                            "metaType": "string",
                            "metaValue": "-144.021 -23.8316"
                        }
                    ]
                },
                {
                    "nodeName": "vector_A",
                    "nodeType": "Core::Graph::pass",
                    "metadata": [
                        {
                            "metaName": "DisplayMode",
                            "metaType": "string",
                            "metaValue": "2"
                        },
                        {
                            "metaName": "LayoutPos",
                            "metaType": "string",
                            "metaValue": "-630.415 -91.06"
                        }
                    ]
                },
                {
                    "nodeName": "origin_O",
                    "nodeType": "Core::Graph::pass",
                    "metadata": [
                        {
                            "metaName": "DisplayMode",
                            "metaType": "string",
                            "metaValue": "2"
                        },
                        {
                            "metaName": "LayoutPos",
                            "metaType": "string",
                            "metaValue": "-635.388 160.139"
                        }
                    ]
                },
                {
                    "nodeName": "OB_length",
                    "nodeType": "Core::Graph::pass",
                    "metadata": [
                        {
                            "metaName": "DisplayMode",
                            "metaType": "string",
                            "metaValue": "2"
                        },
                        {
                            "metaName": "LayoutPos",
                            "metaType": "string",
                            "metaValue": "-635.168 445.819"
                        }
                    ]
                },
                {
                    "nodeName": "absolute_value",
                    "nodeType": "Core::Math::absolute_value",
                    "metadata": [
                        {
                            "metaName": "DisplayMode",
                            "metaType": "string",
                            "metaValue": "2"
                        },
                        {
                            "metaName": "LayoutPos",
                            "metaType": "string",
                            "metaValue": "-143.572 305.715"
                        }
                    ]
                },
                {
                    "nodeName": "point_scope",
                    "nodeType": "Diagnostic::Display::point_scope",
                    "metadata": [
                        {
                            "metaName": "DisplayMode",
                            "metaType": "string",
                            "metaValue": "2"
                        },
                        {
                            "metaName": "LayoutPos",
                            "metaType": "string",
                            "metaValue": "1579.76 575.728"
                        }
                    ]
                },
                {
                    "nodeName": "construct_points",
                    "nodeType": "Geometry::Points::construct_points",
                    "metadata": [
                        {
                            "metaName": "DisplayMode",
                            "metaType": "string",
                            "metaValue": "2"
                        },
                        {
                            "metaName": "LayoutPos",
                            "metaType": "string",
                            "metaValue": "1327.8 600.743"
                        }
                    ]
                },
                {
                    "nodeName": "build_array",
                    "nodeType": "Core::Array::build_array",
                    "multiInPortNames": [
                        "output"
                    ],
                    "metadata": [
                        {
                            "metaName": "DisplayMode",
                            "metaType": "string",
                            "metaValue": "2"
                        },
                        {
                            "metaName": "LayoutPos",
                            "metaType": "string",
                            "metaValue": "1090.75 624.888"
                        }
                    ]
                },
                {
                    "nodeName": "terminal",
                    "nodeType": "Core::Graph::terminal",
                    "fanInPortNames": {
                        "final": [],
                        "proxy": [],
                        "diagnostic": [
                            "diagnostic_geo",
                            "strands",
                            "strands1"
                        ]
                    },
                    "deactivatedTerminals": [
                        "Core::Graph::terminal::final",
                        "Core::Graph::terminal::proxy"
                    ],
                    "metadata": [
                        {
                            "metaName": "DisplayMode",
                            "metaType": "string",
                            "metaValue": "2"
                        },
                        {
                            "metaName": "LayoutPos",
                            "metaType": "string",
                            "metaValue": "1829.71 528.279"
                        }
                    ]
                },
                {
                    "nodeName": "create_arrow_strands",
                    "nodeType": "Modeling::Strands::create_arrow_strands",
                    "metadata": [
                        {
                            "metaName": "DisplayMode",
                            "metaType": "string",
                            "metaValue": "2"
                        },
                        {
                            "metaName": "LayoutPos",
                            "metaType": "string",
                            "metaValue": "1409.6 836.448"
                        }
                    ]
                },
                {
                    "nodeName": "build_array1",
                    "nodeType": "Core::Array::build_array",
                    "multiInPortNames": [
                        "output"
                    ],
                    "metadata": [
                        {
                            "metaName": "DisplayMode",
                            "metaType": "string",
                            "metaValue": "2"
                        },
                        {
                            "metaName": "LayoutPos",
                            "metaType": "string",
                            "metaValue": "1089.18 1085.57"
                        }
                    ]
                },
                {
                    "nodeName": "build_array3",
                    "nodeType": "Core::Array::build_array",
                    "multiInPortNames": [
                        "output"
                    ],
                    "metadata": [
                        {
                            "metaName": "DisplayMode",
                            "metaType": "string",
                            "metaValue": "2"
                        },
                        {
                            "metaName": "LayoutPos",
                            "metaType": "string",
                            "metaValue": "1089.29 859.328"
                        }
                    ]
                },
                {
                    "nodeName": "create_arrow_strands1",
                    "nodeType": "Modeling::Strands::create_arrow_strands",
                    "metadata": [
                        {
                            "metaName": "DisplayMode",
                            "metaType": "string",
                            "metaValue": "2"
                        },
                        {
                            "metaName": "LayoutPos",
                            "metaType": "string",
                            "metaValue": "1405.54 1139.7"
                        }
                    ]
                },
                {
                    "nodeName": "build_array4",
                    "nodeType": "Core::Array::build_array",
                    "multiInPortNames": [
                        "output"
                    ],
                    "metadata": [
                        {
                            "metaName": "DisplayMode",
                            "metaType": "string",
                            "metaValue": "2"
                        },
                        {
                            "metaName": "LayoutPos",
                            "metaType": "string",
                            "metaValue": "1084.12 1318.61"
                        }
                    ]
                },
                {
                    "nodeName": "value",
                    "valueType": "Math::float3",
                    "metadata": [
                        {
                            "metaName": "DisplayMode",
                            "metaType": "string",
                            "metaValue": "2"
                        },
                        {
                            "metaName": "valuenode_defaultvalue",
                            "metaType": "string",
                            "metaValue": "0"
                        },
                        {
                            "metaName": "valuenode_defaultvalue",
                            "metaType": "string",
                            "metaValue": "0"
                        },
                        {
                            "metaName": "valuenode_defaultvalue",
                            "metaType": "string",
                            "metaValue": "0"
                        },
                        {
                            "metaName": "LayoutPos",
                            "metaType": "string",
                            "metaValue": "831.011 1341.18"
                        }
                    ]
                }
            ],
            "connections": [
                {
                    "source": "p.output",
                    "target": "add.first.output1"
                },
                {
                    "source": "add.output",
                    "target": ".point_position"
                },
                {
                    "source": "normalize.normalized",
                    "target": "p.first.normalized"
                },
                {
                    "source": "subtract.output",
                    "target": "normalize.value"
                },
                {
                    "source": ".vector",
                    "target": "vector_A.input"
                },
                {
                    "source": "vector_A.output",
                    "target": "subtract.first.output1"
                },
                {
                    "source": ".origin",
                    "target": "origin_O.input"
                },
                {
                    "source": "origin_O.output",
                    "target": "subtract.first.output2"
                },
                {
                    "source": "origin_O.output",
                    "target": "add.first.output2"
                },
                {
                    "source": ".length",
                    "target": "OB_length.input"
                },
                {
                    "source": "OB_length.output",
                    "target": "absolute_value.value"
                },
                {
                    "source": "absolute_value.absolute_value",
                    "target": "p.first.magnitude"
                },
                {
                    "source": "add.output",
                    "target": "build_array.first.output"
                },
                {
                    "source": "build_array.array",
                    "target": "construct_points.point_position"
                },
                {
                    "source": "construct_points.points",
                    "target": "point_scope.point_geo"
                },
                {
                    "source": "point_scope.diagnostic_geo",
                    "target": "terminal.diagnostic.diagnostic_geo"
                },
                {
                    "source": "build_array1.array",
                    "target": "create_arrow_strands.end_positions"
                },
                {
                    "source": "build_array3.array",
                    "target": "create_arrow_strands.start_positions"
                },
                {
                    "source": "origin_O.output",
                    "target": "build_array3.first.output"
                },
                {
                    "source": "vector_A.output",
                    "target": "build_array1.first.output"
                },
                {
                    "source": "create_arrow_strands.strands",
                    "target": "terminal.diagnostic.strands"
                },
                {
                    "source": "build_array3.array",
                    "target": "create_arrow_strands1.start_positions"
                },
                {
                    "source": "build_array.array",
                    "target": "create_arrow_strands1.end_positions"
                },
                {
                    "source": "create_arrow_strands1.strands",
                    "target": "terminal.diagnostic.strands1"
                },
                {
                    "source": "value.output",
                    "target": "build_array4.first.output"
                },
                {
                    "source": "build_array4.array",
                    "target": "create_arrow_strands1.colors"
                }
            ],
            "values": [
                {
                    "valueName": "point_scope.coloring_mode",
                    "valueType": "Diagnostic::ColoringMode",
                    "value": "Color"
                },
                {
                    "valueName": "point_scope.color",
                    "valueType": "Math::float3",
                    "value": {
                        "x": "0f",
                        "y": "1f",
                        "z": "0f"
                    }
                },
                {
                    "valueName": "create_arrow_strands.arrowhead_size",
                    "valueType": "float",
                    "value": "0.0500000007f"
                },
                {
                    "valueName": "create_arrow_strands.stem_width_ratio",
                    "valueType": "float",
                    "value": "0.100000001f"
                },
                {
                    "valueName": "create_arrow_strands1.arrowhead_size",
                    "valueType": "float",
                    "value": "0.100000001f"
                },
                {
                    "valueName": "create_arrow_strands1.stem_width_ratio",
                    "valueType": "float",
                    "value": "0.100000001f"
                },
                {
                    "valueName": "value.value",
                    "valueType": "Math::float3",
                    "value": {
                        "x": "0f",
                        "y": "1f",
                        "z": "0f"
                    }
                }
            ],
            "reservedNodeNames": [
                {
                    "name": "input"
                },
                {
                    "name": "output"
                }
            ]
        }
    ]
}