{
    "header": {
        "metadata": [
            {
                "metaName": "adskFileFormatVersion",
                "metaValue": "100L"
            }
        ]
    },
    "namespaces": [],
    "types": [],
    "compounds": [
        {
            "name": "BPM::g2m_bifrost_pack_0::strand::g2m_four_points_bezier",
            "uriImported": "stream:/bifrostGraphShape1",
            "metadata": [
                {
                    "metaName": "io_nodes",
                    "metadata": [
                        {
                            "metaName": "io_inodes",
                            "metadata": [
                                {
                                    "metaName": "input1",
                                    "metadata": [
                                        {
                                            "metaName": "DisplayMode",
                                            "metaType": "string",
                                            "metaValue": "2"
                                        },
                                        {
                                            "metaName": "LayoutPos",
                                            "metaType": "string",
                                            "metaValue": "18.2444 1180.94"
                                        },
                                        {
                                            "metaName": "io_ports",
                                            "metadata": [
                                                {
                                                    "metaName": "start"
                                                },
                                                {
                                                    "metaName": "second"
                                                },
                                                {
                                                    "metaName": "third"
                                                },
                                                {
                                                    "metaName": "end"
                                                },
                                                {
                                                    "metaName": "segment"
                                                }
                                            ]
                                        }
                                    ]
                                }
                            ]
                        },
                        {
                            "metaName": "io_onodes",
                            "metadata": [
                                {
                                    "metaName": "output",
                                    "metadata": [
                                        {
                                            "metaName": "DisplayMode",
                                            "metaType": "string",
                                            "metaValue": "2"
                                        },
                                        {
                                            "metaName": "LayoutPos",
                                            "metaType": "string",
                                            "metaValue": "1362.6 1141.55"
                                        },
                                        {
                                            "metaName": "io_ports",
                                            "metadata": [
                                                {
                                                    "metaName": "strands"
                                                },
                                                {
                                                    "metaName": "length"
                                                },
                                                {
                                                    "metaName": "point_position"
                                                }
                                            ]
                                        }
                                    ]
                                }
                            ]
                        }
                    ]
                },
                {
                    "metaName": "backdrop3",
                    "metadata": [
                        {
                            "metaName": "type",
                            "metaType": "string",
                            "metaValue": "backdrop"
                        },
                        {
                            "metaName": "color",
                            "metaType": "string",
                            "metaValue": "#54616d"
                        },
                        {
                            "metaName": "text",
                            "metaType": "string",
                            "metaValue": "Bezier \u66f2\u7dda\n\n\u756b Bezier \u66f2\u7dda\u7684\u65b9\u6cd5\u4f86\u81ea\uff1a\nThe Beauty of B\u00e9zier Curves \nhttps://www.youtube.com/watch?v=aVwxzDHniEw "
                        },
                        {
                            "metaName": "coords",
                            "metaType": "string",
                            "metaValue": "-2.56963 1067.01 310.596 413.479"
                        }
                    ]
                },
                {
                    "metaName": "backdrop4",
                    "metadata": [
                        {
                            "metaName": "type",
                            "metaType": "string",
                            "metaValue": "backdrop"
                        },
                        {
                            "metaName": "text",
                            "metaType": "string",
                            "metaValue": "\u56db\u9ede bezier curve \u5faa\u74b0"
                        },
                        {
                            "metaName": "coords",
                            "metaType": "string",
                            "metaValue": "441.732 1040.84 522.079 409.25"
                        }
                    ]
                },
                {
                    "metaName": "_recentNode_",
                    "metaType": "string",
                    "metaValue": "BifrostGraph,Core::Type_Conversion,to_float"
                },
                {
                    "metaName": "_recentNode_",
                    "metaType": "string",
                    "metaValue": "input"
                },
                {
                    "metaName": "_recentNode_",
                    "metaType": "string",
                    "metaValue": "BifrostGraph,Core::Graph,terminal"
                },
                {
                    "metaName": "_recentNode_",
                    "metaType": "string",
                    "metaValue": "BifrostGraph,Diagnostic::Display,point_scope"
                },
                {
                    "metaName": "_recentNode_",
                    "metaType": "string",
                    "metaValue": "BifrostGraph,Geometry::Points,construct_points"
                },
                {
                    "metaName": "ViewportRect",
                    "metaType": "string",
                    "metaValue": "-31.2944 580.649 1605.05 1335.88"
                },
                {
                    "metaName": "DisplayMode",
                    "metaType": "string",
                    "metaValue": "2"
                },
                {
                    "metaName": "LayoutPos",
                    "metaType": "string",
                    "metaValue": "-223.601 -158.101"
                },
                {
                    "metaName": "UILayout",
                    "metaType": "string",
                    "metaValue": "{\n    \"NodeLayout\": {\n        \"hideUndeclaredPorts\": false,\n        \"items\": [\n            {\n                \"port\": \"start\"\n            },\n            {\n                \"port\": \"second\"\n            },\n            {\n                \"port\": \"third\"\n            },\n            {\n                \"port\": \"end\"\n            },\n            {\n                \"port\": \"segment\"\n            }\n        ]\n    }\n}\n"
                },
                {
                    "metaName": "PortExpandedState",
                    "metadata": [
                        {
                            "metaName": "Advanced settings",
                            "metaType": "string",
                            "metaValue": "0"
                        }
                    ]
                }
            ],
            "ports": [
                {
                    "portName": "strands",
                    "portDirection": "output",
                    "portType": "Amino::Object"
                },
                {
                    "portName": "length",
                    "portDirection": "output",
                    "portType": "float"
                },
                {
                    "portName": "start",
                    "portDirection": "input",
                    "portType": "Math::float3",
                    "portDefault": {
                        "x": "0f",
                        "y": "0f",
                        "z": "0f"
                    }
                },
                {
                    "portName": "second",
                    "portDirection": "input",
                    "portType": "Math::float3",
                    "portDefault": {
                        "x": "0f",
                        "y": "1f",
                        "z": "0f"
                    }
                },
                {
                    "portName": "third",
                    "portDirection": "input",
                    "portType": "Math::float3",
                    "portDefault": {
                        "x": "0f",
                        "y": "2f",
                        "z": "0f"
                    }
                },
                {
                    "portName": "end",
                    "portDirection": "input",
                    "portType": "Math::float3",
                    "portDefault": {
                        "x": "0f",
                        "y": "3f",
                        "z": "0f"
                    }
                },
                {
                    "portName": "segment",
                    "portDirection": "input",
                    "portType": "long",
                    "portDefault": "20"
                },
                {
                    "portName": "point_position",
                    "portDirection": "output",
                    "portType": "array<Math::float3>"
                }
            ],
            "compounds": [
                {
                    "name": "four_points_bezier_curve",
                    "uriImported": "stream:/bifrostGraphShape1",
                    "metadata": [
                        {
                            "metaName": "icon",
                            "metaType": "string",
                            "metaValue": "<NATIVE>../icons/LoopForEach.svg"
                        },
                        {
                            "metaName": "icon",
                            "metaType": "string",
                            "metaValue": "<NATIVE>../icons/LoopForEach.svg"
                        },
                        {
                            "metaName": "_recentNode_",
                            "metaType": "string",
                            "metaValue": "BifrostGraph,Core::Math,multiply"
                        },
                        {
                            "metaName": "_recentNode_",
                            "metaType": "string",
                            "metaValue": "BifrostGraph,Core::Math,one_over"
                        },
                        {
                            "metaName": "_recentNode_",
                            "metaType": "string",
                            "metaValue": "BifrostGraph,Core::Type_Conversion,to_float"
                        },
                        {
                            "metaName": "_recentNode_",
                            "metaType": "string",
                            "metaValue": "BifrostGraph,Core::Type_Conversion,to_int"
                        },
                        {
                            "metaName": "_recentNode_",
                            "metaType": "string",
                            "metaValue": "BifrostGraph,Core::Iterators,for_each"
                        },
                        {
                            "metaName": "io_nodes",
                            "metadata": [
                                {
                                    "metaName": "io_inodes",
                                    "metadata": [
                                        {
                                            "metaName": "input",
                                            "metadata": [
                                                {
                                                    "metaName": "DisplayMode",
                                                    "metaType": "string",
                                                    "metaValue": "2"
                                                },
                                                {
                                                    "metaName": "LayoutPos",
                                                    "metaType": "string",
                                                    "metaValue": "-1196.07 -139.606"
                                                },
                                                {
                                                    "metaName": "io_ports",
                                                    "metadata": [
                                                        {
                                                            "metaName": "fraction"
                                                        },
                                                        {
                                                            "metaName": "max_iterations"
                                                        },
                                                        {
                                                            "metaName": "current_index"
                                                        },
                                                        {
                                                            "metaName": "start"
                                                        },
                                                        {
                                                            "metaName": "second"
                                                        },
                                                        {
                                                            "metaName": "third"
                                                        },
                                                        {
                                                            "metaName": "end"
                                                        }
                                                    ]
                                                }
                                            ]
                                        }
                                    ]
                                },
                                {
                                    "metaName": "io_onodes",
                                    "metadata": [
                                        {
                                            "metaName": "output",
                                            "metadata": [
                                                {
                                                    "metaName": "DisplayMode",
                                                    "metaType": "string",
                                                    "metaValue": "2"
                                                },
                                                {
                                                    "metaName": "LayoutPos",
                                                    "metaType": "string",
                                                    "metaValue": "1363.72 -132.19"
                                                },
                                                {
                                                    "metaName": "io_ports",
                                                    "metadata": [
                                                        {
                                                            "metaName": "interpolated"
                                                        }
                                                    ]
                                                }
                                            ]
                                        }
                                    ]
                                }
                            ]
                        },
                        {
                            "metaName": "ViewportRect",
                            "metaType": "string",
                            "metaValue": "-1568.6 -1005.99 2058.7 1713.45"
                        }
                    ],
                    "ports": [
                        {
                            "portName": "fraction",
                            "portDirection": "input"
                        },
                        {
                            "portName": "max_iterations",
                            "portDirection": "input",
                            "portType": "long",
                            "portIterationLimit": "true"
                        },
                        {
                            "portName": "current_index",
                            "portDirection": "input",
                            "portType": "long",
                            "portIterationCounter": "true"
                        },
                        {
                            "portName": "start",
                            "portDirection": "input"
                        },
                        {
                            "portName": "second",
                            "portDirection": "input"
                        },
                        {
                            "portName": "third",
                            "portDirection": "input"
                        },
                        {
                            "portName": "end",
                            "portDirection": "input"
                        },
                        {
                            "portName": "interpolated",
                            "portDirection": "output",
                            "portIterationTarget": "true"
                        }
                    ],
                    "compoundNodes": [
                        {
                            "nodeName": "lerp5",
                            "nodeType": "Core::Math::lerp",
                            "metadata": [
                                {
                                    "metaName": "DisplayMode",
                                    "metaType": "string",
                                    "metaValue": "2"
                                },
                                {
                                    "metaName": "LayoutPos",
                                    "metaType": "string",
                                    "metaValue": "568.942 -75.1601"
                                }
                            ]
                        },
                        {
                            "nodeName": "lerp4",
                            "nodeType": "Core::Math::lerp",
                            "metadata": [
                                {
                                    "metaName": "DisplayMode",
                                    "metaType": "string",
                                    "metaValue": "2"
                                },
                                {
                                    "metaName": "LayoutPos",
                                    "metaType": "string",
                                    "metaValue": "567.58 -288.511"
                                }
                            ]
                        },
                        {
                            "nodeName": "lerp7",
                            "nodeType": "Core::Math::lerp",
                            "metadata": [
                                {
                                    "metaName": "DisplayMode",
                                    "metaType": "string",
                                    "metaValue": "2"
                                },
                                {
                                    "metaName": "LayoutPos",
                                    "metaType": "string",
                                    "metaValue": "846.948 -225.894"
                                }
                            ]
                        },
                        {
                            "nodeName": "lerp8",
                            "nodeType": "Core::Math::lerp",
                            "metadata": [
                                {
                                    "metaName": "DisplayMode",
                                    "metaType": "string",
                                    "metaValue": "2"
                                },
                                {
                                    "metaName": "LayoutPos",
                                    "metaType": "string",
                                    "metaValue": "851.988 23.2936"
                                }
                            ]
                        },
                        {
                            "nodeName": "lerp6",
                            "nodeType": "Core::Math::lerp",
                            "metadata": [
                                {
                                    "metaName": "DisplayMode",
                                    "metaType": "string",
                                    "metaValue": "2"
                                },
                                {
                                    "metaName": "LayoutPos",
                                    "metaType": "string",
                                    "metaValue": "568.507 158.222"
                                }
                            ]
                        },
                        {
                            "nodeName": "lerp9",
                            "nodeType": "Core::Math::lerp",
                            "metadata": [
                                {
                                    "metaName": "DisplayMode",
                                    "metaType": "string",
                                    "metaValue": "2"
                                },
                                {
                                    "metaName": "LayoutPos",
                                    "metaType": "string",
                                    "metaValue": "1108.12 -132.459"
                                }
                            ]
                        },
                        {
                            "nodeName": "fraction",
                            "nodeType": "Core::Type_Conversion::to_float",
                            "metadata": [
                                {
                                    "metaName": "DisplayMode",
                                    "metaType": "string",
                                    "metaValue": "2"
                                },
                                {
                                    "metaName": "LayoutPos",
                                    "metaType": "string",
                                    "metaValue": "-372.862 -252.082"
                                }
                            ]
                        },
                        {
                            "nodeName": "multiply",
                            "nodeType": "Core::Math::multiply",
                            "multiInPortNames": [
                                "fraction",
                                "current_index"
                            ],
                            "metadata": [
                                {
                                    "metaName": "DisplayMode",
                                    "metaType": "string",
                                    "metaValue": "2"
                                },
                                {
                                    "metaName": "LayoutPos",
                                    "metaType": "string",
                                    "metaValue": "-620.224 -228.047"
                                }
                            ]
                        }
                    ],
                    "connections": [
                        {
                            "source": "lerp5.interpolated",
                            "target": "lerp7.second"
                        },
                        {
                            "source": "lerp5.interpolated",
                            "target": "lerp8.first"
                        },
                        {
                            "source": "lerp4.interpolated",
                            "target": "lerp7.first"
                        },
                        {
                            "source": "lerp7.interpolated",
                            "target": "lerp9.first"
                        },
                        {
                            "source": "lerp8.interpolated",
                            "target": "lerp9.second"
                        },
                        {
                            "source": "lerp6.interpolated",
                            "target": "lerp8.second"
                        },
                        {
                            "source": "lerp9.interpolated",
                            "target": ".interpolated"
                        },
                        {
                            "source": "multiply.output",
                            "target": "fraction.from"
                        },
                        {
                            "source": ".start",
                            "target": "lerp4.first"
                        },
                        {
                            "source": ".second",
                            "target": "lerp4.second"
                        },
                        {
                            "source": ".second",
                            "target": "lerp5.first"
                        },
                        {
                            "source": ".third",
                            "target": "lerp5.second"
                        },
                        {
                            "source": ".third",
                            "target": "lerp6.first"
                        },
                        {
                            "source": ".end",
                            "target": "lerp6.second"
                        },
                        {
                            "source": ".fraction",
                            "target": "multiply.first.fraction"
                        },
                        {
                            "source": ".current_index",
                            "target": "multiply.first.current_index"
                        },
                        {
                            "source": "fraction.float",
                            "target": "lerp4.fraction"
                        },
                        {
                            "source": "fraction.float",
                            "target": "lerp5.fraction"
                        },
                        {
                            "source": "fraction.float",
                            "target": "lerp6.fraction"
                        },
                        {
                            "source": "fraction.float",
                            "target": "lerp7.fraction"
                        },
                        {
                            "source": "fraction.float",
                            "target": "lerp8.fraction"
                        },
                        {
                            "source": "fraction.float",
                            "target": "lerp9.fraction"
                        }
                    ],
                    "values": [],
                    "reservedNodeNames": [
                        {
                            "name": "input"
                        },
                        {
                            "name": "output"
                        }
                    ],
                    "forEachCompound": {
                        "ports": []
                    }
                },
                {
                    "name": "calculate_length",
                    "uriImported": "stream:/bifrostGraphShape1",
                    "metadata": [
                        {
                            "metaName": "io_nodes",
                            "metadata": [
                                {
                                    "metaName": "io_inodes",
                                    "metadata": [
                                        {
                                            "metaName": "input",
                                            "metadata": [
                                                {
                                                    "metaName": "DisplayMode",
                                                    "metaType": "string",
                                                    "metaValue": "2"
                                                },
                                                {
                                                    "metaName": "LayoutPos",
                                                    "metaType": "string",
                                                    "metaValue": "-434.276 -110.478"
                                                },
                                                {
                                                    "metaName": "io_ports",
                                                    "metadata": [
                                                        {
                                                            "metaName": "point_position"
                                                        }
                                                    ]
                                                }
                                            ]
                                        }
                                    ]
                                },
                                {
                                    "metaName": "io_onodes",
                                    "metadata": [
                                        {
                                            "metaName": "output",
                                            "metadata": [
                                                {
                                                    "metaName": "io_ports",
                                                    "metadata": [
                                                        {
                                                            "metaName": "sum"
                                                        }
                                                    ]
                                                },
                                                {
                                                    "metaName": "DisplayMode",
                                                    "metaType": "string",
                                                    "metaValue": "2"
                                                },
                                                {
                                                    "metaName": "LayoutPos",
                                                    "metaType": "string",
                                                    "metaValue": "864.39 -108.568"
                                                }
                                            ]
                                        }
                                    ]
                                }
                            ]
                        },
                        {
                            "metaName": "ViewportRect",
                            "metaType": "string",
                            "metaValue": "-430.501 -724.524 1429.79 1190.01"
                        }
                    ],
                    "ports": [
                        {
                            "portName": "point_position",
                            "portDirection": "input",
                            "portType": "array<Math::float3>"
                        },
                        {
                            "portName": "sum",
                            "portDirection": "output",
                            "portType": "float"
                        }
                    ],
                    "compounds": [
                        {
                            "name": "for_each",
                            "uriImported": "stream:/bifrostGraphShape1",
                            "metadata": [
                                {
                                    "metaName": "icon",
                                    "metaType": "string",
                                    "metaValue": "<NATIVE>../icons/LoopForEach.svg"
                                },
                                {
                                    "metaName": "icon",
                                    "metaType": "string",
                                    "metaValue": "<NATIVE>../icons/LoopForEach.svg"
                                },
                                {
                                    "metaName": "_recentNode_",
                                    "metaType": "string",
                                    "metaValue": "BifrostGraph,Core::Math,length"
                                },
                                {
                                    "metaName": "_recentNode_",
                                    "metaType": "string",
                                    "metaValue": "BifrostGraph,Core::Math,subtract"
                                },
                                {
                                    "metaName": "_recentNode_",
                                    "metaType": "string",
                                    "metaValue": "BifrostGraph,Core::Math,increment"
                                },
                                {
                                    "metaName": "_recentNode_",
                                    "metaType": "string",
                                    "metaValue": "BifrostGraph,Core::Array,get_from_array"
                                },
                                {
                                    "metaName": "_recentNode_",
                                    "metaType": "string",
                                    "metaValue": "BifrostGraph,Core::Math,decrement"
                                },
                                {
                                    "metaName": "io_nodes",
                                    "metadata": [
                                        {
                                            "metaName": "io_inodes",
                                            "metadata": [
                                                {
                                                    "metaName": "input",
                                                    "metadata": [
                                                        {
                                                            "metaName": "DisplayMode",
                                                            "metaType": "string",
                                                            "metaValue": "2"
                                                        },
                                                        {
                                                            "metaName": "LayoutPos",
                                                            "metaType": "string",
                                                            "metaValue": "-715 -100"
                                                        },
                                                        {
                                                            "metaName": "io_ports",
                                                            "metadata": [
                                                                {
                                                                    "metaName": "max_iterations"
                                                                },
                                                                {
                                                                    "metaName": "current_index"
                                                                },
                                                                {
                                                                    "metaName": "point_position"
                                                                }
                                                            ]
                                                        }
                                                    ]
                                                }
                                            ]
                                        },
                                        {
                                            "metaName": "io_onodes",
                                            "metadata": [
                                                {
                                                    "metaName": "output",
                                                    "metadata": [
                                                        {
                                                            "metaName": "DisplayMode",
                                                            "metaType": "string",
                                                            "metaValue": "2"
                                                        },
                                                        {
                                                            "metaName": "LayoutPos",
                                                            "metaType": "string",
                                                            "metaValue": "596 -52"
                                                        },
                                                        {
                                                            "metaName": "io_ports",
                                                            "metadata": [
                                                                {
                                                                    "metaName": "length"
                                                                }
                                                            ]
                                                        }
                                                    ]
                                                }
                                            ]
                                        }
                                    ]
                                },
                                {
                                    "metaName": "ViewportRect",
                                    "metaType": "string",
                                    "metaValue": "-670 -450 1127 938"
                                }
                            ],
                            "ports": [
                                {
                                    "portName": "max_iterations",
                                    "portDirection": "input",
                                    "portType": "long",
                                    "portIterationLimit": "true"
                                },
                                {
                                    "portName": "current_index",
                                    "portDirection": "input",
                                    "portType": "long",
                                    "portIterationCounter": "true"
                                },
                                {
                                    "portName": "point_position",
                                    "portDirection": "input"
                                },
                                {
                                    "portName": "length",
                                    "portDirection": "output",
                                    "portIterationTarget": "true"
                                }
                            ],
                            "compoundNodes": [
                                {
                                    "nodeName": "get_from_array",
                                    "nodeType": "Core::Array::get_from_array",
                                    "metadata": [
                                        {
                                            "metaName": "DisplayMode",
                                            "metaType": "string",
                                            "metaValue": "2"
                                        },
                                        {
                                            "metaName": "LayoutPos",
                                            "metaType": "string",
                                            "metaValue": "-203.5 -107"
                                        }
                                    ]
                                },
                                {
                                    "nodeName": "get_from_array1",
                                    "nodeType": "Core::Array::get_from_array",
                                    "metadata": [
                                        {
                                            "metaName": "DisplayMode",
                                            "metaType": "string",
                                            "metaValue": "2"
                                        },
                                        {
                                            "metaName": "LayoutPos",
                                            "metaType": "string",
                                            "metaValue": "-204.5 100"
                                        }
                                    ]
                                },
                                {
                                    "nodeName": "increment",
                                    "nodeType": "Core::Math::increment",
                                    "metadata": [
                                        {
                                            "metaName": "DisplayMode",
                                            "metaType": "string",
                                            "metaValue": "2"
                                        },
                                        {
                                            "metaName": "LayoutPos",
                                            "metaType": "string",
                                            "metaValue": "-444.5 148"
                                        }
                                    ]
                                },
                                {
                                    "nodeName": "subtract",
                                    "nodeType": "Core::Math::subtract",
                                    "multiInPortNames": [
                                        "value",
                                        "value1"
                                    ],
                                    "metadata": [
                                        {
                                            "metaName": "DisplayMode",
                                            "metaType": "string",
                                            "metaValue": "2"
                                        },
                                        {
                                            "metaName": "LayoutPos",
                                            "metaType": "string",
                                            "metaValue": "75.5 -28"
                                        }
                                    ]
                                },
                                {
                                    "nodeName": "length",
                                    "nodeType": "Core::Math::length",
                                    "metadata": [
                                        {
                                            "metaName": "DisplayMode",
                                            "metaType": "string",
                                            "metaValue": "2"
                                        },
                                        {
                                            "metaName": "LayoutPos",
                                            "metaType": "string",
                                            "metaValue": "323.5 -52"
                                        }
                                    ]
                                }
                            ],
                            "connections": [
                                {
                                    "source": "get_from_array.value",
                                    "target": "subtract.first.value1"
                                },
                                {
                                    "source": "get_from_array1.value",
                                    "target": "subtract.first.value"
                                },
                                {
                                    "source": "increment.output",
                                    "target": "get_from_array1.index"
                                },
                                {
                                    "source": "subtract.output",
                                    "target": "length.vector"
                                },
                                {
                                    "source": "length.length",
                                    "target": ".length"
                                },
                                {
                                    "source": ".current_index",
                                    "target": "get_from_array.index"
                                },
                                {
                                    "source": ".current_index",
                                    "target": "increment.value"
                                },
                                {
                                    "source": ".point_position",
                                    "target": "get_from_array.array"
                                },
                                {
                                    "source": ".point_position",
                                    "target": "get_from_array1.array"
                                }
                            ],
                            "values": [
                                {
                                    "valueName": "increment.by",
                                    "valueType": "char",
                                    "value": "1"
                                }
                            ],
                            "reservedNodeNames": [
                                {
                                    "name": "input"
                                },
                                {
                                    "name": "output"
                                }
                            ],
                            "forEachCompound": {
                                "ports": []
                            }
                        }
                    ],
                    "compoundNodes": [
                        {
                            "nodeName": "for_each",
                            "nodeType": "for_each",
                            "metadata": [
                                {
                                    "metaName": "DisplayMode",
                                    "metaType": "string",
                                    "metaValue": "2"
                                },
                                {
                                    "metaName": "LayoutPos",
                                    "metaType": "string",
                                    "metaValue": "343.157 -206.708"
                                }
                            ]
                        },
                        {
                            "nodeName": "array_size",
                            "nodeType": "Core::Array::array_size",
                            "metadata": [
                                {
                                    "metaName": "DisplayMode",
                                    "metaType": "string",
                                    "metaValue": "0"
                                },
                                {
                                    "metaName": "LayoutPos",
                                    "metaType": "string",
                                    "metaValue": "-150.222 -184.325"
                                }
                            ]
                        },
                        {
                            "nodeName": "decrement",
                            "nodeType": "Core::Math::decrement",
                            "metadata": [
                                {
                                    "metaName": "DisplayMode",
                                    "metaType": "string",
                                    "metaValue": "0"
                                },
                                {
                                    "metaName": "LayoutPos",
                                    "metaType": "string",
                                    "metaValue": "76.2462 -184.5"
                                }
                            ]
                        },
                        {
                            "nodeName": "sum_array",
                            "nodeType": "Core::Array::sum_array",
                            "metadata": [
                                {
                                    "metaName": "DisplayMode",
                                    "metaType": "string",
                                    "metaValue": "2"
                                },
                                {
                                    "metaName": "LayoutPos",
                                    "metaType": "string",
                                    "metaValue": "587.146 -230.318"
                                }
                            ]
                        }
                    ],
                    "connections": [
                        {
                            "source": "array_size.size",
                            "target": "decrement.value"
                        },
                        {
                            "source": "decrement.output",
                            "target": "for_each.max_iterations"
                        },
                        {
                            "source": "for_each.length",
                            "target": "sum_array.array"
                        },
                        {
                            "source": ".point_position",
                            "target": "array_size.array"
                        },
                        {
                            "source": ".point_position",
                            "target": "for_each.point_position"
                        },
                        {
                            "source": "sum_array.sum",
                            "target": ".sum"
                        }
                    ],
                    "values": [
                        {
                            "valueName": "for_each.max_iterations",
                            "valueType": "long",
                            "value": "10"
                        },
                        {
                            "valueName": "decrement.by",
                            "valueType": "char",
                            "value": "1"
                        }
                    ],
                    "reservedNodeNames": [
                        {
                            "name": "input"
                        },
                        {
                            "name": "output"
                        }
                    ]
                }
            ],
            "compoundNodes": [
                {
                    "nodeName": "four_points_bezier_curve",
                    "nodeType": "four_points_bezier_curve",
                    "metadata": [
                        {
                            "metaName": "DisplayMode",
                            "metaType": "string",
                            "metaValue": "2"
                        },
                        {
                            "metaName": "LayoutPos",
                            "metaType": "string",
                            "metaValue": "481.263 1085.62"
                        }
                    ]
                },
                {
                    "nodeName": "build_array3",
                    "nodeType": "Core::Array::build_array",
                    "multiInPortNames": [
                        "interpolated",
                        "last"
                    ],
                    "metadata": [
                        {
                            "metaName": "DisplayMode",
                            "metaType": "string",
                            "metaValue": "2"
                        },
                        {
                            "metaName": "LayoutPos",
                            "metaType": "string",
                            "metaValue": "723.231 1171.29"
                        }
                    ]
                },
                {
                    "nodeName": "construct_strands2",
                    "nodeType": "Geometry::Strands::construct_strands",
                    "metadata": [
                        {
                            "metaName": "DisplayMode",
                            "metaType": "string",
                            "metaValue": "2"
                        },
                        {
                            "metaName": "LayoutPos",
                            "metaType": "string",
                            "metaValue": "1068.93 1026.09"
                        }
                    ]
                },
                {
                    "nodeName": "calculate_length",
                    "nodeType": "calculate_length",
                    "metadata": [
                        {
                            "metaName": "DisplayMode",
                            "metaType": "string",
                            "metaValue": "2"
                        },
                        {
                            "metaName": "LayoutPos",
                            "metaType": "string",
                            "metaValue": "1068.26 1243.25"
                        }
                    ]
                },
                {
                    "nodeName": "fraction",
                    "nodeType": "Core::Math::one_over",
                    "metadata": [
                        {
                            "metaName": "DisplayMode",
                            "metaType": "string",
                            "metaValue": "2"
                        },
                        {
                            "metaName": "LayoutPos",
                            "metaType": "string",
                            "metaValue": "252.5 861"
                        }
                    ]
                }
            ],
            "connections": [
                {
                    "source": "four_points_bezier_curve.interpolated",
                    "target": "build_array3.first.interpolated"
                },
                {
                    "source": "build_array3.array",
                    "target": "construct_strands2.point_position"
                },
                {
                    "source": "construct_strands2.strands",
                    "target": ".strands"
                },
                {
                    "source": ".segment",
                    "target": "four_points_bezier_curve.max_iterations"
                },
                {
                    "source": ".start",
                    "target": "four_points_bezier_curve.start"
                },
                {
                    "source": ".second",
                    "target": "four_points_bezier_curve.second"
                },
                {
                    "source": ".third",
                    "target": "four_points_bezier_curve.third"
                },
                {
                    "source": ".end",
                    "target": "four_points_bezier_curve.end"
                },
                {
                    "source": ".end",
                    "target": "build_array3.first.last"
                },
                {
                    "source": "build_array3.array",
                    "target": "calculate_length.point_position"
                },
                {
                    "source": "calculate_length.sum",
                    "target": ".length"
                },
                {
                    "source": ".segment",
                    "target": "fraction.value"
                },
                {
                    "source": "fraction.inverted",
                    "target": "four_points_bezier_curve.fraction"
                },
                {
                    "source": "build_array3.array",
                    "target": ".point_position"
                }
            ],
            "values": [
                {
                    "valueName": "four_points_bezier_curve.max_iterations",
                    "valueType": "long",
                    "value": "15"
                },
                {
                    "valueName": "calculate_length.point_position",
                    "valueType": "array<Math::float3>",
                    "value": []
                }
            ],
            "reservedNodeNames": [
                {
                    "name": "output"
                },
                {
                    "name": "input1"
                }
            ]
        }
    ]
}