{
    "header": {
        "metadata": [
            {
                "metaName": "adskFileFormatVersion",
                "metaValue": "100L"
            }
        ]
    },
    "namespaces": [],
    "types": [],
    "compounds": [
        {
            "name": "BPM::okok_1::source_jiggle_body",
            "uriImported": "stream:/bifrostGraphShape1",
            "metadata": [
                {
                    "metaName": "documentation",
                    "metaType": "string",
                    "metaValue": "docs/source_jiggle_bodies.md"
                },
                {
                    "metaName": "icon",
                    "metaType": "string",
                    "metaValue": "icons/jiggle.png"
                },
                {
                    "metaName": "UILayout",
                    "metaType": "string",
                    "metaValue": "{\n    \"NodeLayout\": {\n        \"hideUndeclaredPorts\": false,\n        \"items\": [\n            {\n                \"port\": \"points\"\n            },\n            {\n                \"expanded\": false,\n                \"group\": \"Settings\",\n                \"items\": [\n                    {\n                        \"port\": \"enable\"\n                    },\n                    {\n                        \"port\": \"start_frame\"\n                    }\n                ]\n            },\n            {\n                \"expanded\": false,\n                \"group\": \"Spring Properties\",\n                \"items\": [\n                    {\n                        \"port\": \"connect_distance\"\n                    },\n                    {\n                        \"port\": \"resist_compress\"\n                    },\n                    {\n                        \"port\": \"resist_stretch\"\n                    },\n                    {\n                        \"port\": \"jiggle_conserve\"\n                    },\n                    {\n                        \"port\": \"jiggle_smooth\"\n                    },\n                    {\n                        \"port\": \"shape_attract\"\n                    },\n                    {\n                        \"port\": \"max_connections\"\n                    },\n                    {\n                        \"port\": \"spring_coeff\"\n                    },\n                    {\n                        \"port\": \"spring_smooth\"\n                    },\n                    {\n                        \"port\": \"smooth_radius\"\n                    },\n                    {\n                        \"port\": \"spring_damp\"\n                    },\n                    {\n                        \"expanded\": false,\n                        \"group\": \"Misc\",\n                        \"items\": [\n                            {\n                                \"port\": \"inherit_velocity\"\n                            },\n                            {\n                                \"port\": \"particle_bounciness\"\n                            },\n                            {\n                                \"port\": \"update_properties\"\n                            },\n                            {\n                                \"port\": \"solo_point\"\n                            },\n                            {\n                                \"port\": \"solo_point_id\"\n                            },\n                            {\n                                \"port\": \"diagnostic_point_id\"\n                            }\n                        ]\n                    }\n                ]\n            },\n            {\n                \"expanded\": true,\n                \"group\": \"Particle Properties\",\n                \"items\": [\n                    {\n                        \"port\": \"speed\"\n                    },\n                    {\n                        \"port\": \"direction\"\n                    },\n                    {\n                        \"port\": \"normal_speed\"\n                    },\n                    {\n                        \"port\": \"spread\"\n                    },\n                    {\n                        \"port\": \"bounciness\"\n                    },\n                    {\n                        \"port\": \"size\"\n                    }\n                ]\n            },\n            {\n                \"expanded\": true,\n                \"group\": \"Diagnostic\"\n            },\n            {\n                \"port\": \"additional_properties\"\n            }\n        ]\n    }\n}\n"
                },
                {
                    "metaName": "PortExpandedState",
                    "metadata": [
                        {
                            "metaName": "Spring Properties.Misc",
                            "metaType": "string",
                            "metaValue": "0"
                        },
                        {
                            "metaName": "Settings",
                            "metaType": "string",
                            "metaValue": "0"
                        },
                        {
                            "metaName": "Spring Properties",
                            "metaType": "string",
                            "metaValue": "0"
                        }
                    ]
                },
                {
                    "metaName": "io_nodes",
                    "metadata": [
                        {
                            "metaName": "io_inodes",
                            "metadata": [
                                {
                                    "metaName": "input",
                                    "metadata": [
                                        {
                                            "metaName": "DisplayMode",
                                            "metaType": "string",
                                            "metaValue": "2"
                                        },
                                        {
                                            "metaName": "LayoutPos",
                                            "metaType": "string",
                                            "metaValue": "-1769.31 -710.452"
                                        },
                                        {
                                            "metaName": "io_ports",
                                            "metadata": [
                                                {
                                                    "metaName": "points"
                                                },
                                                {
                                                    "metaName": "enable"
                                                },
                                                {
                                                    "metaName": "start_frame"
                                                },
                                                {
                                                    "metaName": "connect_distance"
                                                },
                                                {
                                                    "metaName": "spring_coeff"
                                                },
                                                {
                                                    "metaName": "spring_smooth"
                                                },
                                                {
                                                    "metaName": "smooth_radius"
                                                },
                                                {
                                                    "metaName": "spring_damp"
                                                },
                                                {
                                                    "metaName": "particle_bounciness"
                                                },
                                                {
                                                    "metaName": "inherit_velocity"
                                                },
                                                {
                                                    "metaName": "diagnostic_point_id"
                                                },
                                                {
                                                    "metaName": "constraint"
                                                }
                                            ]
                                        }
                                    ]
                                }
                            ]
                        },
                        {
                            "metaName": "io_onodes",
                            "metadata": [
                                {
                                    "metaName": "output",
                                    "metadata": [
                                        {
                                            "metaName": "DisplayMode",
                                            "metaType": "string",
                                            "metaValue": "2"
                                        },
                                        {
                                            "metaName": "LayoutPos",
                                            "metaType": "string",
                                            "metaValue": "-731.263 -735.796"
                                        },
                                        {
                                            "metaName": "io_ports",
                                            "metadata": [
                                                {
                                                    "metaName": "source"
                                                }
                                            ]
                                        }
                                    ]
                                }
                            ]
                        }
                    ]
                },
                {
                    "metaName": "_recentNode_",
                    "metaType": "string",
                    "metaValue": "BifrostGraph,BPM::hw_utilities_1,store_value"
                },
                {
                    "metaName": "_recentNode_",
                    "metaType": "string",
                    "metaValue": "BifrostGraph,BPM::jiggle_solver_0,source_jiggle_body_internal"
                },
                {
                    "metaName": "_recentNode_",
                    "metaType": "string",
                    "metaValue": "BifrostGraph,Core::Logic,equal"
                },
                {
                    "metaName": "_recentNode_",
                    "metaType": "string",
                    "metaValue": "BifrostGraph,Core::Logic,if"
                },
                {
                    "metaName": "_recentNode_",
                    "metaType": "string",
                    "metaValue": "BifrostGraph,Core::Array,array_size"
                },
                {
                    "metaName": "ViewportRect",
                    "metaType": "string",
                    "metaValue": "-2167.65 -1448.36 1452.45 1342.57"
                },
                {
                    "metaName": "DisplayMode",
                    "metaType": "string",
                    "metaValue": "2"
                },
                {
                    "metaName": "LayoutPos",
                    "metaType": "string",
                    "metaValue": "132.791 -685.527"
                }
            ],
            "terminalStates": [
                {
                    "name": "Core::Graph::terminal::final",
                    "enabled": "true"
                },
                {
                    "name": "Core::Graph::terminal::proxy",
                    "enabled": "true"
                },
                {
                    "name": "Core::Graph::terminal::diagnostic",
                    "enabled": "false"
                }
            ],
            "ports": [
                {
                    "portName": "points",
                    "portDirection": "input",
                    "portType": "Amino::Object",
                    "portDefault": {},
                    "metadata": [
                        {
                            "metaName": "quick_create",
                            "metaType": "string",
                            "metaValue": "BPM::jiggle_solver_0::mesh_to_jiggle_points"
                        }
                    ]
                },
                {
                    "portName": "enable",
                    "portDirection": "input",
                    "portType": "bool",
                    "portDefault": "true"
                },
                {
                    "portName": "start_frame",
                    "portDirection": "input",
                    "portType": "float",
                    "portDefault": "1f"
                },
                {
                    "portName": "connect_distance",
                    "portDirection": "input",
                    "portDefaultType": "float",
                    "portDefault": "1f"
                },
                {
                    "portName": "spring_coeff",
                    "portDirection": "input",
                    "portDefaultType": "float",
                    "portDefault": "100f"
                },
                {
                    "portName": "spring_smooth",
                    "portDirection": "input",
                    "portDefaultType": "float",
                    "portDefault": "20f"
                },
                {
                    "portName": "smooth_radius",
                    "portDirection": "input",
                    "portDefaultType": "float",
                    "portDefault": "1f"
                },
                {
                    "portName": "spring_damp",
                    "portDirection": "input",
                    "portDefaultType": "float",
                    "portDefault": "0.0500000007f"
                },
                {
                    "portName": "particle_bounciness",
                    "portDirection": "input",
                    "portType": "float",
                    "portDefault": "0f"
                },
                {
                    "portName": "inherit_velocity",
                    "portDirection": "input",
                    "portType": "float",
                    "portDefault": "1f"
                },
                {
                    "portName": "diagnostic_point_id",
                    "portDirection": "input",
                    "portType": "long",
                    "portDefault": "0"
                },
                {
                    "portName": "source",
                    "portDirection": "output",
                    "portType": "Amino::Object"
                },
                {
                    "portName": "constraint",
                    "portDirection": "input",
                    "portType": "Amino::Object",
                    "portDefault": {},
                    "metadata": [
                        {
                            "metaName": "quick_create",
                            "metaType": "string",
                            "metaValue": "BPM::jiggle_solver_0::make_jiggle_constraint"
                        }
                    ]
                }
            ],
            "compoundNodes": [
                {
                    "nodeName": "source_jiggle_body_internal",
                    "nodeType": "BPM::okok_1::source_jiggle_body_internal",
                    "terminalStates": [
                        {
                            "name": "Core::Graph::terminal::final",
                            "enabled": "true"
                        },
                        {
                            "name": "Core::Graph::terminal::proxy",
                            "enabled": "true"
                        },
                        {
                            "name": "Core::Graph::terminal::diagnostic",
                            "enabled": "true"
                        }
                    ],
                    "metadata": [
                        {
                            "metaName": "DisplayMode",
                            "metaType": "string",
                            "metaValue": "2"
                        },
                        {
                            "metaName": "LayoutPos",
                            "metaType": "string",
                            "metaValue": "-1189.56 -778.624"
                        },
                        {
                            "metaName": "PortExpandedState",
                            "metadata": [
                                {
                                    "metaName": "Settings",
                                    "metaType": "string",
                                    "metaValue": "1"
                                },
                                {
                                    "metaName": "Spring Properties",
                                    "metaType": "string",
                                    "metaValue": "1"
                                }
                            ]
                        }
                    ]
                },
                {
                    "nodeName": "store_value",
                    "nodeType": "BPM::hw_utilities_1::store_value",
                    "metadata": [
                        {
                            "metaName": "DisplayMode",
                            "metaType": "string",
                            "metaValue": "2"
                        },
                        {
                            "metaName": "LayoutPos",
                            "metaType": "string",
                            "metaValue": "-1474.95 -878.355"
                        }
                    ]
                }
            ],
            "connections": [
                {
                    "source": "source_jiggle_body_internal.source",
                    "target": ".source"
                },
                {
                    "source": ".enable",
                    "target": "source_jiggle_body_internal.enable"
                },
                {
                    "source": ".start_frame",
                    "target": "source_jiggle_body_internal.start_frame"
                },
                {
                    "source": ".connect_distance",
                    "target": "source_jiggle_body_internal.connect_distance"
                },
                {
                    "source": ".spring_coeff",
                    "target": "source_jiggle_body_internal.spring_coeff"
                },
                {
                    "source": ".spring_smooth",
                    "target": "source_jiggle_body_internal.spring_smooth"
                },
                {
                    "source": ".smooth_radius",
                    "target": "source_jiggle_body_internal.smooth_radius"
                },
                {
                    "source": ".spring_damp",
                    "target": "source_jiggle_body_internal.spring_damp"
                },
                {
                    "source": ".particle_bounciness",
                    "target": "source_jiggle_body_internal.inherit_velocity"
                },
                {
                    "source": ".inherit_velocity",
                    "target": "source_jiggle_body_internal.particle_bounciness"
                },
                {
                    "source": ".diagnostic_point_id",
                    "target": "source_jiggle_body_internal.diagnostic_point_id"
                },
                {
                    "source": ".constraint",
                    "target": "source_jiggle_body_internal.constraint"
                },
                {
                    "source": ".points",
                    "target": "store_value.value"
                },
                {
                    "source": ".enable",
                    "target": "store_value.use_store_frame"
                },
                {
                    "source": ".start_frame",
                    "target": "store_value.store_frame"
                },
                {
                    "source": "store_value.stored_value",
                    "target": "source_jiggle_body_internal.points"
                }
            ],
            "values": [
                {
                    "valueName": "source_jiggle_body_internal.points",
                    "valueType": "Amino::Object",
                    "value": {}
                },
                {
                    "valueName": "source_jiggle_body_internal.constraint",
                    "valueType": "Amino::Object",
                    "value": {}
                },
                {
                    "valueName": "source_jiggle_body_internal.enable",
                    "valueType": "bool",
                    "value": "true"
                },
                {
                    "valueName": "source_jiggle_body_internal.start_frame",
                    "valueType": "float",
                    "value": "1f"
                },
                {
                    "valueName": "source_jiggle_body_internal.connect_distance",
                    "valueType": "float",
                    "value": "1f"
                },
                {
                    "valueName": "source_jiggle_body_internal.spring_coeff",
                    "valueType": "float",
                    "value": "100f"
                },
                {
                    "valueName": "source_jiggle_body_internal.spring_smooth",
                    "valueType": "float",
                    "value": "20f"
                },
                {
                    "valueName": "source_jiggle_body_internal.smooth_radius",
                    "valueType": "float",
                    "value": "1f"
                },
                {
                    "valueName": "source_jiggle_body_internal.spring_damp",
                    "valueType": "float",
                    "value": "0.0500000007f"
                },
                {
                    "valueName": "source_jiggle_body_internal.particle_bounciness",
                    "valueType": "float",
                    "value": "0f"
                },
                {
                    "valueName": "source_jiggle_body_internal.inherit_velocity",
                    "valueType": "float",
                    "value": "1f"
                },
                {
                    "valueName": "source_jiggle_body_internal.diagnostic_point_id",
                    "valueType": "long",
                    "value": "0"
                }
            ],
            "reservedNodeNames": [
                {
                    "name": "input"
                },
                {
                    "name": "output"
                }
            ]
        }
    ]
}