{
    "header": {
        "metadata": [
            {
                "metaName": "adskFileFormatVersion",
                "metaValue": "100L"
            }
        ]
    },
    "dependencies": [
        {
            "uri": "file:///bifrost_object_i.json"
        },
        {
            "uri": "file:///Math_types.json"
        },
        {
            "uri": "file:///Math_conversion.json"
        },
        {
            "uri": "file:///bifrost_geometry_query_types.json"
        },
        {
            "uri": "file:///geometry_types.json"
        },
        {
            "uri": "file:///has_property.json"
        },
        {
            "uri": "file:///get_property_any.json"
        },
        {
            "uri": "file:///get_property.json"
        },
        {
            "uri": "file:///create_volume_geo_prop.json"
        },
        {
            "uri": "file:///is_a.json"
        },
        {
            "uri": "file:///create_object_from_schema.json"
        },
        {
            "uri": "file:///is_a_mesh.json"
        },
        {
            "uri": "file:///is_a_strands.json"
        },
        {
            "uri": "file:///is_a_points.json"
        },
        {
            "uri": "file:///is_a_volume.json"
        },
        {
            "uri": "file:///get_geo_schema_type.json"
        },
        {
            "uri": "file:///switch_is_a.json"
        },
        {
            "uri": "file:///get_target_component.json"
        },
        {
            "uri": "file:///create_data_geo_prop.json"
        },
        {
            "uri": "file:///set_property_any.json"
        },
        {
            "uri": "file:///set_property.json"
        },
        {
            "uri": "file:///get_geo_component_count.json"
        },
        {
            "uri": "file:///set_geo_property.array.json"
        },
        {
            "uri": "file:///set_geo_property.scalar.json"
        }
    ],
    "namespaces": [],
    "types": [],
    "compounds": [
        {
            "name": "Simulation::Common::memory_file_cache_diagnostic",
            "uriImported": "file:///bifrostBoard1",
            "metadata": [
                {
                    "metaName": "_recentNode_",
                    "metaType": "string",
                    "metaValue": "BifrostBoard,Core::Logic,if"
                },
                {
                    "metaName": "_recentNode_",
                    "metaType": "string",
                    "metaValue": "BifrostBoard,Core::Object,get_property"
                },
                {
                    "metaName": "_recentNode_",
                    "metaType": "string",
                    "metaValue": "BifrostBoard,Geometry::Properties,set_geo_property"
                },
                {
                    "metaName": "_recentNode_",
                    "metaType": "string",
                    "metaValue": "BifrostBoard,Core::Iterators,for_each"
                },
                {
                    "metaName": "_recentNode_",
                    "metaType": "string",
                    "metaValue": "BifrostBoard,Core::Array,first_in_array"
                },
                {
                    "metaName": "io_nodes",
                    "metadata": [
                        {
                            "metaName": "io_inodes",
                            "metadata": [
                                {
                                    "metaName": "input",
                                    "metadata": [
                                        {
                                            "metaName": "io_metadata",
                                            "metadata": [
                                                {
                                                    "metaName": "DisplayMode",
                                                    "metaType": "string",
                                                    "metaValue": "2"
                                                },
                                                {
                                                    "metaName": "LayoutPos",
                                                    "metaType": "string",
                                                    "metaValue": "10 262"
                                                }
                                            ]
                                        },
                                        {
                                            "metaName": "io_ports",
                                            "metadata": [
                                                {
                                                    "metaName": "objects"
                                                },
                                                {
                                                    "metaName": "cached_color"
                                                },
                                                {
                                                    "metaName": "live_color"
                                                },
                                                {
                                                    "metaName": "use_diagnostic_colors"
                                                }
                                            ]
                                        }
                                    ]
                                }
                            ]
                        },
                        {
                            "metaName": "io_onodes",
                            "metadata": [
                                {
                                    "metaName": "output",
                                    "metadata": [
                                        {
                                            "metaName": "io_metadata",
                                            "metadata": [
                                                {
                                                    "metaName": "DisplayMode",
                                                    "metaType": "string",
                                                    "metaValue": "2"
                                                },
                                                {
                                                    "metaName": "LayoutPos",
                                                    "metaType": "string",
                                                    "metaValue": "1688.57 72.6042"
                                                }
                                            ]
                                        },
                                        {
                                            "metaName": "io_ports",
                                            "metadata": [
                                                {
                                                    "metaName": "out_objects"
                                                }
                                            ]
                                        }
                                    ]
                                }
                            ]
                        }
                    ]
                },
                {
                    "metaName": "ViewportRect",
                    "metaType": "string",
                    "metaValue": "-147.38 -82 2245.11 657.346"
                },
                {
                    "metaName": "icon",
                    "metaType": "string",
                    "metaValue": "../icons/rebelPackExperimental.svg"
                }
            ],
            "ports": [
                {
                    "portName": "objects",
                    "portDirection": "input",
                    "portIterationTarget": "true"
                },
                {
                    "portName": "cached_color",
                    "portDirection": "input",
                    "portType": "Math::float3",
                    "portDefault": {
                        "x": "0.699999988f",
                        "y": "1f",
                        "z": "0.699999988f"
                    }
                },
                {
                    "portName": "live_color",
                    "portDirection": "input",
                    "portType": "Math::float3",
                    "portDefault": {
                        "x": "1f",
                        "y": "0.699999988f",
                        "z": "0.699999988f"
                    }
                },
                {
                    "portName": "use_diagnostic_colors",
                    "portDirection": "input",
                    "portType": "bool",
                    "portDefault": "true"
                },
                {
                    "portName": "out_objects",
                    "portDirection": "output",
                    "portIterationTarget": "true"
                }
            ],
            "compoundNodes": [
                {
                    "nodeName": "set_geo_property",
                    "nodeType": "Geometry::Properties::set_geo_property",
                    "metadata": [
                        {
                            "metaName": "DisplayMode",
                            "metaType": "string",
                            "metaValue": "2"
                        },
                        {
                            "metaName": "LayoutPos",
                            "metaType": "string",
                            "metaValue": "923.101 -58.4549"
                        }
                    ]
                },
                {
                    "nodeName": "if",
                    "nodeType": "Core::Logic::if",
                    "metadata": [
                        {
                            "metaName": "DisplayMode",
                            "metaType": "string",
                            "metaValue": "2"
                        },
                        {
                            "metaName": "LayoutPos",
                            "metaType": "string",
                            "metaValue": "641 99"
                        }
                    ]
                },
                {
                    "nodeName": "get_property",
                    "nodeType": "Core::Object::get_property",
                    "metadata": [
                        {
                            "metaName": "DisplayMode",
                            "metaType": "string",
                            "metaValue": "2"
                        },
                        {
                            "metaName": "LayoutPos",
                            "metaType": "string",
                            "metaValue": "315 25"
                        }
                    ]
                },
                {
                    "nodeName": "value",
                    "valueType": "bool",
                    "metadata": [
                        {
                            "metaName": "DisplayMode",
                            "metaType": "string",
                            "metaValue": "2"
                        },
                        {
                            "metaName": "LayoutPos",
                            "metaType": "string",
                            "metaValue": "10 23"
                        },
                        {
                            "metaName": "valuenode_defaultvalue",
                            "metaType": "string",
                            "metaValue": "0"
                        }
                    ]
                },
                {
                    "nodeName": "if1",
                    "nodeType": "Core::Logic::if",
                    "metadata": [
                        {
                            "metaName": "DisplayMode",
                            "metaType": "string",
                            "metaValue": "2"
                        },
                        {
                            "metaName": "LayoutPos",
                            "metaType": "string",
                            "metaValue": "1230 70"
                        }
                    ]
                }
            ],
            "connections": [
                {
                    "source": "set_geo_property.out_geometry",
                    "target": "if1.true_case"
                },
                {
                    "source": "if.output",
                    "target": "set_geo_property.data"
                },
                {
                    "source": "get_property.value",
                    "target": "if.condition"
                },
                {
                    "source": "value.output",
                    "target": "get_property.default_and_type"
                },
                {
                    "source": "if1.output",
                    "target": ".out_objects"
                },
                {
                    "source": ".objects",
                    "target": "set_geo_property.geometry"
                },
                {
                    "source": ".objects",
                    "target": "get_property.object"
                },
                {
                    "source": ".objects",
                    "target": "if1.false_case"
                },
                {
                    "source": ".cached_color",
                    "target": "if.true_case"
                },
                {
                    "source": ".live_color",
                    "target": "if.false_case"
                },
                {
                    "source": ".use_diagnostic_colors",
                    "target": "if1.condition"
                }
            ],
            "values": [
                {
                    "valueName": "set_geo_property.property",
                    "valueType": "string",
                    "value": "color"
                },
                {
                    "valueName": "set_geo_property.target",
                    "valueType": "string",
                    "value": "point_component"
                },
                {
                    "valueName": "get_property.key",
                    "valueType": "string",
                    "value": "cache_hit"
                },
                {
                    "valueName": "value.value",
                    "valueType": "bool",
                    "value": "false"
                }
            ],
            "forEachCompound": {
                "ports": [],
                "grainSize": "1"
            }
        }
    ]
}
