{
    "header": {
        "metadata": [
            {
                "metaName": "adskFileFormatVersion",
                "metaValue": "100L"
            }
        ]
    },
    "dependencies": [
        {
            "uri": "file:///bifrost_object_i.json"
        },
        {
            "uri": "file:///Math_types.json"
        },
        {
            "uri": "file:///bifrost_geometry_query_types.json"
        },
        {
            "uri": "file:///geometry_types.json"
        },
        {
            "uri": "file:///get_property_any.json"
        },
        {
            "uri": "file:///get_property.json"
        },
        {
            "uri": "file:///CoreArrayOps.json"
        },
        {
            "uri": "file:///get_geo_property.json"
        },
        {
            "uri": "file:///Math_conversion.json"
        },
        {
            "uri": "file:///get_strands_structure.json"
        },
        {
            "uri": "file:///get_point_position.json"
        },
        {
            "uri": "file:///Math_long.json"
        },
        {
            "uri": "file:///Math_float.json"
        },
        {
            "uri": "file:///Math_double.json"
        },
        {
            "uri": "file:///Math_char.json"
        },
        {
            "uri": "file:///Math_int.json"
        },
        {
            "uri": "file:///Math_short.json"
        },
        {
            "uri": "file:///Math_uchar.json"
        },
        {
            "uri": "file:///Math_uint.json"
        },
        {
            "uri": "file:///Math_ulong.json"
        },
        {
            "uri": "file:///Math_ushort.json"
        },
        {
            "uri": "file:///access_offset_array.json"
        },
        {
            "uri": "file:///Math_array.json"
        },
        {
            "uri": "file:///Core_Array_slice_array.json"
        },
        {
            "uri": "file:///increment_decrement.json"
        },
        {
            "uri": "file:///Core_Constants_default_value.json"
        },
        {
            "uri": "file:///has_property.json"
        },
        {
            "uri": "file:///create_volume_geo_prop.json"
        },
        {
            "uri": "file:///is_a.json"
        },
        {
            "uri": "file:///create_object_from_schema.json"
        },
        {
            "uri": "file:///is_a_mesh.json"
        },
        {
            "uri": "file:///is_a_strands.json"
        },
        {
            "uri": "file:///is_a_points.json"
        },
        {
            "uri": "file:///is_a_volume.json"
        },
        {
            "uri": "file:///get_geo_schema_type.json"
        },
        {
            "uri": "file:///switch_is_a.json"
        },
        {
            "uri": "file:///get_target_component.json"
        },
        {
            "uri": "file:///create_data_geo_prop.json"
        },
        {
            "uri": "file:///set_property_any.json"
        },
        {
            "uri": "file:///set_property.json"
        },
        {
            "uri": "file:///get_geo_component_count.json"
        },
        {
            "uri": "file:///set_geo_property.array.json"
        },
        {
            "uri": "file:///set_geo_property.scalar.json"
        }
    ],
    "namespaces": [],
    "types": [],
    "compounds": [
        {
            "name": "Geometry::Strands::update_strands_length",
            "uriImported": "file:///update_strands_length.json",
            "metadata": [
                {
                    "metaName": "_recentNode_",
                    "metaType": "string",
                    "metaValue": "BifrostGraph,Core::Iterators,for_each"
                },
                {
                    "metaName": "_recentNode_",
                    "metaType": "string",
                    "metaValue": "BifrostGraph,Core::Array,last_in_array"
                },
                {
                    "metaName": "_recentNode_",
                    "metaType": "string",
                    "metaValue": "BifrostGraph,Geometry::Properties,set_geo_property"
                },
                {
                    "metaName": "_recentNode_",
                    "metaType": "string",
                    "metaValue": "BifrostGraph,Core::Iterators,iterate"
                },
                {
                    "metaName": "_recentNode_",
                    "metaType": "string",
                    "metaValue": "BifrostGraph,Core::Math,decrement"
                },
                {
                    "metaName": "ViewportRect",
                    "metaType": "string",
                    "metaValue": "-560.571 -706.133 2267.54 1500.21"
                },
                {
                    "metaName": "io_nodes",
                    "metadata": [
                        {
                            "metaName": "io_inodes",
                            "metadata": [
                                {
                                    "metaName": "input",
                                    "metadata": [
                                        {
                                            "metaName": "io_ports",
                                            "metadata": [
                                                {
                                                    "metaName": "strands"
                                                }
                                            ]
                                        }
                                    ]
                                }
                            ]
                        },
                        {
                            "metaName": "io_onodes",
                            "metadata": [
                                {
                                    "metaName": "output",
                                    "metadata": [
                                        {
                                            "metaName": "io_ports",
                                            "metadata": [
                                                {
                                                    "metaName": "out_strands"
                                                },
                                                {
                                                    "metaName": "point_length"
                                                },
                                                {
                                                    "metaName": "strand_length"
                                                }
                                            ]
                                        }
                                    ]
                                }
                            ]
                        }
                    ]
                },
                {
                    "metaName": "icon",
                    "metaType": "string",
                    "metaValue": "../icons/rebelPack.svg"
                }
            ],
            "ports": [
                {
                    "portName": "strands",
                    "portDirection": "input",
                    "portType": "Amino::Object",
                    "portDefault": {}
                },
                {
                    "portName": "out_strands",
                    "portDirection": "output",
                    "portType": "Amino::Object"
                },
                {
                    "portName": "point_length",
                    "portDirection": "output",
                    "portType": "array<float>"
                },
                {
                    "portName": "strand_length",
                    "portDirection": "output",
                    "portType": "array<float>"
                }
            ],
            "compounds": [
                {
                    "name": "compute_lengths",
                    "uriImported": "file:///update_strands_length.json",
                    "metadata": [
                        {
                            "metaName": "_recentNode_",
                            "metaType": "string",
                            "metaValue": "BifrostGraph,Core::Iterators,iterate"
                        },
                        {
                            "metaName": "_recentNode_",
                            "metaType": "string",
                            "metaValue": "BifrostGraph,Core::Array,slice_array"
                        },
                        {
                            "metaName": "_recentNode_",
                            "metaType": "string",
                            "metaValue": "BifrostGraph,Core::Math,decrement"
                        },
                        {
                            "metaName": "_recentNode_",
                            "metaType": "string",
                            "metaValue": "BifrostGraph,Core::Array,array_size"
                        },
                        {
                            "metaName": "_recentNode_",
                            "metaType": "string",
                            "metaValue": "BifrostGraph,Core::Iterators,for_each"
                        },
                        {
                            "metaName": "ViewportRect",
                            "metaType": "string",
                            "metaValue": "-611.093 -251.637 1409.67 902.906"
                        },
                        {
                            "metaName": "io_nodes",
                            "metadata": [
                                {
                                    "metaName": "io_inodes",
                                    "metadata": [
                                        {
                                            "metaName": "input",
                                            "metadata": [
                                                {
                                                    "metaName": "io_ports",
                                                    "metadata": [
                                                        {
                                                            "metaName": "max_iterations"
                                                        },
                                                        {
                                                            "metaName": "current_index"
                                                        },
                                                        {
                                                            "metaName": "strand_offset"
                                                        },
                                                        {
                                                            "metaName": "point_position"
                                                        }
                                                    ]
                                                }
                                            ]
                                        }
                                    ]
                                },
                                {
                                    "metaName": "io_onodes",
                                    "metadata": [
                                        {
                                            "metaName": "output",
                                            "metadata": [
                                                {
                                                    "metaName": "io_ports",
                                                    "metadata": [
                                                        {
                                                            "metaName": "out_length"
                                                        }
                                                    ]
                                                }
                                            ]
                                        }
                                    ]
                                }
                            ]
                        }
                    ],
                    "ports": [
                        {
                            "portName": "max_iterations",
                            "portDirection": "input",
                            "portType": "long",
                            "portIterationLimit": "true"
                        },
                        {
                            "portName": "current_index",
                            "portDirection": "input",
                            "portType": "long",
                            "portIterationCounter": "true"
                        },
                        {
                            "portName": "strand_offset",
                            "portDirection": "input"
                        },
                        {
                            "portName": "point_position",
                            "portDirection": "input"
                        },
                        {
                            "portName": "out_length",
                            "portDirection": "output",
                            "portIterationTarget": "true"
                        }
                    ],
                    "compounds": [
                        {
                            "name": "iterate1",
                            "uriImported": "file:///update_strands_length.json",
                            "metadata": [
                                {
                                    "metaName": "ViewportRect",
                                    "metaType": "string",
                                    "metaValue": "-966.32 -600 2566.52 1643.88"
                                },
                                {
                                    "metaName": "_recentNode_",
                                    "metaType": "string",
                                    "metaValue": "BifrostGraph,Core::Constants,default_value"
                                },
                                {
                                    "metaName": "_recentNode_",
                                    "metaType": "string",
                                    "metaValue": "BifrostGraph,Core::Logic,if"
                                },
                                {
                                    "metaName": "_recentNode_",
                                    "metaType": "string",
                                    "metaValue": "BifrostGraph,Core::Logic,equal"
                                },
                                {
                                    "metaName": "_recentNode_",
                                    "metaType": "string",
                                    "metaValue": "BifrostGraph,Core::Math,add"
                                },
                                {
                                    "metaName": "_recentNode_",
                                    "metaType": "string",
                                    "metaValue": "BifrostGraph,Core::Array,last_in_array"
                                },
                                {
                                    "metaName": "io_nodes",
                                    "metadata": [
                                        {
                                            "metaName": "io_inodes",
                                            "metadata": [
                                                {
                                                    "metaName": "input",
                                                    "metadata": [
                                                        {
                                                            "metaName": "io_ports",
                                                            "metadata": [
                                                                {
                                                                    "metaName": "max_iterations"
                                                                },
                                                                {
                                                                    "metaName": "current_index"
                                                                },
                                                                {
                                                                    "metaName": "lengths"
                                                                },
                                                                {
                                                                    "metaName": "slice"
                                                                }
                                                            ]
                                                        }
                                                    ]
                                                }
                                            ]
                                        },
                                        {
                                            "metaName": "io_onodes",
                                            "metadata": [
                                                {
                                                    "metaName": "output",
                                                    "metadata": [
                                                        {
                                                            "metaName": "io_ports",
                                                            "metadata": [
                                                                {
                                                                    "metaName": "out_length"
                                                                }
                                                            ]
                                                        }
                                                    ]
                                                }
                                            ]
                                        }
                                    ]
                                }
                            ],
                            "ports": [
                                {
                                    "portName": "max_iterations",
                                    "portDirection": "input",
                                    "portType": "long",
                                    "portIterationLimit": "true"
                                },
                                {
                                    "portName": "current_index",
                                    "portDirection": "input",
                                    "portType": "long",
                                    "portIterationCounter": "true"
                                },
                                {
                                    "portName": "lengths",
                                    "portDirection": "input"
                                },
                                {
                                    "portName": "slice",
                                    "portDirection": "input"
                                },
                                {
                                    "portName": "out_length",
                                    "portDirection": "output"
                                }
                            ],
                            "compoundNodes": [
                                {
                                    "nodeName": "get_from_array",
                                    "nodeType": "Core::Array::get_from_array",
                                    "metadata": [
                                        {
                                            "metaName": "DisplayMode",
                                            "metaType": "string",
                                            "metaValue": "2"
                                        },
                                        {
                                            "metaName": "LayoutPos",
                                            "metaType": "string",
                                            "metaValue": "-416.584 172.995"
                                        }
                                    ]
                                },
                                {
                                    "nodeName": "get_from_array1",
                                    "nodeType": "Core::Array::get_from_array",
                                    "metadata": [
                                        {
                                            "metaName": "DisplayMode",
                                            "metaType": "string",
                                            "metaValue": "2"
                                        },
                                        {
                                            "metaName": "LayoutPos",
                                            "metaType": "string",
                                            "metaValue": "-381.365 397.77"
                                        }
                                    ]
                                },
                                {
                                    "nodeName": "decrement",
                                    "nodeType": "Core::Math::decrement",
                                    "metadata": [
                                        {
                                            "metaName": "DisplayMode",
                                            "metaType": "string",
                                            "metaValue": "2"
                                        },
                                        {
                                            "metaName": "LayoutPos",
                                            "metaType": "string",
                                            "metaValue": "-621.522 516.601"
                                        }
                                    ]
                                },
                                {
                                    "nodeName": "subtract",
                                    "nodeType": "Core::Math::subtract",
                                    "multiInPortNames": [
                                        "value",
                                        "value1"
                                    ],
                                    "metadata": [
                                        {
                                            "metaName": "DisplayMode",
                                            "metaType": "string",
                                            "metaValue": "2"
                                        },
                                        {
                                            "metaName": "LayoutPos",
                                            "metaType": "string",
                                            "metaValue": "-93.2406 222.869"
                                        }
                                    ]
                                },
                                {
                                    "nodeName": "length",
                                    "nodeType": "Core::Math::length",
                                    "metadata": [
                                        {
                                            "metaName": "DisplayMode",
                                            "metaType": "string",
                                            "metaValue": "2"
                                        },
                                        {
                                            "metaName": "LayoutPos",
                                            "metaType": "string",
                                            "metaValue": "158.45 201.401"
                                        }
                                    ]
                                },
                                {
                                    "nodeName": "build_array",
                                    "nodeType": "Core::Array::build_array",
                                    "multiInPortNames": [
                                        "port",
                                        "length"
                                    ],
                                    "metadata": [
                                        {
                                            "metaName": "DisplayMode",
                                            "metaType": "string",
                                            "metaValue": "2"
                                        },
                                        {
                                            "metaName": "LayoutPos",
                                            "metaType": "string",
                                            "metaValue": "944.794 -192.282"
                                        }
                                    ]
                                },
                                {
                                    "nodeName": "last_in_array1",
                                    "nodeType": "Core::Array::last_in_array",
                                    "metadata": [
                                        {
                                            "metaName": "DisplayMode",
                                            "metaType": "string",
                                            "metaValue": "2"
                                        },
                                        {
                                            "metaName": "LayoutPos",
                                            "metaType": "string",
                                            "metaValue": "109.831 -28.0002"
                                        }
                                    ]
                                },
                                {
                                    "nodeName": "add1",
                                    "nodeType": "Core::Math::add",
                                    "multiInPortNames": [
                                        "last",
                                        "length"
                                    ],
                                    "metadata": [
                                        {
                                            "metaName": "DisplayMode",
                                            "metaType": "string",
                                            "metaValue": "2"
                                        },
                                        {
                                            "metaName": "LayoutPos",
                                            "metaType": "string",
                                            "metaValue": "406.428 126.641"
                                        }
                                    ]
                                },
                                {
                                    "nodeName": "equal",
                                    "nodeType": "Core::Logic::equal",
                                    "metadata": [
                                        {
                                            "metaName": "DisplayMode",
                                            "metaType": "string",
                                            "metaValue": "2"
                                        },
                                        {
                                            "metaName": "LayoutPos",
                                            "metaType": "string",
                                            "metaValue": "264.791 -272.661"
                                        }
                                    ]
                                },
                                {
                                    "nodeName": "if",
                                    "nodeType": "Core::Logic::if",
                                    "metadata": [
                                        {
                                            "metaName": "DisplayMode",
                                            "metaType": "string",
                                            "metaValue": "2"
                                        },
                                        {
                                            "metaName": "LayoutPos",
                                            "metaType": "string",
                                            "metaValue": "670.646 -101.418"
                                        }
                                    ]
                                },
                                {
                                    "nodeName": "default_value",
                                    "nodeType": "Core::Constants::default_value",
                                    "metadata": [
                                        {
                                            "metaName": "DisplayMode",
                                            "metaType": "string",
                                            "metaValue": "2"
                                        },
                                        {
                                            "metaName": "LayoutPos",
                                            "metaType": "string",
                                            "metaValue": "389.103 -59.9058"
                                        }
                                    ]
                                }
                            ],
                            "connections": [
                                {
                                    "source": "get_from_array.value",
                                    "target": "subtract.first.value"
                                },
                                {
                                    "source": "get_from_array1.value",
                                    "target": "subtract.first.value1"
                                },
                                {
                                    "source": "decrement.output",
                                    "target": "get_from_array1.index"
                                },
                                {
                                    "source": "subtract.output",
                                    "target": "length.vector"
                                },
                                {
                                    "source": "length.length",
                                    "target": "add1.first.length"
                                },
                                {
                                    "source": "build_array.array",
                                    "target": ".out_length"
                                },
                                {
                                    "source": "last_in_array1.last",
                                    "target": "add1.first.last"
                                },
                                {
                                    "source": "last_in_array1.last",
                                    "target": "default_value.type"
                                },
                                {
                                    "source": "add1.output",
                                    "target": "if.false_case"
                                },
                                {
                                    "source": "equal.output",
                                    "target": "if.condition"
                                },
                                {
                                    "source": "if.output",
                                    "target": "build_array.first.length"
                                },
                                {
                                    "source": "default_value.default",
                                    "target": "if.true_case"
                                },
                                {
                                    "source": ".current_index",
                                    "target": "get_from_array.index"
                                },
                                {
                                    "source": ".current_index",
                                    "target": "decrement.value"
                                },
                                {
                                    "source": ".current_index",
                                    "target": "equal.first"
                                },
                                {
                                    "source": ".lengths",
                                    "target": "last_in_array1.array"
                                },
                                {
                                    "source": ".lengths",
                                    "target": "build_array.first.port"
                                },
                                {
                                    "source": ".slice",
                                    "target": "get_from_array.array"
                                },
                                {
                                    "source": ".slice",
                                    "target": "get_from_array1.array"
                                }
                            ],
                            "values": [
                                {
                                    "valueName": "decrement.by",
                                    "valueType": "char",
                                    "value": "1"
                                }
                            ],
                            "iterateCompound": {
                                "ports": [
                                    {
                                        "portKind": "state",
                                        "inputPortName": "lengths",
                                        "outputPortName": "out_length"
                                    }
                                ]
                            }
                        }
                    ],
                    "compoundNodes": [
                        {
                            "nodeName": "access_offset_array",
                            "nodeType": "Geometry::Common::access_offset_array",
                            "metadata": [
                                {
                                    "metaName": "DisplayMode",
                                    "metaType": "string",
                                    "metaValue": "2"
                                },
                                {
                                    "metaName": "LayoutPos",
                                    "metaType": "string",
                                    "metaValue": "-279.055 -47.8528"
                                }
                            ]
                        },
                        {
                            "nodeName": "slice_array",
                            "nodeType": "Core::Array::slice_array",
                            "metadata": [
                                {
                                    "metaName": "DisplayMode",
                                    "metaType": "string",
                                    "metaValue": "2"
                                },
                                {
                                    "metaName": "LayoutPos",
                                    "metaType": "string",
                                    "metaValue": "-55.5843 200.108"
                                }
                            ]
                        },
                        {
                            "nodeName": "iterate1",
                            "nodeType": "iterate1",
                            "metadata": [
                                {
                                    "metaName": "DisplayMode",
                                    "metaType": "string",
                                    "metaValue": "2"
                                },
                                {
                                    "metaName": "LayoutPos",
                                    "metaType": "string",
                                    "metaValue": "215.318 32.9301"
                                }
                            ]
                        }
                    ],
                    "connections": [
                        {
                            "source": "access_offset_array.start",
                            "target": "slice_array.start"
                        },
                        {
                            "source": "access_offset_array.end",
                            "target": "slice_array.stop"
                        },
                        {
                            "source": "access_offset_array.length",
                            "target": "iterate1.max_iterations"
                        },
                        {
                            "source": "slice_array.slice",
                            "target": "iterate1.slice"
                        },
                        {
                            "source": "iterate1.out_length",
                            "target": ".out_length"
                        },
                        {
                            "source": ".current_index",
                            "target": "access_offset_array.index"
                        },
                        {
                            "source": ".strand_offset",
                            "target": "access_offset_array.offset_array"
                        },
                        {
                            "source": ".point_position",
                            "target": "slice_array.array"
                        }
                    ],
                    "values": [
                        {
                            "valueName": "slice_array.stride",
                            "valueType": "long",
                            "value": "1"
                        },
                        {
                            "valueName": "iterate1.max_iterations",
                            "valueType": "long",
                            "value": "10"
                        }
                    ],
                    "forEachCompound": {
                        "ports": [],
                        "grainSize": "1"
                    }
                },
                {
                    "name": "flatten_2D_array",
                    "uriImported": "file:///update_strands_length.json",
                    "metadata": [
                        {
                            "metaName": "ViewportRect",
                            "metaType": "string",
                            "metaValue": "-217.984 -347.601 1669.24 560.847"
                        },
                        {
                            "metaName": "io_nodes",
                            "metadata": [
                                {
                                    "metaName": "io_inodes",
                                    "metadata": [
                                        {
                                            "metaName": "input",
                                            "metadata": [
                                                {
                                                    "metaName": "io_ports",
                                                    "metadata": [
                                                        {
                                                            "metaName": "nested_2d_array"
                                                        }
                                                    ]
                                                }
                                            ]
                                        }
                                    ]
                                },
                                {
                                    "metaName": "io_onodes",
                                    "metadata": [
                                        {
                                            "metaName": "output",
                                            "metadata": [
                                                {
                                                    "metaName": "io_ports",
                                                    "metadata": [
                                                        {
                                                            "metaName": "flattened_1d_array"
                                                        },
                                                        {
                                                            "metaName": "strand_length"
                                                        }
                                                    ]
                                                }
                                            ]
                                        }
                                    ]
                                }
                            ]
                        }
                    ],
                    "ports": [
                        {
                            "portName": "nested_2d_array",
                            "portDirection": "input"
                        },
                        {
                            "portName": "flattened_1d_array",
                            "portDirection": "output"
                        },
                        {
                            "portName": "strand_length",
                            "portDirection": "output"
                        }
                    ],
                    "compounds": [
                        {
                            "name": "iterate",
                            "uriImported": "file:///update_strands_length.json",
                            "metadata": [
                                {
                                    "metaName": "ViewportRect",
                                    "metaType": "string",
                                    "metaValue": "-261.516 -141.137 1255.29 421.765"
                                },
                                {
                                    "metaName": "_recentNode_",
                                    "metaType": "string",
                                    "metaValue": "BifrostGraph,Core::Array,last_in_array"
                                },
                                {
                                    "metaName": "_recentNode_",
                                    "metaType": "string",
                                    "metaValue": "BifrostGraph,Core::Array,build_array"
                                },
                                {
                                    "metaName": "_recentNode_",
                                    "metaType": "string",
                                    "metaValue": "BifrostGraph,Core::Iterators,iterate"
                                },
                                {
                                    "metaName": "_recentNode_",
                                    "metaType": "string",
                                    "metaValue": "BifrostGraph,Core::Math,decrement"
                                },
                                {
                                    "metaName": "_recentNode_",
                                    "metaType": "string",
                                    "metaValue": "BifrostGraph,Core::Array,array_size"
                                },
                                {
                                    "metaName": "io_nodes",
                                    "metadata": [
                                        {
                                            "metaName": "io_inodes",
                                            "metadata": [
                                                {
                                                    "metaName": "input",
                                                    "metadata": [
                                                        {
                                                            "metaName": "io_ports",
                                                            "metadata": [
                                                                {
                                                                    "metaName": "flattened_array_in"
                                                                },
                                                                {
                                                                    "metaName": "nested_2d_array"
                                                                }
                                                            ]
                                                        }
                                                    ]
                                                }
                                            ]
                                        },
                                        {
                                            "metaName": "io_onodes",
                                            "metadata": [
                                                {
                                                    "metaName": "output",
                                                    "metadata": [
                                                        {
                                                            "metaName": "io_ports",
                                                            "metadata": [
                                                                {
                                                                    "metaName": "flattened_1d_array"
                                                                },
                                                                {
                                                                    "metaName": "last_in_each_array"
                                                                }
                                                            ]
                                                        }
                                                    ]
                                                }
                                            ]
                                        }
                                    ]
                                }
                            ],
                            "ports": [
                                {
                                    "portName": "flattened_array_in",
                                    "portDirection": "input"
                                },
                                {
                                    "portName": "nested_2d_array",
                                    "portDirection": "input",
                                    "portIterationTarget": "true"
                                },
                                {
                                    "portName": "flattened_1d_array",
                                    "portDirection": "output"
                                },
                                {
                                    "portName": "last_in_each_array",
                                    "portDirection": "output",
                                    "portIterationTarget": "true"
                                }
                            ],
                            "compoundNodes": [
                                {
                                    "nodeName": "build_array",
                                    "nodeType": "Core::Array::build_array",
                                    "multiInPortNames": [
                                        "port",
                                        "nested_2d_array"
                                    ],
                                    "metadata": [
                                        {
                                            "metaName": "DisplayMode",
                                            "metaType": "string",
                                            "metaValue": "2"
                                        },
                                        {
                                            "metaName": "LayoutPos",
                                            "metaType": "string",
                                            "metaValue": "269.059 -155.882"
                                        }
                                    ]
                                },
                                {
                                    "nodeName": "last_in_array",
                                    "nodeType": "Core::Array::last_in_array",
                                    "metadata": [
                                        {
                                            "metaName": "DisplayMode",
                                            "metaType": "string",
                                            "metaValue": "2"
                                        },
                                        {
                                            "metaName": "LayoutPos",
                                            "metaType": "string",
                                            "metaValue": "256.748 82.0975"
                                        }
                                    ]
                                }
                            ],
                            "connections": [
                                {
                                    "source": "build_array.array",
                                    "target": ".flattened_1d_array"
                                },
                                {
                                    "source": "last_in_array.last",
                                    "target": ".last_in_each_array"
                                },
                                {
                                    "source": ".flattened_array_in",
                                    "target": "build_array.first.port"
                                },
                                {
                                    "source": ".nested_2d_array",
                                    "target": "build_array.first.nested_2d_array"
                                },
                                {
                                    "source": ".nested_2d_array",
                                    "target": "last_in_array.array"
                                }
                            ],
                            "values": [],
                            "iterateCompound": {
                                "ports": [
                                    {
                                        "portKind": "state",
                                        "inputPortName": "flattened_array_in",
                                        "outputPortName": "flattened_1d_array"
                                    }
                                ]
                            }
                        }
                    ],
                    "compoundNodes": [
                        {
                            "nodeName": "iterate",
                            "nodeType": "iterate",
                            "metadata": [
                                {
                                    "metaName": "DisplayMode",
                                    "metaType": "string",
                                    "metaValue": "2"
                                },
                                {
                                    "metaName": "LayoutPos",
                                    "metaType": "string",
                                    "metaValue": "464.669 -276.967"
                                }
                            ]
                        }
                    ],
                    "connections": [
                        {
                            "source": "iterate.flattened_1d_array",
                            "target": ".flattened_1d_array"
                        },
                        {
                            "source": "iterate.last_in_each_array",
                            "target": ".strand_length"
                        },
                        {
                            "source": ".nested_2d_array",
                            "target": "iterate.nested_2d_array"
                        }
                    ],
                    "values": []
                }
            ],
            "compoundNodes": [
                {
                    "nodeName": "get_strands_structure",
                    "nodeType": "Geometry::Strands::get_strands_structure",
                    "metadata": [
                        {
                            "metaName": "DisplayMode",
                            "metaType": "string",
                            "metaValue": "2"
                        },
                        {
                            "metaName": "LayoutPos",
                            "metaType": "string",
                            "metaValue": "-160 -108"
                        }
                    ]
                },
                {
                    "nodeName": "get_point_position",
                    "nodeType": "Geometry::Properties::get_point_position",
                    "metadata": [
                        {
                            "metaName": "DisplayMode",
                            "metaType": "string",
                            "metaValue": "2"
                        },
                        {
                            "metaName": "LayoutPos",
                            "metaType": "string",
                            "metaValue": "-154 170"
                        }
                    ]
                },
                {
                    "nodeName": "compute_lengths",
                    "nodeType": "compute_lengths",
                    "metadata": [
                        {
                            "metaName": "DisplayMode",
                            "metaType": "string",
                            "metaValue": "2"
                        },
                        {
                            "metaName": "LayoutPos",
                            "metaType": "string",
                            "metaValue": "140 74"
                        }
                    ]
                },
                {
                    "nodeName": "flatten_2D_array",
                    "nodeType": "flatten_2D_array",
                    "metadata": [
                        {
                            "metaName": "DisplayMode",
                            "metaType": "string",
                            "metaValue": "2"
                        },
                        {
                            "metaName": "LayoutPos",
                            "metaType": "string",
                            "metaValue": "441 -40"
                        }
                    ]
                },
                {
                    "nodeName": "set_geo_property",
                    "nodeType": "Geometry::Properties::set_geo_property",
                    "metadata": [
                        {
                            "metaName": "DisplayMode",
                            "metaType": "string",
                            "metaValue": "2"
                        },
                        {
                            "metaName": "LayoutPos",
                            "metaType": "string",
                            "metaValue": "739 -285"
                        }
                    ]
                },
                {
                    "nodeName": "set_geo_property1",
                    "nodeType": "Geometry::Properties::set_geo_property",
                    "metadata": [
                        {
                            "metaName": "DisplayMode",
                            "metaType": "string",
                            "metaValue": "2"
                        },
                        {
                            "metaName": "LayoutPos",
                            "metaType": "string",
                            "metaValue": "1038 -262"
                        }
                    ]
                }
            ],
            "connections": [
                {
                    "source": "get_strands_structure.strand_count",
                    "target": "compute_lengths.max_iterations"
                },
                {
                    "source": "get_strands_structure.strand_offset",
                    "target": "compute_lengths.strand_offset"
                },
                {
                    "source": "get_point_position.point_position",
                    "target": "compute_lengths.point_position"
                },
                {
                    "source": "compute_lengths.out_length",
                    "target": "flatten_2D_array.nested_2d_array"
                },
                {
                    "source": "flatten_2D_array.flattened_1d_array",
                    "target": "set_geo_property.data"
                },
                {
                    "source": "flatten_2D_array.flattened_1d_array",
                    "target": ".point_length"
                },
                {
                    "source": "flatten_2D_array.strand_length",
                    "target": "set_geo_property1.data"
                },
                {
                    "source": "flatten_2D_array.strand_length",
                    "target": ".strand_length"
                },
                {
                    "source": "set_geo_property.out_geometry",
                    "target": "set_geo_property1.geometry"
                },
                {
                    "source": "set_geo_property1.out_geometry",
                    "target": ".out_strands"
                },
                {
                    "source": ".strands",
                    "target": "get_point_position.geometry"
                },
                {
                    "source": ".strands",
                    "target": "set_geo_property.geometry"
                },
                {
                    "source": ".strands",
                    "target": "get_strands_structure.strands"
                }
            ],
            "values": [
                {
                    "valueName": "compute_lengths.max_iterations",
                    "valueType": "long",
                    "value": "10"
                },
                {
                    "valueName": "set_geo_property.property",
                    "valueType": "string",
                    "value": "point_length"
                },
                {
                    "valueName": "set_geo_property.target",
                    "valueType": "string",
                    "value": "point_component"
                },
                {
                    "valueName": "set_geo_property1.property",
                    "valueType": "string",
                    "value": "strand_length"
                },
                {
                    "valueName": "set_geo_property1.target",
                    "valueType": "string",
                    "value": "strand_component"
                }
            ]
        }
    ]
}
