{
    "header": {
        "metadata": [
            {
                "metaName": "adskFileFormatVersion",
                "metaValue": "100L"
            }
        ]
    },
    "dependencies": [
        {
            "uri": "file:///bifrost_object_i.json"
        },
        {
            "uri": "file:///Math_types.json"
        },
        {
            "uri": "file:///bifrost_geometry_query_types.json"
        },
        {
            "uri": "file:///geometry_types.json"
        },
        {
            "uri": "file:///get_property_any.json"
        },
        {
            "uri": "file:///get_property.json"
        },
        {
            "uri": "file:///CoreArrayOps.json"
        },
        {
            "uri": "file:///get_geo_property.json"
        },
        {
            "uri": "file:///point_types.json"
        },
        {
            "uri": "file:///Math_long.json"
        },
        {
            "uri": "file:///Math_float.json"
        },
        {
            "uri": "file:///Math_double.json"
        },
        {
            "uri": "file:///Math_char.json"
        },
        {
            "uri": "file:///Math_int.json"
        },
        {
            "uri": "file:///Math_short.json"
        },
        {
            "uri": "file:///Math_uchar.json"
        },
        {
            "uri": "file:///Math_uint.json"
        },
        {
            "uri": "file:///Math_ulong.json"
        },
        {
            "uri": "file:///Math_ushort.json"
        },
        {
            "uri": "file:///Math_array.json"
        },
        {
            "uri": "file:///Core_Constants_default_value.json"
        },
        {
            "uri": "file:///Math_conversion.json"
        },
        {
            "uri": "file:///int_filter.json"
        },
        {
            "uri": "file:///get_array_indices.json"
        },
        {
            "uri": "file:///Core_Array_sum_array_impl.json"
        },
        {
            "uri": "file:///Core_Array_sum_array.json"
        }
    ],
    "namespaces": [],
    "types": [],
    "compounds": [
        {
            "name": "Geometry::Mesh::sum_neighbors",
            "uriImported": "file:///bifrostBoard1",
            "metadata": [
                {
                    "metaName": "io_nodes",
                    "metadata": [
                        {
                            "metaName": "io_inodes",
                            "metadata": [
                                {
                                    "metaName": "input",
                                    "metadata": [
                                        {
                                            "metaName": "io_metadata",
                                            "metadata": [
                                                {
                                                    "metaName": "DisplayMode",
                                                    "metaType": "string",
                                                    "metaValue": "2"
                                                },
                                                {
                                                    "metaName": "LayoutPos",
                                                    "metaType": "string",
                                                    "metaValue": "-1253.77 -131.864"
                                                }
                                            ]
                                        },
                                        {
                                            "metaName": "io_ports",
                                            "metadata": [
                                                {
                                                    "metaName": "mesh"
                                                },
                                                {
                                                    "metaName": "property"
                                                },
                                                {
                                                    "metaName": "type"
                                                },
                                                {
                                                    "metaName": "central_point_contribution"
                                                }
                                            ]
                                        }
                                    ]
                                }
                            ]
                        },
                        {
                            "metaName": "io_onodes",
                            "metadata": [
                                {
                                    "metaName": "output",
                                    "metadata": [
                                        {
                                            "metaName": "io_ports",
                                            "metadata": [
                                                {
                                                    "metaName": "sum"
                                                }
                                            ]
                                        },
                                        {
                                            "metaName": "io_metadata",
                                            "metadata": [
                                                {
                                                    "metaName": "DisplayMode",
                                                    "metaType": "string",
                                                    "metaValue": "2"
                                                },
                                                {
                                                    "metaName": "LayoutPos",
                                                    "metaType": "string",
                                                    "metaValue": "1178.9 -152.896"
                                                }
                                            ]
                                        }
                                    ]
                                }
                            ]
                        }
                    ]
                },
                {
                    "metaName": "_recentNode_",
                    "metaType": "string",
                    "metaValue": "BifrostBoard,Core::Array,get_array_indices"
                },
                {
                    "metaName": "_recentNode_",
                    "metaType": "string",
                    "metaValue": "BifrostBoard,Core::Array,get_from_array"
                },
                {
                    "metaName": "_recentNode_",
                    "metaType": "string",
                    "metaValue": "BifrostBoard,Core::Math,add"
                },
                {
                    "metaName": "_recentNode_",
                    "metaType": "string",
                    "metaValue": "BifrostBoard,Core::Logic,if"
                },
                {
                    "metaName": "_recentNode_",
                    "metaType": "string",
                    "metaValue": "BifrostBoard,Core::Array,resize_array"
                },
                {
                    "metaName": "ViewportRect",
                    "metaType": "string",
                    "metaValue": "-695.431 -356.005 2484.12 558.229"
                },
                {
                    "metaName": "icon",
                    "metaType": "string",
                    "metaValue": "../icons/rebelPackExperimental.svg"
                }
            ],
            "ports": [
                {
                    "portName": "mesh",
                    "portDirection": "input",
                    "portType": "Amino::Object"
                },
                {
                    "portName": "property",
                    "portDirection": "input",
                    "portType": "string",
                    "portDefault": "point_position"
                },
                {
                    "portName": "type",
                    "portDirection": "input"
                },
                {
                    "portName": "sum",
                    "portDirection": "output"
                },
                {
                    "portName": "central_point_contribution",
                    "portDirection": "input",
                    "portType": "bool",
                    "portDefault": "false"
                }
            ],
            "compoundNodes": [
                {
                    "nodeName": "get_property",
                    "nodeType": "Core::Object::get_property",
                    "metadata": [
                        {
                            "metaName": "DisplayMode",
                            "metaType": "string",
                            "metaValue": "2"
                        },
                        {
                            "metaName": "LayoutPos",
                            "metaType": "string",
                            "metaValue": "-365.564 -40.5957"
                        }
                    ]
                },
                {
                    "nodeName": "value",
                    "valueType": "array<array<uint>>",
                    "metadata": [
                        {
                            "metaName": "DisplayMode",
                            "metaType": "string",
                            "metaValue": "2"
                        },
                        {
                            "metaName": "LayoutPos",
                            "metaType": "string",
                            "metaValue": "-621.564 211.404"
                        }
                    ]
                },
                {
                    "nodeName": "get_geo_property",
                    "nodeType": "Geometry::Properties::get_geo_property",
                    "metadata": [
                        {
                            "metaName": "DisplayMode",
                            "metaType": "string",
                            "metaValue": "2"
                        },
                        {
                            "metaName": "LayoutPos",
                            "metaType": "string",
                            "metaValue": "-409.7 -512.861"
                        }
                    ]
                },
                {
                    "nodeName": "sum_array1",
                    "nodeType": "Core::Array::sum_array",
                    "metadata": [
                        {
                            "metaName": "DisplayMode",
                            "metaType": "string",
                            "metaValue": "2"
                        },
                        {
                            "metaName": "LayoutPos",
                            "metaType": "string",
                            "metaValue": "265.906 -296.774"
                        }
                    ]
                },
                {
                    "nodeName": "get_from_array1",
                    "nodeType": "Core::Array::get_from_array",
                    "metadata": [
                        {
                            "metaName": "DisplayMode",
                            "metaType": "string",
                            "metaValue": "2"
                        },
                        {
                            "metaName": "LayoutPos",
                            "metaType": "string",
                            "metaValue": "-39.7495 -289.769"
                        }
                    ]
                },
                {
                    "nodeName": "resize_array",
                    "nodeType": "Core::Array::resize_array",
                    "metadata": [
                        {
                            "metaName": "DisplayMode",
                            "metaType": "string",
                            "metaValue": "2"
                        },
                        {
                            "metaName": "LayoutPos",
                            "metaType": "string",
                            "metaValue": "-651.193 -241.676"
                        }
                    ]
                },
                {
                    "nodeName": "if",
                    "nodeType": "Core::Logic::if",
                    "metadata": [
                        {
                            "metaName": "DisplayMode",
                            "metaType": "string",
                            "metaValue": "2"
                        },
                        {
                            "metaName": "LayoutPos",
                            "metaType": "string",
                            "metaValue": "850.356 -148.692"
                        }
                    ]
                },
                {
                    "nodeName": "add",
                    "nodeType": "Core::Math::add",
                    "multiInPortNames": [
                        "sum",
                        "value"
                    ],
                    "metadata": [
                        {
                            "metaName": "DisplayMode",
                            "metaType": "string",
                            "metaValue": "2"
                        },
                        {
                            "metaName": "LayoutPos",
                            "metaType": "string",
                            "metaValue": "463.273 -26.5578"
                        }
                    ]
                },
                {
                    "nodeName": "get_from_array",
                    "nodeType": "Core::Array::get_from_array",
                    "metadata": [
                        {
                            "metaName": "DisplayMode",
                            "metaType": "string",
                            "metaValue": "2"
                        },
                        {
                            "metaName": "LayoutPos",
                            "metaType": "string",
                            "metaValue": "172.492 73.7617"
                        }
                    ]
                },
                {
                    "nodeName": "get_array_indices",
                    "nodeType": "Core::Array::get_array_indices",
                    "metadata": [
                        {
                            "metaName": "DisplayMode",
                            "metaType": "string",
                            "metaValue": "2"
                        },
                        {
                            "metaName": "LayoutPos",
                            "metaType": "string",
                            "metaValue": "-95.0266 216.245"
                        }
                    ]
                }
            ],
            "connections": [
                {
                    "source": "value.output",
                    "target": "get_property.default_and_type"
                },
                {
                    "source": "get_geo_property.data",
                    "target": "get_from_array1.array"
                },
                {
                    "source": "get_from_array1.value",
                    "target": "sum_array1.array"
                },
                {
                    "source": "resize_array.resized",
                    "target": "get_geo_property.type"
                },
                {
                    "source": ".mesh",
                    "target": "get_property.object"
                },
                {
                    "source": ".mesh",
                    "target": "get_geo_property.geometry"
                },
                {
                    "source": ".property",
                    "target": "get_geo_property.property"
                },
                {
                    "source": ".type",
                    "target": "resize_array.default"
                },
                {
                    "source": "get_property.value",
                    "target": "get_from_array1.index"
                },
                {
                    "source": ".central_point_contribution",
                    "target": "if.condition"
                },
                {
                    "source": "get_geo_property.data",
                    "target": "get_array_indices.array"
                },
                {
                    "source": "get_geo_property.data",
                    "target": "get_from_array.array"
                },
                {
                    "source": "get_array_indices.indices",
                    "target": "get_from_array.index"
                },
                {
                    "source": "sum_array1.sum",
                    "target": "add.first.sum"
                },
                {
                    "source": "sum_array1.sum",
                    "target": "if.false_case"
                },
                {
                    "source": "add.output",
                    "target": "if.true_case"
                },
                {
                    "source": "if.output",
                    "target": ".sum"
                },
                {
                    "source": "get_geo_property.data",
                    "target": "add.first.value"
                }
            ],
            "values": [
                {
                    "valueName": "get_property.key",
                    "valueType": "string",
                    "value": "point_neighbors"
                },
                {
                    "valueName": "value.value",
                    "valueType": "array<array<uint>>",
                    "value": []
                }
            ]
        }
    ]
}