{
    "header": {
        "metadata": [
            {
                "metaName": "adskFileFormatVersion",
                "metaValue": "100L"
            }
        ]
    },
    "namespaces": [],
    "types": [
        {
            "enumName": "BPM::please_1::enum::strand_bevel_how_to_calculate_segments",
            "enumMembers": [
                {
                    "enumKey": "specify_segments",
                    "enumValue": "0"
                },
                {
                    "enumKey": "depend_on_angle",
                    "enumValue": "1"
                }
            ]
        }
    ],
    "compounds": []
}