{
    "header": {
        "metadata": [
            {
                "metaName": "adskFileFormatVersion",
                "metaValue": "100L"
            }
        ]
    },
    "namespaces": [],
    "types": [
        {
            "enumName": "BPM::fur_solver_1::FurSolver",
            "enumMembers": [
                {
                    "enumKey": "Simple",
                    "enumValue": "0"
                },
                {
                    "enumKey": "Spring",
                    "enumValue": "1"
                }
            ]
        }
    ],
    "compounds": []
}