{
    "header": {
        "metadata": [
            {
                "metaName": "adskFileFormatVersion",
                "metaValue": "100L"
            }
        ]
    },
    "dependencies": [
        {
            "uri": "file:///bifrost_object_i.json"
        },
        {
            "uri": "file:///Math_types.json"
        },
        {
            "uri": "file:///Math_conversion.json"
        },
        {
            "uri": "file:///bifrost_geometry_query_types.json"
        },
        {
            "uri": "file:///geometry_types.json"
        },
        {
            "uri": "file:///has_property.json"
        },
        {
            "uri": "file:///get_property_any.json"
        },
        {
            "uri": "file:///get_property.json"
        },
        {
            "uri": "file:///create_volume_geo_prop.json"
        },
        {
            "uri": "file:///is_a.json"
        },
        {
            "uri": "file:///create_object_from_schema.json"
        },
        {
            "uri": "file:///is_a_mesh.json"
        },
        {
            "uri": "file:///is_a_strands.json"
        },
        {
            "uri": "file:///is_a_points.json"
        },
        {
            "uri": "file:///is_a_volume.json"
        },
        {
            "uri": "file:///get_geo_schema_type.json"
        },
        {
            "uri": "file:///switch_is_a.json"
        },
        {
            "uri": "file:///get_target_component.json"
        },
        {
            "uri": "file:///create_data_geo_prop.json"
        },
        {
            "uri": "file:///set_property_any.json"
        },
        {
            "uri": "file:///set_property.json"
        },
        {
            "uri": "file:///get_geo_component_count.json"
        },
        {
            "uri": "file:///set_geo_property.array.json"
        },
        {
            "uri": "file:///set_geo_property.scalar.json"
        },
        {
            "uri": "file:///Math_float.json"
        },
        {
            "uri": "file:///Math_double.json"
        },
        {
            "uri": "file:///Math_ulong.json"
        },
        {
            "uri": "file:///Math_char.json"
        },
        {
            "uri": "file:///Math_int.json"
        },
        {
            "uri": "file:///Math_long.json"
        },
        {
            "uri": "file:///Math_short.json"
        },
        {
            "uri": "file:///Math_uchar.json"
        },
        {
            "uri": "file:///Math_uint.json"
        },
        {
            "uri": "file:///Math_ushort.json"
        },
        {
            "uri": "file:///CoreArrayOps.json"
        },
        {
            "uri": "file:///get_geo_property.json"
        },
        {
            "uri": "file:///get_point_velocity.json"
        },
        {
            "uri": "file:///compute_point_velocities.json"
        },
        {
            "uri": "file:///simulation_types.json"
        },
        {
            "uri": "file:///simulation_nodedefs.json"
        }
    ],
    "namespaces": [],
    "types": [],
    "compounds": [
        {
            "name": "BPM::rebel_pack_0::Simulation::Common::compute_point_velocity",
            "uriImported": "file:///compute_mesh_speed.json",
            "metadata": [
                {
                    "metaName": "io_nodes",
                    "metadata": [
                        {
                            "metaName": "io_inodes",
                            "metadata": [
                                {
                                    "metaName": "input",
                                    "metadata": [
                                        {
                                            "metaName": "io_ports",
                                            "metadata": [
                                                {
                                                    "metaName": "geometry"
                                                },
                                                {
                                                    "metaName": "start_frame"
                                                }
                                            ]
                                        },
                                        {
                                            "metaName": "io_metadata",
                                            "metadata": [
                                                {
                                                    "metaName": "DisplayMode",
                                                    "metaType": "string",
                                                    "metaValue": "2"
                                                },
                                                {
                                                    "metaName": "LayoutPos",
                                                    "metaType": "string",
                                                    "metaValue": "-819 212"
                                                }
                                            ]
                                        }
                                    ]
                                }
                            ]
                        },
                        {
                            "metaName": "io_onodes",
                            "metadata": [
                                {
                                    "metaName": "output",
                                    "metadata": [
                                        {
                                            "metaName": "io_metadata",
                                            "metadata": [
                                                {
                                                    "metaName": "DisplayMode",
                                                    "metaType": "string",
                                                    "metaValue": "2"
                                                },
                                                {
                                                    "metaName": "LayoutPos",
                                                    "metaType": "string",
                                                    "metaValue": "984.005 132.62"
                                                }
                                            ]
                                        },
                                        {
                                            "metaName": "io_ports",
                                            "metadata": [
                                                {
                                                    "metaName": "out_geometry"
                                                },
                                                {
                                                    "metaName": "point_velocity"
                                                }
                                            ]
                                        }
                                    ]
                                }
                            ]
                        }
                    ]
                },
                {
                    "metaName": "_recentNode_",
                    "metaType": "string",
                    "metaValue": "BifrostGraph,Geometry::Properties,get_point_velocity"
                },
                {
                    "metaName": "_recentNode_",
                    "metaType": "string",
                    "metaValue": "BifrostGraph,Core::Object,set_property"
                },
                {
                    "metaName": "_recentNode_",
                    "metaType": "string",
                    "metaValue": "BifrostGraph,Core::Array,first_in_array"
                },
                {
                    "metaName": "_recentNode_",
                    "metaType": "string",
                    "metaValue": "BifrostGraph,Core::Logic,greater"
                },
                {
                    "metaName": "_recentNode_",
                    "metaType": "string",
                    "metaValue": "BifrostGraph,Core::Time,time"
                },
                {
                    "metaName": "ViewportRect",
                    "metaType": "string",
                    "metaValue": "-856.732 -321.847 2160.73 1342.73"
                },
                {
                    "metaName": "icon",
                    "metaType": "string",
                    "metaValue": "icons/rebelPack.svg"
                }
            ],
            "ports": [
                {
                    "portName": "geometry",
                    "portDirection": "input",
                    "portType": "Amino::Object"
                },
                {
                    "portName": "start_frame",
                    "portDirection": "input",
                    "portType": "float",
                    "portDefault": "1f"
                },
                {
                    "portName": "out_geometry",
                    "portDirection": "output"
                },
                {
                    "portName": "point_velocity",
                    "portDirection": "output"
                }
            ],
            "compounds": [
                {
                    "name": "set_property",
                    "uriImported": "file:///compute_mesh_speed.json",
                    "metadata": [
                        {
                            "metaName": "documentation",
                            "metaType": "string",
                            "metaValue": "../docs/${language}/set_property.md"
                        },
                        {
                            "metaName": "icon",
                            "metaType": "string",
                            "metaValue": "../icons/SetProperty.svg"
                        },
                        {
                            "metaName": "io_nodes",
                            "metadata": [
                                {
                                    "metaName": "io_inodes",
                                    "metadata": [
                                        {
                                            "metaName": "input",
                                            "metadata": [
                                                {
                                                    "metaName": "io_ports",
                                                    "metadata": [
                                                        {
                                                            "metaName": "object"
                                                        },
                                                        {
                                                            "metaName": "key"
                                                        },
                                                        {
                                                            "metaName": "value"
                                                        }
                                                    ]
                                                }
                                            ]
                                        }
                                    ]
                                },
                                {
                                    "metaName": "io_onodes",
                                    "metadata": [
                                        {
                                            "metaName": "output",
                                            "metadata": [
                                                {
                                                    "metaName": "io_ports",
                                                    "metadata": [
                                                        {
                                                            "metaName": "out_object"
                                                        }
                                                    ]
                                                }
                                            ]
                                        }
                                    ]
                                }
                            ]
                        }
                    ],
                    "ports": [
                        {
                            "portName": "object",
                            "portDirection": "input",
                            "portType": "Amino::Object"
                        },
                        {
                            "portName": "key",
                            "portDirection": "input",
                            "portType": "string"
                        },
                        {
                            "portName": "value",
                            "portDirection": "input",
                            "portType": "bool"
                        },
                        {
                            "portName": "out_object",
                            "portDirection": "output",
                            "portType": "Amino::Object"
                        }
                    ],
                    "compoundNodes": [
                        {
                            "nodeName": "set_property_any",
                            "nodeType": "Core::Object::set_property_any",
                            "metadata": [
                                {
                                    "metaName": "DisplayMode",
                                    "metaType": "string",
                                    "metaValue": "2"
                                },
                                {
                                    "metaName": "LayoutPos",
                                    "metaType": "string",
                                    "metaValue": "-8.83333 -7.33334"
                                }
                            ]
                        },
                        {
                            "nodeName": "to_any",
                            "nodeType": "Core::Type_Conversion::to_type_any",
                            "metadata": [
                                {
                                    "metaName": "DisplayMode",
                                    "metaType": "string",
                                    "metaValue": "2"
                                },
                                {
                                    "metaName": "LayoutPos",
                                    "metaType": "string",
                                    "metaValue": "-246.322 218.698"
                                }
                            ]
                        }
                    ],
                    "connections": [
                        {
                            "source": "set_property_any.out_object",
                            "target": ".out_object"
                        },
                        {
                            "source": "to_any.type_any",
                            "target": "set_property_any.value"
                        },
                        {
                            "source": ".object",
                            "target": "set_property_any.object"
                        },
                        {
                            "source": ".key",
                            "target": "set_property_any.key"
                        },
                        {
                            "source": ".value",
                            "target": "to_any.from"
                        }
                    ],
                    "values": []
                }
            ],
            "compoundNodes": [
                {
                    "nodeName": "compute_point_velocities",
                    "nodeType": "Simulation::Common::compute_point_velocities",
                    "metadata": [
                        {
                            "metaName": "DisplayMode",
                            "metaType": "string",
                            "metaValue": "2"
                        },
                        {
                            "metaName": "LayoutPos",
                            "metaType": "string",
                            "metaValue": "149.998 124"
                        }
                    ]
                },
                {
                    "nodeName": "build_array",
                    "nodeType": "Core::Array::build_array",
                    "multiInPortNames": [
                        "mesh"
                    ],
                    "metadata": [
                        {
                            "metaName": "DisplayMode",
                            "metaType": "string",
                            "metaValue": "2"
                        },
                        {
                            "metaName": "LayoutPos",
                            "metaType": "string",
                            "metaValue": "-151 61"
                        }
                    ]
                },
                {
                    "nodeName": "time",
                    "nodeType": "Core::Time::time",
                    "metadata": [
                        {
                            "metaName": "DisplayMode",
                            "metaType": "string",
                            "metaValue": "2"
                        },
                        {
                            "metaName": "LayoutPos",
                            "metaType": "string",
                            "metaValue": "-639 438"
                        }
                    ]
                },
                {
                    "nodeName": "greater",
                    "nodeType": "Core::Logic::greater",
                    "metadata": [
                        {
                            "metaName": "DisplayMode",
                            "metaType": "string",
                            "metaValue": "2"
                        },
                        {
                            "metaName": "LayoutPos",
                            "metaType": "string",
                            "metaValue": "-209 385"
                        }
                    ]
                },
                {
                    "nodeName": "first_in_array",
                    "nodeType": "Core::Array::first_in_array",
                    "metadata": [
                        {
                            "metaName": "DisplayMode",
                            "metaType": "string",
                            "metaValue": "2"
                        },
                        {
                            "metaName": "LayoutPos",
                            "metaType": "string",
                            "metaValue": "406.424 119.736"
                        }
                    ]
                },
                {
                    "nodeName": "set_property",
                    "nodeType": "set_property",
                    "metadata": [
                        {
                            "metaName": "DisplayMode",
                            "metaType": "string",
                            "metaValue": "2"
                        },
                        {
                            "metaName": "LayoutPos",
                            "metaType": "string",
                            "metaValue": "-392 48"
                        }
                    ]
                },
                {
                    "nodeName": "get_point_velocity",
                    "nodeType": "Geometry::Properties::get_point_velocity",
                    "metadata": [
                        {
                            "metaName": "DisplayMode",
                            "metaType": "string",
                            "metaValue": "2"
                        },
                        {
                            "metaName": "LayoutPos",
                            "metaType": "string",
                            "metaValue": "692.617 247.598"
                        }
                    ]
                }
            ],
            "connections": [
                {
                    "source": "compute_point_velocities.out_geometry",
                    "target": "first_in_array.array"
                },
                {
                    "source": "build_array.array",
                    "target": "compute_point_velocities.geometry"
                },
                {
                    "source": "build_array.array",
                    "target": "compute_point_velocities.previous_geometry"
                },
                {
                    "source": "time.frame",
                    "target": "greater.first"
                },
                {
                    "source": "time.frame_length",
                    "target": "compute_point_velocities.frame_length"
                },
                {
                    "source": "greater.output",
                    "target": "compute_point_velocities.after_start"
                },
                {
                    "source": "first_in_array.first",
                    "target": ".out_geometry"
                },
                {
                    "source": "set_property.out_object",
                    "target": "build_array.first.mesh"
                },
                {
                    "source": ".geometry",
                    "target": "set_property.object"
                },
                {
                    "source": ".start_frame",
                    "target": "greater.second"
                },
                {
                    "source": "first_in_array.first",
                    "target": "get_point_velocity.geometry"
                },
                {
                    "source": "get_point_velocity.point_velocity",
                    "target": ".point_velocity"
                }
            ],
            "values": [
                {
                    "valueName": "set_property.key",
                    "valueType": "string",
                    "value": "compute_velocity"
                },
                {
                    "valueName": "set_property.value",
                    "valueType": "bool",
                    "value": "true"
                }
            ]
        }
    ]
}