{
    "header": {
        "metadata": [
            {
                "metaName": "adskFileFormatVersion",
                "metaValue": "100L"
            }
        ]
    },
    "dependencies": [
        {
            "uri": "file:///Math_types.json"
        },
        {
            "uri": "file:///bifrost_object_i.json"
        },
        {
            "uri": "file:///bifrost_geometry_query_types.json"
        },
        {
            "uri": "file:///geometry_types.json"
        },
        {
            "uri": "file:///get_property_any.json"
        },
        {
            "uri": "file:///get_property.json"
        },
        {
            "uri": "file:///CoreArrayOps.json"
        },
        {
            "uri": "file:///get_geo_property.json"
        },
        {
            "uri": "file:///get_point_position.json"
        },
        {
            "uri": "file:///point_types.json"
        },
        {
            "uri": "file:///Math_float.json"
        },
        {
            "uri": "file:///Math_double.json"
        },
        {
            "uri": "file:///Math_ulong.json"
        },
        {
            "uri": "file:///Math_char.json"
        },
        {
            "uri": "file:///Math_int.json"
        },
        {
            "uri": "file:///Math_long.json"
        },
        {
            "uri": "file:///Math_short.json"
        },
        {
            "uri": "file:///Math_uchar.json"
        },
        {
            "uri": "file:///Math_uint.json"
        },
        {
            "uri": "file:///Math_ushort.json"
        },
        {
            "uri": "file:///get_sub_object.json"
        },
        {
            "uri": "file:///get_point_count.json"
        },
        {
            "uri": "file:///Core_Array_sum_array_impl.json"
        },
        {
            "uri": "file:///Core_Array_sum_array.json"
        }
    ],
    "namespaces": [],
    "types": [],
    "compounds": [
        {
            "name": "BPM::rebel_pack_0::Points::compute_centroid_from_points",
            "uriImported": "file:///compute_centroid_from_points.json",
            "metadata": [
                {
                    "metaName": "io_nodes",
                    "metadata": [
                        {
                            "metaName": "io_inodes",
                            "metadata": [
                                {
                                    "metaName": "input",
                                    "metadata": [
                                        {
                                            "metaName": "io_ports",
                                            "metadata": [
                                                {
                                                    "metaName": "use_point_collection"
                                                },
                                                {
                                                    "metaName": "geometry"
                                                },
                                                {
                                                    "metaName": "point_collection"
                                                }
                                            ]
                                        },
                                        {
                                            "metaName": "io_metadata",
                                            "metadata": [
                                                {
                                                    "metaName": "DisplayMode",
                                                    "metaType": "string",
                                                    "metaValue": "2"
                                                },
                                                {
                                                    "metaName": "LayoutPos",
                                                    "metaType": "string",
                                                    "metaValue": "-710.2 -52.8002"
                                                }
                                            ]
                                        }
                                    ]
                                }
                            ]
                        },
                        {
                            "metaName": "io_onodes",
                            "metadata": [
                                {
                                    "metaName": "output",
                                    "metadata": [
                                        {
                                            "metaName": "io_metadata",
                                            "metadata": [
                                                {
                                                    "metaName": "DisplayMode",
                                                    "metaType": "string",
                                                    "metaValue": "2"
                                                },
                                                {
                                                    "metaName": "LayoutPos",
                                                    "metaType": "string",
                                                    "metaValue": "981.065 -112.528"
                                                }
                                            ]
                                        },
                                        {
                                            "metaName": "io_ports",
                                            "metadata": [
                                                {
                                                    "metaName": "centroid"
                                                }
                                            ]
                                        }
                                    ]
                                }
                            ]
                        }
                    ]
                },
                {
                    "metaName": "_recentNode_",
                    "metaType": "string",
                    "metaValue": "BifrostBoard,Geometry::Properties,get_point_count"
                },
                {
                    "metaName": "_recentNode_",
                    "metaType": "string",
                    "metaValue": "BifrostBoard,Core::Math,divide"
                },
                {
                    "metaName": "_recentNode_",
                    "metaType": "string",
                    "metaValue": "BifrostBoard,Core::Array,sum_array"
                },
                {
                    "metaName": "_recentNode_",
                    "metaType": "string",
                    "metaValue": "BifrostBoard,Geometry::Properties,get_point_position"
                },
                {
                    "metaName": "_recentNode_",
                    "metaType": "string",
                    "metaValue": "BifrostBoard,Core::Logic,if"
                },
                {
                    "metaName": "ViewportRect",
                    "metaType": "string",
                    "metaValue": "-507.029 -226.69 2175.63 614.916"
                },
                {
                    "metaName": "UILayout",
                    "metaType": "string",
                    "metaValue": "{\n    \"NodeLayout\": {\n        \"hideUndeclaredPorts\": false,\n        \"items\": [\n            {\n                \"port\": \"geometry\"\n            },\n            {\n                \"expanded\": false,\n                \"group\": \"Collection\",\n                \"items\": [\n                    {\n                        \"port\": \"use_point_collection\"\n                    },\n                    {\n                        \"port\": \"point_collection\"\n                    }\n                ]\n            }\n        ]\n    }\n}\n"
                },
                {
                    "metaName": "icon",
                    "metaType": "string",
                    "metaValue": "icons/rebelPack.svg"
                }
            ],
            "ports": [
                {
                    "portName": "use_point_collection",
                    "portDirection": "input",
                    "portType": "bool",
                    "portDefault": "false"
                },
                {
                    "portName": "geometry",
                    "portDirection": "input",
                    "portType": "Amino::Object"
                },
                {
                    "portName": "point_collection",
                    "portDirection": "input",
                    "portType": "string",
                    "portDefault": "point_collection"
                },
                {
                    "portName": "centroid",
                    "portDirection": "output",
                    "portType": "Math::float3"
                }
            ],
            "compounds": [
                {
                    "name": "point_position_from_collection",
                    "uriImported": "file:///compute_centroid_from_points.json",
                    "metadata": [
                        {
                            "metaName": "_recentNode_",
                            "metaType": "string",
                            "metaValue": "BifrostBoard,Geometry::Points,create_point_cloud_from_positions"
                        },
                        {
                            "metaName": "_recentNode_",
                            "metaType": "string",
                            "metaValue": "BifrostBoard,Core::Array,get_from_array"
                        },
                        {
                            "metaName": "_recentNode_",
                            "metaType": "string",
                            "metaValue": "BifrostBoard,Geometry::Properties,get_point_position"
                        },
                        {
                            "metaName": "_recentNode_",
                            "metaType": "string",
                            "metaValue": "BifrostBoard,BifrostExp,get_property"
                        },
                        {
                            "metaName": "_recentNode_",
                            "metaType": "string",
                            "metaValue": "BifrostBoard,Core::Graph,compound"
                        },
                        {
                            "metaName": "ViewportRect",
                            "metaType": "string",
                            "metaValue": "-1116.81 -448.128 2402.91 679.154"
                        },
                        {
                            "metaName": "UILayout",
                            "metaType": "string",
                            "metaValue": "{\n    \"NodeLayout\": {\n        \"hideUndeclaredPorts\": false,\n        \"items\": [\n            {\n                \"port\": \"geometry\"\n            },\n            {\n                \"expanded\": false,\n                \"group\": \"Collection\",\n                \"items\": [\n                    {\n                        \"port\": \"point_collection\"\n                    }\n                ]\n            }\n        ]\n    }\n}\n"
                        },
                        {
                            "metaName": "io_nodes",
                            "metadata": [
                                {
                                    "metaName": "io_inodes",
                                    "metadata": [
                                        {
                                            "metaName": "input",
                                            "metadata": [
                                                {
                                                    "metaName": "io_ports",
                                                    "metadata": [
                                                        {
                                                            "metaName": "geometry"
                                                        },
                                                        {
                                                            "metaName": "point_collection"
                                                        }
                                                    ]
                                                }
                                            ]
                                        }
                                    ]
                                },
                                {
                                    "metaName": "io_onodes",
                                    "metadata": [
                                        {
                                            "metaName": "output",
                                            "metadata": [
                                                {
                                                    "metaName": "io_ports",
                                                    "metadata": [
                                                        {
                                                            "metaName": "point_position"
                                                        }
                                                    ]
                                                }
                                            ]
                                        }
                                    ]
                                }
                            ]
                        }
                    ],
                    "ports": [
                        {
                            "portName": "geometry",
                            "portDirection": "input",
                            "portType": "Amino::Object"
                        },
                        {
                            "portName": "point_collection",
                            "portDirection": "input",
                            "portType": "string"
                        },
                        {
                            "portName": "point_position",
                            "portDirection": "output",
                            "portType": "array<Math::float3>"
                        }
                    ],
                    "compoundNodes": [
                        {
                            "nodeName": "get_property",
                            "nodeType": "Core::Object::get_property",
                            "metadata": [
                                {
                                    "metaName": "DisplayMode",
                                    "metaType": "string",
                                    "metaValue": "2"
                                },
                                {
                                    "metaName": "LayoutPos",
                                    "metaType": "string",
                                    "metaValue": "-391.507 -81.9719"
                                }
                            ]
                        },
                        {
                            "nodeName": "value",
                            "valueType": "array<long>",
                            "metadata": [
                                {
                                    "metaName": "valuenode_defaultvalue",
                                    "metaType": "string",
                                    "metaValue": "0"
                                },
                                {
                                    "metaName": "DisplayMode",
                                    "metaType": "string",
                                    "metaValue": "2"
                                },
                                {
                                    "metaName": "LayoutPos",
                                    "metaType": "string",
                                    "metaValue": "-767.3 -77.1714"
                                },
                                {
                                    "metaName": "valuenode_defaultvalue",
                                    "metaType": "string",
                                    "metaValue": "0"
                                }
                            ]
                        },
                        {
                            "nodeName": "get_point_position",
                            "nodeType": "Geometry::Properties::get_point_position",
                            "metadata": [
                                {
                                    "metaName": "DisplayMode",
                                    "metaType": "string",
                                    "metaValue": "2"
                                },
                                {
                                    "metaName": "LayoutPos",
                                    "metaType": "string",
                                    "metaValue": "-396.286 -349.892"
                                }
                            ]
                        },
                        {
                            "nodeName": "get_from_array",
                            "nodeType": "Core::Array::get_from_array",
                            "metadata": [
                                {
                                    "metaName": "DisplayMode",
                                    "metaType": "string",
                                    "metaValue": "2"
                                },
                                {
                                    "metaName": "LayoutPos",
                                    "metaType": "string",
                                    "metaValue": "-11.6 -303.143"
                                }
                            ]
                        }
                    ],
                    "connections": [
                        {
                            "source": "get_property.value",
                            "target": "get_from_array.index"
                        },
                        {
                            "source": "value.output",
                            "target": "get_property.default_and_type"
                        },
                        {
                            "source": "get_point_position.point_position",
                            "target": "get_from_array.array"
                        },
                        {
                            "source": "get_from_array.value",
                            "target": ".point_position"
                        },
                        {
                            "source": ".geometry",
                            "target": "get_property.object"
                        },
                        {
                            "source": ".geometry",
                            "target": "get_point_position.geometry"
                        },
                        {
                            "source": ".point_collection",
                            "target": "get_property.key"
                        }
                    ],
                    "values": [
                        {
                            "valueName": "value.value",
                            "valueType": "array<long>",
                            "value": [
                                "0"
                            ]
                        }
                    ]
                }
            ],
            "compoundNodes": [
                {
                    "nodeName": "point_position_from_collection",
                    "nodeType": "point_position_from_collection",
                    "metadata": [
                        {
                            "metaName": "DisplayMode",
                            "metaType": "string",
                            "metaValue": "2"
                        },
                        {
                            "metaName": "PortExpandedState",
                            "metadata": [
                                {
                                    "metaName": "Collection",
                                    "metaType": "string",
                                    "metaValue": "1"
                                }
                            ]
                        },
                        {
                            "metaName": "LayoutPos",
                            "metaType": "string",
                            "metaValue": "-326.286 240.262"
                        }
                    ]
                },
                {
                    "nodeName": "if",
                    "nodeType": "Core::Logic::if",
                    "metadata": [
                        {
                            "metaName": "DisplayMode",
                            "metaType": "string",
                            "metaValue": "2"
                        },
                        {
                            "metaName": "LayoutPos",
                            "metaType": "string",
                            "metaValue": "114.5 -79"
                        }
                    ]
                },
                {
                    "nodeName": "get_point_position",
                    "nodeType": "Geometry::Properties::get_point_position",
                    "metadata": [
                        {
                            "metaName": "DisplayMode",
                            "metaType": "string",
                            "metaValue": "2"
                        },
                        {
                            "metaName": "LayoutPos",
                            "metaType": "string",
                            "metaValue": "-333.028 511.557"
                        }
                    ]
                },
                {
                    "nodeName": "sum_array",
                    "nodeType": "Core::Array::sum_array",
                    "metadata": [
                        {
                            "metaName": "DisplayMode",
                            "metaType": "string",
                            "metaValue": "2"
                        },
                        {
                            "metaName": "LayoutPos",
                            "metaType": "string",
                            "metaValue": "379.5 -86"
                        }
                    ]
                },
                {
                    "nodeName": "divide",
                    "nodeType": "Core::Math::divide",
                    "multiInPortNames": [
                        "vecSum",
                        "out_value"
                    ],
                    "metadata": [
                        {
                            "metaName": "DisplayMode",
                            "metaType": "string",
                            "metaValue": "2"
                        },
                        {
                            "metaName": "LayoutPos",
                            "metaType": "string",
                            "metaValue": "708.166 -111.799"
                        }
                    ]
                },
                {
                    "nodeName": "get_point_count",
                    "nodeType": "Geometry::Properties::get_point_count",
                    "metadata": [
                        {
                            "metaName": "DisplayMode",
                            "metaType": "string",
                            "metaValue": "2"
                        },
                        {
                            "metaName": "LayoutPos",
                            "metaType": "string",
                            "metaValue": "367.537 122.141"
                        }
                    ]
                }
            ],
            "connections": [
                {
                    "source": ".point_collection",
                    "target": "point_position_from_collection.point_collection"
                },
                {
                    "source": ".use_point_collection",
                    "target": "if.condition"
                },
                {
                    "source": "point_position_from_collection.point_position",
                    "target": "if.true_case"
                },
                {
                    "source": "get_point_position.point_position",
                    "target": "if.false_case"
                },
                {
                    "source": "if.output",
                    "target": "sum_array.array"
                },
                {
                    "source": "sum_array.sum",
                    "target": "divide.first.vecSum"
                },
                {
                    "source": "get_point_count.count",
                    "target": "divide.first.out_value"
                },
                {
                    "source": "divide.output",
                    "target": ".centroid"
                },
                {
                    "source": ".geometry",
                    "target": "point_position_from_collection.geometry"
                },
                {
                    "source": ".geometry",
                    "target": "get_point_position.geometry"
                },
                {
                    "source": ".geometry",
                    "target": "get_point_count.geometry"
                }
            ],
            "values": [
                {
                    "valueName": "point_position_from_collection.point_collection",
                    "valueType": "string",
                    "value": "point_collection"
                }
            ]
        }
    ]
}