{
    "header": {
        "metadata": [
            {
                "metaName": "adskFileFormatVersion",
                "metaValue": "100L"
            }
        ]
    },
    "dependencies": [
        {
            "uri": "file:///Math_types.json"
        },
        {
            "uri": "file:///Math_array.json"
        },
        {
            "uri": "file:///FCurve.json"
        },
        {
            "uri": "file:///Math_conversion.json"
        },
        {
            "uri": "file:///Math_float.json"
        },
        {
            "uri": "file:///Math_double.json"
        },
        {
            "uri": "file:///Math_ulong.json"
        },
        {
            "uri": "file:///Math_char.json"
        },
        {
            "uri": "file:///Math_int.json"
        },
        {
            "uri": "file:///Math_long.json"
        },
        {
            "uri": "file:///Math_short.json"
        },
        {
            "uri": "file:///Math_uchar.json"
        },
        {
            "uri": "file:///Math_uint.json"
        },
        {
            "uri": "file:///Math_ushort.json"
        },
        {
            "uri": "file:///Math_multiply_quaternions.json"
        },
        {
            "uri": "file:///Math_rotate_by_quaternion.json"
        },
        {
            "uri": "file:///bifrost_object_i.json"
        },
        {
            "uri": "file:///fluids_types.json"
        },
        {
            "uri": "file:///fluids_nodedefs.json"
        },
        {
            "uri": "file:///Math_axis_angle_to_quaternion.json"
        },
        {
            "uri": "file:///Math_length_squared.json"
        },
        {
            "uri": "file:///Math_almost_equal.json"
        },
        {
            "uri": "file:///find_orthogonal_vectors.json"
        },
        {
            "uri": "file:///rotation_between_vectors.json"
        },
        {
            "uri": "file:///change_range.json"
        },
        {
            "uri": "file:///simulation_types.json"
        },
        {
            "uri": "file:///simulation_nodedefs.json"
        },
        {
            "uri": "file:///Math_degrees_to_radians.json"
        },
        {
            "uri": "file:///bifrost_geometry_query_types.json"
        },
        {
            "uri": "file:///geometry_types.json"
        },
        {
            "uri": "file:///math_util.json"
        }
    ],
    "namespaces": [],
    "types": [],
    "compounds": [
        {
            "name": "BPM::rebel_pack_0::Core::Math::randomize_vector_in_cone",
            "uriImported": "file:///bifrostBoard1",
            "metadata": [
                {
                    "metaName": "documentation",
                    "metaType": "string",
                    "metaValue": "docs/randomize_vector_in_cone.md"
                },
                {
                    "metaName": "io_nodes",
                    "metadata": [
                        {
                            "metaName": "io_inodes",
                            "metadata": [
                                {
                                    "metaName": "input",
                                    "metadata": [
                                        {
                                            "metaName": "io_ports",
                                            "metadata": [
                                                {
                                                    "metaName": "vector"
                                                },
                                                {
                                                    "metaName": "half_angle_degrees"
                                                },
                                                {
                                                    "metaName": "seed"
                                                },
                                                {
                                                    "metaName": "animated"
                                                },
                                                {
                                                    "metaName": "profile"
                                                }
                                            ]
                                        },
                                        {
                                            "metaName": "io_metadata",
                                            "metadata": [
                                                {
                                                    "metaName": "DisplayMode",
                                                    "metaType": "string",
                                                    "metaValue": "2"
                                                },
                                                {
                                                    "metaName": "LayoutPos",
                                                    "metaType": "string",
                                                    "metaValue": "315 48"
                                                }
                                            ]
                                        }
                                    ]
                                }
                            ]
                        },
                        {
                            "metaName": "io_onodes",
                            "metadata": [
                                {
                                    "metaName": "output",
                                    "metadata": [
                                        {
                                            "metaName": "io_metadata",
                                            "metadata": [
                                                {
                                                    "metaName": "DisplayMode",
                                                    "metaType": "string",
                                                    "metaValue": "2"
                                                },
                                                {
                                                    "metaName": "LayoutPos",
                                                    "metaType": "string",
                                                    "metaValue": "1840 286"
                                                }
                                            ]
                                        },
                                        {
                                            "metaName": "io_ports",
                                            "metadata": [
                                                {
                                                    "metaName": "randomized"
                                                }
                                            ]
                                        }
                                    ]
                                }
                            ]
                        }
                    ]
                },
                {
                    "metaName": "_recentNode_",
                    "metaType": "string",
                    "metaValue": "BifrostBoard,Core::Math,hash_float"
                },
                {
                    "metaName": "_recentNode_",
                    "metaType": "string",
                    "metaValue": "BifrostBoard,Math,rotation_between_vectors"
                },
                {
                    "metaName": "_recentNode_",
                    "metaType": "string",
                    "metaValue": "BifrostBoard,Core::Conversion,degrees_to_radians"
                },
                {
                    "metaName": "_recentNode_",
                    "metaType": "string",
                    "metaValue": "BifrostBoard,Core::Math,cos"
                },
                {
                    "metaName": "_recentNode_",
                    "metaType": "string",
                    "metaValue": "BifrostBoard,Core::Time,time"
                },
                {
                    "metaName": "ViewportRect",
                    "metaType": "string",
                    "metaValue": "954.139 -173.113 1444.56 1084.15"
                },
                {
                    "metaName": "icon",
                    "metaType": "string",
                    "metaValue": "icons/rebelPack.svg"
                }
            ],
            "overloadsUnlocked": "true",
            "ports": [
                {
                    "portName": "vector",
                    "portDirection": "input",
                    "portType": "array<Math::float3>",
                    "isDefaultFanIn": "true"
                },
                {
                    "portName": "half_angle_degrees",
                    "portDirection": "input",
                    "portType": "float",
                    "portDefault": "45f"
                },
                {
                    "portName": "seed",
                    "portDirection": "input",
                    "portType": "long",
                    "portDefault": "54321"
                },
                {
                    "portName": "animated",
                    "portDirection": "input",
                    "portType": "bool",
                    "portDefault": "true"
                },
                {
                    "portName": "randomized",
                    "portDirection": "output",
                    "portType": "array<Math::float3>"
                },
                {
                    "portName": "profile",
                    "portDirection": "input",
                    "portType": "Amino::FCurve",
                    "portDefault": {
                        "version": "0",
                        "points": [
                            {
                                "point": {
                                    "locked": "1",
                                    "interpolation": "1",
                                    "pcn": {
                                        "xp": "-0.10000000000000001",
                                        "yp": "7.9326599999999995e-14",
                                        "x": "0",
                                        "y": "0",
                                        "xn": "0.10000000000000001",
                                        "yn": "0"
                                    }
                                }
                            },
                            {
                                "point": {
                                    "locked": "1",
                                    "interpolation": "1",
                                    "pcn": {
                                        "xp": "0.90000000000000002",
                                        "yp": "1",
                                        "x": "1",
                                        "y": "1",
                                        "xn": "1.1000000000000001",
                                        "yn": "1"
                                    }
                                }
                            }
                        ]
                    }
                }
            ],
            "compounds": [
                {
                    "name": "for_each",
                    "uriImported": "file:///bifrostBoard1",
                    "metadata": [
                        {
                            "metaName": "io_nodes",
                            "metadata": [
                                {
                                    "metaName": "io_inodes",
                                    "metadata": [
                                        {
                                            "metaName": "input",
                                            "metadata": [
                                                {
                                                    "metaName": "io_ports",
                                                    "metadata": [
                                                        {
                                                            "metaName": "current_index"
                                                        },
                                                        {
                                                            "metaName": "vector_3D"
                                                        },
                                                        {
                                                            "metaName": "random_pairs"
                                                        },
                                                        {
                                                            "metaName": "cos_theta"
                                                        },
                                                        {
                                                            "metaName": "profile"
                                                        }
                                                    ]
                                                },
                                                {
                                                    "metaName": "io_metadata",
                                                    "metadata": [
                                                        {
                                                            "metaName": "DisplayMode",
                                                            "metaType": "string",
                                                            "metaValue": "2"
                                                        },
                                                        {
                                                            "metaName": "LayoutPos",
                                                            "metaType": "string",
                                                            "metaValue": "10 339"
                                                        }
                                                    ]
                                                }
                                            ]
                                        }
                                    ]
                                },
                                {
                                    "metaName": "io_onodes",
                                    "metadata": [
                                        {
                                            "metaName": "output",
                                            "metadata": [
                                                {
                                                    "metaName": "io_ports",
                                                    "metadata": [
                                                        {
                                                            "metaName": "output"
                                                        }
                                                    ]
                                                },
                                                {
                                                    "metaName": "io_metadata",
                                                    "metadata": [
                                                        {
                                                            "metaName": "DisplayMode",
                                                            "metaType": "string",
                                                            "metaValue": "2"
                                                        },
                                                        {
                                                            "metaName": "LayoutPos",
                                                            "metaType": "string",
                                                            "metaValue": "3365 167"
                                                        }
                                                    ]
                                                }
                                            ]
                                        }
                                    ]
                                }
                            ]
                        },
                        {
                            "metaName": "_recentNode_",
                            "metaType": "string",
                            "metaValue": "BifrostBoard,Core::Math,change_range"
                        },
                        {
                            "metaName": "_recentNode_",
                            "metaType": "string",
                            "metaValue": "BifrostBoard,Core::Math,rotation_between_vectors"
                        },
                        {
                            "metaName": "_recentNode_",
                            "metaType": "string",
                            "metaValue": "BifrostBoard,Core::Logic,if"
                        },
                        {
                            "metaName": "_recentNode_",
                            "metaType": "string",
                            "metaValue": "BifrostBoard,Core::Math,multiply"
                        },
                        {
                            "metaName": "_recentNode_",
                            "metaType": "string",
                            "metaValue": "BifrostBoard,Core::Math,length"
                        },
                        {
                            "metaName": "ViewportRect",
                            "metaType": "string",
                            "metaValue": "-41.6987 -411.392 2176.63 1633.58"
                        }
                    ],
                    "ports": [
                        {
                            "portName": "current_index",
                            "portDirection": "input",
                            "portType": "long",
                            "portIterationCounter": "true"
                        },
                        {
                            "portName": "vector_3D",
                            "portDirection": "input",
                            "portIterationTarget": "true"
                        },
                        {
                            "portName": "random_pairs",
                            "portDirection": "input",
                            "portIterationTarget": "true"
                        },
                        {
                            "portName": "cos_theta",
                            "portDirection": "input"
                        },
                        {
                            "portName": "output",
                            "portDirection": "output",
                            "portIterationTarget": "true"
                        },
                        {
                            "portName": "profile",
                            "portDirection": "input",
                            "portType": "Amino::FCurve"
                        }
                    ],
                    "compounds": [
                        {
                            "name": "squared",
                            "uriImported": "file:///bifrostBoard1",
                            "metadata": [
                                {
                                    "metaName": "io_nodes",
                                    "metadata": [
                                        {
                                            "metaName": "io_inodes",
                                            "metadata": [
                                                {
                                                    "metaName": "input",
                                                    "metadata": [
                                                        {
                                                            "metaName": "io_metadata",
                                                            "metadata": [
                                                                {
                                                                    "metaName": "DisplayMode",
                                                                    "metaType": "string",
                                                                    "metaValue": "2"
                                                                },
                                                                {
                                                                    "metaName": "LayoutPos",
                                                                    "metaType": "string",
                                                                    "metaValue": "10 34"
                                                                }
                                                            ]
                                                        },
                                                        {
                                                            "metaName": "io_ports",
                                                            "metadata": [
                                                                {
                                                                    "metaName": "z"
                                                                }
                                                            ]
                                                        }
                                                    ]
                                                }
                                            ]
                                        },
                                        {
                                            "metaName": "io_onodes",
                                            "metadata": [
                                                {
                                                    "metaName": "output",
                                                    "metadata": [
                                                        {
                                                            "metaName": "io_metadata",
                                                            "metadata": [
                                                                {
                                                                    "metaName": "DisplayMode",
                                                                    "metaType": "string",
                                                                    "metaValue": "2"
                                                                },
                                                                {
                                                                    "metaName": "LayoutPos",
                                                                    "metaType": "string",
                                                                    "metaValue": "620 10"
                                                                }
                                                            ]
                                                        },
                                                        {
                                                            "metaName": "io_ports",
                                                            "metadata": [
                                                                {
                                                                    "metaName": "z_squared"
                                                                }
                                                            ]
                                                        }
                                                    ]
                                                }
                                            ]
                                        }
                                    ]
                                },
                                {
                                    "metaName": "ViewportRect",
                                    "metaType": "string",
                                    "metaValue": "-70 -218.146 996 656.293"
                                }
                            ],
                            "ports": [
                                {
                                    "portName": "z",
                                    "portDirection": "input"
                                },
                                {
                                    "portName": "z_squared",
                                    "portDirection": "output"
                                }
                            ],
                            "compoundNodes": [
                                {
                                    "nodeName": "multiply",
                                    "nodeType": "Core::Math::multiply",
                                    "multiInPortNames": [
                                        "z",
                                        "z1"
                                    ],
                                    "metadata": [
                                        {
                                            "metaName": "DisplayMode",
                                            "metaType": "string",
                                            "metaValue": "2"
                                        },
                                        {
                                            "metaName": "LayoutPos",
                                            "metaType": "string",
                                            "metaValue": "315 10"
                                        }
                                    ]
                                }
                            ],
                            "connections": [
                                {
                                    "source": "multiply.output",
                                    "target": ".z_squared"
                                },
                                {
                                    "source": ".z",
                                    "target": "multiply.first.z"
                                },
                                {
                                    "source": ".z",
                                    "target": "multiply.first.z1"
                                }
                            ],
                            "values": []
                        }
                    ],
                    "compoundNodes": [
                        {
                            "nodeName": "two_times_pi",
                            "valueType": "float",
                            "metadata": [
                                {
                                    "metaName": "DisplayMode",
                                    "metaType": "string",
                                    "metaValue": "2"
                                },
                                {
                                    "metaName": "valuenode_defaultvalue",
                                    "metaType": "string",
                                    "metaValue": "6.28319"
                                },
                                {
                                    "metaName": "LayoutPos",
                                    "metaType": "string",
                                    "metaValue": "1226.26 117.43"
                                }
                            ]
                        },
                        {
                            "nodeName": "vector2_to_scalar",
                            "nodeType": "Core::Conversion::vector2_to_scalar",
                            "metadata": [
                                {
                                    "metaName": "DisplayMode",
                                    "metaType": "string",
                                    "metaValue": "2"
                                },
                                {
                                    "metaName": "LayoutPos",
                                    "metaType": "string",
                                    "metaValue": "315 192"
                                }
                            ]
                        },
                        {
                            "nodeName": "scalar_to_vector3",
                            "nodeType": "Core::Conversion::scalar_to_vector3",
                            "metadata": [
                                {
                                    "metaName": "DisplayMode",
                                    "metaType": "string",
                                    "metaValue": "2"
                                },
                                {
                                    "metaName": "LayoutPos",
                                    "metaType": "string",
                                    "metaValue": "2450 249"
                                }
                            ]
                        },
                        {
                            "nodeName": "_1",
                            "valueType": "float",
                            "metadata": [
                                {
                                    "metaName": "DisplayMode",
                                    "metaType": "string",
                                    "metaValue": "2"
                                },
                                {
                                    "metaName": "LayoutPos",
                                    "metaType": "string",
                                    "metaValue": "1230 275"
                                },
                                {
                                    "metaName": "valuenode_defaultvalue",
                                    "metaType": "string",
                                    "metaValue": "1"
                                }
                            ]
                        },
                        {
                            "nodeName": "subtract",
                            "nodeType": "Core::Math::subtract",
                            "multiInPortNames": [
                                "one",
                                "z_squared"
                            ],
                            "metadata": [
                                {
                                    "metaName": "DisplayMode",
                                    "metaType": "string",
                                    "metaValue": "2"
                                },
                                {
                                    "metaName": "LayoutPos",
                                    "metaType": "string",
                                    "metaValue": "1535 373"
                                }
                            ]
                        },
                        {
                            "nodeName": "square_root",
                            "nodeType": "Core::Math::square_root",
                            "metadata": [
                                {
                                    "metaName": "DisplayMode",
                                    "metaType": "string",
                                    "metaValue": "2"
                                },
                                {
                                    "metaName": "LayoutPos",
                                    "metaType": "string",
                                    "metaValue": "1840 205"
                                }
                            ]
                        },
                        {
                            "nodeName": "squared",
                            "nodeType": "squared",
                            "metadata": [
                                {
                                    "metaName": "DisplayMode",
                                    "metaType": "string",
                                    "metaValue": "2"
                                },
                                {
                                    "metaName": "LayoutPos",
                                    "metaType": "string",
                                    "metaValue": "1230 470"
                                }
                            ]
                        },
                        {
                            "nodeName": "multiply",
                            "nodeType": "Core::Math::multiply",
                            "multiInPortNames": [
                                "root_1_minus_z_squared",
                                "cos_phi"
                            ],
                            "metadata": [
                                {
                                    "metaName": "DisplayMode",
                                    "metaType": "string",
                                    "metaValue": "2"
                                },
                                {
                                    "metaName": "LayoutPos",
                                    "metaType": "string",
                                    "metaValue": "2145 43"
                                }
                            ]
                        },
                        {
                            "nodeName": "cos",
                            "nodeType": "Core::Math::cos",
                            "metadata": [
                                {
                                    "metaName": "DisplayMode",
                                    "metaType": "string",
                                    "metaValue": "2"
                                },
                                {
                                    "metaName": "LayoutPos",
                                    "metaType": "string",
                                    "metaValue": "1840 10"
                                }
                            ]
                        },
                        {
                            "nodeName": "sin",
                            "nodeType": "Core::Math::sin",
                            "metadata": [
                                {
                                    "metaName": "DisplayMode",
                                    "metaType": "string",
                                    "metaValue": "2"
                                },
                                {
                                    "metaName": "LayoutPos",
                                    "metaType": "string",
                                    "metaValue": "1840 400"
                                }
                            ]
                        },
                        {
                            "nodeName": "multiply1",
                            "nodeType": "Core::Math::multiply",
                            "multiInPortNames": [
                                "root_1_minus_z_squared",
                                "sin_phi"
                            ],
                            "metadata": [
                                {
                                    "metaName": "DisplayMode",
                                    "metaType": "string",
                                    "metaValue": "2"
                                },
                                {
                                    "metaName": "LayoutPos",
                                    "metaType": "string",
                                    "metaValue": "2145 286"
                                }
                            ]
                        },
                        {
                            "nodeName": "rotate_by_quaternion",
                            "nodeType": "Core::Math::rotate_by_quaternion",
                            "metadata": [
                                {
                                    "metaName": "DisplayMode",
                                    "metaType": "string",
                                    "metaValue": "2"
                                },
                                {
                                    "metaName": "LayoutPos",
                                    "metaType": "string",
                                    "metaValue": "2755 301"
                                }
                            ]
                        },
                        {
                            "nodeName": "evaluate_fcurve",
                            "nodeType": "Core::FCurve::evaluate_fcurve",
                            "metadata": [
                                {
                                    "metaName": "DisplayMode",
                                    "metaType": "string",
                                    "metaValue": "2"
                                },
                                {
                                    "metaName": "LayoutPos",
                                    "metaType": "string",
                                    "metaValue": "620 308"
                                }
                            ]
                        },
                        {
                            "nodeName": "length",
                            "nodeType": "Core::Math::length",
                            "metadata": [
                                {
                                    "metaName": "DisplayMode",
                                    "metaType": "string",
                                    "metaValue": "2"
                                },
                                {
                                    "metaName": "LayoutPos",
                                    "metaType": "string",
                                    "metaValue": "2755 106"
                                }
                            ]
                        },
                        {
                            "nodeName": "multiply2",
                            "nodeType": "Core::Math::multiply",
                            "multiInPortNames": [
                                "output1",
                                "output2"
                            ],
                            "metadata": [
                                {
                                    "metaName": "DisplayMode",
                                    "metaType": "string",
                                    "metaValue": "2"
                                },
                                {
                                    "metaName": "LayoutPos",
                                    "metaType": "string",
                                    "metaValue": "3060 167"
                                }
                            ]
                        },
                        {
                            "nodeName": "rotation_between_vectors",
                            "nodeType": "Core::Math::rotation_between_vectors",
                            "metadata": [
                                {
                                    "metaName": "DisplayMode",
                                    "metaType": "string",
                                    "metaValue": "2"
                                },
                                {
                                    "metaName": "LayoutPos",
                                    "metaType": "string",
                                    "metaValue": "2450 492"
                                }
                            ]
                        },
                        {
                            "nodeName": "unit_Z_vector",
                            "valueType": "Math::float3",
                            "metadata": [
                                {
                                    "metaName": "valuenode_defaultvalue",
                                    "metaType": "string",
                                    "metaValue": "0"
                                },
                                {
                                    "metaName": "valuenode_defaultvalue",
                                    "metaType": "string",
                                    "metaValue": "0"
                                },
                                {
                                    "metaName": "valuenode_defaultvalue",
                                    "metaType": "string",
                                    "metaValue": "0"
                                },
                                {
                                    "metaName": "DisplayMode",
                                    "metaType": "string",
                                    "metaValue": "2"
                                },
                                {
                                    "metaName": "valuenode_defaultvalue",
                                    "metaType": "string",
                                    "metaValue": "0"
                                },
                                {
                                    "metaName": "valuenode_defaultvalue",
                                    "metaType": "string",
                                    "metaValue": "0"
                                },
                                {
                                    "metaName": "valuenode_defaultvalue",
                                    "metaType": "string",
                                    "metaValue": "1"
                                },
                                {
                                    "metaName": "LayoutPos",
                                    "metaType": "string",
                                    "metaValue": "2145 569"
                                }
                            ]
                        },
                        {
                            "nodeName": "change_range1",
                            "nodeType": "Core::Math::change_range",
                            "metadata": [
                                {
                                    "metaName": "DisplayMode",
                                    "metaType": "string",
                                    "metaValue": "2"
                                },
                                {
                                    "metaName": "LayoutPos",
                                    "metaType": "string",
                                    "metaValue": "1520.26 -68.9323"
                                }
                            ]
                        },
                        {
                            "nodeName": "change_range",
                            "nodeType": "Core::Math::change_range",
                            "metadata": [
                                {
                                    "metaName": "DisplayMode",
                                    "metaType": "string",
                                    "metaValue": "2"
                                },
                                {
                                    "metaName": "LayoutPos",
                                    "metaType": "string",
                                    "metaValue": "909.31 605.59"
                                }
                            ]
                        }
                    ],
                    "connections": [
                        {
                            "source": ".random_pairs",
                            "target": "vector2_to_scalar.vector2"
                        },
                        {
                            "source": "subtract.output",
                            "target": "square_root.value"
                        },
                        {
                            "source": "_1.output",
                            "target": "subtract.first.one"
                        },
                        {
                            "source": "squared.z_squared",
                            "target": "subtract.first.z_squared"
                        },
                        {
                            "source": "square_root.root",
                            "target": "multiply.first.root_1_minus_z_squared"
                        },
                        {
                            "source": "cos.cosine",
                            "target": "multiply.first.cos_phi"
                        },
                        {
                            "source": "multiply.output",
                            "target": "scalar_to_vector3.x"
                        },
                        {
                            "source": "square_root.root",
                            "target": "multiply1.first.root_1_minus_z_squared"
                        },
                        {
                            "source": "sin.sine",
                            "target": "multiply1.first.sin_phi"
                        },
                        {
                            "source": "vector2_to_scalar.y",
                            "target": "evaluate_fcurve.x"
                        },
                        {
                            "source": "multiply1.output",
                            "target": "scalar_to_vector3.y"
                        },
                        {
                            "source": "scalar_to_vector3.vector3",
                            "target": "rotate_by_quaternion.vector"
                        },
                        {
                            "source": ".vector_3D",
                            "target": "length.vector"
                        },
                        {
                            "source": "length.length",
                            "target": "multiply2.first.output1"
                        },
                        {
                            "source": "rotate_by_quaternion.rotated_vector",
                            "target": "multiply2.first.output2"
                        },
                        {
                            "source": ".profile",
                            "target": "evaluate_fcurve.fcurve"
                        },
                        {
                            "source": "multiply2.output",
                            "target": ".output"
                        },
                        {
                            "source": ".vector_3D",
                            "target": "rotation_between_vectors.to"
                        },
                        {
                            "source": "rotation_between_vectors.quaternion",
                            "target": "rotate_by_quaternion.quaternion"
                        },
                        {
                            "source": "unit_Z_vector.output",
                            "target": "rotation_between_vectors.from"
                        },
                        {
                            "source": "vector2_to_scalar.x",
                            "target": "change_range1.value"
                        },
                        {
                            "source": "two_times_pi.output",
                            "target": "change_range1.to_end"
                        },
                        {
                            "source": "change_range1.result",
                            "target": "cos.value"
                        },
                        {
                            "source": "change_range1.result",
                            "target": "sin.value"
                        },
                        {
                            "source": ".cos_theta",
                            "target": "change_range.to_start"
                        },
                        {
                            "source": "evaluate_fcurve.y",
                            "target": "change_range.value"
                        },
                        {
                            "source": "change_range.result",
                            "target": "squared.z"
                        },
                        {
                            "source": "change_range.result",
                            "target": "scalar_to_vector3.z"
                        }
                    ],
                    "values": [
                        {
                            "valueName": "two_times_pi.value",
                            "valueType": "float",
                            "value": "6.28318548f"
                        },
                        {
                            "valueName": "_1.value",
                            "valueType": "float",
                            "value": "1f"
                        },
                        {
                            "valueName": "evaluate_fcurve.fcurve",
                            "valueType": "Amino::FCurve",
                            "value": {
                                "version": "0",
                                "points": [
                                    {
                                        "point": {
                                            "locked": "1",
                                            "interpolation": "2",
                                            "pcn": {
                                                "xp": "-0.40000000000000002",
                                                "yp": "3.17306e-13",
                                                "x": "0",
                                                "y": "0",
                                                "xn": "0.40000000000000002",
                                                "yn": "0"
                                            }
                                        }
                                    },
                                    {
                                        "point": {
                                            "locked": "1",
                                            "interpolation": "2",
                                            "pcn": {
                                                "xp": "0.59999999999999998",
                                                "yp": "1",
                                                "x": "1",
                                                "y": "1",
                                                "xn": "1.3999999999999999",
                                                "yn": "1"
                                            }
                                        }
                                    }
                                ]
                            }
                        },
                        {
                            "valueName": "unit_Z_vector.value",
                            "valueType": "Math::float3",
                            "value": {
                                "x": "0f",
                                "y": "0f",
                                "z": "1f"
                            }
                        },
                        {
                            "valueName": "change_range1.from_end",
                            "valueType": "float",
                            "value": "1f"
                        },
                        {
                            "valueName": "change_range.from_end",
                            "valueType": "float",
                            "value": "1f"
                        },
                        {
                            "valueName": "change_range.to_end",
                            "valueType": "float",
                            "value": "1f"
                        }
                    ],
                    "forEachCompound": {
                        "ports": [],
                        "grainSize": "1"
                    }
                }
            ],
            "compoundNodes": [
                {
                    "nodeName": "random_value_array",
                    "nodeType": "Core::Randomization::random_value_array",
                    "metadata": [
                        {
                            "metaName": "DisplayMode",
                            "metaType": "string",
                            "metaValue": "2"
                        },
                        {
                            "metaName": "LayoutPos",
                            "metaType": "string",
                            "metaValue": "1230 221"
                        }
                    ]
                },
                {
                    "nodeName": "float_2D",
                    "valueType": "Math::float2",
                    "metadata": [
                        {
                            "metaName": "DisplayMode",
                            "metaType": "string",
                            "metaValue": "2"
                        },
                        {
                            "metaName": "LayoutPos",
                            "metaType": "string",
                            "metaValue": "925 448"
                        },
                        {
                            "metaName": "valuenode_defaultvalue",
                            "metaType": "string",
                            "metaValue": "0"
                        },
                        {
                            "metaName": "valuenode_defaultvalue",
                            "metaType": "string",
                            "metaValue": "0"
                        }
                    ]
                },
                {
                    "nodeName": "array_size",
                    "nodeType": "Core::Array::array_size",
                    "metadata": [
                        {
                            "metaName": "DisplayMode",
                            "metaType": "string",
                            "metaValue": "2"
                        },
                        {
                            "metaName": "LayoutPos",
                            "metaType": "string",
                            "metaValue": "925 10"
                        }
                    ]
                },
                {
                    "nodeName": "for_each",
                    "nodeType": "for_each",
                    "metadata": [
                        {
                            "metaName": "DisplayMode",
                            "metaType": "string",
                            "metaValue": "2"
                        },
                        {
                            "metaName": "LayoutPos",
                            "metaType": "string",
                            "metaValue": "1535 286"
                        }
                    ]
                },
                {
                    "nodeName": "if",
                    "nodeType": "Core::Logic::if",
                    "metadata": [
                        {
                            "metaName": "DisplayMode",
                            "metaType": "string",
                            "metaValue": "2"
                        },
                        {
                            "metaName": "LayoutPos",
                            "metaType": "string",
                            "metaValue": "925 205"
                        }
                    ]
                },
                {
                    "nodeName": "add",
                    "nodeType": "Core::Math::add",
                    "multiInPortNames": [
                        "seed",
                        "hash"
                    ],
                    "metadata": [
                        {
                            "metaName": "DisplayMode",
                            "metaType": "string",
                            "metaValue": "2"
                        },
                        {
                            "metaName": "LayoutPos",
                            "metaType": "string",
                            "metaValue": "620 120"
                        }
                    ]
                },
                {
                    "nodeName": "time",
                    "nodeType": "Core::Time::time",
                    "metadata": [
                        {
                            "metaName": "DisplayMode",
                            "metaType": "string",
                            "metaValue": "2"
                        },
                        {
                            "metaName": "LayoutPos",
                            "metaType": "string",
                            "metaValue": "10 363"
                        }
                    ]
                },
                {
                    "nodeName": "cos",
                    "nodeType": "Core::Math::cos",
                    "metadata": [
                        {
                            "metaName": "DisplayMode",
                            "metaType": "string",
                            "metaValue": "2"
                        },
                        {
                            "metaName": "LayoutPos",
                            "metaType": "string",
                            "metaValue": "1230 464"
                        }
                    ]
                },
                {
                    "nodeName": "degrees_to_radians",
                    "nodeType": "Core::Conversion::degrees_to_radians",
                    "metadata": [
                        {
                            "metaName": "DisplayMode",
                            "metaType": "string",
                            "metaValue": "2"
                        },
                        {
                            "metaName": "LayoutPos",
                            "metaType": "string",
                            "metaValue": "925 643"
                        }
                    ]
                },
                {
                    "nodeName": "hash_float",
                    "nodeType": "Core::Math::hash_float",
                    "metadata": [
                        {
                            "metaName": "DisplayMode",
                            "metaType": "string",
                            "metaValue": "2"
                        },
                        {
                            "metaName": "LayoutPos",
                            "metaType": "string",
                            "metaValue": "315 339"
                        }
                    ]
                }
            ],
            "connections": [
                {
                    "source": "random_value_array.random_values",
                    "target": "for_each.random_pairs"
                },
                {
                    "source": "float_2D.output",
                    "target": "random_value_array.offset"
                },
                {
                    "source": "array_size.size",
                    "target": "random_value_array.size"
                },
                {
                    "source": "if.output",
                    "target": "random_value_array.seed"
                },
                {
                    "source": "add.output",
                    "target": "if.true_case"
                },
                {
                    "source": ".seed",
                    "target": "if.false_case"
                },
                {
                    "source": ".seed",
                    "target": "add.first.seed"
                },
                {
                    "source": ".animated",
                    "target": "if.condition"
                },
                {
                    "source": "degrees_to_radians.radians",
                    "target": "cos.value"
                },
                {
                    "source": "cos.cosine",
                    "target": "for_each.cos_theta"
                },
                {
                    "source": ".profile",
                    "target": "for_each.profile"
                },
                {
                    "source": "time.seconds",
                    "target": "hash_float.value"
                },
                {
                    "source": "hash_float.hash",
                    "target": "add.first.hash"
                },
                {
                    "source": ".vector",
                    "target": "array_size.array"
                },
                {
                    "source": ".vector",
                    "target": "for_each.vector_3D"
                },
                {
                    "source": "for_each.output",
                    "target": ".randomized"
                },
                {
                    "source": ".half_angle_degrees",
                    "target": "degrees_to_radians.degrees"
                }
            ],
            "values": [
                {
                    "valueName": "random_value_array.size",
                    "valueType": "long",
                    "value": "1"
                },
                {
                    "valueName": "random_value_array.seed",
                    "valueType": "long",
                    "value": "12345"
                },
                {
                    "valueName": "float_2D.value",
                    "valueType": "Math::float2",
                    "value": {
                        "x": "0f",
                        "y": "0f"
                    }
                },
                {
                    "valueName": "for_each.profile",
                    "valueType": "Amino::FCurve",
                    "value": {
                        "version": "0",
                        "points": [
                            {
                                "point": {
                                    "locked": "1",
                                    "interpolation": "2",
                                    "pcn": {
                                        "xp": "-0.40000000000000002",
                                        "yp": "3.17306e-13",
                                        "x": "0",
                                        "y": "0",
                                        "xn": "0.40000000000000002",
                                        "yn": "0"
                                    }
                                }
                            },
                            {
                                "point": {
                                    "locked": "1",
                                    "interpolation": "2",
                                    "pcn": {
                                        "xp": "0.59999999999999998",
                                        "yp": "1",
                                        "x": "1",
                                        "y": "1",
                                        "xn": "1.3999999999999999",
                                        "yn": "1"
                                    }
                                }
                            }
                        ]
                    }
                }
            ]
        }
    ]
}