{
    "header": {
        "metadata": [
            {
                "metaName": "adskFileFormatVersion",
                "metaValue": "100L"
            }
        ]
    },
    "dependencies": [
        {
            "uri": "file:///CoreArrayOps.json"
        },
        {
            "uri": "file:///Core_Array_empty_array.json"
        },
        {
            "uri": "file:///Core_Constants_default_value.json"
        },
        {
            "uri": "file:///Core_Array_array_is_empty.json"
        }
    ],
    "namespaces": [],
    "types": [],
    "compounds": [
        {
            "name": "BPM::rebel_pack_0::Array::sort_array_and_remove_duplicates",
            "uriImported": "file:///sort_array_and_remove_duplicates.json",
            "metadata": [
                {
                    "metaName": "documentation",
                    "metaType": "string",
                    "metaValue": "docs/sort_array_and_remove_duplicates.md"
                },
                {
                    "metaName": "io_nodes",
                    "metadata": [
                        {
                            "metaName": "io_inodes",
                            "metadata": [
                                {
                                    "metaName": "input",
                                    "metadata": [
                                        {
                                            "metaName": "DisplayMode",
                                            "metaType": "string",
                                            "metaValue": "2"
                                        },
                                        {
                                            "metaName": "io_ports",
                                            "metadata": [
                                                {
                                                    "metaName": "array"
                                                }
                                            ]
                                        },
                                        {
                                            "metaName": "LayoutPos",
                                            "metaType": "string",
                                            "metaValue": "-886.382 -78.7468"
                                        }
                                    ]
                                }
                            ]
                        },
                        {
                            "metaName": "io_onodes",
                            "metadata": [
                                {
                                    "metaName": "output",
                                    "metadata": [
                                        {
                                            "metaName": "DisplayMode",
                                            "metaType": "string",
                                            "metaValue": "2"
                                        },
                                        {
                                            "metaName": "io_ports",
                                            "metadata": [
                                                {
                                                    "metaName": "unique_array"
                                                }
                                            ]
                                        },
                                        {
                                            "metaName": "LayoutPos",
                                            "metaType": "string",
                                            "metaValue": "532.008 -139.367"
                                        }
                                    ]
                                }
                            ]
                        }
                    ]
                },
                {
                    "metaName": "icon",
                    "metaType": "string",
                    "metaValue": "icons/rebelPackExperimental.svg"
                },
                {
                    "metaName": "_recentNode_",
                    "metaType": "string",
                    "metaValue": "BifrostGraph,Core::Logic,if"
                },
                {
                    "metaName": "_recentNode_",
                    "metaType": "string",
                    "metaValue": "BifrostGraph,Core::Array,array_is_empty"
                },
                {
                    "metaName": "_recentNode_",
                    "metaType": "string",
                    "metaValue": "BifrostGraph,Core::Array,first_in_array"
                },
                {
                    "metaName": "_recentNode_",
                    "metaType": "string",
                    "metaValue": "BifrostGraph,Core::Array,build_array"
                },
                {
                    "metaName": "_recentNode_",
                    "metaType": "string",
                    "metaValue": "BifrostGraph,Core::Array,get_from_array"
                },
                {
                    "metaName": "ViewportRect",
                    "metaType": "string",
                    "metaValue": "-1201.7 -244.26 2274.55 788.826"
                },
                {
                    "metaName": "DisplayMode",
                    "metaType": "string",
                    "metaValue": "2"
                },
                {
                    "metaName": "LayoutPos",
                    "metaType": "string",
                    "metaValue": "114.5 -239"
                }
            ],
            "ports": [
                {
                    "portName": "array",
                    "portDirection": "input"
                },
                {
                    "portName": "unique_array",
                    "portDirection": "output"
                }
            ],
            "compounds": [
                {
                    "name": "iterate1",
                    "uriImported": "file:///sort_array_and_remove_duplicates.json",
                    "metadata": [
                        {
                            "metaName": "icon",
                            "metaType": "string",
                            "metaValue": "<NATIVE>../icons/LoopIterate.svg"
                        },
                        {
                            "metaName": "icon",
                            "metaType": "string",
                            "metaValue": "<NATIVE>../icons/LoopIterate.svg"
                        },
                        {
                            "metaName": "icon",
                            "metaType": "string",
                            "metaValue": "<NATIVE>../icons/LoopIterate.svg"
                        },
                        {
                            "metaName": "io_nodes",
                            "metadata": [
                                {
                                    "metaName": "io_inodes",
                                    "metadata": [
                                        {
                                            "metaName": "input",
                                            "metadata": [
                                                {
                                                    "metaName": "DisplayMode",
                                                    "metaType": "string",
                                                    "metaValue": "2"
                                                },
                                                {
                                                    "metaName": "LayoutPos",
                                                    "metaType": "string",
                                                    "metaValue": "-329.12 64.527"
                                                },
                                                {
                                                    "metaName": "io_ports",
                                                    "metadata": [
                                                        {
                                                            "metaName": "sorted"
                                                        },
                                                        {
                                                            "metaName": "last_value"
                                                        },
                                                        {
                                                            "metaName": "partial_unique_array"
                                                        }
                                                    ]
                                                }
                                            ]
                                        }
                                    ]
                                },
                                {
                                    "metaName": "io_onodes",
                                    "metadata": [
                                        {
                                            "metaName": "output",
                                            "metadata": [
                                                {
                                                    "metaName": "DisplayMode",
                                                    "metaType": "string",
                                                    "metaValue": "2"
                                                },
                                                {
                                                    "metaName": "LayoutPos",
                                                    "metaType": "string",
                                                    "metaValue": "926.825 -10.2164"
                                                },
                                                {
                                                    "metaName": "io_ports",
                                                    "metadata": [
                                                        {
                                                            "metaName": "out_last_value"
                                                        },
                                                        {
                                                            "metaName": "unique_array"
                                                        }
                                                    ]
                                                }
                                            ]
                                        }
                                    ]
                                }
                            ]
                        },
                        {
                            "metaName": "_recentNode_",
                            "metaType": "string",
                            "metaValue": "BifrostGraph,Core::Array,build_array"
                        },
                        {
                            "metaName": "_recentNode_",
                            "metaType": "string",
                            "metaValue": "BifrostGraph,Core::Logic,if"
                        },
                        {
                            "metaName": "_recentNode_",
                            "metaType": "string",
                            "metaValue": "BifrostGraph,Core::Logic,equal"
                        },
                        {
                            "metaName": "_recentNode_",
                            "metaType": "string",
                            "metaValue": "BifrostGraph,Core::Iterators,iterate"
                        },
                        {
                            "metaName": "_recentNode_",
                            "metaType": "string",
                            "metaValue": "BifrostGraph,Core::Array,sort_array"
                        },
                        {
                            "metaName": "ViewportRect",
                            "metaType": "string",
                            "metaValue": "-446.425 -50 1716.85 550"
                        }
                    ],
                    "ports": [
                        {
                            "portName": "sorted",
                            "portDirection": "input",
                            "portIterationTarget": "true"
                        },
                        {
                            "portName": "last_value",
                            "portDirection": "input"
                        },
                        {
                            "portName": "out_last_value",
                            "portDirection": "output"
                        },
                        {
                            "portName": "partial_unique_array",
                            "portDirection": "input"
                        },
                        {
                            "portName": "unique_array",
                            "portDirection": "output"
                        }
                    ],
                    "compounds": [
                        {
                            "name": "append_if",
                            "uriImported": "file:///sort_array_and_remove_duplicates.json",
                            "metadata": [
                                {
                                    "metaName": "io_nodes",
                                    "metadata": [
                                        {
                                            "metaName": "io_inodes",
                                            "metadata": [
                                                {
                                                    "metaName": "input",
                                                    "metadata": [
                                                        {
                                                            "metaName": "io_ports",
                                                            "metadata": [
                                                                {
                                                                    "metaName": "condition"
                                                                },
                                                                {
                                                                    "metaName": "array"
                                                                },
                                                                {
                                                                    "metaName": "value"
                                                                }
                                                            ]
                                                        }
                                                    ]
                                                }
                                            ]
                                        },
                                        {
                                            "metaName": "io_onodes",
                                            "metadata": [
                                                {
                                                    "metaName": "output",
                                                    "metadata": [
                                                        {
                                                            "metaName": "io_ports",
                                                            "metadata": [
                                                                {
                                                                    "metaName": "out_array"
                                                                }
                                                            ]
                                                        }
                                                    ]
                                                }
                                            ]
                                        }
                                    ]
                                }
                            ],
                            "ports": [
                                {
                                    "portName": "condition",
                                    "portDirection": "input",
                                    "portType": "bool"
                                },
                                {
                                    "portName": "array",
                                    "portDirection": "input"
                                },
                                {
                                    "portName": "value",
                                    "portDirection": "input"
                                },
                                {
                                    "portName": "out_array",
                                    "portDirection": "output"
                                }
                            ],
                            "compoundNodes": [
                                {
                                    "nodeName": "build_array",
                                    "nodeType": "Core::Array::build_array",
                                    "multiInPortNames": [
                                        "port",
                                        "sorted"
                                    ],
                                    "metadata": [
                                        {
                                            "metaName": "DisplayMode",
                                            "metaType": "string",
                                            "metaValue": "2"
                                        },
                                        {
                                            "metaName": "LayoutPos",
                                            "metaType": "string",
                                            "metaValue": "108.548 237.622"
                                        }
                                    ]
                                },
                                {
                                    "nodeName": "if",
                                    "nodeType": "Core::Logic::if",
                                    "metadata": [
                                        {
                                            "metaName": "DisplayMode",
                                            "metaType": "string",
                                            "metaValue": "2"
                                        },
                                        {
                                            "metaName": "LayoutPos",
                                            "metaType": "string",
                                            "metaValue": "499.43 138.564"
                                        }
                                    ]
                                }
                            ],
                            "connections": [
                                {
                                    "source": ".array",
                                    "target": "build_array.first.port"
                                },
                                {
                                    "source": ".value",
                                    "target": "build_array.first.sorted"
                                },
                                {
                                    "source": ".condition",
                                    "target": "if.condition"
                                },
                                {
                                    "source": ".array",
                                    "target": "if.true_case"
                                },
                                {
                                    "source": "build_array.array",
                                    "target": "if.false_case"
                                },
                                {
                                    "source": "if.output",
                                    "target": ".out_array"
                                }
                            ],
                            "values": []
                        }
                    ],
                    "compoundNodes": [
                        {
                            "nodeName": "equal",
                            "nodeType": "Core::Logic::equal",
                            "metadata": [
                                {
                                    "metaName": "DisplayMode",
                                    "metaType": "string",
                                    "metaValue": "2"
                                },
                                {
                                    "metaName": "LayoutPos",
                                    "metaType": "string",
                                    "metaValue": "210.026 81.2501"
                                }
                            ]
                        },
                        {
                            "nodeName": "append_if",
                            "nodeType": "append_if",
                            "metadata": [
                                {
                                    "metaName": "DisplayMode",
                                    "metaType": "string",
                                    "metaValue": "2"
                                },
                                {
                                    "metaName": "LayoutPos",
                                    "metaType": "string",
                                    "metaValue": "438.138 188.093"
                                }
                            ]
                        }
                    ],
                    "connections": [
                        {
                            "source": ".sorted",
                            "target": "equal.first"
                        },
                        {
                            "source": ".partial_unique_array",
                            "target": "append_if.array"
                        },
                        {
                            "source": ".sorted",
                            "target": "append_if.value"
                        },
                        {
                            "source": "equal.output",
                            "target": "append_if.condition"
                        },
                        {
                            "source": "append_if.out_array",
                            "target": ".unique_array"
                        },
                        {
                            "source": ".sorted",
                            "target": ".out_last_value"
                        },
                        {
                            "source": ".last_value",
                            "target": "equal.second"
                        }
                    ],
                    "values": [
                        {
                            "valueName": "append_if.condition",
                            "valueType": "bool",
                            "value": "false"
                        }
                    ],
                    "iterateCompound": {
                        "ports": [
                            {
                                "portKind": "state",
                                "inputPortName": "last_value",
                                "outputPortName": "out_last_value"
                            },
                            {
                                "portKind": "state",
                                "inputPortName": "partial_unique_array",
                                "outputPortName": "unique_array"
                            }
                        ]
                    }
                }
            ],
            "compoundNodes": [
                {
                    "nodeName": "iterate1",
                    "nodeType": "iterate1",
                    "metadata": [
                        {
                            "metaName": "DisplayMode",
                            "metaType": "string",
                            "metaValue": "2"
                        },
                        {
                            "metaName": "LayoutPos",
                            "metaType": "string",
                            "metaValue": "7.41122 -12.5719"
                        }
                    ]
                },
                {
                    "nodeName": "sort_array1",
                    "nodeType": "Core::Array::sort_array",
                    "metadata": [
                        {
                            "metaName": "DisplayMode",
                            "metaType": "string",
                            "metaValue": "2"
                        },
                        {
                            "metaName": "LayoutPos",
                            "metaType": "string",
                            "metaValue": "-624.718 58.9143"
                        }
                    ]
                },
                {
                    "nodeName": "first_in_array",
                    "nodeType": "Core::Array::first_in_array",
                    "metadata": [
                        {
                            "metaName": "DisplayMode",
                            "metaType": "string",
                            "metaValue": "2"
                        },
                        {
                            "metaName": "LayoutPos",
                            "metaType": "string",
                            "metaValue": "-274.566 124.203"
                        }
                    ]
                },
                {
                    "nodeName": "build_array",
                    "nodeType": "Core::Array::build_array",
                    "multiInPortNames": [
                        "first1"
                    ],
                    "metadata": [
                        {
                            "metaName": "DisplayMode",
                            "metaType": "string",
                            "metaValue": "2"
                        },
                        {
                            "metaName": "LayoutPos",
                            "metaType": "string",
                            "metaValue": "-241.276 304.66"
                        }
                    ]
                },
                {
                    "nodeName": "first_in_array1",
                    "nodeType": "Core::Array::first_in_array",
                    "metadata": [
                        {
                            "metaName": "DisplayMode",
                            "metaType": "string",
                            "metaValue": "2"
                        },
                        {
                            "metaName": "LayoutPos",
                            "metaType": "string",
                            "metaValue": "-478.432 315.063"
                        }
                    ]
                },
                {
                    "nodeName": "array_is_empty",
                    "nodeType": "Core::Array::array_is_empty",
                    "metadata": [
                        {
                            "metaName": "DisplayMode",
                            "metaType": "string",
                            "metaValue": "2"
                        },
                        {
                            "metaName": "LayoutPos",
                            "metaType": "string",
                            "metaValue": "3.80227 -204.061"
                        }
                    ]
                },
                {
                    "nodeName": "if",
                    "nodeType": "Core::Logic::if",
                    "metadata": [
                        {
                            "metaName": "DisplayMode",
                            "metaType": "string",
                            "metaValue": "2"
                        },
                        {
                            "metaName": "LayoutPos",
                            "metaType": "string",
                            "metaValue": "262.461 -140.694"
                        }
                    ]
                }
            ],
            "connections": [
                {
                    "source": ".array",
                    "target": "sort_array1.array"
                },
                {
                    "source": "sort_array1.sorted",
                    "target": "iterate1.sorted"
                },
                {
                    "source": "sort_array1.sorted",
                    "target": "first_in_array.array"
                },
                {
                    "source": "first_in_array.first",
                    "target": "iterate1.last_value"
                },
                {
                    "source": "sort_array1.sorted",
                    "target": "first_in_array1.array"
                },
                {
                    "source": "first_in_array1.first",
                    "target": "build_array.first.first1"
                },
                {
                    "source": "build_array.array",
                    "target": "iterate1.partial_unique_array"
                },
                {
                    "source": ".array",
                    "target": "array_is_empty.array"
                },
                {
                    "source": "array_is_empty.empty",
                    "target": "if.condition"
                },
                {
                    "source": ".array",
                    "target": "if.true_case"
                },
                {
                    "source": "iterate1.unique_array",
                    "target": "if.false_case"
                },
                {
                    "source": "if.output",
                    "target": ".unique_array"
                }
            ],
            "values": []
        }
    ]
}