{
    "header": {
        "metadata": [
            {
                "metaName": "adskFileFormatVersion",
                "metaValue": "100L"
            }
        ]
    },
    "dependencies": [
        {
            "uri": "file:///bifrost_object_i.json"
        },
        {
            "uri": "file:///Math_types.json"
        },
        {
            "uri": "file:///Math_bool.json"
        },
        {
            "uri": "file:///Math_conversion.json"
        },
        {
            "uri": "file:///Math_float.json"
        },
        {
            "uri": "file:///Math_double.json"
        },
        {
            "uri": "file:///Math_long.json"
        },
        {
            "uri": "file:///Math_char.json"
        },
        {
            "uri": "file:///Math_int.json"
        },
        {
            "uri": "file:///Math_short.json"
        },
        {
            "uri": "file:///Math_uchar.json"
        },
        {
            "uri": "file:///Math_uint.json"
        },
        {
            "uri": "file:///Math_ulong.json"
        },
        {
            "uri": "file:///Math_ushort.json"
        },
        {
            "uri": "file:///riv_types.json"
        },
        {
            "uri": "file:///point_types.json"
        },
        {
            "uri": "file:///FCurve.json"
        },
        {
            "uri": "file:///riv_ops.json"
        },
        {
            "uri": "file:///geometry_types.json"
        },
        {
            "uri": "file:///bifrost_geometry_query_types.json"
        },
        {
            "uri": "file:///get_indexer_element.json"
        },
        {
            "uri": "file:///math_util.json"
        },
        {
            "uri": "file:///get_loc_element.json"
        },
        {
            "uri": "file:///invalid_index.json"
        },
        {
            "uri": "file:///get_mesh_geo_loc_data.json"
        },
        {
            "uri": "file:///Math_constants.json"
        },
        {
            "uri": "file:///max_weight.json"
        },
        {
            "uri": "file:///mesh_v_interp.json"
        },
        {
            "uri": "file:///CoreArrayOps.json"
        },
        {
            "uri": "file:///get_property_any.json"
        },
        {
            "uri": "file:///get_property.json"
        },
        {
            "uri": "file:///get_geo_property.json"
        },
        {
            "uri": "file:///create_object_from_schema.json"
        },
        {
            "uri": "file:///is_a.json"
        },
        {
            "uri": "file:///is_a_range_geo_property.json"
        },
        {
            "uri": "file:///get_range_geo_property.json"
        },
        {
            "uri": "file:///mesh_fv_interp.json"
        },
        {
            "uri": "file:///mesh_f_interp.json"
        },
        {
            "uri": "file:///Core_Array_empty_array.json"
        },
        {
            "uri": "file:///choose_mesh_values.json"
        },
        {
            "uri": "file:///get_sub_object.json"
        },
        {
            "uri": "file:///get_point_count.json"
        },
        {
            "uri": "file:///get_geo_component_count.json"
        },
        {
            "uri": "file:///get_mesh_structure.json"
        },
        {
            "uri": "file:///has_property.json"
        },
        {
            "uri": "file:///get_point_geo_loc_data.json"
        },
        {
            "uri": "file:///point_p_interp.json"
        },
        {
            "uri": "file:///sample_volume_property.json"
        },
        {
            "uri": "file:///get_strands_structure.json"
        },
        {
            "uri": "file:///get_strand_geo_loc_data.json"
        },
        {
            "uri": "file:///Core_Constants_default_value.json"
        },
        {
            "uri": "file:///strand_p_interp.json"
        },
        {
            "uri": "file:///strand_s_interp.json"
        },
        {
            "uri": "file:///choose_strand_values.json"
        },
        {
            "uri": "file:///get_geo_schema_type.json"
        },
        {
            "uri": "file:///switch_is_a.json"
        },
        {
            "uri": "file:///sample_property.json"
        },
        {
            "uri": "file:///build_closest_accelerator.json"
        },
        {
            "uri": "file:///sample_closest_accelerator.json"
        },
        {
            "uri": "file:///get_closest_locations.json"
        },
        {
            "uri": "file:///add_points_to_points.json"
        },
        {
            "uri": "file:///validate_points.json"
        },
        {
            "uri": "file:///construct_points.json"
        },
        {
            "uri": "file:///set_property_any.json"
        },
        {
            "uri": "file:///set_property.json"
        },
        {
            "uri": "file:///get_property_keys.json"
        },
        {
            "uri": "file:///is_empty.json"
        },
        {
            "uri": "file:///materials.json"
        },
        {
            "uri": "file:///erase_property.json"
        },
        {
            "uri": "file:///set_point_shape.json"
        },
        {
            "uri": "file:///delete_points_in_points.json"
        },
        {
            "uri": "file:///delete_points.json"
        },
        {
            "uri": "file:///find_all_in_array.json"
        },
        {
            "uri": "file:///get_geo_property_check.json"
        },
        {
            "uri": "file:///Core_Array_array_bounds_impl.json"
        },
        {
            "uri": "file:///Core_Array_array_bounds.json"
        },
        {
            "uri": "file:///get_point_position.json"
        },
        {
            "uri": "file:///CoreStringOps.json"
        },
        {
            "uri": "file:///string_to_array.json"
        },
        {
            "uri": "file:///increment_decrement.json"
        },
        {
            "uri": "file:///jotun_rand.json"
        },
        {
            "uri": "file:///fluids_types.json"
        },
        {
            "uri": "file:///volume_types.json"
        },
        {
            "uri": "file:///fluids_nodedefs.json"
        },
        {
            "uri": "file:///random_value.json"
        },
        {
            "uri": "file:///Math_array.json"
        },
        {
            "uri": "file:///Math_vector4_to_vector3.json"
        },
        {
            "uri": "file:///create_volume_geo_prop.json"
        },
        {
            "uri": "file:///is_a_mesh.json"
        },
        {
            "uri": "file:///is_a_strands.json"
        },
        {
            "uri": "file:///is_a_points.json"
        },
        {
            "uri": "file:///is_a_volume.json"
        },
        {
            "uri": "file:///get_target_component.json"
        },
        {
            "uri": "file:///create_data_geo_prop.json"
        },
        {
            "uri": "file:///set_geo_property.array.json"
        },
        {
            "uri": "file:///set_geo_property.scalar.json"
        },
        {
            "uri": "file:///cumulative_sum_array.json"
        },
        {
            "uri": "file:///access_offset_array.json"
        },
        {
            "uri": "file:///update_point_strand_index.json"
        },
        {
            "uri": "file:///int_filter.json"
        },
        {
            "uri": "file:///get_array_indices.json"
        },
        {
            "uri": "file:///check_point_strand_index.json"
        },
        {
            "uri": "file:///update_strands_ratio.json"
        },
        {
            "uri": "file:///int_array_filter.json"
        },
        {
            "uri": "file:///set_geo_property_data.json"
        },
        {
            "uri": "file:///set_point_position.json"
        },
        {
            "uri": "file:///set_sub_object_property.json"
        },
        {
            "uri": "file:///validate_strands.json"
        },
        {
            "uri": "file:///construct_strands.json"
        },
        {
            "uri": "file:///create_strands_from_counts.json"
        },
        {
            "uri": "file:///twice_of.json"
        },
        {
            "uri": "file:///standard_surface_mat.json"
        },
        {
            "uri": "file:///half_of.json"
        },
        {
            "uri": "file:///Math_change_range.json"
        },
        {
            "uri": "file:///change_range.json"
        },
        {
            "uri": "file:///set_strands_shape.json"
        },
        {
            "uri": "file:///Arnold_enums.json"
        },
        {
            "uri": "file:///set_Arnold_parameter.json"
        },
        {
            "uri": "file:///Arnold_ray_types.json"
        },
        {
            "uri": "file:///Arnold_ray_bitmask.json"
        },
        {
            "uri": "file:///validate_mesh.json"
        },
        {
            "uri": "file:///set_Arnold_geo_settings.json"
        },
        {
            "uri": "file:///set_Arnold_strands_settings.json"
        },
        {
            "uri": "file:///create_arrow_strands.json"
        },
        {
            "uri": "file:///Core_Array_array_is_empty.json"
        },
        {
            "uri": "file:///point_scope.json"
        },
        {
            "uri": "file:///get_point_normal.json"
        },
        {
            "uri": "file:///AxB.json"
        },
        {
            "uri": "file:///push_along_normals.json"
        },
        {
            "uri": "file:///object_terminal.json"
        }
    ],
    "namespaces": [],
    "types": [],
    "compounds": [
        {
            "name": "mega_pint_1::Compounds::collect_points_to_property",
            "uriImported": "stream:/stream",
            "metadata": [
                {
                    "metaName": "io_nodes",
                    "metadata": [
                        {
                            "metaName": "io_inodes",
                            "metadata": [
                                {
                                    "metaName": "input",
                                    "metadata": [
                                        {
                                            "metaName": "DisplayMode",
                                            "metaType": "string",
                                            "metaValue": "2"
                                        },
                                        {
                                            "metaName": "LayoutPos",
                                            "metaType": "string",
                                            "metaValue": "-973.246 -207.702"
                                        },
                                        {
                                            "metaName": "io_ports",
                                            "metadata": [
                                                {
                                                    "metaName": "source_geo"
                                                },
                                                {
                                                    "metaName": "collect_mesh"
                                                },
                                                {
                                                    "metaName": "invert_collection"
                                                },
                                                {
                                                    "metaName": "padding"
                                                }
                                            ]
                                        }
                                    ]
                                },
                                {
                                    "metaName": "input1",
                                    "metadata": [
                                        {
                                            "metaName": "DisplayMode",
                                            "metaType": "string",
                                            "metaValue": "2"
                                        },
                                        {
                                            "metaName": "io_ports",
                                            "metadata": [
                                                {
                                                    "metaName": "feather"
                                                }
                                            ]
                                        },
                                        {
                                            "metaName": "LayoutPos",
                                            "metaType": "string",
                                            "metaValue": "465.39 489.206"
                                        }
                                    ]
                                },
                                {
                                    "metaName": "input2",
                                    "metadata": [
                                        {
                                            "metaName": "DisplayMode",
                                            "metaType": "string",
                                            "metaValue": "2"
                                        },
                                        {
                                            "metaName": "io_ports",
                                            "metadata": [
                                                {
                                                    "metaName": "property"
                                                },
                                                {
                                                    "metaName": "set_as_v3"
                                                }
                                            ]
                                        },
                                        {
                                            "metaName": "LayoutPos",
                                            "metaType": "string",
                                            "metaValue": "948.119 -1069.99"
                                        }
                                    ]
                                },
                                {
                                    "metaName": "input3",
                                    "metadata": [
                                        {
                                            "metaName": "DisplayMode",
                                            "metaType": "string",
                                            "metaValue": "2"
                                        },
                                        {
                                            "metaName": "LayoutPos",
                                            "metaType": "string",
                                            "metaValue": "2273.78 -212.767"
                                        },
                                        {
                                            "metaName": "io_ports",
                                            "metadata": [
                                                {
                                                    "metaName": "debug_size"
                                                }
                                            ]
                                        }
                                    ]
                                }
                            ]
                        },
                        {
                            "metaName": "io_onodes",
                            "metadata": [
                                {
                                    "metaName": "output",
                                    "metadata": [
                                        {
                                            "metaName": "DisplayMode",
                                            "metaType": "string",
                                            "metaValue": "2"
                                        },
                                        {
                                            "metaName": "LayoutPos",
                                            "metaType": "string",
                                            "metaValue": "2110.86 -878.674"
                                        },
                                        {
                                            "metaName": "io_ports",
                                            "metadata": [
                                                {
                                                    "metaName": "out_geo"
                                                }
                                            ]
                                        }
                                    ]
                                }
                            ]
                        }
                    ]
                },
                {
                    "metaName": "icon",
                    "metaType": "string",
                    "metaValue": "icons/rebelPackExperimental.svg"
                },
                {
                    "metaName": "ViewportRect",
                    "metaType": "string",
                    "metaValue": "117.721 -622.3 3162.21 750.601"
                },
                {
                    "metaName": "_recentNode_",
                    "metaType": "string",
                    "metaValue": "input"
                },
                {
                    "metaName": "_recentNode_",
                    "metaType": "string",
                    "metaValue": "BifrostGraph,Core::Conversion,scalar_to_vector3"
                },
                {
                    "metaName": "_recentNode_",
                    "metaType": "string",
                    "metaValue": "BifrostGraph,Core::Graph,pass"
                },
                {
                    "metaName": "_recentNode_",
                    "metaType": "string",
                    "metaValue": "BifrostGraph,Core::Logic,if"
                },
                {
                    "metaName": "_recentNode_",
                    "metaType": "string",
                    "metaValue": "BifrostGraph,Core::Array,set_in_array"
                },
                {
                    "metaName": "DisplayMode",
                    "metaType": "string",
                    "metaValue": "2"
                },
                {
                    "metaName": "LayoutPos",
                    "metaType": "string",
                    "metaValue": "-404.881 -75.4361"
                },
                {
                    "metaName": "UILayout",
                    "metaType": "string",
                    "metaValue": "{\n    \"NodeLayout\": {\n        \"hideUndeclaredPorts\": false,\n        \"items\": [\n            {\n                \"port\": \"source_geo\"\n            },\n            {\n                \"port\": \"collect_mesh\"\n            },\n            {\n                \"expanded\": true,\n                \"group\": \"Collection\",\n                \"items\": [\n                    {\n                        \"port\": \"point_collection\"\n                    }\n                ]\n            },\n            {\n                \"expanded\": false,\n                \"group\": \"Settings\",\n                \"items\": [\n                    {\n                        \"port\": \"property\"\n                    },\n                    {\n                        \"port\": \"point_property\"\n                    },\n                    {\n                        \"port\": \"padding\"\n                    },\n                    {\n                        \"port\": \"feather\"\n                    },\n                    {\n                        \"port\": \"invert_collection\"\n                    },\n                    {\n                        \"port\": \"set_as_v3\"\n                    },\n                    {\n                        \"port\": \"debug_size\"\n                    }\n                ]\n            }\n        ]\n    }\n}\n"
                },
                {
                    "metaName": "PortExpandedState",
                    "metadata": [
                        {
                            "metaName": "Collection",
                            "metaType": "string",
                            "metaValue": "1"
                        },
                        {
                            "metaName": "Settings",
                            "metaType": "string",
                            "metaValue": "0"
                        }
                    ]
                }
            ],
            "ports": [
                {
                    "portName": "source_geo",
                    "portDirection": "input",
                    "portType": "Amino::Object"
                },
                {
                    "portName": "collect_mesh",
                    "portDirection": "input",
                    "portType": "Amino::Object"
                },
                {
                    "portName": "invert_collection",
                    "portDirection": "input",
                    "portType": "bool",
                    "portDefault": "false"
                },
                {
                    "portName": "padding",
                    "portDirection": "input",
                    "portType": "float",
                    "portDefault": "0f"
                },
                {
                    "portName": "feather",
                    "portDirection": "input",
                    "portType": "float",
                    "portDefault": "0.5f"
                },
                {
                    "portName": "property",
                    "portDirection": "input",
                    "portType": "string",
                    "portDefault": "mask"
                },
                {
                    "portName": "set_as_v3",
                    "portDirection": "input",
                    "portType": "bool",
                    "portDefault": "false"
                },
                {
                    "portName": "out_geo",
                    "portDirection": "output",
                    "portType": "Amino::Object"
                },
                {
                    "portName": "debug_size",
                    "portDirection": "input",
                    "portType": "float",
                    "portDefault": "0.0500000007f"
                }
            ],
            "compounds": [
                {
                    "name": "point_array_in_mesh",
                    "uriImported": "stream:/stream",
                    "metadata": [
                        {
                            "metaName": "io_nodes",
                            "metadata": [
                                {
                                    "metaName": "io_inodes",
                                    "metadata": [
                                        {
                                            "metaName": "input",
                                            "metadata": [
                                                {
                                                    "metaName": "DisplayMode",
                                                    "metaType": "string",
                                                    "metaValue": "2"
                                                },
                                                {
                                                    "metaName": "LayoutPos",
                                                    "metaType": "string",
                                                    "metaValue": "-1790.63 -511.864"
                                                },
                                                {
                                                    "metaName": "io_ports",
                                                    "metadata": [
                                                        {
                                                            "metaName": "invert"
                                                        },
                                                        {
                                                            "metaName": "mesh"
                                                        },
                                                        {
                                                            "metaName": "points"
                                                        },
                                                        {
                                                            "metaName": "padding"
                                                        }
                                                    ]
                                                }
                                            ]
                                        }
                                    ]
                                },
                                {
                                    "metaName": "io_onodes",
                                    "metadata": [
                                        {
                                            "metaName": "output",
                                            "metadata": [
                                                {
                                                    "metaName": "DisplayMode",
                                                    "metaType": "string",
                                                    "metaValue": "2"
                                                },
                                                {
                                                    "metaName": "io_ports",
                                                    "metadata": [
                                                        {
                                                            "metaName": "out_indices"
                                                        },
                                                        {
                                                            "metaName": "dx"
                                                        }
                                                    ]
                                                },
                                                {
                                                    "metaName": "LayoutPos",
                                                    "metaType": "string",
                                                    "metaValue": "520.986 -83.7473"
                                                }
                                            ]
                                        }
                                    ]
                                }
                            ]
                        },
                        {
                            "metaName": "_recentNode_",
                            "metaType": "string",
                            "metaValue": "BifrostGraph,Geometry::Query,get_closest_locations"
                        },
                        {
                            "metaName": "_recentNode_",
                            "metaType": "string",
                            "metaValue": "BifrostBoard,Core::Math,add"
                        },
                        {
                            "metaName": "_recentNode_",
                            "metaType": "string",
                            "metaValue": "BifrostBoard,Core::Math,negate"
                        },
                        {
                            "metaName": "_recentNode_",
                            "metaType": "string",
                            "metaValue": "BifrostBoard,Core::Math,multiply"
                        },
                        {
                            "metaName": "_recentNode_",
                            "metaType": "string",
                            "metaValue": "BifrostBoard,Core::Logic,if"
                        },
                        {
                            "metaName": "ViewportRect",
                            "metaType": "string",
                            "metaValue": "-2042.04 -575.23 3878.66 920.661"
                        }
                    ],
                    "ports": [
                        {
                            "portName": "invert",
                            "portDirection": "input",
                            "portType": "bool"
                        },
                        {
                            "portName": "mesh",
                            "portDirection": "input",
                            "portType": "Amino::Object"
                        },
                        {
                            "portName": "points",
                            "portDirection": "input",
                            "portType": "array<Math::float3>"
                        },
                        {
                            "portName": "out_indices",
                            "portDirection": "output",
                            "portType": "array<long>"
                        },
                        {
                            "portName": "dx",
                            "portDirection": "output"
                        },
                        {
                            "portName": "padding",
                            "portDirection": "input",
                            "portType": "float"
                        }
                    ],
                    "compounds": [
                        {
                            "name": "iterate1",
                            "uriImported": "stream:/stream",
                            "metadata": [
                                {
                                    "metaName": "icon",
                                    "metaType": "string",
                                    "metaValue": "<NATIVE>../icons/LoopIterate.svg"
                                },
                                {
                                    "metaName": "icon",
                                    "metaType": "string",
                                    "metaValue": "<NATIVE>../icons/LoopIterate.svg"
                                },
                                {
                                    "metaName": "icon",
                                    "metaType": "string",
                                    "metaValue": "<NATIVE>../icons/LoopIterate.svg"
                                },
                                {
                                    "metaName": "_recentNode_",
                                    "metaType": "string",
                                    "metaValue": "BifrostBoard,Core::Math,absolute_value"
                                },
                                {
                                    "metaName": "_recentNode_",
                                    "metaType": "string",
                                    "metaValue": "BifrostBoard,Conversion,convert_to_long"
                                },
                                {
                                    "metaName": "_recentNode_",
                                    "metaType": "string",
                                    "metaValue": "BifrostBoard,Core,if"
                                },
                                {
                                    "metaName": "_recentNode_",
                                    "metaType": "string",
                                    "metaValue": "BifrostBoard,Math,not"
                                },
                                {
                                    "metaName": "_recentNode_",
                                    "metaType": "string",
                                    "metaValue": "BifrostBoard,Conversion,convert_to_unsigned_int"
                                },
                                {
                                    "metaName": "io_nodes",
                                    "metadata": [
                                        {
                                            "metaName": "io_inodes",
                                            "metadata": [
                                                {
                                                    "metaName": "input",
                                                    "metadata": [
                                                        {
                                                            "metaName": "io_ports",
                                                            "metadata": [
                                                                {
                                                                    "metaName": "current_index"
                                                                },
                                                                {
                                                                    "metaName": "normal"
                                                                },
                                                                {
                                                                    "metaName": "ixpoints"
                                                                },
                                                                {
                                                                    "metaName": "invert"
                                                                },
                                                                {
                                                                    "metaName": "dx"
                                                                }
                                                            ]
                                                        },
                                                        {
                                                            "metaName": "DisplayMode",
                                                            "metaType": "string",
                                                            "metaValue": "2"
                                                        },
                                                        {
                                                            "metaName": "LayoutPos",
                                                            "metaType": "string",
                                                            "metaValue": "-1180.7 -156.114"
                                                        }
                                                    ]
                                                }
                                            ]
                                        },
                                        {
                                            "metaName": "io_onodes",
                                            "metadata": [
                                                {
                                                    "metaName": "output",
                                                    "metadata": [
                                                        {
                                                            "metaName": "io_ports",
                                                            "metadata": [
                                                                {
                                                                    "metaName": "out_ixpoints"
                                                                }
                                                            ]
                                                        },
                                                        {
                                                            "metaName": "DisplayMode",
                                                            "metaType": "string",
                                                            "metaValue": "2"
                                                        },
                                                        {
                                                            "metaName": "LayoutPos",
                                                            "metaType": "string",
                                                            "metaValue": "530 -60.5"
                                                        }
                                                    ]
                                                }
                                            ]
                                        }
                                    ]
                                },
                                {
                                    "metaName": "ViewportRect",
                                    "metaType": "string",
                                    "metaValue": "-1657.07 -611.167 2804.16 665.612"
                                }
                            ],
                            "ports": [
                                {
                                    "portName": "current_index",
                                    "portDirection": "input",
                                    "portType": "long",
                                    "portIterationCounter": "true"
                                },
                                {
                                    "portName": "normal",
                                    "portDirection": "input",
                                    "portType": "array<Math::float3>",
                                    "portIterationTarget": "true"
                                },
                                {
                                    "portName": "ixpoints",
                                    "portDirection": "input",
                                    "portType": "array<long>"
                                },
                                {
                                    "portName": "invert",
                                    "portDirection": "input",
                                    "portType": "bool"
                                },
                                {
                                    "portName": "dx",
                                    "portDirection": "input",
                                    "portIterationTarget": "true"
                                },
                                {
                                    "portName": "out_ixpoints",
                                    "portDirection": "output",
                                    "portType": "array<long>"
                                }
                            ],
                            "compoundNodes": [
                                {
                                    "nodeName": "lessOrEqual",
                                    "nodeType": "Core::Logic::less_or_equal",
                                    "metadata": [
                                        {
                                            "metaName": "DisplayMode",
                                            "metaType": "string",
                                            "metaValue": "2"
                                        },
                                        {
                                            "metaName": "LayoutPos",
                                            "metaType": "string",
                                            "metaValue": "-406.283 -504.731"
                                        }
                                    ]
                                },
                                {
                                    "nodeName": "if",
                                    "nodeType": "Core::Logic::if",
                                    "metadata": [
                                        {
                                            "metaName": "DisplayMode",
                                            "metaType": "string",
                                            "metaValue": "2"
                                        },
                                        {
                                            "metaName": "LayoutPos",
                                            "metaType": "string",
                                            "metaValue": "673.654 28.2456"
                                        }
                                    ]
                                },
                                {
                                    "nodeName": "build_array",
                                    "nodeType": "Core::Array::build_array",
                                    "multiInPortNames": [
                                        "port",
                                        "current_index"
                                    ],
                                    "metadata": [
                                        {
                                            "metaName": "DisplayMode",
                                            "metaType": "string",
                                            "metaValue": "2"
                                        },
                                        {
                                            "metaName": "LayoutPos",
                                            "metaType": "string",
                                            "metaValue": "145.397 -249.626"
                                        }
                                    ]
                                },
                                {
                                    "nodeName": "not",
                                    "nodeType": "Core::Logic::not",
                                    "metadata": [
                                        {
                                            "metaName": "DisplayMode",
                                            "metaType": "string",
                                            "metaValue": "2"
                                        },
                                        {
                                            "metaName": "LayoutPos",
                                            "metaType": "string",
                                            "metaValue": "-121.336 -644.409"
                                        }
                                    ]
                                },
                                {
                                    "nodeName": "if1",
                                    "nodeType": "Core::Logic::if",
                                    "metadata": [
                                        {
                                            "metaName": "DisplayMode",
                                            "metaType": "string",
                                            "metaValue": "2"
                                        },
                                        {
                                            "metaName": "LayoutPos",
                                            "metaType": "string",
                                            "metaValue": "177.469 -474.228"
                                        }
                                    ]
                                },
                                {
                                    "nodeName": "convert_to_long",
                                    "nodeType": "Core::Type_Conversion::to_long",
                                    "metadata": [
                                        {
                                            "metaName": "DisplayMode",
                                            "metaType": "string",
                                            "metaValue": "2"
                                        },
                                        {
                                            "metaName": "LayoutPos",
                                            "metaType": "string",
                                            "metaValue": "-103.654 -115.369"
                                        }
                                    ]
                                },
                                {
                                    "nodeName": "dot",
                                    "nodeType": "Core::Math::dot",
                                    "metadata": [
                                        {
                                            "metaName": "DisplayMode",
                                            "metaType": "string",
                                            "metaValue": "2"
                                        },
                                        {
                                            "metaName": "LayoutPos",
                                            "metaType": "string",
                                            "metaValue": "-734.997 -356.227"
                                        }
                                    ]
                                }
                            ],
                            "connections": [
                                {
                                    "source": "lessOrEqual.output",
                                    "target": "not.value"
                                },
                                {
                                    "source": "lessOrEqual.output",
                                    "target": "if1.false_case"
                                },
                                {
                                    "source": "if.output",
                                    "target": ".out_ixpoints"
                                },
                                {
                                    "source": "build_array.array",
                                    "target": "if.true_case"
                                },
                                {
                                    "source": "not.output",
                                    "target": "if1.true_case"
                                },
                                {
                                    "source": "if1.output",
                                    "target": "if.condition"
                                },
                                {
                                    "source": "convert_to_long.long",
                                    "target": "build_array.first.current_index"
                                },
                                {
                                    "source": "dot.dot_product",
                                    "target": "lessOrEqual.first"
                                },
                                {
                                    "source": ".current_index",
                                    "target": "convert_to_long.from"
                                },
                                {
                                    "source": ".normal",
                                    "target": "dot.first"
                                },
                                {
                                    "source": ".ixpoints",
                                    "target": "build_array.first.port"
                                },
                                {
                                    "source": ".ixpoints",
                                    "target": "if.false_case"
                                },
                                {
                                    "source": ".invert",
                                    "target": "if1.condition"
                                },
                                {
                                    "source": ".dx",
                                    "target": "dot.second"
                                }
                            ],
                            "values": [],
                            "reservedNodeNames": [
                                {
                                    "name": "input"
                                },
                                {
                                    "name": "output"
                                }
                            ],
                            "iterateCompound": {
                                "ports": [
                                    {
                                        "portKind": "state",
                                        "inputPortName": "ixpoints",
                                        "outputPortName": "out_ixpoints"
                                    }
                                ]
                            }
                        }
                    ],
                    "compoundNodes": [
                        {
                            "nodeName": "iterate1",
                            "nodeType": "iterate1",
                            "metadata": [
                                {
                                    "metaName": "DisplayMode",
                                    "metaType": "string",
                                    "metaValue": "2"
                                },
                                {
                                    "metaName": "LayoutPos",
                                    "metaType": "string",
                                    "metaValue": "221.118 -427.948"
                                }
                            ]
                        },
                        {
                            "nodeName": "value",
                            "valueType": "Math::float3",
                            "metadata": [
                                {
                                    "metaName": "DisplayMode",
                                    "metaType": "string",
                                    "metaValue": "2"
                                },
                                {
                                    "metaName": "valuenode_defaultvalue",
                                    "metaType": "string",
                                    "metaValue": "0"
                                },
                                {
                                    "metaName": "valuenode_defaultvalue",
                                    "metaType": "string",
                                    "metaValue": "0"
                                },
                                {
                                    "metaName": "valuenode_defaultvalue",
                                    "metaType": "string",
                                    "metaValue": "0"
                                },
                                {
                                    "metaName": "LayoutPos",
                                    "metaType": "string",
                                    "metaValue": "-701.346 -174.064"
                                }
                            ]
                        },
                        {
                            "nodeName": "subtract1",
                            "nodeType": "Core::Math::subtract",
                            "multiInPortNames": [
                                "points",
                                "value"
                            ],
                            "metadata": [
                                {
                                    "metaName": "DisplayMode",
                                    "metaType": "string",
                                    "metaValue": "2"
                                },
                                {
                                    "metaName": "LayoutPos",
                                    "metaType": "string",
                                    "metaValue": "-61.7223 -58.1766"
                                }
                            ]
                        },
                        {
                            "nodeName": "sample_property1",
                            "nodeType": "Geometry::Query::sample_property",
                            "metadata": [
                                {
                                    "metaName": "DisplayMode",
                                    "metaType": "string",
                                    "metaValue": "2"
                                },
                                {
                                    "metaName": "LayoutPos",
                                    "metaType": "string",
                                    "metaValue": "-437.101 70.309"
                                }
                            ]
                        },
                        {
                            "nodeName": "get_closest_locations",
                            "nodeType": "Geometry::Query::get_closest_locations",
                            "metadata": [
                                {
                                    "metaName": "DisplayMode",
                                    "metaType": "string",
                                    "metaValue": "2"
                                },
                                {
                                    "metaName": "LayoutPos",
                                    "metaType": "string",
                                    "metaValue": "-1388.88 -482.481"
                                }
                            ]
                        },
                        {
                            "nodeName": "sample_property",
                            "nodeType": "Geometry::Query::sample_property",
                            "metadata": [
                                {
                                    "metaName": "DisplayMode",
                                    "metaType": "string",
                                    "metaValue": "2"
                                },
                                {
                                    "metaName": "LayoutPos",
                                    "metaType": "string",
                                    "metaValue": "-422.461 -561.11"
                                }
                            ]
                        }
                    ],
                    "connections": [
                        {
                            "source": "iterate1.out_ixpoints",
                            "target": ".out_indices"
                        },
                        {
                            "source": "value.output",
                            "target": "sample_property1.default"
                        },
                        {
                            "source": "sample_property1.sampled_data",
                            "target": "subtract1.first.value"
                        },
                        {
                            "source": ".invert",
                            "target": "iterate1.invert"
                        },
                        {
                            "source": ".mesh",
                            "target": "sample_property1.geometry"
                        },
                        {
                            "source": ".mesh",
                            "target": "get_closest_locations.geometry"
                        },
                        {
                            "source": ".points",
                            "target": "get_closest_locations.positions"
                        },
                        {
                            "source": "get_closest_locations.locations",
                            "target": "sample_property1.locations"
                        },
                        {
                            "source": "subtract1.output",
                            "target": ".dx"
                        },
                        {
                            "source": "subtract1.output",
                            "target": "iterate1.dx"
                        },
                        {
                            "source": ".points",
                            "target": "subtract1.first.points"
                        },
                        {
                            "source": ".mesh",
                            "target": "sample_property.geometry"
                        },
                        {
                            "source": "get_closest_locations.locations",
                            "target": "sample_property.locations"
                        },
                        {
                            "source": "value.output",
                            "target": "sample_property.default"
                        },
                        {
                            "source": "sample_property.sampled_data",
                            "target": "iterate1.normal"
                        }
                    ],
                    "values": [
                        {
                            "valueName": "iterate1.invert",
                            "valueType": "bool",
                            "value": "true"
                        },
                        {
                            "valueName": "value.value",
                            "valueType": "Math::float3",
                            "value": {
                                "x": "0f",
                                "y": "0f",
                                "z": "0f"
                            }
                        },
                        {
                            "valueName": "sample_property1.property",
                            "valueType": "string",
                            "value": "point_position"
                        },
                        {
                            "valueName": "sample_property1.method",
                            "valueType": "BifrostExp::Geometry::SampleMethod",
                            "value": "interpolated"
                        },
                        {
                            "valueName": "get_closest_locations.use_cutoff_distance",
                            "valueType": "bool",
                            "value": "false"
                        },
                        {
                            "valueName": "sample_property.property",
                            "valueType": "string",
                            "value": "point_normal"
                        },
                        {
                            "valueName": "sample_property.method",
                            "valueType": "BifrostExp::Geometry::SampleMethod",
                            "value": "interpolated"
                        }
                    ],
                    "reservedNodeNames": [
                        {
                            "name": "input"
                        },
                        {
                            "name": "output"
                        }
                    ]
                }
            ],
            "compoundNodes": [
                {
                    "nodeName": "point_array_in_mesh",
                    "nodeType": "point_array_in_mesh",
                    "metadata": [
                        {
                            "metaName": "DisplayMode",
                            "metaType": "string",
                            "metaValue": "2"
                        },
                        {
                            "metaName": "LayoutPos",
                            "metaType": "string",
                            "metaValue": "-168.253 -327"
                        }
                    ]
                },
                {
                    "nodeName": "get_from_array",
                    "nodeType": "Core::Array::get_from_array",
                    "metadata": [
                        {
                            "metaName": "DisplayMode",
                            "metaType": "string",
                            "metaValue": "2"
                        },
                        {
                            "metaName": "LayoutPos",
                            "metaType": "string",
                            "metaValue": "401.899 3.50743"
                        }
                    ]
                },
                {
                    "nodeName": "create_point_cloud_from_positions",
                    "nodeType": "Geometry::Points::construct_points",
                    "metadata": [
                        {
                            "metaName": "DisplayMode",
                            "metaType": "string",
                            "metaValue": "2"
                        },
                        {
                            "metaName": "LayoutPos",
                            "metaType": "string",
                            "metaValue": "717.138 3.7918"
                        }
                    ]
                },
                {
                    "nodeName": "point_scope",
                    "nodeType": "Diagnostic::Display::point_scope",
                    "metadata": [
                        {
                            "metaName": "DisplayMode",
                            "metaType": "string",
                            "metaValue": "2"
                        },
                        {
                            "metaName": "LayoutPos",
                            "metaType": "string",
                            "metaValue": "2689.18 -117.382"
                        },
                        {
                            "metaName": "PortExpandedState",
                            "metadata": [
                                {
                                    "metaName": "Color",
                                    "metaType": "string",
                                    "metaValue": "1"
                                },
                                {
                                    "metaName": "Point Shape",
                                    "metaType": "string",
                                    "metaValue": "1"
                                }
                            ]
                        }
                    ]
                },
                {
                    "nodeName": "length",
                    "nodeType": "Core::Math::length",
                    "metadata": [
                        {
                            "metaName": "DisplayMode",
                            "metaType": "string",
                            "metaValue": "2"
                        },
                        {
                            "metaName": "LayoutPos",
                            "metaType": "string",
                            "metaValue": "181.848 170.487"
                        }
                    ]
                },
                {
                    "nodeName": "get_from_array1",
                    "nodeType": "Core::Array::get_from_array",
                    "metadata": [
                        {
                            "metaName": "DisplayMode",
                            "metaType": "string",
                            "metaValue": "2"
                        },
                        {
                            "metaName": "LayoutPos",
                            "metaType": "string",
                            "metaValue": "459.235 278.714"
                        }
                    ]
                },
                {
                    "nodeName": "set_geo_property",
                    "nodeType": "Geometry::Properties::set_geo_property",
                    "metadata": [
                        {
                            "metaName": "DisplayMode",
                            "metaType": "string",
                            "metaValue": "2"
                        },
                        {
                            "metaName": "LayoutPos",
                            "metaType": "string",
                            "metaValue": "2280.24 -18.4866"
                        }
                    ]
                },
                {
                    "nodeName": "scalar_to_vector3",
                    "nodeType": "Core::Conversion::scalar_to_vector3",
                    "metadata": [
                        {
                            "metaName": "DisplayMode",
                            "metaType": "string",
                            "metaValue": "2"
                        },
                        {
                            "metaName": "LayoutPos",
                            "metaType": "string",
                            "metaValue": "2002.01 191.449"
                        }
                    ]
                },
                {
                    "nodeName": "pass",
                    "nodeType": "Core::Graph::pass",
                    "metadata": [
                        {
                            "metaName": "DisplayMode",
                            "metaType": "string",
                            "metaValue": "2"
                        },
                        {
                            "metaName": "LayoutPos",
                            "metaType": "string",
                            "metaValue": "1723.79 220.906"
                        }
                    ]
                },
                {
                    "nodeName": "divide",
                    "nodeType": "Core::Math::divide",
                    "multiInPortNames": [
                        "value",
                        "output1"
                    ],
                    "metadata": [
                        {
                            "metaName": "DisplayMode",
                            "metaType": "string",
                            "metaValue": "2"
                        },
                        {
                            "metaName": "LayoutPos",
                            "metaType": "string",
                            "metaValue": "777.107 290.566"
                        }
                    ]
                },
                {
                    "nodeName": "if",
                    "nodeType": "Core::Logic::if",
                    "metadata": [
                        {
                            "metaName": "DisplayMode",
                            "metaType": "string",
                            "metaValue": "2"
                        },
                        {
                            "metaName": "LayoutPos",
                            "metaType": "string",
                            "metaValue": "1259.66 239.895"
                        }
                    ]
                },
                {
                    "nodeName": "greater",
                    "nodeType": "Core::Logic::greater",
                    "metadata": [
                        {
                            "metaName": "DisplayMode",
                            "metaType": "string",
                            "metaValue": "2"
                        },
                        {
                            "metaName": "LayoutPos",
                            "metaType": "string",
                            "metaValue": "778.388 510.221"
                        }
                    ]
                },
                {
                    "nodeName": "resize_array",
                    "nodeType": "Core::Array::resize_array",
                    "metadata": [
                        {
                            "metaName": "DisplayMode",
                            "metaType": "string",
                            "metaValue": "2"
                        },
                        {
                            "metaName": "LayoutPos",
                            "metaType": "string",
                            "metaValue": "959.706 642.96"
                        }
                    ]
                },
                {
                    "nodeName": "push_along_normals",
                    "nodeType": "User::Compounds::push_along_normals",
                    "metadata": [
                        {
                            "metaName": "DisplayMode",
                            "metaType": "string",
                            "metaValue": "2"
                        },
                        {
                            "metaName": "LayoutPos",
                            "metaType": "string",
                            "metaValue": "-552.677 -165.059"
                        }
                    ]
                },
                {
                    "nodeName": "terminal",
                    "nodeType": "Core::Graph::terminal",
                    "fanInPortNames": {
                        "final": [],
                        "proxy": [],
                        "diagnostic": [
                            "diagnostic_geo"
                        ]
                    },
                    "deactivatedTerminals": [
                        "Core::Graph::terminal::proxy",
                        "Core::Graph::terminal::final"
                    ],
                    "metadata": [
                        {
                            "metaName": "DisplayMode",
                            "metaType": "string",
                            "metaValue": "2"
                        },
                        {
                            "metaName": "LayoutPos",
                            "metaType": "string",
                            "metaValue": "3059.67 -116.872"
                        }
                    ]
                },
                {
                    "nodeName": "get_point_position",
                    "nodeType": "Geometry::Properties::get_point_position",
                    "metadata": [
                        {
                            "metaName": "DisplayMode",
                            "metaType": "string",
                            "metaValue": "2"
                        },
                        {
                            "metaName": "LayoutPos",
                            "metaType": "string",
                            "metaValue": "-503.219 95.1405"
                        }
                    ]
                },
                {
                    "nodeName": "array_size",
                    "nodeType": "Core::Array::array_size",
                    "metadata": [
                        {
                            "metaName": "DisplayMode",
                            "metaType": "string",
                            "metaValue": "2"
                        },
                        {
                            "metaName": "LayoutPos",
                            "metaType": "string",
                            "metaValue": "454.868 685.679"
                        }
                    ]
                },
                {
                    "nodeName": "array_size1",
                    "nodeType": "Core::Array::array_size",
                    "metadata": [
                        {
                            "metaName": "DisplayMode",
                            "metaType": "string",
                            "metaValue": "2"
                        },
                        {
                            "metaName": "LayoutPos",
                            "metaType": "string",
                            "metaValue": "-172.423 -621.857"
                        }
                    ]
                },
                {
                    "nodeName": "resize_array1",
                    "nodeType": "Core::Array::resize_array",
                    "metadata": [
                        {
                            "metaName": "DisplayMode",
                            "metaType": "string",
                            "metaValue": "2"
                        },
                        {
                            "metaName": "LayoutPos",
                            "metaType": "string",
                            "metaValue": "136.25 -666.746"
                        }
                    ]
                },
                {
                    "nodeName": "set_in_array",
                    "nodeType": "Core::Array::set_in_array",
                    "metadata": [
                        {
                            "metaName": "DisplayMode",
                            "metaType": "string",
                            "metaValue": "2"
                        },
                        {
                            "metaName": "LayoutPos",
                            "metaType": "string",
                            "metaValue": "492.149 -542.067"
                        }
                    ]
                },
                {
                    "nodeName": "set_geo_property1",
                    "nodeType": "Geometry::Properties::set_geo_property",
                    "metadata": [
                        {
                            "metaName": "DisplayMode",
                            "metaType": "string",
                            "metaValue": "2"
                        },
                        {
                            "metaName": "LayoutPos",
                            "metaType": "string",
                            "metaValue": "1208.79 -779.09"
                        }
                    ]
                },
                {
                    "nodeName": "if1",
                    "nodeType": "Core::Logic::if",
                    "metadata": [
                        {
                            "metaName": "DisplayMode",
                            "metaType": "string",
                            "metaValue": "2"
                        },
                        {
                            "metaName": "LayoutPos",
                            "metaType": "string",
                            "metaValue": "1673.75 -879.185"
                        }
                    ]
                },
                {
                    "nodeName": "set_geo_property2",
                    "nodeType": "Geometry::Properties::set_geo_property",
                    "metadata": [
                        {
                            "metaName": "DisplayMode",
                            "metaType": "string",
                            "metaValue": "2"
                        },
                        {
                            "metaName": "LayoutPos",
                            "metaType": "string",
                            "metaValue": "1207.17 -525.56"
                        }
                    ]
                },
                {
                    "nodeName": "pass1",
                    "nodeType": "Core::Graph::pass",
                    "metadata": [
                        {
                            "metaName": "DisplayMode",
                            "metaType": "string",
                            "metaValue": "2"
                        },
                        {
                            "metaName": "LayoutPos",
                            "metaType": "string",
                            "metaValue": "795.453 -782.38"
                        }
                    ]
                },
                {
                    "nodeName": "scalar_to_vector4",
                    "nodeType": "Core::Conversion::scalar_to_vector3",
                    "metadata": [
                        {
                            "metaName": "DisplayMode",
                            "metaType": "string",
                            "metaValue": "2"
                        },
                        {
                            "metaName": "LayoutPos",
                            "metaType": "string",
                            "metaValue": "781.22 -587.988"
                        }
                    ]
                }
            ],
            "connections": [
                {
                    "source": "point_array_in_mesh.out_indices",
                    "target": "get_from_array.index"
                },
                {
                    "source": "get_from_array.value",
                    "target": "create_point_cloud_from_positions.point_position"
                },
                {
                    "source": ".invert_collection",
                    "target": "point_array_in_mesh.invert"
                },
                {
                    "source": "point_array_in_mesh.dx",
                    "target": "length.vector"
                },
                {
                    "source": "point_array_in_mesh.out_indices",
                    "target": "get_from_array1.index"
                },
                {
                    "source": "set_geo_property.out_geometry",
                    "target": "point_scope.point_geo"
                },
                {
                    "source": "scalar_to_vector3.vector3",
                    "target": "set_geo_property.data"
                },
                {
                    "source": "pass.output",
                    "target": "scalar_to_vector3.x"
                },
                {
                    "source": "pass.output",
                    "target": "scalar_to_vector3.y"
                },
                {
                    "source": "pass.output",
                    "target": "scalar_to_vector3.z"
                },
                {
                    "source": "get_from_array1.value",
                    "target": "divide.first.value"
                },
                {
                    "source": "greater.output",
                    "target": "if.condition"
                },
                {
                    "source": "divide.output",
                    "target": "if.true_case"
                },
                {
                    "source": "if.output",
                    "target": "pass.input"
                },
                {
                    "source": "resize_array.resized",
                    "target": "if.false_case"
                },
                {
                    "source": "length.length",
                    "target": "get_from_array1.array"
                },
                {
                    "source": ".collect_mesh",
                    "target": "push_along_normals.mesh_in"
                },
                {
                    "source": "push_along_normals.mesh_out",
                    "target": "point_array_in_mesh.mesh"
                },
                {
                    "source": ".padding",
                    "target": "push_along_normals.amount"
                },
                {
                    "source": "point_scope.diagnostic_geo",
                    "target": "terminal.diagnostic.diagnostic_geo"
                },
                {
                    "source": "create_point_cloud_from_positions.points",
                    "target": "set_geo_property.geometry"
                },
                {
                    "source": ".source_geo",
                    "target": "get_point_position.geometry"
                },
                {
                    "source": "get_point_position.point_position",
                    "target": "point_array_in_mesh.points"
                },
                {
                    "source": "get_point_position.point_position",
                    "target": "get_from_array.array"
                },
                {
                    "source": "point_array_in_mesh.out_indices",
                    "target": "array_size.array"
                },
                {
                    "source": "array_size.size",
                    "target": "resize_array.new_size"
                },
                {
                    "source": "get_point_position.point_position",
                    "target": "array_size1.array"
                },
                {
                    "source": "array_size1.size",
                    "target": "resize_array1.new_size"
                },
                {
                    "source": "resize_array1.resized",
                    "target": "set_in_array.array"
                },
                {
                    "source": "point_array_in_mesh.out_indices",
                    "target": "set_in_array.index"
                },
                {
                    "source": "if.output",
                    "target": "set_in_array.value"
                },
                {
                    "source": ".property",
                    "target": "set_geo_property1.property"
                },
                {
                    "source": ".set_as_v3",
                    "target": "if1.condition"
                },
                {
                    "source": ".property",
                    "target": "set_geo_property2.property"
                },
                {
                    "source": ".feather",
                    "target": "divide.first.output1"
                },
                {
                    "source": ".feather",
                    "target": "greater.first"
                },
                {
                    "source": ".source_geo",
                    "target": "pass1.input"
                },
                {
                    "source": "pass1.output",
                    "target": "set_geo_property1.geometry"
                },
                {
                    "source": "pass1.output",
                    "target": "set_geo_property2.geometry"
                },
                {
                    "source": "set_geo_property1.out_geometry",
                    "target": "if1.true_case"
                },
                {
                    "source": "set_geo_property2.out_geometry",
                    "target": "if1.false_case"
                },
                {
                    "source": "set_in_array.out_array",
                    "target": "set_geo_property2.data"
                },
                {
                    "source": "set_in_array.out_array",
                    "target": "scalar_to_vector4.x"
                },
                {
                    "source": "set_in_array.out_array",
                    "target": "scalar_to_vector4.y"
                },
                {
                    "source": "set_in_array.out_array",
                    "target": "scalar_to_vector4.z"
                },
                {
                    "source": "scalar_to_vector4.vector3",
                    "target": "set_geo_property1.data"
                },
                {
                    "source": ".debug_size",
                    "target": "point_scope.default_size"
                },
                {
                    "source": "if1.output",
                    "target": ".out_geo"
                }
            ],
            "values": [
                {
                    "valueName": "point_scope.shape",
                    "valueType": "Geometry::PointShapes",
                    "value": "Disk"
                },
                {
                    "valueName": "point_scope.default_size",
                    "valueType": "float",
                    "value": "0.0599999987f"
                },
                {
                    "valueName": "point_scope.coloring_property",
                    "valueType": "string",
                    "value": "distance"
                },
                {
                    "valueName": "point_scope.coloring_mode",
                    "valueType": "Diagnostic::ColoringMode",
                    "value": "Property"
                },
                {
                    "valueName": "point_scope.color",
                    "valueType": "Math::float3",
                    "value": {
                        "x": "0.100000001f",
                        "y": "0.899999976f",
                        "z": "0.100000001f"
                    }
                },
                {
                    "valueName": "point_scope.length_scale",
                    "valueType": "float",
                    "value": "10f"
                },
                {
                    "valueName": "set_geo_property.property",
                    "valueType": "string",
                    "value": "distance"
                },
                {
                    "valueName": "resize_array.default",
                    "valueType": "float",
                    "value": "1f"
                },
                {
                    "valueName": "resize_array1.default",
                    "valueType": "float",
                    "value": "0f"
                },
                {
                    "valueName": "set_geo_property1.target",
                    "valueType": "string",
                    "value": "point_component"
                },
                {
                    "valueName": "set_geo_property2.target",
                    "valueType": "string",
                    "value": "point_component"
                }
            ],
            "reservedNodeNames": [
                {
                    "name": "input"
                },
                {
                    "name": "output"
                },
                {
                    "name": "input1"
                },
                {
                    "name": "input2"
                },
                {
                    "name": "input3"
                }
            ]
        }
    ]
}