{
    "header": {
        "metadata": [
            {
                "metaName": "adskFileFormatVersion",
                "metaValue": "100L"
            }
        ]
    },
    "namespaces": [],
    "types": [
        {
            "enumName": "BPM::rebel_pack_0::Collection::CollectionType",
            "enumMembers": [
                {
                    "enumKey": "Point Collection",
                    "enumValue": "0"
                },
                {
                    "enumKey": "Face Collection",
                    "enumValue": "1"
                },
                {
                    "enumKey": "Edge Collection",
                    "enumValue": "2"
                }
            ]
        }
    ],
    "compounds": []
}