{
    "header": {
        "metadata": [
            {
                "metaName": "adskFileFormatVersion",
                "metaValue": "100L"
            }
        ]
    },
    "dependencies": [
        {
            "uri": "file:///bifrost_object_i.json"
        },
        {
            "uri": "file:///Math_types.json"
        },
        {
            "uri": "file:///bifrost_geometry_query_types.json"
        },
        {
            "uri": "file:///geometry_types.json"
        },
        {
            "uri": "file:///get_property_any.json"
        },
        {
            "uri": "file:///get_property.json"
        },
        {
            "uri": "file:///Math_long.json"
        },
        {
            "uri": "file:///Math_float.json"
        },
        {
            "uri": "file:///Math_double.json"
        },
        {
            "uri": "file:///Math_char.json"
        },
        {
            "uri": "file:///Math_int.json"
        },
        {
            "uri": "file:///Math_short.json"
        },
        {
            "uri": "file:///Math_uchar.json"
        },
        {
            "uri": "file:///Math_uint.json"
        },
        {
            "uri": "file:///Math_ulong.json"
        },
        {
            "uri": "file:///Math_ushort.json"
        },
        {
            "uri": "file:///get_indexer_element.json"
        },
        {
            "uri": "file:///math_util.json"
        },
        {
            "uri": "file:///get_loc_element.json"
        },
        {
            "uri": "file:///invalid_index.json"
        },
        {
            "uri": "file:///get_mesh_geo_loc_data.json"
        },
        {
            "uri": "file:///Math_constants.json"
        },
        {
            "uri": "file:///max_weight.json"
        },
        {
            "uri": "file:///mesh_v_interp.json"
        },
        {
            "uri": "file:///CoreArrayOps.json"
        },
        {
            "uri": "file:///get_geo_property.json"
        },
        {
            "uri": "file:///create_object_from_schema.json"
        },
        {
            "uri": "file:///is_a.json"
        },
        {
            "uri": "file:///is_a_range_geo_property.json"
        },
        {
            "uri": "file:///get_range_geo_property.json"
        },
        {
            "uri": "file:///mesh_fv_interp.json"
        },
        {
            "uri": "file:///mesh_f_interp.json"
        },
        {
            "uri": "file:///Core_Array_empty_array.json"
        },
        {
            "uri": "file:///choose_mesh_values.json"
        },
        {
            "uri": "file:///get_sub_object.json"
        },
        {
            "uri": "file:///get_point_count.json"
        },
        {
            "uri": "file:///get_geo_component_count.json"
        },
        {
            "uri": "file:///get_mesh_structure.json"
        },
        {
            "uri": "file:///Math_bool.json"
        },
        {
            "uri": "file:///has_property.json"
        },
        {
            "uri": "file:///get_point_geo_loc_data.json"
        },
        {
            "uri": "file:///point_p_interp.json"
        },
        {
            "uri": "file:///sample_volume_property.json"
        },
        {
            "uri": "file:///Math_conversion.json"
        },
        {
            "uri": "file:///get_strands_structure.json"
        },
        {
            "uri": "file:///get_strand_geo_loc_data.json"
        },
        {
            "uri": "file:///Core_Constants_default_value.json"
        },
        {
            "uri": "file:///strand_p_interp.json"
        },
        {
            "uri": "file:///strand_s_interp.json"
        },
        {
            "uri": "file:///choose_strand_values.json"
        },
        {
            "uri": "file:///get_geo_schema_type.json"
        },
        {
            "uri": "file:///switch_is_a.json"
        },
        {
            "uri": "file:///sample_property.json"
        },
        {
            "uri": "file:///riv_types.json"
        },
        {
            "uri": "file:///point_types.json"
        },
        {
            "uri": "file:///FCurve.json"
        },
        {
            "uri": "file:///riv_ops.json"
        },
        {
            "uri": "file:///Math_array.json"
        },
        {
            "uri": "file:///AxB.json"
        },
        {
            "uri": "file:///random_value_array_remap.json"
        },
        {
            "uri": "file:///get_point_position.json"
        },
        {
            "uri": "file:///access_offset_array.json"
        },
        {
            "uri": "file:///Core_Array_slice_array.json"
        },
        {
            "uri": "file:///increment_decrement.json"
        },
        {
            "uri": "file:///create_volume_geo_prop.json"
        },
        {
            "uri": "file:///is_a_mesh.json"
        },
        {
            "uri": "file:///is_a_strands.json"
        },
        {
            "uri": "file:///is_a_points.json"
        },
        {
            "uri": "file:///is_a_volume.json"
        },
        {
            "uri": "file:///get_target_component.json"
        },
        {
            "uri": "file:///create_data_geo_prop.json"
        },
        {
            "uri": "file:///set_property_any.json"
        },
        {
            "uri": "file:///set_property.json"
        },
        {
            "uri": "file:///set_geo_property.array.json"
        },
        {
            "uri": "file:///set_geo_property.scalar.json"
        },
        {
            "uri": "file:///strands_length.json"
        },
        {
            "uri": "file:///one_minus_1m.json"
        },
        {
            "uri": "file:///set_point_position.json"
        },
        {
            "uri": "file:///get_points_array_per_hair.json"
        },
        {
            "uri": "file:///flatten_2D_array_constant_subsize.json"
        },
        {
            "uri": "file:///get_hair_mask.json"
        },
        {
            "uri": "file:///get_points_array_per_strand.json"
        },
        {
            "uri": "file:///array_conversion_type.json"
        },
        {
            "uri": "file:///Core_Array_array_bounds_impl.json"
        },
        {
            "uri": "file:///Core_Array_array_bounds.json"
        },
        {
            "uri": "file:///flatten_2D_array.json"
        },
        {
            "uri": "file:///update_strand_length.json"
        }
    ],
    "namespaces": [],
    "types": [],
    "compounds": [
        {
            "name": "hair_0::Hair::scale_hair_modifier",
            "uriImported": "stream:/stream",
            "metadata": [
                {
                    "metaName": "documentation",
                    "metaType": "string",
                    "metaValue": "scale_hair_modifier.md"
                },
                {
                    "metaName": "icon",
                    "metaType": "string",
                    "metaValue": "nice_hair.png"
                },
                {
                    "metaName": "io_nodes",
                    "metadata": [
                        {
                            "metaName": "io_inodes",
                            "metadata": [
                                {
                                    "metaName": "input",
                                    "metadata": [
                                        {
                                            "metaName": "DisplayMode",
                                            "metaType": "string",
                                            "metaValue": "2"
                                        },
                                        {
                                            "metaName": "LayoutPos",
                                            "metaType": "string",
                                            "metaValue": "-1627.85 928.65"
                                        },
                                        {
                                            "metaName": "io_ports",
                                            "metadata": [
                                                {
                                                    "metaName": "hair"
                                                },
                                                {
                                                    "metaName": "base_scale"
                                                },
                                                {
                                                    "metaName": "exponent"
                                                },
                                                {
                                                    "metaName": "use_mask"
                                                }
                                            ]
                                        }
                                    ]
                                },
                                {
                                    "metaName": "input1",
                                    "metadata": [
                                        {
                                            "metaName": "DisplayMode",
                                            "metaType": "string",
                                            "metaValue": "2"
                                        },
                                        {
                                            "metaName": "LayoutPos",
                                            "metaType": "string",
                                            "metaValue": "-666.963 575.406"
                                        },
                                        {
                                            "metaName": "io_ports",
                                            "metadata": [
                                                {
                                                    "metaName": "random_range"
                                                },
                                                {
                                                    "metaName": "seed"
                                                }
                                            ]
                                        }
                                    ]
                                },
                                {
                                    "metaName": "input2",
                                    "metadata": [
                                        {
                                            "metaName": "DisplayMode",
                                            "metaType": "string",
                                            "metaValue": "2"
                                        },
                                        {
                                            "metaName": "LayoutPos",
                                            "metaType": "string",
                                            "metaValue": "691.204 60.4078"
                                        },
                                        {
                                            "metaName": "io_ports",
                                            "metadata": [
                                                {
                                                    "metaName": "random_scale"
                                                },
                                                {
                                                    "metaName": "use_scale_property"
                                                }
                                            ]
                                        }
                                    ]
                                },
                                {
                                    "metaName": "input3",
                                    "metadata": [
                                        {
                                            "metaName": "DisplayMode",
                                            "metaType": "string",
                                            "metaValue": "2"
                                        },
                                        {
                                            "metaName": "LayoutPos",
                                            "metaType": "string",
                                            "metaValue": "-354.191 853.929"
                                        },
                                        {
                                            "metaName": "io_ports",
                                            "metadata": [
                                                {
                                                    "metaName": "source_mesh"
                                                },
                                                {
                                                    "metaName": "scale_property"
                                                },
                                                {
                                                    "metaName": "method"
                                                }
                                            ]
                                        }
                                    ]
                                },
                                {
                                    "metaName": "input4",
                                    "metadata": [
                                        {
                                            "metaName": "DisplayMode",
                                            "metaType": "string",
                                            "metaValue": "2"
                                        },
                                        {
                                            "metaName": "LayoutPos",
                                            "metaType": "string",
                                            "metaValue": "2008.29 143.819"
                                        },
                                        {
                                            "metaName": "io_ports",
                                            "metadata": [
                                                {
                                                    "metaName": "absolute"
                                                },
                                                {
                                                    "metaName": "scale_by_mask"
                                                }
                                            ]
                                        }
                                    ]
                                },
                                {
                                    "metaName": "input5",
                                    "metadata": [
                                        {
                                            "metaName": "DisplayMode",
                                            "metaType": "string",
                                            "metaValue": "2"
                                        },
                                        {
                                            "metaName": "LayoutPos",
                                            "metaType": "string",
                                            "metaValue": "4638.5 -403.232"
                                        },
                                        {
                                            "metaName": "io_ports",
                                            "metadata": [
                                                {
                                                    "metaName": "update_strand_length"
                                                }
                                            ]
                                        }
                                    ]
                                }
                            ]
                        },
                        {
                            "metaName": "io_onodes",
                            "metadata": [
                                {
                                    "metaName": "output",
                                    "metadata": [
                                        {
                                            "metaName": "DisplayMode",
                                            "metaType": "string",
                                            "metaValue": "2"
                                        },
                                        {
                                            "metaName": "LayoutPos",
                                            "metaType": "string",
                                            "metaValue": "5534.35 -67.2844"
                                        },
                                        {
                                            "metaName": "io_ports",
                                            "metadata": [
                                                {
                                                    "metaName": "out_hair"
                                                }
                                            ]
                                        }
                                    ]
                                }
                            ]
                        }
                    ]
                },
                {
                    "metaName": "_recentNode_",
                    "metaType": "string",
                    "metaValue": "BifrostGraph,User::MJCG::Core::Array,flatten_2D_array"
                },
                {
                    "metaName": "_recentNode_",
                    "metaType": "string",
                    "metaValue": "BifrostGraph,User::Hair,get_points_array_per_strand"
                },
                {
                    "metaName": "_recentNode_",
                    "metaType": "string",
                    "metaValue": "BifrostGraph,User::Hair,get_hair_mask"
                },
                {
                    "metaName": "_recentNode_",
                    "metaType": "string",
                    "metaValue": "BifrostGraph,Core::Array,set_in_array"
                },
                {
                    "metaName": "_recentNode_",
                    "metaType": "string",
                    "metaValue": "BifrostGraph,Core::Array,resize_array"
                },
                {
                    "metaName": "UILayout",
                    "metaType": "string",
                    "metaValue": "{\n    \"NodeLayout\": {\n        \"hideUndeclaredPorts\": false,\n        \"items\": [\n            {\n                \"port\": \"hair\"\n            },\n            {\n                \"expanded\": false,\n                \"group\": \"Settings\",\n                \"items\": [\n                    {\n                        \"port\": \"base_scale\"\n                    },\n                    {\n                        \"port\": \"absolute\"\n                    },\n                    {\n                        \"port\": \"update_strand_length\"\n                    },\n                    {\n                        \"expanded\": false,\n                        \"group\": \"Randomize\",\n                        \"items\": [\n                            {\n                                \"port\": \"random_scale\"\n                            },\n                            {\n                                \"port\": \"random_range\"\n                            },\n                            {\n                                \"port\": \"exponent\"\n                            },\n                            {\n                                \"port\": \"seed\"\n                            }\n                        ]\n                    },\n                    {\n                        \"expanded\": false,\n                        \"group\": \"Sample Mesh Properties\",\n                        \"items\": [\n                            {\n                                \"port\": \"source_mesh\"\n                            },\n                            {\n                                \"port\": \"method\"\n                            },\n                            {\n                                \"port\": \"use_scale_property\"\n                            },\n                            {\n                                \"port\": \"scale_property\"\n                            },\n                            {\n                                \"port\": \"use_mask_property\"\n                            },\n                            {\n                                \"port\": \"mask_property\"\n                            },\n                            {\n                                \"port\": \"invert_mask\"\n                            }\n                        ]\n                    },\n                    {\n                        \"port\": \"use_mask\"\n                    },\n                    {\n                        \"port\": \"scale_by_mask\"\n                    }\n                ]\n            }\n        ]\n    }\n}\n"
                },
                {
                    "metaName": "PortExpandedState",
                    "metadata": [
                        {
                            "metaName": "Settings",
                            "metaType": "string",
                            "metaValue": "0"
                        }
                    ]
                },
                {
                    "metaName": "ViewportRect",
                    "metaType": "string",
                    "metaValue": "-1039.64 333.488 2478.01 689.392"
                },
                {
                    "metaName": "DisplayMode",
                    "metaType": "string",
                    "metaValue": "2"
                },
                {
                    "metaName": "LayoutPos",
                    "metaType": "string",
                    "metaValue": "1401.34 564.066"
                }
            ],
            "ports": [
                {
                    "portName": "hair",
                    "portDirection": "input",
                    "portType": "Amino::Object"
                },
                {
                    "portName": "out_hair",
                    "portDirection": "output",
                    "portType": "Amino::Object"
                },
                {
                    "portName": "base_scale",
                    "portDirection": "input",
                    "portType": "float",
                    "portDefault": "1f"
                },
                {
                    "portName": "random_range",
                    "portDirection": "input",
                    "portType": "Math::float2",
                    "portDefault": {
                        "x": "0.800000012f",
                        "y": "1.20000005f"
                    }
                },
                {
                    "portName": "seed",
                    "portDirection": "input",
                    "portType": "long",
                    "portDefault": "0"
                },
                {
                    "portName": "random_scale",
                    "portDirection": "input",
                    "portType": "bool",
                    "portDefault": "true"
                },
                {
                    "portName": "source_mesh",
                    "portDirection": "input",
                    "portType": "Amino::Object",
                    "portDefault": {}
                },
                {
                    "portName": "scale_property",
                    "portDirection": "input",
                    "portType": "string",
                    "portDefault": "point_size"
                },
                {
                    "portName": "absolute",
                    "portDirection": "input",
                    "portType": "bool",
                    "portDefault": "false"
                },
                {
                    "portName": "exponent",
                    "portDirection": "input",
                    "portType": "float",
                    "portDefault": "2f"
                },
                {
                    "portName": "method",
                    "portDirection": "input",
                    "portType": "BifrostExp::Geometry::SampleMethod",
                    "portDefault": "interpolated"
                },
                {
                    "portName": "use_scale_property",
                    "portDirection": "input",
                    "portType": "bool",
                    "portDefault": "false"
                },
                {
                    "portName": "use_mask",
                    "portDirection": "input",
                    "portType": "bool",
                    "portDefault": "true"
                },
                {
                    "portName": "scale_by_mask",
                    "portDirection": "input",
                    "portType": "bool",
                    "portDefault": "false"
                },
                {
                    "portName": "update_strand_length",
                    "portDirection": "input",
                    "portType": "bool"
                }
            ],
            "compounds": [
                {
                    "name": "for_each",
                    "uriImported": "stream:/stream",
                    "metadata": [
                        {
                            "metaName": "icon",
                            "metaType": "string",
                            "metaValue": "<NATIVE>../icons/LoopForEach.svg"
                        },
                        {
                            "metaName": "icon",
                            "metaType": "string",
                            "metaValue": "<NATIVE>../icons/LoopForEach.svg"
                        },
                        {
                            "metaName": "icon",
                            "metaType": "string",
                            "metaValue": "<NATIVE>../icons/LoopForEach.svg"
                        },
                        {
                            "metaName": "_recentNode_",
                            "metaType": "string",
                            "metaValue": "BifrostGraph,Core::Graph,pass"
                        },
                        {
                            "metaName": "_recentNode_",
                            "metaType": "string",
                            "metaValue": "BifrostGraph,Core::Math,add"
                        },
                        {
                            "metaName": "_recentNode_",
                            "metaType": "string",
                            "metaValue": "BifrostGraph,User::Compounds,AxB"
                        },
                        {
                            "metaName": "_recentNode_",
                            "metaType": "string",
                            "metaValue": "BifrostGraph,Core::Math,subtract"
                        },
                        {
                            "metaName": "_recentNode_",
                            "metaType": "string",
                            "metaValue": "BifrostGraph,Core::Array,first_in_array"
                        },
                        {
                            "metaName": "io_nodes",
                            "metadata": [
                                {
                                    "metaName": "io_inodes",
                                    "metadata": [
                                        {
                                            "metaName": "input",
                                            "metadata": [
                                                {
                                                    "metaName": "DisplayMode",
                                                    "metaType": "string",
                                                    "metaValue": "2"
                                                },
                                                {
                                                    "metaName": "LayoutPos",
                                                    "metaType": "string",
                                                    "metaValue": "-1467.12 -278.813"
                                                },
                                                {
                                                    "metaName": "io_ports",
                                                    "metadata": [
                                                        {
                                                            "metaName": "current_index"
                                                        },
                                                        {
                                                            "metaName": "value"
                                                        },
                                                        {
                                                            "metaName": "scale_factor"
                                                        }
                                                    ]
                                                }
                                            ]
                                        }
                                    ]
                                },
                                {
                                    "metaName": "io_onodes",
                                    "metadata": [
                                        {
                                            "metaName": "output",
                                            "metadata": [
                                                {
                                                    "metaName": "DisplayMode",
                                                    "metaType": "string",
                                                    "metaValue": "2"
                                                },
                                                {
                                                    "metaName": "LayoutPos",
                                                    "metaType": "string",
                                                    "metaValue": "526.324 -172.966"
                                                },
                                                {
                                                    "metaName": "io_ports",
                                                    "metadata": [
                                                        {
                                                            "metaName": "out_array"
                                                        }
                                                    ]
                                                }
                                            ]
                                        }
                                    ]
                                }
                            ]
                        },
                        {
                            "metaName": "ViewportRect",
                            "metaType": "string",
                            "metaValue": "-1563.86 -569.835 2297.43 841.677"
                        }
                    ],
                    "ports": [
                        {
                            "portName": "current_index",
                            "portDirection": "input",
                            "portType": "long",
                            "portIterationCounter": "true"
                        },
                        {
                            "portName": "value",
                            "portDirection": "input",
                            "portIterationTarget": "true"
                        },
                        {
                            "portName": "scale_factor",
                            "portDirection": "input",
                            "portIterationTarget": "true"
                        },
                        {
                            "portName": "out_array",
                            "portDirection": "output",
                            "portType": "array<array<Math::float3>>",
                            "portIterationTarget": "true"
                        }
                    ],
                    "compoundNodes": [
                        {
                            "nodeName": "first_in_array",
                            "nodeType": "Core::Array::first_in_array",
                            "metadata": [
                                {
                                    "metaName": "DisplayMode",
                                    "metaType": "string",
                                    "metaValue": "2"
                                },
                                {
                                    "metaName": "LayoutPos",
                                    "metaType": "string",
                                    "metaValue": "-994.487 -161.983"
                                }
                            ]
                        },
                        {
                            "nodeName": "subtract",
                            "nodeType": "Core::Math::subtract",
                            "multiInPortNames": [
                                "value",
                                "first1"
                            ],
                            "metadata": [
                                {
                                    "metaName": "DisplayMode",
                                    "metaType": "string",
                                    "metaValue": "2"
                                },
                                {
                                    "metaName": "LayoutPos",
                                    "metaType": "string",
                                    "metaValue": "-659.032 -507.542"
                                }
                            ]
                        },
                        {
                            "nodeName": "AxB",
                            "nodeType": "User::Compounds::AxB",
                            "metadata": [
                                {
                                    "metaName": "DisplayMode",
                                    "metaType": "string",
                                    "metaValue": "2"
                                },
                                {
                                    "metaName": "LayoutPos",
                                    "metaType": "string",
                                    "metaValue": "-312.976 -387.31"
                                }
                            ]
                        },
                        {
                            "nodeName": "add",
                            "nodeType": "Core::Math::add",
                            "multiInPortNames": [
                                "output1",
                                "first1"
                            ],
                            "metadata": [
                                {
                                    "metaName": "DisplayMode",
                                    "metaType": "string",
                                    "metaValue": "2"
                                },
                                {
                                    "metaName": "LayoutPos",
                                    "metaType": "string",
                                    "metaValue": "166.034 -327.03"
                                }
                            ]
                        }
                    ],
                    "connections": [
                        {
                            "source": "first_in_array.first",
                            "target": "subtract.first.first1"
                        },
                        {
                            "source": "subtract.output",
                            "target": "AxB.A"
                        },
                        {
                            "source": "AxB.output",
                            "target": "add.first.output1"
                        },
                        {
                            "source": "add.output",
                            "target": ".out_array"
                        },
                        {
                            "source": ".value",
                            "target": "first_in_array.array"
                        },
                        {
                            "source": ".value",
                            "target": "subtract.first.value"
                        },
                        {
                            "source": ".scale_factor",
                            "target": "AxB.B"
                        },
                        {
                            "source": "first_in_array.first",
                            "target": "add.first.first1"
                        }
                    ],
                    "values": [
                        {
                            "valueName": "AxB.B",
                            "valueType": "float",
                            "value": "1f"
                        }
                    ],
                    "reservedNodeNames": [
                        {
                            "name": "input"
                        },
                        {
                            "name": "output"
                        }
                    ],
                    "forEachCompound": {
                        "ports": [],
                        "grainSize": "1"
                    }
                },
                {
                    "name": "random_value_array_remap",
                    "uriImported": "file:///random_value_array_remap.json",
                    "metadata": [
                        {
                            "metaName": "documentation",
                            "metaType": "string",
                            "metaValue": "../docs/${language}/random_value.md"
                        },
                        {
                            "metaName": "io_nodes",
                            "metadata": [
                                {
                                    "metaName": "io_inodes",
                                    "metadata": [
                                        {
                                            "metaName": "input",
                                            "metadata": [
                                                {
                                                    "metaName": "DisplayMode",
                                                    "metaType": "string",
                                                    "metaValue": "2"
                                                },
                                                {
                                                    "metaName": "LayoutPos",
                                                    "metaType": "string",
                                                    "metaValue": "-358.959 256.099"
                                                },
                                                {
                                                    "metaName": "io_ports",
                                                    "metadata": [
                                                        {
                                                            "metaName": "size"
                                                        },
                                                        {
                                                            "metaName": "min"
                                                        },
                                                        {
                                                            "metaName": "max_type"
                                                        },
                                                        {
                                                            "metaName": "seed"
                                                        },
                                                        {
                                                            "metaName": "exponent"
                                                        }
                                                    ]
                                                }
                                            ]
                                        }
                                    ]
                                },
                                {
                                    "metaName": "io_onodes",
                                    "metadata": [
                                        {
                                            "metaName": "output",
                                            "metadata": [
                                                {
                                                    "metaName": "DisplayMode",
                                                    "metaType": "string",
                                                    "metaValue": "2"
                                                },
                                                {
                                                    "metaName": "LayoutPos",
                                                    "metaType": "string",
                                                    "metaValue": "2165.85 483.159"
                                                },
                                                {
                                                    "metaName": "io_ports",
                                                    "metadata": [
                                                        {
                                                            "metaName": "random_value"
                                                        }
                                                    ]
                                                }
                                            ]
                                        }
                                    ]
                                }
                            ]
                        },
                        {
                            "metaName": "DisplayMode",
                            "metaType": "string",
                            "metaValue": "2"
                        },
                        {
                            "metaName": "LayoutPos",
                            "metaType": "string",
                            "metaValue": "4139.75 175.582"
                        },
                        {
                            "metaName": "ViewportRect",
                            "metaType": "string",
                            "metaValue": "-630.048 -25.7947 2804.16 780.126"
                        },
                        {
                            "metaName": "_recentNode_",
                            "metaType": "string",
                            "metaValue": "BifrostGraph,Core::Math,power"
                        },
                        {
                            "metaName": "_recentNode_",
                            "metaType": "string",
                            "metaValue": "BifrostGraph,Core::Constants,float"
                        },
                        {
                            "metaName": "_recentNode_",
                            "metaType": "string",
                            "metaValue": "BifrostGraph,Core::Math,get_member"
                        },
                        {
                            "metaName": "_recentNode_",
                            "metaType": "string",
                            "metaValue": "BifrostGraph,Core::Math,multiply"
                        },
                        {
                            "metaName": "_recentNode_",
                            "metaType": "string",
                            "metaValue": "BifrostGraph,User::Compounds,AxB"
                        }
                    ],
                    "ports": [
                        {
                            "portName": "size",
                            "portDirection": "input",
                            "portType": "long",
                            "portDefault": "0"
                        },
                        {
                            "portName": "random_value",
                            "portDirection": "output"
                        },
                        {
                            "portName": "min",
                            "portDirection": "input"
                        },
                        {
                            "portName": "max_type",
                            "portDirection": "input"
                        },
                        {
                            "portName": "seed",
                            "portDirection": "input",
                            "portType": "long",
                            "portDefault": "0"
                        },
                        {
                            "portName": "exponent",
                            "portDirection": "input",
                            "portType": "float"
                        }
                    ],
                    "compoundNodes": [
                        {
                            "nodeName": "subtract",
                            "nodeType": "Core::Math::subtract",
                            "multiInPortNames": [
                                "max",
                                "min"
                            ],
                            "metadata": [
                                {
                                    "metaName": "DisplayMode",
                                    "metaType": "string",
                                    "metaValue": "2"
                                },
                                {
                                    "metaName": "LayoutPos",
                                    "metaType": "string",
                                    "metaValue": "1230 382"
                                }
                            ]
                        },
                        {
                            "nodeName": "multiply1",
                            "nodeType": "Core::Math::multiply",
                            "multiInPortNames": [
                                "output2",
                                "output1"
                            ],
                            "metadata": [
                                {
                                    "metaName": "DisplayMode",
                                    "metaType": "string",
                                    "metaValue": "2"
                                },
                                {
                                    "metaName": "LayoutPos",
                                    "metaType": "string",
                                    "metaValue": "1535 296"
                                }
                            ]
                        },
                        {
                            "nodeName": "add",
                            "nodeType": "Core::Math::add",
                            "multiInPortNames": [
                                "output1",
                                "min"
                            ],
                            "metadata": [
                                {
                                    "metaName": "DisplayMode",
                                    "metaType": "string",
                                    "metaValue": "2"
                                },
                                {
                                    "metaName": "LayoutPos",
                                    "metaType": "string",
                                    "metaValue": "1865.66 490.991"
                                }
                            ]
                        },
                        {
                            "nodeName": "random_value_array",
                            "nodeType": "Core::Randomization::random_value_array",
                            "metadata": [
                                {
                                    "metaName": "DisplayMode",
                                    "metaType": "string",
                                    "metaValue": "2"
                                },
                                {
                                    "metaName": "LayoutPos",
                                    "metaType": "string",
                                    "metaValue": "586.942 120.843"
                                }
                            ]
                        },
                        {
                            "nodeName": "zero",
                            "nodeType": "Core::Constants::zero",
                            "metadata": [
                                {
                                    "metaName": "DisplayMode",
                                    "metaType": "string",
                                    "metaValue": "2"
                                },
                                {
                                    "metaName": "LayoutPos",
                                    "metaType": "string",
                                    "metaValue": "-0.280234 358.312"
                                }
                            ]
                        },
                        {
                            "nodeName": "power",
                            "nodeType": "Core::Math::power",
                            "metadata": [
                                {
                                    "metaName": "DisplayMode",
                                    "metaType": "string",
                                    "metaValue": "2"
                                },
                                {
                                    "metaName": "LayoutPos",
                                    "metaType": "string",
                                    "metaValue": "938.374 238.333"
                                }
                            ]
                        }
                    ],
                    "connections": [
                        {
                            "source": "multiply1.output",
                            "target": "add.first.output1"
                        },
                        {
                            "source": ".size",
                            "target": "random_value_array.size"
                        },
                        {
                            "source": ".seed",
                            "target": "random_value_array.seed"
                        },
                        {
                            "source": ".max_type",
                            "target": "subtract.first.max"
                        },
                        {
                            "source": ".max_type",
                            "target": "zero.type"
                        },
                        {
                            "source": "add.output",
                            "target": ".random_value"
                        },
                        {
                            "source": ".min",
                            "target": "subtract.first.min"
                        },
                        {
                            "source": ".min",
                            "target": "add.first.min"
                        },
                        {
                            "source": "zero.zero",
                            "target": "random_value_array.offset"
                        },
                        {
                            "source": "subtract.output",
                            "target": "multiply1.first.output1"
                        },
                        {
                            "source": "random_value_array.random_values",
                            "target": "power.base"
                        },
                        {
                            "source": "power.power",
                            "target": "multiply1.first.output2"
                        },
                        {
                            "source": ".exponent",
                            "target": "power.exponent"
                        }
                    ],
                    "values": [],
                    "reservedNodeNames": [
                        {
                            "name": "input"
                        },
                        {
                            "name": "output"
                        }
                    ]
                }
            ],
            "compoundNodes": [
                {
                    "nodeName": "get_property",
                    "nodeType": "Core::Object::get_property",
                    "metadata": [
                        {
                            "metaName": "DisplayMode",
                            "metaType": "string",
                            "metaValue": "2"
                        },
                        {
                            "metaName": "LayoutPos",
                            "metaType": "string",
                            "metaValue": "-1249.77 970.375"
                        }
                    ]
                },
                {
                    "nodeName": "random_value_array_remap",
                    "nodeType": "random_value_array_remap",
                    "metadata": [
                        {
                            "metaName": "DisplayMode",
                            "metaType": "string",
                            "metaValue": "2"
                        },
                        {
                            "metaName": "LayoutPos",
                            "metaType": "string",
                            "metaValue": "33.9091 587.993"
                        }
                    ]
                },
                {
                    "nodeName": "vector2_to_scalar",
                    "nodeType": "Core::Conversion::vector2_to_scalar",
                    "metadata": [
                        {
                            "metaName": "LayoutPos",
                            "metaType": "string",
                            "metaValue": "-351.842 607.891"
                        },
                        {
                            "metaName": "DisplayMode",
                            "metaType": "string",
                            "metaValue": "2"
                        }
                    ]
                },
                {
                    "nodeName": "get_strands_structure",
                    "nodeType": "Geometry::Strands::get_strands_structure",
                    "metadata": [
                        {
                            "metaName": "DisplayMode",
                            "metaType": "string",
                            "metaValue": "0"
                        },
                        {
                            "metaName": "LayoutPos",
                            "metaType": "string",
                            "metaValue": "-287.848 485.204"
                        }
                    ]
                },
                {
                    "nodeName": "resize_array",
                    "nodeType": "Core::Array::resize_array",
                    "metadata": [
                        {
                            "metaName": "DisplayMode",
                            "metaType": "string",
                            "metaValue": "2"
                        },
                        {
                            "metaName": "LayoutPos",
                            "metaType": "string",
                            "metaValue": "36.334 290.496"
                        }
                    ]
                },
                {
                    "nodeName": "if",
                    "nodeType": "Core::Logic::if",
                    "metadata": [
                        {
                            "metaName": "DisplayMode",
                            "metaType": "string",
                            "metaValue": "2"
                        },
                        {
                            "metaName": "LayoutPos",
                            "metaType": "string",
                            "metaValue": "986.267 332.174"
                        }
                    ]
                },
                {
                    "nodeName": "multiply",
                    "nodeType": "Core::Math::multiply",
                    "multiInPortNames": [
                        "resized",
                        "random_value"
                    ],
                    "metadata": [
                        {
                            "metaName": "DisplayMode",
                            "metaType": "string",
                            "metaValue": "2"
                        },
                        {
                            "metaName": "LayoutPos",
                            "metaType": "string",
                            "metaValue": "645.334 273.464"
                        }
                    ]
                },
                {
                    "nodeName": "if1",
                    "nodeType": "Core::Logic::if",
                    "metadata": [
                        {
                            "metaName": "DisplayMode",
                            "metaType": "string",
                            "metaValue": "2"
                        },
                        {
                            "metaName": "LayoutPos",
                            "metaType": "string",
                            "metaValue": "3150.85 570.437"
                        }
                    ]
                },
                {
                    "nodeName": "update_strands_length",
                    "nodeType": "Geometry::Strands::update_strands_length",
                    "metadata": [
                        {
                            "metaName": "DisplayMode",
                            "metaType": "string",
                            "metaValue": "2"
                        },
                        {
                            "metaName": "LayoutPos",
                            "metaType": "string",
                            "metaValue": "1260.09 1491.91"
                        }
                    ]
                },
                {
                    "nodeName": "resize_array1",
                    "nodeType": "Core::Array::resize_array",
                    "metadata": [
                        {
                            "metaName": "DisplayMode",
                            "metaType": "string",
                            "metaValue": "2"
                        },
                        {
                            "metaName": "LayoutPos",
                            "metaType": "string",
                            "metaValue": "1173.84 915.235"
                        }
                    ]
                },
                {
                    "nodeName": "lerp",
                    "nodeType": "Core::Math::lerp",
                    "metadata": [
                        {
                            "metaName": "DisplayMode",
                            "metaType": "string",
                            "metaValue": "2"
                        },
                        {
                            "metaName": "LayoutPos",
                            "metaType": "string",
                            "metaValue": "2593.46 985.869"
                        }
                    ]
                },
                {
                    "nodeName": "if3",
                    "nodeType": "Core::Logic::if",
                    "metadata": [
                        {
                            "metaName": "DisplayMode",
                            "metaType": "string",
                            "metaValue": "2"
                        },
                        {
                            "metaName": "LayoutPos",
                            "metaType": "string",
                            "metaValue": "2308.69 723.414"
                        }
                    ]
                },
                {
                    "nodeName": "divide",
                    "nodeType": "Core::Math::divide",
                    "multiInPortNames": [
                        "output1",
                        "strand_length"
                    ],
                    "metadata": [
                        {
                            "metaName": "DisplayMode",
                            "metaType": "string",
                            "metaValue": "2"
                        },
                        {
                            "metaName": "LayoutPos",
                            "metaType": "string",
                            "metaValue": "1948.27 614.02"
                        }
                    ]
                },
                {
                    "nodeName": "set_point_position",
                    "nodeType": "Geometry::Properties::set_point_position",
                    "metadata": [
                        {
                            "metaName": "DisplayMode",
                            "metaType": "string",
                            "metaValue": "2"
                        },
                        {
                            "metaName": "LayoutPos",
                            "metaType": "string",
                            "metaValue": "4166.61 -80.4806"
                        }
                    ]
                },
                {
                    "nodeName": "for_each",
                    "nodeType": "for_each",
                    "metadata": [
                        {
                            "metaName": "DisplayMode",
                            "metaType": "string",
                            "metaValue": "2"
                        },
                        {
                            "metaName": "LayoutPos",
                            "metaType": "string",
                            "metaValue": "3478.62 113.957"
                        }
                    ]
                },
                {
                    "nodeName": "pass",
                    "nodeType": "Core::Graph::pass",
                    "metadata": [
                        {
                            "metaName": "DisplayMode",
                            "metaType": "string",
                            "metaValue": "2"
                        },
                        {
                            "metaName": "LayoutPos",
                            "metaType": "string",
                            "metaValue": "2652.3 -36.9905"
                        }
                    ]
                },
                {
                    "nodeName": "sample_property1",
                    "nodeType": "Geometry::Query::sample_property",
                    "metadata": [
                        {
                            "metaName": "DisplayMode",
                            "metaType": "string",
                            "metaValue": "2"
                        },
                        {
                            "metaName": "LayoutPos",
                            "metaType": "string",
                            "metaValue": "5.77324 898.3"
                        }
                    ]
                },
                {
                    "nodeName": "if4",
                    "nodeType": "Core::Logic::if",
                    "metadata": [
                        {
                            "metaName": "DisplayMode",
                            "metaType": "string",
                            "metaValue": "2"
                        },
                        {
                            "metaName": "LayoutPos",
                            "metaType": "string",
                            "metaValue": "1593.01 564.027"
                        }
                    ]
                },
                {
                    "nodeName": "multiply1",
                    "nodeType": "Core::Math::multiply",
                    "multiInPortNames": [
                        "output1",
                        "sampled_data"
                    ],
                    "metadata": [
                        {
                            "metaName": "DisplayMode",
                            "metaType": "string",
                            "metaValue": "2"
                        },
                        {
                            "metaName": "LayoutPos",
                            "metaType": "string",
                            "metaValue": "1273.49 488.347"
                        }
                    ]
                },
                {
                    "nodeName": "if9",
                    "nodeType": "Core::Logic::if",
                    "metadata": [
                        {
                            "metaName": "DisplayMode",
                            "metaType": "string",
                            "metaValue": "2"
                        },
                        {
                            "metaName": "LayoutPos",
                            "metaType": "string",
                            "metaValue": "2877.29 691.575"
                        }
                    ]
                },
                {
                    "nodeName": "multiply2",
                    "nodeType": "Core::Math::multiply",
                    "multiInPortNames": [
                        "output1",
                        "output2"
                    ],
                    "metadata": [
                        {
                            "metaName": "DisplayMode",
                            "metaType": "string",
                            "metaValue": "2"
                        },
                        {
                            "metaName": "LayoutPos",
                            "metaType": "string",
                            "metaValue": "2593.29 744.944"
                        }
                    ]
                },
                {
                    "nodeName": "pass1",
                    "nodeType": "Core::Graph::pass",
                    "metadata": [
                        {
                            "metaName": "DisplayMode",
                            "metaType": "string",
                            "metaValue": "2"
                        },
                        {
                            "metaName": "LayoutPos",
                            "metaType": "string",
                            "metaValue": "2306.95 1159.3"
                        }
                    ]
                },
                {
                    "nodeName": "get_strands_structure1",
                    "nodeType": "Geometry::Strands::get_strands_structure",
                    "metadata": [
                        {
                            "metaName": "DisplayMode",
                            "metaType": "string",
                            "metaValue": "2"
                        },
                        {
                            "metaName": "LayoutPos",
                            "metaType": "string",
                            "metaValue": "-1239.48 1415.98"
                        }
                    ]
                },
                {
                    "nodeName": "resize_array2",
                    "nodeType": "Core::Array::resize_array",
                    "metadata": [
                        {
                            "metaName": "DisplayMode",
                            "metaType": "string",
                            "metaValue": "2"
                        },
                        {
                            "metaName": "LayoutPos",
                            "metaType": "string",
                            "metaValue": "-928.737 1362.44"
                        }
                    ]
                },
                {
                    "nodeName": "set_in_array",
                    "nodeType": "Core::Array::set_in_array",
                    "metadata": [
                        {
                            "metaName": "DisplayMode",
                            "metaType": "string",
                            "metaValue": "2"
                        },
                        {
                            "metaName": "LayoutPos",
                            "metaType": "string",
                            "metaValue": "-670.238 1141.25"
                        }
                    ]
                },
                {
                    "nodeName": "get_hair_mask1",
                    "nodeType": "User::Hair::get_hair_mask",
                    "metadata": [
                        {
                            "metaName": "DisplayMode",
                            "metaType": "string",
                            "metaValue": "2"
                        },
                        {
                            "metaName": "LayoutPos",
                            "metaType": "string",
                            "metaValue": "-1254.08 1188.66"
                        }
                    ]
                },
                {
                    "nodeName": "get_points_array_per_strand",
                    "nodeType": "User::Hair::get_points_array_per_strand",
                    "metadata": [
                        {
                            "metaName": "DisplayMode",
                            "metaType": "string",
                            "metaValue": "2"
                        },
                        {
                            "metaName": "LayoutPos",
                            "metaType": "string",
                            "metaValue": "3072.79 69.3237"
                        }
                    ]
                },
                {
                    "nodeName": "flatten_2D_array",
                    "nodeType": "User::MJCG::Core::Array::flatten_2D_array",
                    "metadata": [
                        {
                            "metaName": "DisplayMode",
                            "metaType": "string",
                            "metaValue": "2"
                        },
                        {
                            "metaName": "LayoutPos",
                            "metaType": "string",
                            "metaValue": "3831.62 129.624"
                        }
                    ]
                },
                {
                    "nodeName": "if11",
                    "nodeType": "Core::Logic::if",
                    "metadata": [
                        {
                            "metaName": "DisplayMode",
                            "metaType": "string",
                            "metaValue": "2"
                        },
                        {
                            "metaName": "LayoutPos",
                            "metaType": "string",
                            "metaValue": "4988.93 -163.503"
                        }
                    ]
                },
                {
                    "nodeName": "update_strand_length",
                    "nodeType": "User::Hair::update_strand_length",
                    "metadata": [
                        {
                            "metaName": "DisplayMode",
                            "metaType": "string",
                            "metaValue": "2"
                        },
                        {
                            "metaName": "LayoutPos",
                            "metaType": "string",
                            "metaValue": "4580.76 -241.454"
                        }
                    ]
                }
            ],
            "connections": [
                {
                    "source": ".hair",
                    "target": "get_property.object"
                },
                {
                    "source": "vector2_to_scalar.x",
                    "target": "random_value_array_remap.min"
                },
                {
                    "source": "vector2_to_scalar.y",
                    "target": "random_value_array_remap.max_type"
                },
                {
                    "source": ".random_range",
                    "target": "vector2_to_scalar.vector2"
                },
                {
                    "source": ".seed",
                    "target": "random_value_array_remap.seed"
                },
                {
                    "source": ".hair",
                    "target": "get_strands_structure.strands"
                },
                {
                    "source": "get_strands_structure.strand_count",
                    "target": "random_value_array_remap.size"
                },
                {
                    "source": ".base_scale",
                    "target": "resize_array.default"
                },
                {
                    "source": "get_strands_structure.strand_count",
                    "target": "resize_array.new_size"
                },
                {
                    "source": "resize_array.resized",
                    "target": "multiply.first.resized"
                },
                {
                    "source": "multiply.output",
                    "target": "if.true_case"
                },
                {
                    "source": "resize_array.resized",
                    "target": "if.false_case"
                },
                {
                    "source": ".random_scale",
                    "target": "if.condition"
                },
                {
                    "source": ".hair",
                    "target": "update_strands_length.strands"
                },
                {
                    "source": "get_strands_structure.strand_count",
                    "target": "resize_array1.new_size"
                },
                {
                    "source": ".absolute",
                    "target": "if3.condition"
                },
                {
                    "source": "if3.output",
                    "target": "if1.false_case"
                },
                {
                    "source": "resize_array1.resized",
                    "target": "lerp.first"
                },
                {
                    "source": "if3.output",
                    "target": "lerp.second"
                },
                {
                    "source": "divide.output",
                    "target": "if3.true_case"
                },
                {
                    "source": "if1.output",
                    "target": "for_each.scale_factor"
                },
                {
                    "source": ".hair",
                    "target": "pass.input"
                },
                {
                    "source": "pass.output",
                    "target": "set_point_position.geometry"
                },
                {
                    "source": ".source_mesh",
                    "target": "sample_property1.geometry"
                },
                {
                    "source": ".scale_property",
                    "target": "sample_property1.property"
                },
                {
                    "source": ".method",
                    "target": "sample_property1.method"
                },
                {
                    "source": "if.output",
                    "target": "if4.false_case"
                },
                {
                    "source": "if4.output",
                    "target": "divide.first.output1"
                },
                {
                    "source": "if4.output",
                    "target": "if3.false_case"
                },
                {
                    "source": "if.output",
                    "target": "multiply1.first.output1"
                },
                {
                    "source": "sample_property1.sampled_data",
                    "target": "multiply1.first.sampled_data"
                },
                {
                    "source": "multiply1.output",
                    "target": "if4.true_case"
                },
                {
                    "source": ".use_scale_property",
                    "target": "if4.condition"
                },
                {
                    "source": ".use_mask",
                    "target": "if1.condition"
                },
                {
                    "source": "lerp.interpolated",
                    "target": "if9.false_case"
                },
                {
                    "source": "if9.output",
                    "target": "if1.true_case"
                },
                {
                    "source": "if3.output",
                    "target": "multiply2.first.output1"
                },
                {
                    "source": "pass1.output",
                    "target": "lerp.fraction"
                },
                {
                    "source": "pass1.output",
                    "target": "multiply2.first.output2"
                },
                {
                    "source": "multiply2.output",
                    "target": "if9.true_case"
                },
                {
                    "source": ".scale_by_mask",
                    "target": "if9.condition"
                },
                {
                    "source": "get_property.value",
                    "target": "sample_property1.locations"
                },
                {
                    "source": "update_strands_length.strand_length",
                    "target": "divide.first.strand_length"
                },
                {
                    "source": ".hair",
                    "target": "get_strands_structure1.strands"
                },
                {
                    "source": "get_strands_structure1.strand_count",
                    "target": "resize_array2.new_size"
                },
                {
                    "source": "resize_array2.resized",
                    "target": "set_in_array.array"
                },
                {
                    "source": "set_in_array.out_array",
                    "target": "pass1.input"
                },
                {
                    "source": ".hair",
                    "target": "get_hair_mask1.hair"
                },
                {
                    "source": "get_hair_mask1.mask_sample_data",
                    "target": "set_in_array.value"
                },
                {
                    "source": "get_hair_mask1.mask_hair_indices",
                    "target": "set_in_array.index"
                },
                {
                    "source": "pass.output",
                    "target": "get_points_array_per_strand.strands"
                },
                {
                    "source": "get_points_array_per_strand.points_array_2D",
                    "target": "for_each.value"
                },
                {
                    "source": "for_each.out_array",
                    "target": "flatten_2D_array.array"
                },
                {
                    "source": "flatten_2D_array.out_array",
                    "target": "set_point_position.positions"
                },
                {
                    "source": "update_strand_length.out_hair",
                    "target": "if11.true_case"
                },
                {
                    "source": "set_point_position.out_geometry",
                    "target": "update_strand_length.hair"
                },
                {
                    "source": "set_point_position.out_geometry",
                    "target": "if11.false_case"
                },
                {
                    "source": "if11.output",
                    "target": ".out_hair"
                },
                {
                    "source": ".update_strand_length",
                    "target": "if11.condition"
                },
                {
                    "source": ".exponent",
                    "target": "random_value_array_remap.exponent"
                },
                {
                    "source": "random_value_array_remap.random_value",
                    "target": "multiply.first.random_value"
                }
            ],
            "values": [
                {
                    "valueName": "get_property.default_and_type",
                    "valueType": "array<Geometry::Common::GeoLocation>",
                    "value": []
                },
                {
                    "valueName": "get_property.key",
                    "valueType": "string",
                    "value": "root_locations"
                },
                {
                    "valueName": "resize_array1.default",
                    "valueType": "float",
                    "value": "1f"
                },
                {
                    "valueName": "sample_property1.default",
                    "valueType": "float",
                    "value": "0f"
                },
                {
                    "valueName": "sample_property1.property",
                    "valueType": "string",
                    "value": "point_position"
                },
                {
                    "valueName": "sample_property1.method",
                    "valueType": "BifrostExp::Geometry::SampleMethod",
                    "value": "interpolated"
                }
            ],
            "reservedNodeNames": [
                {
                    "name": "input"
                },
                {
                    "name": "output"
                },
                {
                    "name": "input1"
                },
                {
                    "name": "input2"
                },
                {
                    "name": "input3"
                },
                {
                    "name": "input4"
                },
                {
                    "name": "input5"
                }
            ]
        }
    ]
}