{
    "header": {
        "metadata": [
            {
                "metaName": "adskFileFormatVersion",
                "metaValue": "100L"
            }
        ]
    },
    "dependencies": [
        {
            "uri": "file:///Math_types.json"
        },
        {
            "uri": "file:///Math_long.json"
        },
        {
            "uri": "file:///Math_float.json"
        },
        {
            "uri": "file:///Math_double.json"
        },
        {
            "uri": "file:///Math_char.json"
        },
        {
            "uri": "file:///Math_int.json"
        },
        {
            "uri": "file:///Math_short.json"
        },
        {
            "uri": "file:///Math_uchar.json"
        },
        {
            "uri": "file:///Math_uint.json"
        },
        {
            "uri": "file:///Math_ulong.json"
        },
        {
            "uri": "file:///Math_ushort.json"
        },
        {
            "uri": "file:///bifrost_object_i.json"
        },
        {
            "uri": "file:///point_types.json"
        },
        {
            "uri": "file:///Math_bool.json"
        },
        {
            "uri": "file:///Math_constants.json"
        },
        {
            "uri": "file:///Core_Array_array_bounds_impl.json"
        },
        {
            "uri": "file:///Core_Array_array_bounds.json"
        },
        {
            "uri": "file:///Core_Array_sum_array_impl.json"
        },
        {
            "uri": "file:///Core_Array_sum_array.json"
        },
        {
            "uri": "file:///point_nodedefs.json"
        },
        {
            "uri": "file:///simulation_types.json"
        },
        {
            "uri": "file:///simulation_nodedefs.json"
        },
        {
            "uri": "file:///Math_conversion.json"
        },
        {
            "uri": "file:///CoreArrayOps.json"
        },
        {
            "uri": "file:///bifrost_geometry_query_types.json"
        },
        {
            "uri": "file:///geometry_types.json"
        },
        {
            "uri": "file:///get_property_any.json"
        },
        {
            "uri": "file:///get_property.json"
        },
        {
            "uri": "file:///get_geo_property.json"
        },
        {
            "uri": "file:///CoreStringOps.json"
        }
    ],
    "namespaces": [],
    "types": [],
    "compounds": [
        {
            "name": "yepp_new_1::Compounds::basic_curl_deform",
            "uriImported": "file:///basic_curl_deform.json",
            "metadata": [
                {
                    "metaName": "io_nodes",
                    "metadata": [
                        {
                            "metaName": "io_inodes",
                            "metadata": [
                                {
                                    "metaName": "input",
                                    "metadata": [
                                        {
                                            "metaName": "io_metadata",
                                            "metadata": [
                                                {
                                                    "metaName": "LayoutPos",
                                                    "metaType": "string",
                                                    "metaValue": "-2411 304"
                                                },
                                                {
                                                    "metaName": "DisplayMode",
                                                    "metaType": "string",
                                                    "metaValue": "2"
                                                }
                                            ]
                                        },
                                        {
                                            "metaName": "io_ports",
                                            "metadata": [
                                                {
                                                    "metaName": "geometry"
                                                },
                                                {
                                                    "metaName": "noise_min"
                                                },
                                                {
                                                    "metaName": "noise_max"
                                                },
                                                {
                                                    "metaName": "noise_speed"
                                                },
                                                {
                                                    "metaName": "frequency"
                                                },
                                                {
                                                    "metaName": "smooth"
                                                },
                                                {
                                                    "metaName": "seed"
                                                },
                                                {
                                                    "metaName": "in_property"
                                                },
                                                {
                                                    "metaName": "scalar_out_axis"
                                                }
                                            ]
                                        }
                                    ]
                                }
                            ]
                        },
                        {
                            "metaName": "io_onodes",
                            "metadata": [
                                {
                                    "metaName": "output",
                                    "metadata": [
                                        {
                                            "metaName": "io_ports",
                                            "metadata": [
                                                {
                                                    "metaName": "vector_out"
                                                },
                                                {
                                                    "metaName": "scalar_out"
                                                }
                                            ]
                                        },
                                        {
                                            "metaName": "io_metadata",
                                            "metadata": [
                                                {
                                                    "metaName": "DisplayMode",
                                                    "metaType": "string",
                                                    "metaValue": "2"
                                                },
                                                {
                                                    "metaName": "LayoutPos",
                                                    "metaType": "string",
                                                    "metaValue": "890.449 -137.475"
                                                }
                                            ]
                                        }
                                    ]
                                }
                            ]
                        }
                    ]
                },
                {
                    "metaName": "_recentNode_",
                    "metaType": "string",
                    "metaValue": "BifrostGraph,Core::Math,multiply"
                },
                {
                    "metaName": "_recentNode_",
                    "metaType": "string",
                    "metaValue": "BifrostGraph,Core::Math,subtract"
                },
                {
                    "metaName": "_recentNode_",
                    "metaType": "string",
                    "metaValue": "BifrostGraph,Core::Math,add"
                },
                {
                    "metaName": "_recentNode_",
                    "metaType": "string",
                    "metaValue": "BifrostGraph,Core::Math,divide"
                },
                {
                    "metaName": "_recentNode_",
                    "metaType": "string",
                    "metaValue": "BifrostGraph,Core::String,string_ends_with"
                },
                {
                    "metaName": "ViewportRect",
                    "metaType": "string",
                    "metaValue": "-522.186 -452.719 2038.62 1342.39"
                },
                {
                    "metaName": "UILayout",
                    "metaType": "string",
                    "metaValue": "{\n    \"NodeLayout\": {\n        \"hideUndeclaredPorts\": false,\n        \"items\": [\n            {\n                \"port\": \"geometry\"\n            },\n            {\n                \"expanded\": true,\n                \"group\": \"noise\",\n                \"items\": [\n                    {\n                        \"port\": \"noise_min\"\n                    },\n                    {\n                        \"port\": \"noise_max\"\n                    },\n                    {\n                        \"port\": \"noise_speed\"\n                    },\n                    {\n                        \"port\": \"noise_scale\"\n                    },\n                    {\n                        \"port\": \"frequency\"\n                    }\n                ]\n            },\n            {\n                \"expanded\": false,\n                \"group\": \"misc\",\n                \"items\": [\n                    {\n                        \"port\": \"smooth\"\n                    },\n                    {\n                        \"port\": \"seed\"\n                    },\n                    {\n                        \"port\": \"in_property\"\n                    },\n                    {\n                        \"port\": \"scalar_out_axis\"\n                    }\n                ]\n            }\n        ]\n    }\n}\n"
                }
            ],
            "ports": [
                {
                    "portName": "geometry",
                    "portDirection": "input",
                    "portType": "Amino::Object"
                },
                {
                    "portName": "noise_min",
                    "portDirection": "input",
                    "portType": "float",
                    "portDefault": "0f"
                },
                {
                    "portName": "vector_out",
                    "portDirection": "output"
                },
                {
                    "portName": "noise_max",
                    "portDirection": "input",
                    "portType": "float",
                    "portDefault": "1f"
                },
                {
                    "portName": "noise_speed",
                    "portDirection": "input",
                    "portType": "float",
                    "portDefault": "1f"
                },
                {
                    "portName": "frequency",
                    "portDirection": "input",
                    "portType": "float",
                    "portDefault": "1f"
                },
                {
                    "portName": "smooth",
                    "portDirection": "input",
                    "portType": "bool",
                    "portDefault": "true"
                },
                {
                    "portName": "seed",
                    "portDirection": "input",
                    "portType": "long",
                    "portDefault": "0"
                },
                {
                    "portName": "in_property",
                    "portDirection": "input",
                    "portType": "string",
                    "portDefault": "point_position"
                },
                {
                    "portName": "scalar_out",
                    "portDirection": "output"
                },
                {
                    "portName": "scalar_out_axis",
                    "portDirection": "input",
                    "portType": "string",
                    "portDefault": "X"
                }
            ],
            "compoundNodes": [
                {
                    "nodeName": "curl_noise",
                    "nodeType": "Core::Randomization::curl_noise",
                    "metadata": [
                        {
                            "metaName": "DisplayMode",
                            "metaType": "string",
                            "metaValue": "2"
                        },
                        {
                            "metaName": "LayoutPos",
                            "metaType": "string",
                            "metaValue": "-866 -24"
                        }
                    ]
                },
                {
                    "nodeName": "multiply1",
                    "nodeType": "Core::Math::multiply",
                    "multiInPortNames": [
                        "seconds",
                        "noise_speed"
                    ],
                    "metadata": [
                        {
                            "metaName": "DisplayMode",
                            "metaType": "string",
                            "metaValue": "2"
                        },
                        {
                            "metaName": "LayoutPos",
                            "metaType": "string",
                            "metaValue": "-1157 180"
                        }
                    ]
                },
                {
                    "nodeName": "multiply2",
                    "nodeType": "Core::Math::multiply",
                    "multiInPortNames": [
                        "point_position",
                        "noise_scale"
                    ],
                    "metadata": [
                        {
                            "metaName": "DisplayMode",
                            "metaType": "string",
                            "metaValue": "2"
                        },
                        {
                            "metaName": "LayoutPos",
                            "metaType": "string",
                            "metaValue": "-1162 -13"
                        }
                    ]
                },
                {
                    "nodeName": "time",
                    "nodeType": "Core::Time::time",
                    "metadata": [
                        {
                            "metaName": "DisplayMode",
                            "metaType": "string",
                            "metaValue": "2"
                        },
                        {
                            "metaName": "LayoutPos",
                            "metaType": "string",
                            "metaValue": "-1612.28 162.949"
                        }
                    ]
                },
                {
                    "nodeName": "vector3_to_scalar",
                    "nodeType": "Core::Conversion::vector3_to_scalar",
                    "metadata": [
                        {
                            "metaName": "DisplayMode",
                            "metaType": "string",
                            "metaValue": "2"
                        },
                        {
                            "metaName": "LayoutPos",
                            "metaType": "string",
                            "metaValue": "229 195"
                        }
                    ]
                },
                {
                    "nodeName": "value",
                    "valueType": "array<Math::float3>",
                    "metadata": [
                        {
                            "metaName": "DisplayMode",
                            "metaType": "string",
                            "metaValue": "2"
                        },
                        {
                            "metaName": "LayoutPos",
                            "metaType": "string",
                            "metaValue": "-1912 -38"
                        },
                        {
                            "metaName": "valuenode_defaultvalue",
                            "metaType": "string",
                            "metaValue": "0"
                        },
                        {
                            "metaName": "valuenode_defaultvalue",
                            "metaType": "string",
                            "metaValue": "0"
                        },
                        {
                            "metaName": "valuenode_defaultvalue",
                            "metaType": "string",
                            "metaValue": "0"
                        }
                    ]
                },
                {
                    "nodeName": "get_geo_property",
                    "nodeType": "Geometry::Properties::get_geo_property",
                    "metadata": [
                        {
                            "metaName": "DisplayMode",
                            "metaType": "string",
                            "metaValue": "2"
                        },
                        {
                            "metaName": "LayoutPos",
                            "metaType": "string",
                            "metaValue": "-1525 -91"
                        }
                    ]
                },
                {
                    "nodeName": "if",
                    "nodeType": "Core::Logic::if",
                    "metadata": [
                        {
                            "metaName": "DisplayMode",
                            "metaType": "string",
                            "metaValue": "2"
                        },
                        {
                            "metaName": "LayoutPos",
                            "metaType": "string",
                            "metaValue": "620.637 166.384"
                        }
                    ]
                },
                {
                    "nodeName": "if1",
                    "nodeType": "Core::Logic::if",
                    "metadata": [
                        {
                            "metaName": "DisplayMode",
                            "metaType": "string",
                            "metaValue": "2"
                        },
                        {
                            "metaName": "LayoutPos",
                            "metaType": "string",
                            "metaValue": "867.02 372.891"
                        }
                    ]
                },
                {
                    "nodeName": "value1",
                    "valueType": "string",
                    "metadata": [
                        {
                            "metaName": "DisplayMode",
                            "metaType": "string",
                            "metaValue": "2"
                        },
                        {
                            "metaName": "PortExpandedState",
                            "metadata": [
                                {
                                    "metaName": "output.c0",
                                    "metaType": "string",
                                    "metaValue": "0"
                                },
                                {
                                    "metaName": "output",
                                    "metaType": "string",
                                    "metaValue": "0"
                                }
                            ]
                        },
                        {
                            "metaName": "valuenode_defaultvalue",
                            "metaType": "string",
                            "metaValue": ""
                        },
                        {
                            "metaName": "LayoutPos",
                            "metaType": "string",
                            "metaValue": "-1409.93 1127.48"
                        }
                    ]
                },
                {
                    "nodeName": "string_ends_with",
                    "nodeType": "Core::String::string_ends_with",
                    "metadata": [
                        {
                            "metaName": "DisplayMode",
                            "metaType": "string",
                            "metaValue": "2"
                        },
                        {
                            "metaName": "LayoutPos",
                            "metaType": "string",
                            "metaValue": "335.8 634.939"
                        }
                    ]
                },
                {
                    "nodeName": "string_ends_with1",
                    "nodeType": "Core::String::string_ends_with",
                    "metadata": [
                        {
                            "metaName": "DisplayMode",
                            "metaType": "string",
                            "metaValue": "2"
                        },
                        {
                            "metaName": "LayoutPos",
                            "metaType": "string",
                            "metaValue": "340.073 438.403"
                        }
                    ]
                },
                {
                    "nodeName": "add",
                    "nodeType": "Core::Math::add",
                    "multiInPortNames": [
                        "noise_min",
                        "noise_max"
                    ],
                    "metadata": [
                        {
                            "metaName": "DisplayMode",
                            "metaType": "string",
                            "metaValue": "2"
                        },
                        {
                            "metaName": "LayoutPos",
                            "metaType": "string",
                            "metaValue": "-1498.33 384.641"
                        }
                    ]
                },
                {
                    "nodeName": "divide",
                    "nodeType": "Core::Math::divide",
                    "multiInPortNames": [
                        "output1",
                        "output2"
                    ],
                    "metadata": [
                        {
                            "metaName": "DisplayMode",
                            "metaType": "string",
                            "metaValue": "2"
                        },
                        {
                            "metaName": "LayoutPos",
                            "metaType": "string",
                            "metaValue": "-1192.33 413.641"
                        }
                    ]
                },
                {
                    "nodeName": "value2",
                    "valueType": "float",
                    "metadata": [
                        {
                            "metaName": "valuenode_defaultvalue",
                            "metaType": "string",
                            "metaValue": "0"
                        },
                        {
                            "metaName": "DisplayMode",
                            "metaType": "string",
                            "metaValue": "2"
                        },
                        {
                            "metaName": "LayoutPos",
                            "metaType": "string",
                            "metaValue": "-1491.87 546.385"
                        }
                    ]
                },
                {
                    "nodeName": "add1",
                    "nodeType": "Core::Math::add",
                    "multiInPortNames": [
                        "noise",
                        "output1"
                    ],
                    "metadata": [
                        {
                            "metaName": "DisplayMode",
                            "metaType": "string",
                            "metaValue": "2"
                        },
                        {
                            "metaName": "LayoutPos",
                            "metaType": "string",
                            "metaValue": "-201.767 331.709"
                        }
                    ]
                },
                {
                    "nodeName": "subtract",
                    "nodeType": "Core::Math::subtract",
                    "multiInPortNames": [
                        "noise_max",
                        "noise_min"
                    ],
                    "metadata": [
                        {
                            "metaName": "DisplayMode",
                            "metaType": "string",
                            "metaValue": "2"
                        },
                        {
                            "metaName": "LayoutPos",
                            "metaType": "string",
                            "metaValue": "-1485.23 814.147"
                        }
                    ]
                },
                {
                    "nodeName": "divide1",
                    "nodeType": "Core::Math::divide",
                    "multiInPortNames": [
                        "output1",
                        "output2"
                    ],
                    "metadata": [
                        {
                            "metaName": "DisplayMode",
                            "metaType": "string",
                            "metaValue": "2"
                        },
                        {
                            "metaName": "LayoutPos",
                            "metaType": "string",
                            "metaValue": "-1157.54 797.762"
                        }
                    ]
                },
                {
                    "nodeName": "value3",
                    "valueType": "float",
                    "metadata": [
                        {
                            "metaName": "valuenode_defaultvalue",
                            "metaType": "string",
                            "metaValue": "0"
                        },
                        {
                            "metaName": "valuenode_defaultvalue",
                            "metaType": "string",
                            "metaValue": "0"
                        },
                        {
                            "metaName": "DisplayMode",
                            "metaType": "string",
                            "metaValue": "2"
                        },
                        {
                            "metaName": "LayoutPos",
                            "metaType": "string",
                            "metaValue": "-1484.38 999.686"
                        }
                    ]
                },
                {
                    "nodeName": "multiply",
                    "nodeType": "Core::Math::multiply",
                    "multiInPortNames": [
                        "output1",
                        "output2"
                    ],
                    "metadata": [
                        {
                            "metaName": "DisplayMode",
                            "metaType": "string",
                            "metaValue": "2"
                        },
                        {
                            "metaName": "LayoutPos",
                            "metaType": "string",
                            "metaValue": "-574.971 156.938"
                        }
                    ]
                }
            ],
            "connections": [
                {
                    "source": "multiply1.output",
                    "target": "curl_noise.time"
                },
                {
                    "source": "multiply2.output",
                    "target": "curl_noise.position"
                },
                {
                    "source": "time.seconds",
                    "target": "multiply1.first.seconds"
                },
                {
                    "source": "value.output",
                    "target": "get_geo_property.type"
                },
                {
                    "source": "get_geo_property.data",
                    "target": "multiply2.first.point_position"
                },
                {
                    "source": ".geometry",
                    "target": "get_geo_property.geometry"
                },
                {
                    "source": ".noise_speed",
                    "target": "multiply1.first.noise_speed"
                },
                {
                    "source": ".frequency",
                    "target": "multiply2.first.noise_scale"
                },
                {
                    "source": ".smooth",
                    "target": "curl_noise.smooth"
                },
                {
                    "source": ".seed",
                    "target": "curl_noise.seed"
                },
                {
                    "source": ".in_property",
                    "target": "get_geo_property.property"
                },
                {
                    "source": "vector3_to_scalar.x",
                    "target": "if.true_case"
                },
                {
                    "source": "vector3_to_scalar.y",
                    "target": "if.false_case"
                },
                {
                    "source": "value1.output",
                    "target": "string_ends_with.string"
                },
                {
                    "source": "string_ends_with.end_matches",
                    "target": "if1.condition"
                },
                {
                    "source": "vector3_to_scalar.z",
                    "target": "if1.true_case"
                },
                {
                    "source": "if.output",
                    "target": "if1.false_case"
                },
                {
                    "source": "value1.output",
                    "target": "string_ends_with1.string"
                },
                {
                    "source": "string_ends_with1.end_matches",
                    "target": "if.condition"
                },
                {
                    "source": "if1.output",
                    "target": ".scalar_out"
                },
                {
                    "source": ".scalar_out_axis",
                    "target": "value1.value"
                },
                {
                    "source": ".noise_min",
                    "target": "add.first.noise_min"
                },
                {
                    "source": ".noise_max",
                    "target": "add.first.noise_max"
                },
                {
                    "source": "add.output",
                    "target": "divide.first.output1"
                },
                {
                    "source": "value2.output",
                    "target": "divide.first.output2"
                },
                {
                    "source": "divide.output",
                    "target": "add1.first.output1"
                },
                {
                    "source": ".noise_max",
                    "target": "subtract.first.noise_max"
                },
                {
                    "source": ".noise_min",
                    "target": "subtract.first.noise_min"
                },
                {
                    "source": "subtract.output",
                    "target": "divide1.first.output1"
                },
                {
                    "source": "value3.output",
                    "target": "divide1.first.output2"
                },
                {
                    "source": "divide1.output",
                    "target": "multiply.first.output2"
                },
                {
                    "source": "curl_noise.noise",
                    "target": "multiply.first.output1"
                },
                {
                    "source": "multiply.output",
                    "target": "add1.first.noise"
                },
                {
                    "source": "add1.output",
                    "target": "vector3_to_scalar.vector3"
                },
                {
                    "source": "add1.output",
                    "target": ".vector_out"
                }
            ],
            "values": [
                {
                    "valueName": "value.value",
                    "valueType": "array<Math::float3>",
                    "value": [
                        {
                            "x": "0f",
                            "y": "0f",
                            "z": "0f"
                        }
                    ]
                },
                {
                    "valueName": "get_geo_property.property",
                    "valueType": "string",
                    "value": "point_position"
                },
                {
                    "valueName": "value1.value",
                    "valueType": "string",
                    "value": ""
                },
                {
                    "valueName": "string_ends_with.suffix",
                    "valueType": "string",
                    "value": "Z"
                },
                {
                    "valueName": "string_ends_with1.suffix",
                    "valueType": "string",
                    "value": "X"
                },
                {
                    "valueName": "value2.value",
                    "valueType": "float",
                    "value": "0.5f"
                },
                {
                    "valueName": "value3.value",
                    "valueType": "float",
                    "value": "0.5f"
                }
            ]
        }
    ]
}