{
    "header": {
        "metadata": [
            {
                "metaName": "adskFileFormatVersion",
                "metaValue": "100L"
            }
        ]
    },
    "namespaces": [],
    "types": [
        {
            "enumName": "BPM::g2m_bifrost_pack_0::star_mid_point_control_mode",
            "enumMembers": [
                {
                    "enumKey": "scale",
                    "enumValue": "0"
                },
                {
                    "enumKey": "radius",
                    "enumValue": "1"
                }
            ]
        }
    ],
    "compounds": []
}