{
    "header": {
        "metadata": [
            {
                "metaName": "adskFileFormatVersion",
                "metaValue": "100L"
            }
        ]
    },
    "namespaces": [],
    "types": [
        {
            "enumName": "BPM::g2m_bifrost_pack_0::color_shading_mode",
            "enumMembers": [
                {
                    "enumKey": "object",
                    "enumValue": "0"
                },
                {
                    "enumKey": "mesh_piece",
                    "enumValue": "1"
                },
                {
                    "enumKey": "mesh_face",
                    "enumValue": "2"
                },
                {
                    "enumKey": "point",
                    "enumValue": "3"
                },
                {
                    "enumKey": "vertex",
                    "enumValue": "4"
                }
            ]
        }
    ],
    "compounds": []
}