{
    "header": {
        "metadata": [
            {
                "metaName": "adskFileFormatVersion",
                "metaValue": "100L"
            }
        ]
    },
    "namespaces": [],
    "types": [
        {
            "enumName": "BPM::g2m_bifrost_pack_0::enum::enum_datatype",
            "enumMembers": [
                {
                    "enumKey": "unknow",
                    "enumValue": "0"
                },
                {
                    "enumKey": "char (int 8-bit)",
                    "enumValue": "1"
                },
                {
                    "enumKey": "uchar (int 8-bit Unsigned)",
                    "enumValue": "2"
                },
                {
                    "enumKey": "short (int 16-bit)",
                    "enumValue": "3"
                },
                {
                    "enumKey": "ushort (int 16-bit Unsigned)",
                    "enumValue": "4"
                },
                {
                    "enumKey": "int (int 32-bit)",
                    "enumValue": "5"
                },
                {
                    "enumKey": "uint (int 32-bit Unsigned)",
                    "enumValue": "6"
                },
                {
                    "enumKey": "long (int 64-bit)",
                    "enumValue": "7"
                },
                {
                    "enumKey": "ulong (int 64-bit Unsigned)",
                    "enumValue": "8"
                },
                {
                    "enumKey": "float (floating point 32-bit)",
                    "enumValue": "9"
                },
                {
                    "enumKey": "double (floating point 64-bit)",
                    "enumValue": "10"
                },
                {
                    "enumKey": "bool (Boolean)",
                    "enumValue": "11"
                },
                {
                    "enumKey": "string",
                    "enumValue": "12"
                },
                {
                    "enumKey": "Amino::Object",
                    "enumValue": "13"
                },
                {
                    "enumKey": "Amino::FCurve",
                    "enumValue": "14"
                }
            ]
        }
    ],
    "compounds": []
}