{
    "header": {
        "metadata": [
            {
                "metaName": "adskFileFormatVersion",
                "metaValue": "100L"
            }
        ]
    },
    "namespaces": [],
    "types": [
        {
            "enumName": "BPM::g2m_bifrost_pack_0::enum::enum_axis_plane",
            "enumMembers": [
                {
                    "enumKey": "XZ",
                    "enumValue": "0"
                },
                {
                    "enumKey": "XY",
                    "enumValue": "1"
                },
                {
                    "enumKey": "YZ",
                    "enumValue": "2"
                }
            ]
        }
    ],
    "compounds": []
}