{
    "header": {
        "metadata": [
            {
                "metaName": "adskFileFormatVersion",
                "metaValue": "100L"
            }
        ]
    },
    "namespaces": [],
    "types": [
        {
            "structName": "BPM::g2m_bifrost_pack_0::struct::data_axis_plane",
            "structMembers": [
                {
                    "memberName": "first_axis",
                    "memberType": "Math::float3"
                },
                {
                    "memberName": "second_axis",
                    "memberType": "Math::float3"
                },
                {
                    "memberName": "third_axis",
                    "memberType": "Math::float3"
                }
            ]
        }
    ],
    "compounds": []
}