{
    "header": {
        "metadata": [
            {
                "metaName": "adskFileFormatVersion",
                "metaValue": "100L"
            }
        ]
    },
    "namespaces": [],
    "types": [],
    "compounds": [
        {
            "name": "BPM::please_1::mesh::g2m_arrange_triangle_face_vertex_and_offset",
            "uriImported": "stream:/bifrostGraphShape2",
            "metadata": [
                {
                    "metaName": "io_nodes",
                    "metadata": [
                        {
                            "metaName": "io_inodes",
                            "metadata": [
                                {
                                    "metaName": "input",
                                    "metadata": [
                                        {
                                            "metaName": "DisplayMode",
                                            "metaType": "string",
                                            "metaValue": "2"
                                        },
                                        {
                                            "metaName": "LayoutPos",
                                            "metaType": "string",
                                            "metaValue": "-539 -202.5"
                                        },
                                        {
                                            "metaName": "io_ports",
                                            "metadata": [
                                                {
                                                    "metaName": "origin"
                                                },
                                                {
                                                    "metaName": "line"
                                                },
                                                {
                                                    "metaName": "reverse_line"
                                                },
                                                {
                                                    "metaName": "offset_line"
                                                }
                                            ]
                                        }
                                    ]
                                }
                            ]
                        },
                        {
                            "metaName": "io_onodes",
                            "metadata": [
                                {
                                    "metaName": "output",
                                    "metadata": [
                                        {
                                            "metaName": "DisplayMode",
                                            "metaType": "string",
                                            "metaValue": "2"
                                        },
                                        {
                                            "metaName": "LayoutPos",
                                            "metaType": "string",
                                            "metaValue": "1701.67 -511.175"
                                        },
                                        {
                                            "metaName": "io_ports",
                                            "metadata": [
                                                {
                                                    "metaName": "face_vertex"
                                                },
                                                {
                                                    "metaName": "easy_face_offset"
                                                },
                                                {
                                                    "metaName": "face_offset_no_head"
                                                }
                                            ]
                                        }
                                    ]
                                }
                            ]
                        }
                    ]
                },
                {
                    "metaName": "backdrop",
                    "metadata": [
                        {
                            "metaName": "type",
                            "metaType": "string",
                            "metaValue": "backdrop"
                        },
                        {
                            "metaName": "text",
                            "metaType": "string",
                            "metaValue": "\u6392\u5217\u4e00\u7d44 face_vertex \u4f9b construct_mesh \u570d\u6210\u4e09\u89d2\u9762\n\nface_vertex = point_position \u5e8f\u865f\n\n\u4f8b\uff1a\norigin = 0\nline = [1,2,3]\n\u8f38\u51fa\uff1a\nface_vertex = [0,1,2, 0,2,3]\nface_offset = [0,3,6]\n"
                        },
                        {
                            "metaName": "coords",
                            "metaType": "string",
                            "metaValue": "-792.389 -222.685 543.959 281.885"
                        }
                    ]
                },
                {
                    "metaName": "_recentNode_",
                    "metaType": "string",
                    "metaValue": "BifrostGraph,Geometry::Mesh,construct_mesh"
                },
                {
                    "metaName": "_recentNode_",
                    "metaType": "string",
                    "metaValue": "BifrostGraph,Core::Array,array_size"
                },
                {
                    "metaName": "_recentNode_",
                    "metaType": "string",
                    "metaValue": "BifrostGraph,Core::Array,reverse_array"
                },
                {
                    "metaName": "_recentNode_",
                    "metaType": "string",
                    "metaValue": "BifrostGraph,Core::Logic,if"
                },
                {
                    "metaName": "_recentNode_",
                    "metaType": "string",
                    "metaValue": "BifrostGraph,G2M::array,g2m_array_shift"
                },
                {
                    "metaName": "ViewportRect",
                    "metaType": "string",
                    "metaValue": "-968.5 -429.903 1109.63 875.657"
                },
                {
                    "metaName": "DisplayMode",
                    "metaType": "string",
                    "metaValue": "2"
                },
                {
                    "metaName": "LayoutPos",
                    "metaType": "string",
                    "metaValue": "-1525 -942"
                }
            ],
            "ports": [
                {
                    "portName": "origin",
                    "portDirection": "input",
                    "portType": "uint",
                    "portDefault": "0U"
                },
                {
                    "portName": "line",
                    "portDirection": "input",
                    "portType": "array<uint>",
                    "portDefault": []
                },
                {
                    "portName": "reverse_line",
                    "portDirection": "input",
                    "portType": "bool",
                    "portDefault": "false"
                },
                {
                    "portName": "offset_line",
                    "portDirection": "input",
                    "portType": "int",
                    "portDefault": "0L"
                },
                {
                    "portName": "face_vertex",
                    "portDirection": "output"
                },
                {
                    "portName": "easy_face_offset",
                    "portDirection": "output"
                },
                {
                    "portName": "face_offset_no_head",
                    "portDirection": "output"
                }
            ],
            "compounds": [
                {
                    "name": "build_face_vertex_and_offset",
                    "uriImported": "stream:/bifrostGraphShape2",
                    "metadata": [
                        {
                            "metaName": "icon",
                            "metaType": "string",
                            "metaValue": "<NATIVE>../icons/LoopIterate.svg"
                        },
                        {
                            "metaName": "icon",
                            "metaType": "string",
                            "metaValue": "<NATIVE>../icons/LoopIterate.svg"
                        },
                        {
                            "metaName": "icon",
                            "metaType": "string",
                            "metaValue": "<NATIVE>../icons/LoopIterate.svg"
                        },
                        {
                            "metaName": "_recentNode_",
                            "metaType": "string",
                            "metaValue": "BifrostGraph,Core::Constants,float"
                        },
                        {
                            "metaName": "_recentNode_",
                            "metaType": "string",
                            "metaValue": "BifrostGraph,Core::Graph,pass"
                        },
                        {
                            "metaName": "_recentNode_",
                            "metaType": "string",
                            "metaValue": "BifrostGraph,Core::Math,increment"
                        },
                        {
                            "metaName": "_recentNode_",
                            "metaType": "string",
                            "metaValue": "BifrostGraph,Core::Array,last_in_array"
                        },
                        {
                            "metaName": "_recentNode_",
                            "metaType": "string",
                            "metaValue": "BifrostGraph,Core::Array,build_array"
                        },
                        {
                            "metaName": "io_nodes",
                            "metadata": [
                                {
                                    "metaName": "io_inodes",
                                    "metadata": [
                                        {
                                            "metaName": "input",
                                            "metadata": [
                                                {
                                                    "metaName": "DisplayMode",
                                                    "metaType": "string",
                                                    "metaValue": "2"
                                                },
                                                {
                                                    "metaName": "LayoutPos",
                                                    "metaType": "string",
                                                    "metaValue": "-518 -132.5"
                                                },
                                                {
                                                    "metaName": "io_ports",
                                                    "metadata": [
                                                        {
                                                            "metaName": "max_iterations"
                                                        },
                                                        {
                                                            "metaName": "current_index"
                                                        },
                                                        {
                                                            "metaName": "origin"
                                                        },
                                                        {
                                                            "metaName": "line"
                                                        },
                                                        {
                                                            "metaName": "face_vertex_pool"
                                                        },
                                                        {
                                                            "metaName": "face_offset_pool"
                                                        }
                                                    ]
                                                }
                                            ]
                                        }
                                    ]
                                },
                                {
                                    "metaName": "io_onodes",
                                    "metadata": [
                                        {
                                            "metaName": "output",
                                            "metadata": [
                                                {
                                                    "metaName": "DisplayMode",
                                                    "metaType": "string",
                                                    "metaValue": "2"
                                                },
                                                {
                                                    "metaName": "io_ports",
                                                    "metadata": [
                                                        {
                                                            "metaName": "face_vertex"
                                                        },
                                                        {
                                                            "metaName": "offset_no_head"
                                                        }
                                                    ]
                                                },
                                                {
                                                    "metaName": "LayoutPos",
                                                    "metaType": "string",
                                                    "metaValue": "1111.91 -141.922"
                                                }
                                            ]
                                        }
                                    ]
                                }
                            ]
                        },
                        {
                            "metaName": "ViewportRect",
                            "metaType": "string",
                            "metaValue": "-423.301 -338.94 1607.81 1268.8"
                        }
                    ],
                    "ports": [
                        {
                            "portName": "max_iterations",
                            "portDirection": "input",
                            "portType": "long",
                            "portIterationLimit": "true"
                        },
                        {
                            "portName": "current_index",
                            "portDirection": "input",
                            "portType": "long",
                            "portIterationCounter": "true"
                        },
                        {
                            "portName": "origin",
                            "portDirection": "input",
                            "portType": "uint"
                        },
                        {
                            "portName": "line",
                            "portDirection": "input",
                            "portType": "array<uint>"
                        },
                        {
                            "portName": "face_vertex_pool",
                            "portDirection": "input",
                            "portType": "array<uint>"
                        },
                        {
                            "portName": "face_offset_pool",
                            "portDirection": "input",
                            "portType": "array<uint>"
                        },
                        {
                            "portName": "face_vertex",
                            "portDirection": "output"
                        },
                        {
                            "portName": "offset_no_head",
                            "portDirection": "output"
                        }
                    ],
                    "compoundNodes": [
                        {
                            "nodeName": "get_from_array2",
                            "nodeType": "Core::Array::get_from_array",
                            "metadata": [
                                {
                                    "metaName": "DisplayMode",
                                    "metaType": "string",
                                    "metaValue": "2"
                                },
                                {
                                    "metaName": "LayoutPos",
                                    "metaType": "string",
                                    "metaValue": "163.083 182.812"
                                }
                            ]
                        },
                        {
                            "nodeName": "get_from_array3",
                            "nodeType": "Core::Array::get_from_array",
                            "metadata": [
                                {
                                    "metaName": "DisplayMode",
                                    "metaType": "string",
                                    "metaValue": "2"
                                },
                                {
                                    "metaName": "LayoutPos",
                                    "metaType": "string",
                                    "metaValue": "166.088 1.81385"
                                }
                            ]
                        },
                        {
                            "nodeName": "increment1",
                            "nodeType": "Core::Math::increment",
                            "metadata": [
                                {
                                    "metaName": "DisplayMode",
                                    "metaType": "string",
                                    "metaValue": "0"
                                },
                                {
                                    "metaName": "LayoutPos",
                                    "metaType": "string",
                                    "metaValue": "-86.9172 251.812"
                                }
                            ]
                        },
                        {
                            "nodeName": "build_array",
                            "nodeType": "Core::Array::build_array",
                            "multiInPortNames": [
                                "position_array",
                                "origin",
                                "value",
                                "value1"
                            ],
                            "metadata": [
                                {
                                    "metaName": "DisplayMode",
                                    "metaType": "string",
                                    "metaValue": "2"
                                },
                                {
                                    "metaName": "LayoutPos",
                                    "metaType": "string",
                                    "metaValue": "477.985 -138.658"
                                }
                            ]
                        },
                        {
                            "nodeName": "build_array1",
                            "nodeType": "Core::Array::build_array",
                            "multiInPortNames": [
                                "offset_pool",
                                "output"
                            ],
                            "metadata": [
                                {
                                    "metaName": "DisplayMode",
                                    "metaType": "string",
                                    "metaValue": "2"
                                },
                                {
                                    "metaName": "LayoutPos",
                                    "metaType": "string",
                                    "metaValue": "680.04 529.564"
                                }
                            ]
                        },
                        {
                            "nodeName": "last_in_array",
                            "nodeType": "Core::Array::last_in_array",
                            "metadata": [
                                {
                                    "metaName": "DisplayMode",
                                    "metaType": "string",
                                    "metaValue": "2"
                                },
                                {
                                    "metaName": "LayoutPos",
                                    "metaType": "string",
                                    "metaValue": "188.076 561.126"
                                }
                            ]
                        },
                        {
                            "nodeName": "increment2",
                            "nodeType": "Core::Math::increment",
                            "metadata": [
                                {
                                    "metaName": "DisplayMode",
                                    "metaType": "string",
                                    "metaValue": "2"
                                },
                                {
                                    "metaName": "LayoutPos",
                                    "metaType": "string",
                                    "metaValue": "427.502 616.454"
                                }
                            ]
                        },
                        {
                            "nodeName": "value1",
                            "valueType": "char",
                            "metadata": [
                                {
                                    "metaName": "DisplayMode",
                                    "metaType": "string",
                                    "metaValue": "2"
                                },
                                {
                                    "metaName": "valuenode_defaultvalue",
                                    "metaType": "string",
                                    "metaValue": "4"
                                },
                                {
                                    "metaName": "LayoutPos",
                                    "metaType": "string",
                                    "metaValue": "185.57 747.273"
                                }
                            ]
                        }
                    ],
                    "connections": [
                        {
                            "source": "increment1.output",
                            "target": "get_from_array2.index"
                        },
                        {
                            "source": "build_array.array",
                            "target": ".face_vertex"
                        },
                        {
                            "source": "build_array1.array",
                            "target": ".offset_no_head"
                        },
                        {
                            "source": "last_in_array.last",
                            "target": "increment2.value"
                        },
                        {
                            "source": "increment2.output",
                            "target": "build_array1.first.output"
                        },
                        {
                            "source": "value1.output",
                            "target": "increment2.by"
                        },
                        {
                            "source": ".current_index",
                            "target": "get_from_array3.index"
                        },
                        {
                            "source": ".current_index",
                            "target": "increment1.value"
                        },
                        {
                            "source": ".line",
                            "target": "get_from_array3.array"
                        },
                        {
                            "source": ".line",
                            "target": "get_from_array2.array"
                        },
                        {
                            "source": ".face_vertex_pool",
                            "target": "build_array.first.position_array"
                        },
                        {
                            "source": ".face_offset_pool",
                            "target": "build_array1.first.offset_pool"
                        },
                        {
                            "source": ".face_offset_pool",
                            "target": "last_in_array.array"
                        },
                        {
                            "source": ".origin",
                            "target": "build_array.first.origin"
                        },
                        {
                            "source": "get_from_array3.value",
                            "target": "build_array.first.value"
                        },
                        {
                            "source": "get_from_array2.value",
                            "target": "build_array.first.value1"
                        }
                    ],
                    "values": [
                        {
                            "valueName": "increment1.by",
                            "valueType": "char",
                            "value": "1"
                        },
                        {
                            "valueName": "increment2.by",
                            "valueType": "char",
                            "value": "4"
                        },
                        {
                            "valueName": "value1.value",
                            "valueType": "char",
                            "value": "3"
                        }
                    ],
                    "reservedNodeNames": [
                        {
                            "name": "input"
                        },
                        {
                            "name": "output"
                        }
                    ],
                    "iterateCompound": {
                        "ports": [
                            {
                                "portKind": "state",
                                "inputPortName": "face_vertex_pool",
                                "outputPortName": "face_vertex"
                            },
                            {
                                "portKind": "state",
                                "inputPortName": "face_offset_pool",
                                "outputPortName": "offset_no_head"
                            }
                        ]
                    }
                }
            ],
            "compoundNodes": [
                {
                    "nodeName": "g2m_array_shift",
                    "nodeType": "BPM::please_1::array::g2m_array_shift",
                    "metadata": [
                        {
                            "metaName": "DisplayMode",
                            "metaType": "string",
                            "metaValue": "2"
                        },
                        {
                            "metaName": "LayoutPos",
                            "metaType": "string",
                            "metaValue": "314.5 -479"
                        }
                    ]
                },
                {
                    "nodeName": "if",
                    "nodeType": "Core::Logic::if",
                    "metadata": [
                        {
                            "metaName": "DisplayMode",
                            "metaType": "string",
                            "metaValue": "2"
                        },
                        {
                            "metaName": "LayoutPos",
                            "metaType": "string",
                            "metaValue": "63.5 -455"
                        }
                    ]
                },
                {
                    "nodeName": "reverse_array",
                    "nodeType": "Core::Array::reverse_array",
                    "metadata": [
                        {
                            "metaName": "DisplayMode",
                            "metaType": "string",
                            "metaValue": "2"
                        },
                        {
                            "metaName": "LayoutPos",
                            "metaType": "string",
                            "metaValue": "-179.5 -407"
                        }
                    ]
                },
                {
                    "nodeName": "value2",
                    "valueType": "uint",
                    "metadata": [
                        {
                            "metaName": "DisplayMode",
                            "metaType": "string",
                            "metaValue": "0"
                        },
                        {
                            "metaName": "valuenode_defaultvalue",
                            "metaType": "string",
                            "metaValue": "4"
                        },
                        {
                            "metaName": "LayoutPos",
                            "metaType": "string",
                            "metaValue": "1074 -211.719"
                        }
                    ]
                },
                {
                    "nodeName": "easy_vertex_offset",
                    "nodeType": "Core::Array::sequence_array",
                    "metadata": [
                        {
                            "metaName": "DisplayMode",
                            "metaType": "string",
                            "metaValue": "2"
                        },
                        {
                            "metaName": "LayoutPos",
                            "metaType": "string",
                            "metaValue": "1314.88 -303.952"
                        }
                    ]
                },
                {
                    "nodeName": "array_size",
                    "nodeType": "Core::Array::array_size",
                    "metadata": [
                        {
                            "metaName": "DisplayMode",
                            "metaType": "string",
                            "metaValue": "2"
                        },
                        {
                            "metaName": "LayoutPos",
                            "metaType": "string",
                            "metaValue": "729.5 -504"
                        }
                    ]
                },
                {
                    "nodeName": "decrement",
                    "nodeType": "Core::Math::decrement",
                    "metadata": [
                        {
                            "metaName": "DisplayMode",
                            "metaType": "string",
                            "metaValue": "0"
                        },
                        {
                            "metaName": "LayoutPos",
                            "metaType": "string",
                            "metaValue": "1072.92 -671.567"
                        }
                    ]
                },
                {
                    "nodeName": "build_face_vertex_and_offset",
                    "nodeType": "build_face_vertex_and_offset",
                    "metadata": [
                        {
                            "metaName": "DisplayMode",
                            "metaType": "string",
                            "metaValue": "2"
                        },
                        {
                            "metaName": "LayoutPos",
                            "metaType": "string",
                            "metaValue": "1314.75 -764.231"
                        }
                    ]
                }
            ],
            "connections": [
                {
                    "source": ".line",
                    "target": "reverse_array.array"
                },
                {
                    "source": ".reverse_line",
                    "target": "if.condition"
                },
                {
                    "source": "reverse_array.reversed",
                    "target": "if.true_case"
                },
                {
                    "source": ".line",
                    "target": "if.false_case"
                },
                {
                    "source": "if.output",
                    "target": "g2m_array_shift.array"
                },
                {
                    "source": ".offset_line",
                    "target": "g2m_array_shift.direction"
                },
                {
                    "source": "value2.output",
                    "target": "easy_vertex_offset.step"
                },
                {
                    "source": "g2m_array_shift.shifted",
                    "target": "array_size.array"
                },
                {
                    "source": "array_size.size",
                    "target": "easy_vertex_offset.size"
                },
                {
                    "source": "easy_vertex_offset.sequence",
                    "target": ".easy_face_offset"
                },
                {
                    "source": "decrement.output",
                    "target": "build_face_vertex_and_offset.max_iterations"
                },
                {
                    "source": "g2m_array_shift.shifted",
                    "target": "build_face_vertex_and_offset.line"
                },
                {
                    "source": "array_size.size",
                    "target": "decrement.value"
                },
                {
                    "source": ".origin",
                    "target": "build_face_vertex_and_offset.origin"
                },
                {
                    "source": "build_face_vertex_and_offset.face_vertex",
                    "target": ".face_vertex"
                },
                {
                    "source": "build_face_vertex_and_offset.offset_no_head",
                    "target": ".face_offset_no_head"
                }
            ],
            "values": [
                {
                    "valueName": "value2.value",
                    "valueType": "uint",
                    "value": "3U"
                },
                {
                    "valueName": "easy_vertex_offset.start",
                    "valueType": "uint",
                    "value": "0U"
                },
                {
                    "valueName": "easy_vertex_offset.step",
                    "valueType": "uint",
                    "value": "4U"
                },
                {
                    "valueName": "decrement.by",
                    "valueType": "char",
                    "value": "1"
                },
                {
                    "valueName": "build_face_vertex_and_offset.max_iterations",
                    "valueType": "long",
                    "value": "10"
                },
                {
                    "valueName": "build_face_vertex_and_offset.face_offset_pool",
                    "valueType": "array<uint>",
                    "value": []
                }
            ],
            "reservedNodeNames": [
                {
                    "name": "input"
                },
                {
                    "name": "output"
                }
            ]
        }
    ]
}