{
    "header": {
        "metadata": [
            {
                "metaName": "adskFileFormatVersion",
                "metaValue": "100L"
            }
        ]
    },
    "namespaces": [],
    "types": [],
    "compounds": [
        {
            "name": "BPM::please_1::math::g2m_vector_included_angle",
            "uriImported": "stream:/bifrostGraphShape1",
            "metadata": [
                {
                    "metaName": "documentation",
                    "metaType": "string",
                    "metaValue": "docs/g2m_vector_angle_between.md"
                },
                {
                    "metaName": "icon",
                    "metaType": "string",
                    "metaValue": "icons/g2m_default.png"
                },
                {
                    "metaName": "io_nodes",
                    "metadata": [
                        {
                            "metaName": "io_inodes",
                            "metadata": [
                                {
                                    "metaName": "input",
                                    "metadata": [
                                        {
                                            "metaName": "DisplayMode",
                                            "metaType": "string",
                                            "metaValue": "2"
                                        },
                                        {
                                            "metaName": "LayoutPos",
                                            "metaType": "string",
                                            "metaValue": "-1104.2 640.706"
                                        },
                                        {
                                            "metaName": "io_ports",
                                            "metadata": [
                                                {
                                                    "metaName": "a_start"
                                                },
                                                {
                                                    "metaName": "a_end"
                                                },
                                                {
                                                    "metaName": "b_start"
                                                },
                                                {
                                                    "metaName": "b_end"
                                                }
                                            ]
                                        }
                                    ]
                                }
                            ]
                        },
                        {
                            "metaName": "io_onodes",
                            "metadata": [
                                {
                                    "metaName": "output",
                                    "metadata": [
                                        {
                                            "metaName": "DisplayMode",
                                            "metaType": "string",
                                            "metaValue": "2"
                                        },
                                        {
                                            "metaName": "LayoutPos",
                                            "metaType": "string",
                                            "metaValue": "1389.75 571.017"
                                        },
                                        {
                                            "metaName": "io_ports",
                                            "metadata": [
                                                {
                                                    "metaName": "radian"
                                                },
                                                {
                                                    "metaName": "degree"
                                                },
                                                {
                                                    "metaName": "quaternion"
                                                },
                                                {
                                                    "metaName": "dot_product"
                                                },
                                                {
                                                    "metaName": "vector_a_length"
                                                },
                                                {
                                                    "metaName": "vector_b_length"
                                                }
                                            ]
                                        }
                                    ]
                                }
                            ]
                        }
                    ]
                },
                {
                    "metaName": "backdrop",
                    "metadata": [
                        {
                            "metaName": "type",
                            "metaType": "string",
                            "metaValue": "backdrop"
                        },
                        {
                            "metaName": "text",
                            "metaType": "string",
                            "metaValue": "\u8a08\u7b97\u5169\u77e2\u91cf\u9593\u7684\u593e\u89d2\n\u53c3\u8003\uff1ahttps://byjus.com/angle-between-two-vectors-formula/\n"
                        },
                        {
                            "metaName": "coords",
                            "metaType": "string",
                            "metaValue": "-774.337 271.757 1655.74 954.197"
                        }
                    ]
                },
                {
                    "metaName": "backdrop2",
                    "metadata": [
                        {
                            "metaName": "type",
                            "metaType": "string",
                            "metaValue": "backdrop"
                        },
                        {
                            "metaName": "text",
                            "metaType": "string",
                            "metaValue": "\u5229\u7528\u5167\u7f6e\u7bc0\u9ede\u8a08\u7b97\uff0c\u7d50\u679c\u540c\u4e0a\u3002"
                        },
                        {
                            "metaName": "coords",
                            "metaType": "string",
                            "metaValue": "946.848 956.3 856.308 264.624"
                        }
                    ]
                },
                {
                    "metaName": "ViewportRect",
                    "metaType": "string",
                    "metaValue": "251.559 115.06 1656.52 1200.38"
                },
                {
                    "metaName": "DisplayMode",
                    "metaType": "string",
                    "metaValue": "2"
                },
                {
                    "metaName": "LayoutPos",
                    "metaType": "string",
                    "metaValue": "1496.13 -302.01"
                }
            ],
            "ports": [
                {
                    "portName": "radian",
                    "portDirection": "output",
                    "portType": "float"
                },
                {
                    "portName": "degree",
                    "portDirection": "output",
                    "portType": "float"
                },
                {
                    "portName": "a_start",
                    "portDirection": "input",
                    "portType": "Math::float3",
                    "portDefault": {
                        "x": "0f",
                        "y": "0f",
                        "z": "0f"
                    }
                },
                {
                    "portName": "a_end",
                    "portDirection": "input",
                    "portType": "Math::float3",
                    "portDefault": {
                        "x": "1f",
                        "y": "0f",
                        "z": "0f"
                    }
                },
                {
                    "portName": "b_start",
                    "portDirection": "input",
                    "portType": "Math::float3",
                    "portDefault": {
                        "x": "0f",
                        "y": "0f",
                        "z": "0f"
                    }
                },
                {
                    "portName": "b_end",
                    "portDirection": "input",
                    "portType": "Math::float3",
                    "portDefault": {
                        "x": "0f",
                        "y": "0f",
                        "z": "0f"
                    }
                },
                {
                    "portName": "quaternion",
                    "portDirection": "output",
                    "portType": "Math::float4"
                },
                {
                    "portName": "dot_product",
                    "portDirection": "output",
                    "portType": "float"
                },
                {
                    "portName": "vector_a_length",
                    "portDirection": "output",
                    "portType": "float"
                },
                {
                    "portName": "vector_b_length",
                    "portDirection": "output",
                    "portType": "float"
                }
            ],
            "compoundNodes": [
                {
                    "nodeName": "acos",
                    "nodeType": "Core::Math::acos",
                    "metadata": [
                        {
                            "metaName": "DisplayMode",
                            "metaType": "string",
                            "metaValue": "2"
                        },
                        {
                            "metaName": "LayoutPos",
                            "metaType": "string",
                            "metaValue": "628.031 569.55"
                        }
                    ]
                },
                {
                    "nodeName": "divide",
                    "nodeType": "Core::Math::divide",
                    "multiInPortNames": [
                        "dot_product",
                        "output1"
                    ],
                    "metadata": [
                        {
                            "metaName": "DisplayMode",
                            "metaType": "string",
                            "metaValue": "2"
                        },
                        {
                            "metaName": "LayoutPos",
                            "metaType": "string",
                            "metaValue": "381.861 592.545"
                        }
                    ]
                },
                {
                    "nodeName": "dot",
                    "nodeType": "Core::Math::dot",
                    "metadata": [
                        {
                            "metaName": "DisplayMode",
                            "metaType": "string",
                            "metaValue": "2"
                        },
                        {
                            "metaName": "LayoutPos",
                            "metaType": "string",
                            "metaValue": "63.1127 422.972"
                        }
                    ]
                },
                {
                    "nodeName": "first_initial_point",
                    "nodeType": "Core::Graph::pass",
                    "metadata": [
                        {
                            "metaName": "DisplayMode",
                            "metaType": "string",
                            "metaValue": "2"
                        },
                        {
                            "metaName": "LayoutPos",
                            "metaType": "string",
                            "metaValue": "-757.145 388.417"
                        }
                    ]
                },
                {
                    "nodeName": "first_terminal_point",
                    "nodeType": "Core::Graph::pass",
                    "metadata": [
                        {
                            "metaName": "DisplayMode",
                            "metaType": "string",
                            "metaValue": "2"
                        },
                        {
                            "metaName": "LayoutPos",
                            "metaType": "string",
                            "metaValue": "-756.796 573.968"
                        }
                    ]
                },
                {
                    "nodeName": "multiply",
                    "nodeType": "Core::Math::multiply",
                    "multiInPortNames": [
                        "magnitude",
                        "magnitude1"
                    ],
                    "metadata": [
                        {
                            "metaName": "DisplayMode",
                            "metaType": "string",
                            "metaValue": "2"
                        },
                        {
                            "metaName": "LayoutPos",
                            "metaType": "string",
                            "metaValue": "69.4718 639.856"
                        }
                    ]
                },
                {
                    "nodeName": "radians_to_degrees",
                    "nodeType": "Core::Conversion::radians_to_degrees",
                    "metadata": [
                        {
                            "metaName": "DisplayMode",
                            "metaType": "string",
                            "metaValue": "2"
                        },
                        {
                            "metaName": "LayoutPos",
                            "metaType": "string",
                            "metaValue": "986.911 650.017"
                        }
                    ]
                },
                {
                    "nodeName": "second_initial_point",
                    "nodeType": "Core::Graph::pass",
                    "metadata": [
                        {
                            "metaName": "DisplayMode",
                            "metaType": "string",
                            "metaValue": "2"
                        },
                        {
                            "metaName": "LayoutPos",
                            "metaType": "string",
                            "metaValue": "-758.934 763.45"
                        }
                    ]
                },
                {
                    "nodeName": "second_terminal_point",
                    "nodeType": "Core::Graph::pass",
                    "metadata": [
                        {
                            "metaName": "DisplayMode",
                            "metaType": "string",
                            "metaValue": "2"
                        },
                        {
                            "metaName": "LayoutPos",
                            "metaType": "string",
                            "metaValue": "-764.337 950.948"
                        }
                    ]
                },
                {
                    "nodeName": "vector_A",
                    "nodeType": "Core::Math::subtract",
                    "multiInPortNames": [
                        "output1",
                        "output2"
                    ],
                    "metadata": [
                        {
                            "metaName": "DisplayMode",
                            "metaType": "string",
                            "metaValue": "2"
                        },
                        {
                            "metaName": "LayoutPos",
                            "metaType": "string",
                            "metaValue": "-497.093 446.311"
                        }
                    ]
                },
                {
                    "nodeName": "vector_B",
                    "nodeType": "Core::Math::subtract",
                    "multiInPortNames": [
                        "output1",
                        "output2"
                    ],
                    "metadata": [
                        {
                            "metaName": "DisplayMode",
                            "metaType": "string",
                            "metaValue": "2"
                        },
                        {
                            "metaName": "LayoutPos",
                            "metaType": "string",
                            "metaValue": "-492.08 830.45"
                        }
                    ]
                },
                {
                    "nodeName": "rotation_between_vectors",
                    "nodeType": "Core::Math::rotation_between_vectors",
                    "metadata": [
                        {
                            "metaName": "DisplayMode",
                            "metaType": "string",
                            "metaValue": "2"
                        },
                        {
                            "metaName": "LayoutPos",
                            "metaType": "string",
                            "metaValue": "956.782 1004.79"
                        }
                    ]
                },
                {
                    "nodeName": "length",
                    "nodeType": "Core::Math::length",
                    "metadata": [
                        {
                            "metaName": "DisplayMode",
                            "metaType": "string",
                            "metaValue": "2"
                        },
                        {
                            "metaName": "LayoutPos",
                            "metaType": "string",
                            "metaValue": "-216.145 563.168"
                        }
                    ]
                },
                {
                    "nodeName": "length1",
                    "nodeType": "Core::Math::length",
                    "metadata": [
                        {
                            "metaName": "DisplayMode",
                            "metaType": "string",
                            "metaValue": "2"
                        },
                        {
                            "metaName": "LayoutPos",
                            "metaType": "string",
                            "metaValue": "-214.843 730.432"
                        }
                    ]
                },
                {
                    "nodeName": "quaternion_to_axis_angle",
                    "nodeType": "Core::Math::quaternion_to_axis_angle",
                    "metadata": [
                        {
                            "metaName": "DisplayMode",
                            "metaType": "string",
                            "metaValue": "2"
                        },
                        {
                            "metaName": "LayoutPos",
                            "metaType": "string",
                            "metaValue": "1278.49 992.71"
                        }
                    ]
                },
                {
                    "nodeName": "radians_to_degrees1",
                    "nodeType": "Core::Conversion::radians_to_degrees",
                    "metadata": [
                        {
                            "metaName": "DisplayMode",
                            "metaType": "string",
                            "metaValue": "2"
                        },
                        {
                            "metaName": "LayoutPos",
                            "metaType": "string",
                            "metaValue": "1544.91 992.43"
                        }
                    ]
                }
            ],
            "connections": [
                {
                    "source": "divide.output",
                    "target": "acos.value"
                },
                {
                    "source": "acos.arccosine",
                    "target": "radians_to_degrees.radians"
                },
                {
                    "source": "dot.dot_product",
                    "target": "divide.first.dot_product"
                },
                {
                    "source": "multiply.output",
                    "target": "divide.first.output1"
                },
                {
                    "source": "first_initial_point.output",
                    "target": "vector_A.first.output2"
                },
                {
                    "source": "first_terminal_point.output",
                    "target": "vector_A.first.output1"
                },
                {
                    "source": "second_initial_point.output",
                    "target": "vector_B.first.output2"
                },
                {
                    "source": "second_terminal_point.output",
                    "target": "vector_B.first.output1"
                },
                {
                    "source": ".a_start",
                    "target": "first_initial_point.input"
                },
                {
                    "source": ".a_end",
                    "target": "first_terminal_point.input"
                },
                {
                    "source": ".b_start",
                    "target": "second_initial_point.input"
                },
                {
                    "source": ".b_end",
                    "target": "second_terminal_point.input"
                },
                {
                    "source": "vector_A.output",
                    "target": "dot.first"
                },
                {
                    "source": "vector_B.output",
                    "target": "dot.second"
                },
                {
                    "source": "acos.arccosine",
                    "target": ".radian"
                },
                {
                    "source": "radians_to_degrees.degrees",
                    "target": ".degree"
                },
                {
                    "source": "vector_A.output",
                    "target": "rotation_between_vectors.from"
                },
                {
                    "source": "vector_B.output",
                    "target": "rotation_between_vectors.to"
                },
                {
                    "source": "vector_A.output",
                    "target": "length.vector"
                },
                {
                    "source": "vector_B.output",
                    "target": "length1.vector"
                },
                {
                    "source": "length.length",
                    "target": "multiply.first.magnitude"
                },
                {
                    "source": "length1.length",
                    "target": "multiply.first.magnitude1"
                },
                {
                    "source": "quaternion_to_axis_angle.radians",
                    "target": "radians_to_degrees1.radians"
                },
                {
                    "source": "rotation_between_vectors.quaternion",
                    "target": "quaternion_to_axis_angle.quaternion"
                },
                {
                    "source": "rotation_between_vectors.quaternion",
                    "target": ".quaternion"
                },
                {
                    "source": "dot.dot_product",
                    "target": ".dot_product"
                },
                {
                    "source": "length.length",
                    "target": ".vector_a_length"
                },
                {
                    "source": "length1.length",
                    "target": ".vector_b_length"
                }
            ],
            "values": [],
            "reservedNodeNames": [
                {
                    "name": "input"
                },
                {
                    "name": "output"
                }
            ]
        }
    ]
}