{
    "header": {
        "metadata": [
            {
                "metaName": "adskFileFormatVersion",
                "metaValue": "100L"
            }
        ]
    },
    "namespaces": [],
    "types": [],
    "compounds": [
        {
            "name": "BPM::please_1::strand::g2m_strand_smooth_01a",
            "uriImported": "stream:/bifrostGraphShape1",
            "metadata": [
                {
                    "metaName": "io_nodes",
                    "metadata": [
                        {
                            "metaName": "io_inodes",
                            "metadata": [
                                {
                                    "metaName": "input",
                                    "metadata": [
                                        {
                                            "metaName": "DisplayMode",
                                            "metaType": "string",
                                            "metaValue": "2"
                                        },
                                        {
                                            "metaName": "io_ports",
                                            "metadata": [
                                                {
                                                    "metaName": "strand_in"
                                                },
                                                {
                                                    "metaName": "segment"
                                                }
                                            ]
                                        },
                                        {
                                            "metaName": "LayoutPos",
                                            "metaType": "string",
                                            "metaValue": "-2106.05 -16.8039"
                                        }
                                    ]
                                }
                            ]
                        },
                        {
                            "metaName": "io_onodes",
                            "metadata": [
                                {
                                    "metaName": "output",
                                    "metadata": [
                                        {
                                            "metaName": "DisplayMode",
                                            "metaType": "string",
                                            "metaValue": "2"
                                        },
                                        {
                                            "metaName": "LayoutPos",
                                            "metaType": "string",
                                            "metaValue": "437.234 -165.766"
                                        },
                                        {
                                            "metaName": "io_ports",
                                            "metadata": [
                                                {
                                                    "metaName": "new_strand"
                                                },
                                                {
                                                    "metaName": "point_position"
                                                }
                                            ]
                                        }
                                    ]
                                }
                            ]
                        }
                    ]
                },
                {
                    "metaName": "_recentNode_",
                    "metaType": "string",
                    "metaValue": "BifrostGraph,Geometry::Properties,set_point_position"
                },
                {
                    "metaName": "_recentNode_",
                    "metaType": "string",
                    "metaValue": "BifrostGraph,Core::Graph,pass"
                },
                {
                    "metaName": "_recentNode_",
                    "metaType": "string",
                    "metaValue": "BifrostGraph,Geometry::Properties,get_point_position"
                },
                {
                    "metaName": "_recentNode_",
                    "metaType": "string",
                    "metaValue": "BifrostGraph,G2M::strand,g2m_strand_bevel_11b"
                },
                {
                    "metaName": "_recentNode_",
                    "metaType": "string",
                    "metaValue": "BifrostGraph,G2M::shading,g2m_basic_color"
                },
                {
                    "metaName": "ViewportRect",
                    "metaType": "string",
                    "metaValue": "-276.268 -516.029 1188.31 843.684"
                },
                {
                    "metaName": "DisplayMode",
                    "metaType": "string",
                    "metaValue": "2"
                },
                {
                    "metaName": "LayoutPos",
                    "metaType": "string",
                    "metaValue": "-396.286 1059.6"
                }
            ],
            "ports": [
                {
                    "portName": "strand_in",
                    "portDirection": "input",
                    "portType": "Amino::Object"
                },
                {
                    "portName": "new_strand",
                    "portDirection": "output",
                    "portType": "Amino::Object"
                },
                {
                    "portName": "point_position",
                    "portDirection": "output",
                    "portType": "array<Math::float3>"
                },
                {
                    "portName": "segment",
                    "portDirection": "input",
                    "portType": "long",
                    "portDefault": "4"
                }
            ],
            "compounds": [
                {
                    "name": "for_each",
                    "uriImported": "stream:/bifrostGraphShape1",
                    "metadata": [
                        {
                            "metaName": "icon",
                            "metaType": "string",
                            "metaValue": "<NATIVE>../icons/LoopForEach.svg"
                        },
                        {
                            "metaName": "icon",
                            "metaType": "string",
                            "metaValue": "<NATIVE>../icons/LoopForEach.svg"
                        },
                        {
                            "metaName": "io_nodes",
                            "metadata": [
                                {
                                    "metaName": "io_inodes",
                                    "metadata": [
                                        {
                                            "metaName": "input",
                                            "metadata": [
                                                {
                                                    "metaName": "DisplayMode",
                                                    "metaType": "string",
                                                    "metaValue": "2"
                                                },
                                                {
                                                    "metaName": "LayoutPos",
                                                    "metaType": "string",
                                                    "metaValue": "-449.5 -61"
                                                },
                                                {
                                                    "metaName": "io_ports",
                                                    "metadata": [
                                                        {
                                                            "metaName": "current_index"
                                                        },
                                                        {
                                                            "metaName": "point_position"
                                                        },
                                                        {
                                                            "metaName": "sequence"
                                                        }
                                                    ]
                                                }
                                            ]
                                        }
                                    ]
                                },
                                {
                                    "metaName": "io_onodes",
                                    "metadata": [
                                        {
                                            "metaName": "output",
                                            "metadata": [
                                                {
                                                    "metaName": "DisplayMode",
                                                    "metaType": "string",
                                                    "metaValue": "2"
                                                },
                                                {
                                                    "metaName": "io_ports",
                                                    "metadata": [
                                                        {
                                                            "metaName": "first"
                                                        }
                                                    ]
                                                },
                                                {
                                                    "metaName": "LayoutPos",
                                                    "metaType": "string",
                                                    "metaValue": "172.322 -84.5445"
                                                }
                                            ]
                                        }
                                    ]
                                }
                            ]
                        },
                        {
                            "metaName": "ViewportRect",
                            "metaType": "string",
                            "metaValue": "-545.898 -321.9 1057.26 750.64"
                        }
                    ],
                    "ports": [
                        {
                            "portName": "current_index",
                            "portDirection": "input",
                            "portType": "long",
                            "portIterationCounter": "true"
                        },
                        {
                            "portName": "point_position",
                            "portDirection": "input",
                            "portType": "array<Math::float3>"
                        },
                        {
                            "portName": "sequence",
                            "portDirection": "input",
                            "portType": "array<float>",
                            "portIterationTarget": "true"
                        },
                        {
                            "portName": "first",
                            "portDirection": "output",
                            "portIterationTarget": "true"
                        }
                    ],
                    "compounds": [
                        {
                            "name": "calculate_final_point",
                            "uriImported": "stream:/bifrostGraphShape1",
                            "metadata": [
                                {
                                    "metaName": "_recentNode_",
                                    "metaType": "string",
                                    "metaValue": "BifrostGraph,Core::Array,first_in_array"
                                },
                                {
                                    "metaName": "_recentNode_",
                                    "metaType": "string",
                                    "metaValue": "BifrostGraph,Core::Iterators,do_while"
                                },
                                {
                                    "metaName": "_recentNode_",
                                    "metaType": "string",
                                    "metaValue": "BifrostGraph,Core::Graph,pass"
                                },
                                {
                                    "metaName": "_recentNode_",
                                    "metaType": "string",
                                    "metaValue": "BifrostGraph,Core::Logic,greater"
                                },
                                {
                                    "metaName": "_recentNode_",
                                    "metaType": "string",
                                    "metaValue": "BifrostGraph,Core::Array,array_size"
                                },
                                {
                                    "metaName": "io_nodes",
                                    "metadata": [
                                        {
                                            "metaName": "io_inodes",
                                            "metadata": [
                                                {
                                                    "metaName": "input",
                                                    "metadata": [
                                                        {
                                                            "metaName": "DisplayMode",
                                                            "metaType": "string",
                                                            "metaValue": "2"
                                                        },
                                                        {
                                                            "metaName": "LayoutPos",
                                                            "metaType": "string",
                                                            "metaValue": "-587 -217"
                                                        },
                                                        {
                                                            "metaName": "io_ports",
                                                            "metadata": [
                                                                {
                                                                    "metaName": "point_position"
                                                                },
                                                                {
                                                                    "metaName": "fraction"
                                                                }
                                                            ]
                                                        }
                                                    ]
                                                }
                                            ]
                                        },
                                        {
                                            "metaName": "io_onodes",
                                            "metadata": [
                                                {
                                                    "metaName": "output",
                                                    "metadata": [
                                                        {
                                                            "metaName": "DisplayMode",
                                                            "metaType": "string",
                                                            "metaValue": "2"
                                                        },
                                                        {
                                                            "metaName": "io_ports",
                                                            "metadata": [
                                                                {
                                                                    "metaName": "first"
                                                                }
                                                            ]
                                                        },
                                                        {
                                                            "metaName": "LayoutPos",
                                                            "metaType": "string",
                                                            "metaValue": "332.992 -334.021"
                                                        }
                                                    ]
                                                }
                                            ]
                                        }
                                    ]
                                },
                                {
                                    "metaName": "backdrop",
                                    "metadata": [
                                        {
                                            "metaName": "type",
                                            "metaType": "string",
                                            "metaValue": "backdrop"
                                        },
                                        {
                                            "metaName": "text",
                                            "metaType": "string",
                                            "metaValue": "\u4fdd\u96aa\u3002\u907f\u514d\u7121\u9650\u5faa\u74b0\u3002"
                                        },
                                        {
                                            "metaName": "coords",
                                            "metaType": "string",
                                            "metaValue": "-488.374 -504.661 255.722 240.871"
                                        }
                                    ]
                                },
                                {
                                    "metaName": "ViewportRect",
                                    "metaType": "string",
                                    "metaValue": "-609.523 -609.519 1019.3 723.69"
                                }
                            ],
                            "ports": [
                                {
                                    "portName": "point_position",
                                    "portDirection": "input",
                                    "portType": "array<Math::float3>"
                                },
                                {
                                    "portName": "fraction",
                                    "portDirection": "input",
                                    "portType": "float"
                                },
                                {
                                    "portName": "first",
                                    "portDirection": "output"
                                }
                            ],
                            "compounds": [
                                {
                                    "name": "do_while",
                                    "uriImported": "stream:/bifrostGraphShape1",
                                    "metadata": [
                                        {
                                            "metaName": "icon",
                                            "metaType": "string",
                                            "metaValue": "<NATIVE>../icons/LoopDo_While.svg"
                                        },
                                        {
                                            "metaName": "icon",
                                            "metaType": "string",
                                            "metaValue": "<NATIVE>../icons/LoopDo_While.svg"
                                        },
                                        {
                                            "metaName": "ViewportRect",
                                            "metaType": "string",
                                            "metaValue": "-1046.45 -461.156 1057.26 750.64"
                                        },
                                        {
                                            "metaName": "io_nodes",
                                            "metadata": [
                                                {
                                                    "metaName": "io_inodes",
                                                    "metadata": [
                                                        {
                                                            "metaName": "input",
                                                            "metadata": [
                                                                {
                                                                    "metaName": "DisplayMode",
                                                                    "metaType": "string",
                                                                    "metaValue": "2"
                                                                },
                                                                {
                                                                    "metaName": "LayoutPos",
                                                                    "metaType": "string",
                                                                    "metaValue": "-851.177 -86.3119"
                                                                },
                                                                {
                                                                    "metaName": "io_ports",
                                                                    "metadata": [
                                                                        {
                                                                            "metaName": "max_iterations"
                                                                        },
                                                                        {
                                                                            "metaName": "current_index"
                                                                        },
                                                                        {
                                                                            "metaName": "point_position"
                                                                        },
                                                                        {
                                                                            "metaName": "fraction"
                                                                        }
                                                                    ]
                                                                }
                                                            ]
                                                        }
                                                    ]
                                                },
                                                {
                                                    "metaName": "io_onodes",
                                                    "metadata": [
                                                        {
                                                            "metaName": "output",
                                                            "metadata": [
                                                                {
                                                                    "metaName": "DisplayMode",
                                                                    "metaType": "string",
                                                                    "metaValue": "2"
                                                                },
                                                                {
                                                                    "metaName": "LayoutPos",
                                                                    "metaType": "string",
                                                                    "metaValue": "571.934 -225.128"
                                                                },
                                                                {
                                                                    "metaName": "io_ports",
                                                                    "metadata": [
                                                                        {
                                                                            "metaName": "looping_condition"
                                                                        },
                                                                        {
                                                                            "metaName": "final_position"
                                                                        }
                                                                    ]
                                                                }
                                                            ]
                                                        }
                                                    ]
                                                }
                                            ]
                                        }
                                    ],
                                    "ports": [
                                        {
                                            "portName": "max_iterations",
                                            "portDirection": "input",
                                            "portType": "long",
                                            "portIterationLimit": "true"
                                        },
                                        {
                                            "portName": "current_index",
                                            "portDirection": "input",
                                            "portType": "long",
                                            "portIterationCounter": "true"
                                        },
                                        {
                                            "portName": "point_position",
                                            "portDirection": "input",
                                            "portType": "array<Math::float3>"
                                        },
                                        {
                                            "portName": "fraction",
                                            "portDirection": "input",
                                            "portType": "float"
                                        },
                                        {
                                            "portName": "final_position",
                                            "portDirection": "output"
                                        }
                                    ],
                                    "compounds": [
                                        {
                                            "name": "get_fraction_points",
                                            "uriImported": "stream:/bifrostGraphShape1",
                                            "metadata": [
                                                {
                                                    "metaName": "ViewportRect",
                                                    "metaType": "string",
                                                    "metaValue": "-487.412 -569.679 1080 766.787"
                                                },
                                                {
                                                    "metaName": "io_nodes",
                                                    "metadata": [
                                                        {
                                                            "metaName": "io_inodes",
                                                            "metadata": [
                                                                {
                                                                    "metaName": "input",
                                                                    "metadata": [
                                                                        {
                                                                            "metaName": "DisplayMode",
                                                                            "metaType": "string",
                                                                            "metaValue": "2"
                                                                        },
                                                                        {
                                                                            "metaName": "LayoutPos",
                                                                            "metaType": "string",
                                                                            "metaValue": "-552.171 -226.054"
                                                                        },
                                                                        {
                                                                            "metaName": "io_ports",
                                                                            "metadata": [
                                                                                {
                                                                                    "metaName": "point_position"
                                                                                },
                                                                                {
                                                                                    "metaName": "fraction"
                                                                                }
                                                                            ]
                                                                        }
                                                                    ]
                                                                }
                                                            ]
                                                        },
                                                        {
                                                            "metaName": "io_onodes",
                                                            "metadata": [
                                                                {
                                                                    "metaName": "output",
                                                                    "metadata": [
                                                                        {
                                                                            "metaName": "DisplayMode",
                                                                            "metaType": "string",
                                                                            "metaValue": "2"
                                                                        },
                                                                        {
                                                                            "metaName": "LayoutPos",
                                                                            "metaType": "string",
                                                                            "metaValue": "537.414 -252.047"
                                                                        },
                                                                        {
                                                                            "metaName": "io_ports",
                                                                            "metadata": [
                                                                                {
                                                                                    "metaName": "fraction_points"
                                                                                }
                                                                            ]
                                                                        }
                                                                    ]
                                                                }
                                                            ]
                                                        }
                                                    ]
                                                }
                                            ],
                                            "ports": [
                                                {
                                                    "portName": "point_position",
                                                    "portDirection": "input",
                                                    "portType": "array<Math::float3>"
                                                },
                                                {
                                                    "portName": "fraction",
                                                    "portDirection": "input",
                                                    "portType": "float"
                                                },
                                                {
                                                    "portName": "fraction_points",
                                                    "portDirection": "output"
                                                }
                                            ],
                                            "compounds": [
                                                {
                                                    "name": "get_fraction_points",
                                                    "uriImported": "stream:/bifrostGraphShape1",
                                                    "metadata": [
                                                        {
                                                            "metaName": "icon",
                                                            "metaType": "string",
                                                            "metaValue": "<NATIVE>../icons/LoopIterate.svg"
                                                        },
                                                        {
                                                            "metaName": "icon",
                                                            "metaType": "string",
                                                            "metaValue": "<NATIVE>../icons/LoopIterate.svg"
                                                        },
                                                        {
                                                            "metaName": "_recentNode_",
                                                            "metaType": "string",
                                                            "metaValue": "BifrostGraph,Core::Array,build_array"
                                                        },
                                                        {
                                                            "metaName": "_recentNode_",
                                                            "metaType": "string",
                                                            "metaValue": "BifrostGraph,Core::Constants,float"
                                                        },
                                                        {
                                                            "metaName": "_recentNode_",
                                                            "metaType": "string",
                                                            "metaValue": "BifrostGraph,Core::Iterators,iterate"
                                                        },
                                                        {
                                                            "metaName": "_recentNode_",
                                                            "metaType": "string",
                                                            "metaValue": "BifrostGraph,Core::Iterators,do_while"
                                                        },
                                                        {
                                                            "metaName": "_recentNode_",
                                                            "metaType": "string",
                                                            "metaValue": "BifrostGraph,MJCG::Core::Array,flatten_2D_array"
                                                        },
                                                        {
                                                            "metaName": "ViewportRect",
                                                            "metaType": "string",
                                                            "metaValue": "-438.276 -373.616 1191.93 846.255"
                                                        },
                                                        {
                                                            "metaName": "io_nodes",
                                                            "metadata": [
                                                                {
                                                                    "metaName": "io_inodes",
                                                                    "metadata": [
                                                                        {
                                                                            "metaName": "input",
                                                                            "metadata": [
                                                                                {
                                                                                    "metaName": "DisplayMode",
                                                                                    "metaType": "string",
                                                                                    "metaValue": "2"
                                                                                },
                                                                                {
                                                                                    "metaName": "LayoutPos",
                                                                                    "metaType": "string",
                                                                                    "metaValue": "-569.494 4.99662"
                                                                                },
                                                                                {
                                                                                    "metaName": "io_ports",
                                                                                    "metadata": [
                                                                                        {
                                                                                            "metaName": "max_iterations"
                                                                                        },
                                                                                        {
                                                                                            "metaName": "current_index"
                                                                                        },
                                                                                        {
                                                                                            "metaName": "point_position"
                                                                                        },
                                                                                        {
                                                                                            "metaName": "fraction_pool"
                                                                                        },
                                                                                        {
                                                                                            "metaName": "fraction"
                                                                                        }
                                                                                    ]
                                                                                }
                                                                            ]
                                                                        }
                                                                    ]
                                                                },
                                                                {
                                                                    "metaName": "io_onodes",
                                                                    "metadata": [
                                                                        {
                                                                            "metaName": "output",
                                                                            "metadata": [
                                                                                {
                                                                                    "metaName": "DisplayMode",
                                                                                    "metaType": "string",
                                                                                    "metaValue": "2"
                                                                                },
                                                                                {
                                                                                    "metaName": "LayoutPos",
                                                                                    "metaType": "string",
                                                                                    "metaValue": "968.127 56.8766"
                                                                                },
                                                                                {
                                                                                    "metaName": "io_ports",
                                                                                    "metadata": [
                                                                                        {
                                                                                            "metaName": "fraction_points"
                                                                                        }
                                                                                    ]
                                                                                }
                                                                            ]
                                                                        }
                                                                    ]
                                                                }
                                                            ]
                                                        }
                                                    ],
                                                    "ports": [
                                                        {
                                                            "portName": "max_iterations",
                                                            "portDirection": "input",
                                                            "portType": "long",
                                                            "portIterationLimit": "true"
                                                        },
                                                        {
                                                            "portName": "current_index",
                                                            "portDirection": "input",
                                                            "portType": "long",
                                                            "portIterationCounter": "true"
                                                        },
                                                        {
                                                            "portName": "point_position",
                                                            "portDirection": "input"
                                                        },
                                                        {
                                                            "portName": "fraction_pool",
                                                            "portDirection": "input",
                                                            "portType": "array<Math::float3>"
                                                        },
                                                        {
                                                            "portName": "fraction",
                                                            "portDirection": "input",
                                                            "portType": "float"
                                                        },
                                                        {
                                                            "portName": "fraction_points",
                                                            "portDirection": "output"
                                                        }
                                                    ],
                                                    "compoundNodes": [
                                                        {
                                                            "nodeName": "get_from_array1",
                                                            "nodeType": "Core::Array::get_from_array",
                                                            "metadata": [
                                                                {
                                                                    "metaName": "DisplayMode",
                                                                    "metaType": "string",
                                                                    "metaValue": "2"
                                                                },
                                                                {
                                                                    "metaName": "LayoutPos",
                                                                    "metaType": "string",
                                                                    "metaValue": "66.2875 -10.0897"
                                                                }
                                                            ]
                                                        },
                                                        {
                                                            "nodeName": "lerp",
                                                            "nodeType": "Core::Math::lerp",
                                                            "metadata": [
                                                                {
                                                                    "metaName": "DisplayMode",
                                                                    "metaType": "string",
                                                                    "metaValue": "2"
                                                                },
                                                                {
                                                                    "metaName": "LayoutPos",
                                                                    "metaType": "string",
                                                                    "metaValue": "375.288 -160.09"
                                                                }
                                                            ]
                                                        },
                                                        {
                                                            "nodeName": "increment",
                                                            "nodeType": "Core::Math::increment",
                                                            "metadata": [
                                                                {
                                                                    "metaName": "DisplayMode",
                                                                    "metaType": "string",
                                                                    "metaValue": "2"
                                                                },
                                                                {
                                                                    "metaName": "LayoutPos",
                                                                    "metaType": "string",
                                                                    "metaValue": "-158.712 81.9102"
                                                                }
                                                            ]
                                                        },
                                                        {
                                                            "nodeName": "get_from_array",
                                                            "nodeType": "Core::Array::get_from_array",
                                                            "metadata": [
                                                                {
                                                                    "metaName": "DisplayMode",
                                                                    "metaType": "string",
                                                                    "metaValue": "2"
                                                                },
                                                                {
                                                                    "metaName": "LayoutPos",
                                                                    "metaType": "string",
                                                                    "metaValue": "62.2875 -206.09"
                                                                }
                                                            ]
                                                        },
                                                        {
                                                            "nodeName": "build_array",
                                                            "nodeType": "Core::Array::build_array",
                                                            "multiInPortNames": [
                                                                "value",
                                                                "interpolated"
                                                            ],
                                                            "metadata": [
                                                                {
                                                                    "metaName": "DisplayMode",
                                                                    "metaType": "string",
                                                                    "metaValue": "2"
                                                                },
                                                                {
                                                                    "metaName": "LayoutPos",
                                                                    "metaType": "string",
                                                                    "metaValue": "705.91 61.4694"
                                                                }
                                                            ]
                                                        }
                                                    ],
                                                    "connections": [
                                                        {
                                                            "source": "get_from_array1.value",
                                                            "target": "lerp.second"
                                                        },
                                                        {
                                                            "source": "lerp.interpolated",
                                                            "target": "build_array.first.interpolated"
                                                        },
                                                        {
                                                            "source": "increment.output",
                                                            "target": "get_from_array1.index"
                                                        },
                                                        {
                                                            "source": "get_from_array.value",
                                                            "target": "lerp.first"
                                                        },
                                                        {
                                                            "source": "build_array.array",
                                                            "target": ".fraction_points"
                                                        },
                                                        {
                                                            "source": ".current_index",
                                                            "target": "get_from_array.index"
                                                        },
                                                        {
                                                            "source": ".current_index",
                                                            "target": "increment.value"
                                                        },
                                                        {
                                                            "source": ".point_position",
                                                            "target": "get_from_array.array"
                                                        },
                                                        {
                                                            "source": ".point_position",
                                                            "target": "get_from_array1.array"
                                                        },
                                                        {
                                                            "source": ".fraction_pool",
                                                            "target": "build_array.first.value"
                                                        },
                                                        {
                                                            "source": ".fraction",
                                                            "target": "lerp.fraction"
                                                        }
                                                    ],
                                                    "values": [
                                                        {
                                                            "valueName": "increment.by",
                                                            "valueType": "char",
                                                            "value": "1"
                                                        }
                                                    ],
                                                    "reservedNodeNames": [
                                                        {
                                                            "name": "input"
                                                        },
                                                        {
                                                            "name": "output"
                                                        }
                                                    ],
                                                    "iterateCompound": {
                                                        "ports": [
                                                            {
                                                                "portKind": "state",
                                                                "inputPortName": "fraction_pool",
                                                                "outputPortName": "fraction_points"
                                                            }
                                                        ]
                                                    }
                                                }
                                            ],
                                            "compoundNodes": [
                                                {
                                                    "nodeName": "get_fraction_points",
                                                    "nodeType": "get_fraction_points",
                                                    "metadata": [
                                                        {
                                                            "metaName": "DisplayMode",
                                                            "metaType": "string",
                                                            "metaValue": "2"
                                                        },
                                                        {
                                                            "metaName": "LayoutPos",
                                                            "metaType": "string",
                                                            "metaValue": "242.489 -324.44"
                                                        }
                                                    ]
                                                },
                                                {
                                                    "nodeName": "array_size",
                                                    "nodeType": "Core::Array::array_size",
                                                    "metadata": [
                                                        {
                                                            "metaName": "DisplayMode",
                                                            "metaType": "string",
                                                            "metaValue": "2"
                                                        },
                                                        {
                                                            "metaName": "LayoutPos",
                                                            "metaType": "string",
                                                            "metaValue": "-261.351 -357.072"
                                                        }
                                                    ]
                                                },
                                                {
                                                    "nodeName": "decrement",
                                                    "nodeType": "Core::Math::decrement",
                                                    "metadata": [
                                                        {
                                                            "metaName": "DisplayMode",
                                                            "metaType": "string",
                                                            "metaValue": "2"
                                                        },
                                                        {
                                                            "metaName": "LayoutPos",
                                                            "metaType": "string",
                                                            "metaValue": "-25.3514 -381.072"
                                                        }
                                                    ]
                                                }
                                            ],
                                            "connections": [
                                                {
                                                    "source": "get_fraction_points.fraction_points",
                                                    "target": ".fraction_points"
                                                },
                                                {
                                                    "source": "array_size.size",
                                                    "target": "decrement.value"
                                                },
                                                {
                                                    "source": "decrement.output",
                                                    "target": "get_fraction_points.max_iterations"
                                                },
                                                {
                                                    "source": ".point_position",
                                                    "target": "array_size.array"
                                                },
                                                {
                                                    "source": ".point_position",
                                                    "target": "get_fraction_points.point_position"
                                                },
                                                {
                                                    "source": ".fraction",
                                                    "target": "get_fraction_points.fraction"
                                                }
                                            ],
                                            "values": [
                                                {
                                                    "valueName": "get_fraction_points.max_iterations",
                                                    "valueType": "long",
                                                    "value": "10"
                                                },
                                                {
                                                    "valueName": "get_fraction_points.fraction_pool",
                                                    "valueType": "array<Math::float3>",
                                                    "value": []
                                                },
                                                {
                                                    "valueName": "get_fraction_points.fraction",
                                                    "valueType": "float",
                                                    "value": "0.5f"
                                                },
                                                {
                                                    "valueName": "decrement.by",
                                                    "valueType": "char",
                                                    "value": "1"
                                                }
                                            ],
                                            "reservedNodeNames": [
                                                {
                                                    "name": "input"
                                                },
                                                {
                                                    "name": "output"
                                                }
                                            ]
                                        }
                                    ],
                                    "compoundNodes": [
                                        {
                                            "nodeName": "array_size",
                                            "nodeType": "Core::Array::array_size",
                                            "metadata": [
                                                {
                                                    "metaName": "DisplayMode",
                                                    "metaType": "string",
                                                    "metaValue": "2"
                                                },
                                                {
                                                    "metaName": "LayoutPos",
                                                    "metaType": "string",
                                                    "metaValue": "-200.273 -315.29"
                                                }
                                            ]
                                        },
                                        {
                                            "nodeName": "value",
                                            "valueType": "long",
                                            "metadata": [
                                                {
                                                    "metaName": "valuenode_defaultvalue",
                                                    "metaType": "string",
                                                    "metaValue": "0"
                                                },
                                                {
                                                    "metaName": "DisplayMode",
                                                    "metaType": "string",
                                                    "metaValue": "0"
                                                },
                                                {
                                                    "metaName": "LayoutPos",
                                                    "metaType": "string",
                                                    "metaValue": "-192.708 -181.455"
                                                }
                                            ]
                                        },
                                        {
                                            "nodeName": "get_fraction_points",
                                            "nodeType": "get_fraction_points",
                                            "metadata": [
                                                {
                                                    "metaName": "DisplayMode",
                                                    "metaType": "string",
                                                    "metaValue": "2"
                                                },
                                                {
                                                    "metaName": "LayoutPos",
                                                    "metaType": "string",
                                                    "metaValue": "-475.166 -85.4716"
                                                }
                                            ]
                                        },
                                        {
                                            "nodeName": "greater",
                                            "nodeType": "Core::Logic::greater",
                                            "metadata": [
                                                {
                                                    "metaName": "DisplayMode",
                                                    "metaType": "string",
                                                    "metaValue": "2"
                                                },
                                                {
                                                    "metaName": "LayoutPos",
                                                    "metaType": "string",
                                                    "metaValue": "38.2752 -302.307"
                                                }
                                            ]
                                        },
                                        {
                                            "nodeName": "do_while_continue",
                                            "nodeType": "Core::Graph::pass",
                                            "metadata": [
                                                {
                                                    "metaName": "DisplayMode",
                                                    "metaType": "string",
                                                    "metaValue": "2"
                                                },
                                                {
                                                    "metaName": "LayoutPos",
                                                    "metaType": "string",
                                                    "metaValue": "289.804 -325.026"
                                                }
                                            ]
                                        },
                                        {
                                            "nodeName": "pass",
                                            "nodeType": "Core::Graph::pass",
                                            "metadata": [
                                                {
                                                    "metaName": "DisplayMode",
                                                    "metaType": "string",
                                                    "metaValue": "2"
                                                },
                                                {
                                                    "metaName": "LayoutPos",
                                                    "metaType": "string",
                                                    "metaValue": "295.102 -110.059"
                                                }
                                            ]
                                        }
                                    ],
                                    "connections": [
                                        {
                                            "source": "array_size.size",
                                            "target": "greater.first"
                                        },
                                        {
                                            "source": "value.output",
                                            "target": "greater.second"
                                        },
                                        {
                                            "source": "get_fraction_points.fraction_points",
                                            "target": "array_size.array"
                                        },
                                        {
                                            "source": "get_fraction_points.fraction_points",
                                            "target": "pass.input"
                                        },
                                        {
                                            "source": "greater.output",
                                            "target": "do_while_continue.input"
                                        },
                                        {
                                            "source": "do_while_continue.output",
                                            "target": ".looping_condition"
                                        },
                                        {
                                            "source": "pass.output",
                                            "target": ".final_position"
                                        },
                                        {
                                            "source": ".point_position",
                                            "target": "get_fraction_points.point_position"
                                        },
                                        {
                                            "source": ".fraction",
                                            "target": "get_fraction_points.fraction"
                                        }
                                    ],
                                    "values": [
                                        {
                                            "valueName": "value.value",
                                            "valueType": "long",
                                            "value": "1"
                                        },
                                        {
                                            "valueName": "get_fraction_points.point_position",
                                            "valueType": "array<Math::float3>",
                                            "value": []
                                        },
                                        {
                                            "valueName": "get_fraction_points.fraction",
                                            "valueType": "float",
                                            "value": "0.5f"
                                        }
                                    ],
                                    "reservedNodeNames": [
                                        {
                                            "name": "input"
                                        },
                                        {
                                            "name": "output"
                                        }
                                    ],
                                    "whileCompound": {
                                        "ports": [
                                            {
                                                "portKind": "state",
                                                "inputPortName": "point_position",
                                                "outputPortName": "final_position"
                                            }
                                        ]
                                    }
                                }
                            ],
                            "compoundNodes": [
                                {
                                    "nodeName": "do_while",
                                    "nodeType": "do_while",
                                    "metadata": [
                                        {
                                            "metaName": "DisplayMode",
                                            "metaType": "string",
                                            "metaValue": "2"
                                        },
                                        {
                                            "metaName": "LayoutPos",
                                            "metaType": "string",
                                            "metaValue": "-170.586 -310.713"
                                        }
                                    ]
                                },
                                {
                                    "nodeName": "first_in_array",
                                    "nodeType": "Core::Array::first_in_array",
                                    "metadata": [
                                        {
                                            "metaName": "DisplayMode",
                                            "metaType": "string",
                                            "metaValue": "2"
                                        },
                                        {
                                            "metaName": "LayoutPos",
                                            "metaType": "string",
                                            "metaValue": "82.8969 -334.456"
                                        }
                                    ]
                                },
                                {
                                    "nodeName": "value1",
                                    "valueType": "long",
                                    "metadata": [
                                        {
                                            "metaName": "valuenode_defaultvalue",
                                            "metaType": "string",
                                            "metaValue": "0"
                                        },
                                        {
                                            "metaName": "DisplayMode",
                                            "metaType": "string",
                                            "metaValue": "2"
                                        },
                                        {
                                            "metaName": "LayoutPos",
                                            "metaType": "string",
                                            "metaValue": "-484.887 -476.882"
                                        }
                                    ]
                                }
                            ],
                            "connections": [
                                {
                                    "source": "do_while.final_position",
                                    "target": "first_in_array.array"
                                },
                                {
                                    "source": "first_in_array.first",
                                    "target": ".first"
                                },
                                {
                                    "source": "value1.output",
                                    "target": "do_while.max_iterations"
                                },
                                {
                                    "source": ".point_position",
                                    "target": "do_while.point_position"
                                },
                                {
                                    "source": ".fraction",
                                    "target": "do_while.fraction"
                                }
                            ],
                            "values": [
                                {
                                    "valueName": "do_while.max_iterations",
                                    "valueType": "long",
                                    "value": "10"
                                },
                                {
                                    "valueName": "do_while.point_position",
                                    "valueType": "array<Math::float3>",
                                    "value": []
                                },
                                {
                                    "valueName": "do_while.fraction",
                                    "valueType": "float",
                                    "value": "0.5f"
                                },
                                {
                                    "valueName": "value1.value",
                                    "valueType": "long",
                                    "value": "1000"
                                }
                            ],
                            "reservedNodeNames": [
                                {
                                    "name": "input"
                                },
                                {
                                    "name": "output"
                                }
                            ]
                        }
                    ],
                    "compoundNodes": [
                        {
                            "nodeName": "calculate_final_point",
                            "nodeType": "calculate_final_point",
                            "metadata": [
                                {
                                    "metaName": "DisplayMode",
                                    "metaType": "string",
                                    "metaValue": "2"
                                },
                                {
                                    "metaName": "LayoutPos",
                                    "metaType": "string",
                                    "metaValue": "-126.5 -84"
                                }
                            ]
                        }
                    ],
                    "connections": [
                        {
                            "source": "calculate_final_point.first",
                            "target": ".first"
                        },
                        {
                            "source": ".point_position",
                            "target": "calculate_final_point.point_position"
                        },
                        {
                            "source": ".sequence",
                            "target": "calculate_final_point.fraction"
                        }
                    ],
                    "values": [
                        {
                            "valueName": "calculate_final_point.point_position",
                            "valueType": "array<Math::float3>",
                            "value": []
                        },
                        {
                            "valueName": "calculate_final_point.fraction",
                            "valueType": "float",
                            "value": "0.5f"
                        }
                    ],
                    "reservedNodeNames": [
                        {
                            "name": "input"
                        },
                        {
                            "name": "output"
                        }
                    ],
                    "forEachCompound": {
                        "ports": []
                    }
                }
            ],
            "compoundNodes": [
                {
                    "nodeName": "for_each",
                    "nodeType": "for_each",
                    "metadata": [
                        {
                            "metaName": "DisplayMode",
                            "metaType": "string",
                            "metaValue": "2"
                        },
                        {
                            "metaName": "LayoutPos",
                            "metaType": "string",
                            "metaValue": "-711.056 -96.1153"
                        }
                    ]
                },
                {
                    "nodeName": "build_array",
                    "nodeType": "Core::Array::build_array",
                    "multiInPortNames": [
                        "first1",
                        "last"
                    ],
                    "metadata": [
                        {
                            "metaName": "DisplayMode",
                            "metaType": "string",
                            "metaValue": "2"
                        },
                        {
                            "metaName": "LayoutPos",
                            "metaType": "string",
                            "metaValue": "-357.666 -118.841"
                        }
                    ]
                },
                {
                    "nodeName": "last_in_array",
                    "nodeType": "Core::Array::last_in_array",
                    "metadata": [
                        {
                            "metaName": "DisplayMode",
                            "metaType": "string",
                            "metaValue": "2"
                        },
                        {
                            "metaName": "LayoutPos",
                            "metaType": "string",
                            "metaValue": "-711.855 179.543"
                        }
                    ]
                },
                {
                    "nodeName": "one_over",
                    "nodeType": "Core::Math::one_over",
                    "metadata": [
                        {
                            "metaName": "DisplayMode",
                            "metaType": "string",
                            "metaValue": "2"
                        },
                        {
                            "metaName": "LayoutPos",
                            "metaType": "string",
                            "metaValue": "-1588.43 163.933"
                        }
                    ]
                },
                {
                    "nodeName": "point_position",
                    "nodeType": "Core::Graph::pass",
                    "metadata": [
                        {
                            "metaName": "DisplayMode",
                            "metaType": "string",
                            "metaValue": "2"
                        },
                        {
                            "metaName": "LayoutPos",
                            "metaType": "string",
                            "metaValue": "-1061.44 -124.216"
                        }
                    ]
                },
                {
                    "nodeName": "point_position_output",
                    "nodeType": "Core::Graph::pass",
                    "metadata": [
                        {
                            "metaName": "DisplayMode",
                            "metaType": "string",
                            "metaValue": "2"
                        },
                        {
                            "metaName": "LayoutPos",
                            "metaType": "string",
                            "metaValue": "-106.117 -143.457"
                        }
                    ]
                },
                {
                    "nodeName": "sequence_array",
                    "nodeType": "Core::Array::sequence_array",
                    "metadata": [
                        {
                            "metaName": "DisplayMode",
                            "metaType": "string",
                            "metaValue": "2"
                        },
                        {
                            "metaName": "LayoutPos",
                            "metaType": "string",
                            "metaValue": "-1062.29 58.0356"
                        }
                    ]
                },
                {
                    "nodeName": "to_float",
                    "nodeType": "Core::Type_Conversion::to_float",
                    "metadata": [
                        {
                            "metaName": "DisplayMode",
                            "metaType": "string",
                            "metaValue": "2"
                        },
                        {
                            "metaName": "LayoutPos",
                            "metaType": "string",
                            "metaValue": "-1334.97 163.352"
                        }
                    ]
                },
                {
                    "nodeName": "get_point_position",
                    "nodeType": "Geometry::Properties::get_point_position",
                    "metadata": [
                        {
                            "metaName": "DisplayMode",
                            "metaType": "string",
                            "metaValue": "2"
                        },
                        {
                            "metaName": "LayoutPos",
                            "metaType": "string",
                            "metaValue": "-1841.15 -102"
                        }
                    ]
                },
                {
                    "nodeName": "segment",
                    "nodeType": "Core::Graph::pass",
                    "metadata": [
                        {
                            "metaName": "DisplayMode",
                            "metaType": "string",
                            "metaValue": "2"
                        },
                        {
                            "metaName": "LayoutPos",
                            "metaType": "string",
                            "metaValue": "-1841.15 79.3496"
                        }
                    ]
                },
                {
                    "nodeName": "set_point_position",
                    "nodeType": "Geometry::Properties::set_point_position",
                    "metadata": [
                        {
                            "metaName": "DisplayMode",
                            "metaType": "string",
                            "metaValue": "2"
                        },
                        {
                            "metaName": "LayoutPos",
                            "metaType": "string",
                            "metaValue": "172.551 -292.154"
                        }
                    ]
                }
            ],
            "connections": [
                {
                    "source": "for_each.first",
                    "target": "build_array.first.first1"
                },
                {
                    "source": "last_in_array.last",
                    "target": "build_array.first.last"
                },
                {
                    "source": "build_array.array",
                    "target": "point_position_output.input"
                },
                {
                    "source": "point_position.output",
                    "target": "for_each.point_position"
                },
                {
                    "source": "sequence_array.sequence",
                    "target": "for_each.sequence"
                },
                {
                    "source": "point_position.output",
                    "target": "last_in_array.array"
                },
                {
                    "source": "one_over.inverted",
                    "target": "to_float.from"
                },
                {
                    "source": "to_float.float",
                    "target": "sequence_array.step"
                },
                {
                    "source": ".strand_in",
                    "target": "get_point_position.geometry"
                },
                {
                    "source": "get_point_position.point_position",
                    "target": "point_position.input"
                },
                {
                    "source": ".segment",
                    "target": "segment.input"
                },
                {
                    "source": "segment.output",
                    "target": "one_over.value"
                },
                {
                    "source": "segment.output",
                    "target": "sequence_array.size"
                },
                {
                    "source": ".strand_in",
                    "target": "set_point_position.geometry"
                },
                {
                    "source": "point_position_output.output",
                    "target": "set_point_position.positions"
                },
                {
                    "source": "set_point_position.out_geometry",
                    "target": ".new_strand"
                },
                {
                    "source": "point_position_output.output",
                    "target": ".point_position"
                }
            ],
            "values": [
                {
                    "valueName": "sequence_array.size",
                    "valueType": "long",
                    "value": "3"
                },
                {
                    "valueName": "sequence_array.step",
                    "valueType": "float",
                    "value": "1f"
                }
            ],
            "reservedNodeNames": [
                {
                    "name": "input"
                },
                {
                    "name": "output"
                }
            ]
        }
    ]
}