{
    "header": {
        "metadata": [
            {
                "metaName": "adskFileFormatVersion",
                "metaValue": "100L"
            }
        ]
    },
    "dependencies": [
        {
            "uri": "file:///Math_types.json"
        },
        {
            "uri": "file:///Math_conversion.json"
        },
        {
            "uri": "file:///Math_long.json"
        },
        {
            "uri": "file:///Math_array.json"
        },
        {
            "uri": "file:///Math_float.json"
        },
        {
            "uri": "file:///Math_double.json"
        },
        {
            "uri": "file:///Math_char.json"
        },
        {
            "uri": "file:///Math_int.json"
        },
        {
            "uri": "file:///Math_short.json"
        },
        {
            "uri": "file:///Math_uchar.json"
        },
        {
            "uri": "file:///Math_uint.json"
        },
        {
            "uri": "file:///Math_ulong.json"
        },
        {
            "uri": "file:///Math_ushort.json"
        },
        {
            "uri": "file:///Core_Array_slice_array.json"
        },
        {
            "uri": "file:///riv_types.json"
        },
        {
            "uri": "file:///bifrost_object_i.json"
        },
        {
            "uri": "file:///point_types.json"
        },
        {
            "uri": "file:///FCurve.json"
        },
        {
            "uri": "file:///riv_ops.json"
        },
        {
            "uri": "file:///Math_bool.json"
        },
        {
            "uri": "file:///Core_Array_all_any_array.json"
        },
        {
            "uri": "file:///find_all_in_array.json"
        },
        {
            "uri": "file:///Core_Array_array_is_empty.json"
        },
        {
            "uri": "file:///Core_Array_empty_array.json"
        }
    ],
    "namespaces": [],
    "types": [],
    "compounds": [
        {
            "name": "BPM::please_1::array::g2m_array_find_pattern",
            "uriImported": "file:///g2m_array_find_pattern.json",
            "metadata": [
                {
                    "metaName": "documentation",
                    "metaType": "string",
                    "metaValue": "docs/g2m_array_find_pattern.md"
                },
                {
                    "metaName": "icon",
                    "metaType": "string",
                    "metaValue": "icons/g2m_default.png"
                },
                {
                    "metaName": "io_nodes",
                    "metadata": [
                        {
                            "metaName": "io_inodes",
                            "metadata": [
                                {
                                    "metaName": "input",
                                    "metadata": [
                                        {
                                            "metaName": "DisplayMode",
                                            "metaType": "string",
                                            "metaValue": "2"
                                        },
                                        {
                                            "metaName": "LayoutPos",
                                            "metaType": "string",
                                            "metaValue": "-779.378 -36.0121"
                                        },
                                        {
                                            "metaName": "io_ports",
                                            "metadata": [
                                                {
                                                    "metaName": "big_array"
                                                },
                                                {
                                                    "metaName": "small_array"
                                                }
                                            ]
                                        }
                                    ]
                                }
                            ]
                        },
                        {
                            "metaName": "io_onodes",
                            "metadata": [
                                {
                                    "metaName": "output",
                                    "metadata": [
                                        {
                                            "metaName": "DisplayMode",
                                            "metaType": "string",
                                            "metaValue": "2"
                                        },
                                        {
                                            "metaName": "io_ports",
                                            "metadata": [
                                                {
                                                    "metaName": "found_it"
                                                },
                                                {
                                                    "metaName": "number_is_found"
                                                },
                                                {
                                                    "metaName": "indexes_in_big_array"
                                                }
                                            ]
                                        },
                                        {
                                            "metaName": "LayoutPos",
                                            "metaType": "string",
                                            "metaValue": "3613.3 -556.908"
                                        }
                                    ]
                                }
                            ]
                        }
                    ]
                },
                {
                    "metaName": "backdrop",
                    "metadata": [
                        {
                            "metaName": "type",
                            "metaType": "string",
                            "metaValue": "backdrop"
                        },
                        {
                            "metaName": "coords",
                            "metaType": "string",
                            "metaValue": "-395.8 -633.469 963.812 528.037"
                        },
                        {
                            "metaName": "text",
                            "metaType": "string",
                            "metaValue": "\u5982\u679c\u8a08\u7b97\u689d\u4ef6\u4e0d\u6210\u719f\uff0c\u5c31\u7528\u9ed8\u8a8d\u503c\u3002"
                        }
                    ]
                },
                {
                    "metaName": "backdrop1",
                    "metadata": [
                        {
                            "metaName": "type",
                            "metaType": "string",
                            "metaValue": "backdrop"
                        },
                        {
                            "metaName": "coords",
                            "metaType": "string",
                            "metaValue": "-1065.26 -276.842 582.306 484.05"
                        },
                        {
                            "metaName": "text",
                            "metaType": "string",
                            "metaValue": "\u5728\u5927\u6578\u7d44\u4e2d\u627e\u5c0f\u6578\u7d44\u3002\n\n\u539f\u7406\uff1a\n\u6838\u5fc3\u662f\u7528 equal \u5c0d\u6bd4\u5169\u500b\u7b49\u9577\u6578\u7d44\u3002\n** \u56e0\u70ba\u6548\u7387\u539f\u56e0\uff0c\u50c5\u9650\u5b9a\u6574\u6578\u5e8f\u5217\u7684\u5c0d\u6bd4\u3002\n\n\u7528\u9014\uff1a\n\u4e3b\u8981\u7528\u65bc\u5728 face_vertex \u6392\u5e8f\u4e2d\u627e\u5230\u5b58\u5728\u7684\u201c\u9ede\u7684\u9806\u5e8f\u201d\uff0c\u4ee5\u78ba\u8a8d\u65b0\u7684 face_vertex \u7684\u8d70\u5411\u3002\n\u9084\u53ef\u6839\u64da\u51fa\u73fe\u6b21\u6578\u5224\u65b7\u662f\u5426\u908a\u754c\u908a\u3002"
                        }
                    ]
                },
                {
                    "metaName": "backdrop2",
                    "metadata": [
                        {
                            "metaName": "type",
                            "metaType": "string",
                            "metaValue": "backdrop"
                        },
                        {
                            "metaName": "coords",
                            "metaType": "string",
                            "metaValue": "1351.79 -272.67 585.694 850.49"
                        },
                        {
                            "metaName": "text",
                            "metaType": "string",
                            "metaValue": "\u628a\u7b26\u5408\u7684\u5143\u7d20\u91cd\u65b0\u7d44\u5408\u6210\u65b0\u7684\u6578\u7d44\u3002\n\n\u5982\u5728 [0,4,6,2,1,4,6] \u4e2d\u627e [4,6]\n\u8fd4\u56de\u627e\u5230\u9996\u500b\u5143\u7d204\u7684\u4f4d\u7f6e [1,5]\n\u5f9e\u4f4d\u7f6e\u8655\u53d6\u8207 [4,6] \u540c\u7b49\u9577\u5ea6\u5e76\u5c0d\u6bd4\uff0c\u5f97\u5230\u5c0d\u6bd4\u7d50\u679c\n[true, true]\n\u9019\u88e1\u904e\u6ffe\u6389 false \u7684\u4f4d\u7f6e\u3002\n\n\u53ef\u88ab find_all_in_array \u66ff\u4ee3\u3002"
                        }
                    ]
                },
                {
                    "metaName": "_recentNode_",
                    "metaType": "string",
                    "metaValue": "BifrostGraph,Core::Array,get_from_array"
                },
                {
                    "metaName": "_recentNode_",
                    "metaType": "string",
                    "metaValue": "BifrostGraph,Core::Constants,float"
                },
                {
                    "metaName": "_recentNode_",
                    "metaType": "string",
                    "metaValue": "BifrostGraph,Core::Array,find_all_in_array"
                },
                {
                    "metaName": "_recentNode_",
                    "metaType": "string",
                    "metaValue": "BifrostGraph,Core::Type_Conversion,to_unsigned_int"
                },
                {
                    "metaName": "_recentNode_",
                    "metaType": "string",
                    "metaValue": "BifrostGraph,Core::Array,empty_array"
                },
                {
                    "metaName": "ViewportRect",
                    "metaType": "string",
                    "metaValue": "-44.0184 -951.939 3543.23 1879.76"
                },
                {
                    "metaName": "DisplayMode",
                    "metaType": "string",
                    "metaValue": "2"
                },
                {
                    "metaName": "LayoutPos",
                    "metaType": "string",
                    "metaValue": "-214.145 -2490.63"
                }
            ],
            "ports": [
                {
                    "portName": "big_array",
                    "portDirection": "input",
                    "portType": "array<uint>",
                    "portDefault": []
                },
                {
                    "portName": "small_array",
                    "portDirection": "input",
                    "portType": "array<uint>",
                    "portDefault": []
                },
                {
                    "portName": "found_it",
                    "portDirection": "output"
                },
                {
                    "portName": "number_is_found",
                    "portDirection": "output"
                },
                {
                    "portName": "indexes_in_big_array",
                    "portDirection": "output"
                }
            ],
            "compounds": [
                {
                    "name": "for_each2",
                    "uriImported": "file:///g2m_array_find_pattern.json",
                    "metadata": [
                        {
                            "metaName": "icon",
                            "metaType": "string",
                            "metaValue": "<NATIVE>../icons/LoopForEach.svg"
                        },
                        {
                            "metaName": "icon",
                            "metaType": "string",
                            "metaValue": "<NATIVE>../icons/LoopForEach.svg"
                        },
                        {
                            "metaName": "icon",
                            "metaType": "string",
                            "metaValue": "<NATIVE>../icons/LoopForEach.svg"
                        },
                        {
                            "metaName": "io_nodes",
                            "metadata": [
                                {
                                    "metaName": "io_inodes",
                                    "metadata": [
                                        {
                                            "metaName": "input",
                                            "metadata": [
                                                {
                                                    "metaName": "DisplayMode",
                                                    "metaType": "string",
                                                    "metaValue": "2"
                                                },
                                                {
                                                    "metaName": "LayoutPos",
                                                    "metaType": "string",
                                                    "metaValue": "-728 -98.5"
                                                },
                                                {
                                                    "metaName": "io_ports",
                                                    "metadata": [
                                                        {
                                                            "metaName": "current_index"
                                                        },
                                                        {
                                                            "metaName": "indices"
                                                        },
                                                        {
                                                            "metaName": "big_array"
                                                        },
                                                        {
                                                            "metaName": "small_array"
                                                        }
                                                    ]
                                                }
                                            ]
                                        }
                                    ]
                                },
                                {
                                    "metaName": "io_onodes",
                                    "metadata": [
                                        {
                                            "metaName": "output",
                                            "metadata": [
                                                {
                                                    "metaName": "DisplayMode",
                                                    "metaType": "string",
                                                    "metaValue": "2"
                                                },
                                                {
                                                    "metaName": "io_ports",
                                                    "metadata": [
                                                        {
                                                            "metaName": "all_true"
                                                        }
                                                    ]
                                                },
                                                {
                                                    "metaName": "LayoutPos",
                                                    "metaType": "string",
                                                    "metaValue": "1929.86 -90.1451"
                                                }
                                            ]
                                        }
                                    ]
                                }
                            ]
                        },
                        {
                            "metaName": "_recentNode_",
                            "metaType": "string",
                            "metaValue": "BifrostGraph,Core::Logic,if"
                        },
                        {
                            "metaName": "_recentNode_",
                            "metaType": "string",
                            "metaValue": "BifrostGraph,Core::Array,array_size"
                        },
                        {
                            "metaName": "_recentNode_",
                            "metaType": "string",
                            "metaValue": "BifrostGraph,Core::Logic,less"
                        },
                        {
                            "metaName": "_recentNode_",
                            "metaType": "string",
                            "metaValue": "BifrostGraph,Core::Array,all_true_in_array"
                        },
                        {
                            "metaName": "_recentNode_",
                            "metaType": "string",
                            "metaValue": "BifrostGraph,Core::Logic,equal"
                        },
                        {
                            "metaName": "ViewportRect",
                            "metaType": "string",
                            "metaValue": "-317.305 -418.025 2019.59 1071.44"
                        }
                    ],
                    "ports": [
                        {
                            "portName": "current_index",
                            "portDirection": "input",
                            "portType": "long",
                            "portIterationCounter": "true"
                        },
                        {
                            "portName": "indices",
                            "portDirection": "input",
                            "portIterationTarget": "true"
                        },
                        {
                            "portName": "big_array",
                            "portDirection": "input"
                        },
                        {
                            "portName": "small_array",
                            "portDirection": "input"
                        },
                        {
                            "portName": "all_true",
                            "portDirection": "output",
                            "portIterationTarget": "true"
                        }
                    ],
                    "compoundNodes": [
                        {
                            "nodeName": "array_size",
                            "nodeType": "Core::Array::array_size",
                            "metadata": [
                                {
                                    "metaName": "DisplayMode",
                                    "metaType": "string",
                                    "metaValue": "2"
                                },
                                {
                                    "metaName": "LayoutPos",
                                    "metaType": "string",
                                    "metaValue": "-504.5 83"
                                }
                            ]
                        },
                        {
                            "nodeName": "slice_array",
                            "nodeType": "Core::Array::slice_array",
                            "metadata": [
                                {
                                    "metaName": "DisplayMode",
                                    "metaType": "string",
                                    "metaValue": "2"
                                },
                                {
                                    "metaName": "LayoutPos",
                                    "metaType": "string",
                                    "metaValue": "39.5 -168"
                                }
                            ]
                        },
                        {
                            "nodeName": "add",
                            "nodeType": "Core::Math::add",
                            "multiInPortNames": [
                                "indices",
                                "size"
                            ],
                            "metadata": [
                                {
                                    "metaName": "DisplayMode",
                                    "metaType": "string",
                                    "metaValue": "2"
                                },
                                {
                                    "metaName": "LayoutPos",
                                    "metaType": "string",
                                    "metaValue": "-239.5 20"
                                }
                            ]
                        },
                        {
                            "nodeName": "equal",
                            "nodeType": "Core::Logic::equal",
                            "metadata": [
                                {
                                    "metaName": "DisplayMode",
                                    "metaType": "string",
                                    "metaValue": "2"
                                },
                                {
                                    "metaName": "LayoutPos",
                                    "metaType": "string",
                                    "metaValue": "884.357 -72.9161"
                                }
                            ]
                        },
                        {
                            "nodeName": "all_true_in_array",
                            "nodeType": "Core::Array::all_true_in_array",
                            "metadata": [
                                {
                                    "metaName": "DisplayMode",
                                    "metaType": "string",
                                    "metaValue": "2"
                                },
                                {
                                    "metaName": "LayoutPos",
                                    "metaType": "string",
                                    "metaValue": "1137.36 -90.9161"
                                }
                            ]
                        },
                        {
                            "nodeName": "less",
                            "nodeType": "Core::Logic::less",
                            "metadata": [
                                {
                                    "metaName": "DisplayMode",
                                    "metaType": "string",
                                    "metaValue": "2"
                                },
                                {
                                    "metaName": "LayoutPos",
                                    "metaType": "string",
                                    "metaValue": "578.353 155.439"
                                }
                            ]
                        },
                        {
                            "nodeName": "array_size1",
                            "nodeType": "Core::Array::array_size",
                            "metadata": [
                                {
                                    "metaName": "DisplayMode",
                                    "metaType": "string",
                                    "metaValue": "2"
                                },
                                {
                                    "metaName": "LayoutPos",
                                    "metaType": "string",
                                    "metaValue": "353.389 65.1996"
                                }
                            ]
                        },
                        {
                            "nodeName": "if",
                            "nodeType": "Core::Logic::if",
                            "metadata": [
                                {
                                    "metaName": "DisplayMode",
                                    "metaType": "string",
                                    "metaValue": "2"
                                },
                                {
                                    "metaName": "LayoutPos",
                                    "metaType": "string",
                                    "metaValue": "1560.82 128.748"
                                }
                            ]
                        }
                    ],
                    "connections": [
                        {
                            "source": "array_size.size",
                            "target": "add.first.size"
                        },
                        {
                            "source": "slice_array.slice",
                            "target": "equal.first"
                        },
                        {
                            "source": "add.output",
                            "target": "slice_array.stop"
                        },
                        {
                            "source": "equal.output",
                            "target": "all_true_in_array.array"
                        },
                        {
                            "source": ".indices",
                            "target": "slice_array.start"
                        },
                        {
                            "source": ".indices",
                            "target": "add.first.indices"
                        },
                        {
                            "source": ".big_array",
                            "target": "slice_array.array"
                        },
                        {
                            "source": ".small_array",
                            "target": "array_size.array"
                        },
                        {
                            "source": ".small_array",
                            "target": "equal.second"
                        },
                        {
                            "source": "slice_array.slice",
                            "target": "array_size1.array"
                        },
                        {
                            "source": "array_size1.size",
                            "target": "less.first"
                        },
                        {
                            "source": "array_size.size",
                            "target": "less.second"
                        },
                        {
                            "source": "less.output",
                            "target": "if.condition"
                        },
                        {
                            "source": "all_true_in_array.all_true",
                            "target": "if.false_case"
                        },
                        {
                            "source": "if.output",
                            "target": ".all_true"
                        }
                    ],
                    "values": [
                        {
                            "valueName": "slice_array.stride",
                            "valueType": "long",
                            "value": "1"
                        }
                    ],
                    "reservedNodeNames": [
                        {
                            "name": "input"
                        },
                        {
                            "name": "output"
                        }
                    ],
                    "forEachCompound": {
                        "ports": [],
                        "grainSize": "1"
                    }
                },
                {
                    "name": "build_index_array_that_found",
                    "uriImported": "file:///g2m_array_find_pattern.json",
                    "metadata": [
                        {
                            "metaName": "icon",
                            "metaType": "string",
                            "metaValue": "<NATIVE>../icons/LoopIterate.svg"
                        },
                        {
                            "metaName": "icon",
                            "metaType": "string",
                            "metaValue": "<NATIVE>../icons/LoopIterate.svg"
                        },
                        {
                            "metaName": "icon",
                            "metaType": "string",
                            "metaValue": "<NATIVE>../icons/LoopIterate.svg"
                        },
                        {
                            "metaName": "_recentNode_",
                            "metaType": "string",
                            "metaValue": "BifrostGraph,Core::Logic,if"
                        },
                        {
                            "metaName": "_recentNode_",
                            "metaType": "string",
                            "metaValue": "BifrostGraph,Core::Array,build_array"
                        },
                        {
                            "metaName": "_recentNode_",
                            "metaType": "string",
                            "metaValue": "BifrostGraph,Core::Iterators,iterate"
                        },
                        {
                            "metaName": "_recentNode_",
                            "metaType": "string",
                            "metaValue": "BifrostGraph,Core::Array,empty_array"
                        },
                        {
                            "metaName": "_recentNode_",
                            "metaType": "string",
                            "metaValue": "BifrostGraph,Core::Iterators,for_each"
                        },
                        {
                            "metaName": "io_nodes",
                            "metadata": [
                                {
                                    "metaName": "io_inodes",
                                    "metadata": [
                                        {
                                            "metaName": "input",
                                            "metadata": [
                                                {
                                                    "metaName": "DisplayMode",
                                                    "metaType": "string",
                                                    "metaValue": "2"
                                                },
                                                {
                                                    "metaName": "LayoutPos",
                                                    "metaType": "string",
                                                    "metaValue": "-648 -60.5"
                                                },
                                                {
                                                    "metaName": "io_ports",
                                                    "metadata": [
                                                        {
                                                            "metaName": "current_index"
                                                        },
                                                        {
                                                            "metaName": "all_true"
                                                        },
                                                        {
                                                            "metaName": "indices"
                                                        },
                                                        {
                                                            "metaName": "empty_array"
                                                        }
                                                    ]
                                                }
                                            ]
                                        }
                                    ]
                                },
                                {
                                    "metaName": "io_onodes",
                                    "metadata": [
                                        {
                                            "metaName": "output",
                                            "metadata": [
                                                {
                                                    "metaName": "DisplayMode",
                                                    "metaType": "string",
                                                    "metaValue": "2"
                                                },
                                                {
                                                    "metaName": "LayoutPos",
                                                    "metaType": "string",
                                                    "metaValue": "450 -13.5"
                                                },
                                                {
                                                    "metaName": "io_ports",
                                                    "metadata": [
                                                        {
                                                            "metaName": "array"
                                                        }
                                                    ]
                                                }
                                            ]
                                        }
                                    ]
                                }
                            ]
                        },
                        {
                            "metaName": "ViewportRect",
                            "metaType": "string",
                            "metaValue": "-794 -421 1589 843"
                        }
                    ],
                    "ports": [
                        {
                            "portName": "current_index",
                            "portDirection": "input",
                            "portType": "long",
                            "portIterationCounter": "true"
                        },
                        {
                            "portName": "all_true",
                            "portDirection": "input",
                            "portIterationTarget": "true"
                        },
                        {
                            "portName": "indices",
                            "portDirection": "input",
                            "portIterationTarget": "true"
                        },
                        {
                            "portName": "empty_array",
                            "portDirection": "input"
                        },
                        {
                            "portName": "array",
                            "portDirection": "output"
                        }
                    ],
                    "compoundNodes": [
                        {
                            "nodeName": "build_array",
                            "nodeType": "Core::Array::build_array",
                            "multiInPortNames": [
                                "empty_array",
                                "indices"
                            ],
                            "metadata": [
                                {
                                    "metaName": "DisplayMode",
                                    "metaType": "string",
                                    "metaValue": "2"
                                },
                                {
                                    "metaName": "LayoutPos",
                                    "metaType": "string",
                                    "metaValue": "-262.5 44"
                                }
                            ]
                        },
                        {
                            "nodeName": "if",
                            "nodeType": "Core::Logic::if",
                            "metadata": [
                                {
                                    "metaName": "DisplayMode",
                                    "metaType": "string",
                                    "metaValue": "2"
                                },
                                {
                                    "metaName": "LayoutPos",
                                    "metaType": "string",
                                    "metaValue": "47.5 -199"
                                }
                            ]
                        }
                    ],
                    "connections": [
                        {
                            "source": "build_array.array",
                            "target": "if.true_case"
                        },
                        {
                            "source": "if.output",
                            "target": ".array"
                        },
                        {
                            "source": ".all_true",
                            "target": "if.condition"
                        },
                        {
                            "source": ".indices",
                            "target": "build_array.first.indices"
                        },
                        {
                            "source": ".empty_array",
                            "target": "build_array.first.empty_array"
                        },
                        {
                            "source": ".empty_array",
                            "target": "if.false_case"
                        }
                    ],
                    "values": [],
                    "reservedNodeNames": [
                        {
                            "name": "input"
                        },
                        {
                            "name": "output"
                        }
                    ],
                    "iterateCompound": {
                        "ports": [
                            {
                                "portKind": "state",
                                "inputPortName": "empty_array",
                                "outputPortName": "array"
                            }
                        ]
                    }
                }
            ],
            "compoundNodes": [
                {
                    "nodeName": "for_each2",
                    "nodeType": "for_each2",
                    "metadata": [
                        {
                            "metaName": "DisplayMode",
                            "metaType": "string",
                            "metaValue": "2"
                        },
                        {
                            "metaName": "LayoutPos",
                            "metaType": "string",
                            "metaValue": "897.26 -143.736"
                        }
                    ]
                },
                {
                    "nodeName": "build_index_array_that_found",
                    "nodeType": "build_index_array_that_found",
                    "metadata": [
                        {
                            "metaName": "DisplayMode",
                            "metaType": "string",
                            "metaValue": "2"
                        },
                        {
                            "metaName": "LayoutPos",
                            "metaType": "string",
                            "metaValue": "1686.75 -0.00491142"
                        }
                    ]
                },
                {
                    "nodeName": "array_size1",
                    "nodeType": "Core::Array::array_size",
                    "metadata": [
                        {
                            "metaName": "DisplayMode",
                            "metaType": "string",
                            "metaValue": "2"
                        },
                        {
                            "metaName": "LayoutPos",
                            "metaType": "string",
                            "metaValue": "2487.74 316.356"
                        }
                    ]
                },
                {
                    "nodeName": "find_all_in_array",
                    "nodeType": "Core::Array::find_all_in_array",
                    "metadata": [
                        {
                            "metaName": "DisplayMode",
                            "metaType": "string",
                            "metaValue": "2"
                        },
                        {
                            "metaName": "LayoutPos",
                            "metaType": "string",
                            "metaValue": "-100.711 363.836"
                        }
                    ]
                },
                {
                    "nodeName": "first_in_array",
                    "nodeType": "Core::Array::first_in_array",
                    "metadata": [
                        {
                            "metaName": "DisplayMode",
                            "metaType": "string",
                            "metaValue": "2"
                        },
                        {
                            "metaName": "LayoutPos",
                            "metaType": "string",
                            "metaValue": "-381.266 412.115"
                        }
                    ]
                },
                {
                    "nodeName": "greater",
                    "nodeType": "Core::Logic::greater",
                    "metadata": [
                        {
                            "metaName": "DisplayMode",
                            "metaType": "string",
                            "metaValue": "2"
                        },
                        {
                            "metaName": "LayoutPos",
                            "metaType": "string",
                            "metaValue": "2771.93 292.84"
                        }
                    ]
                },
                {
                    "nodeName": "big_size",
                    "nodeType": "Core::Array::array_size",
                    "metadata": [
                        {
                            "metaName": "DisplayMode",
                            "metaType": "string",
                            "metaValue": "2"
                        },
                        {
                            "metaName": "LayoutPos",
                            "metaType": "string",
                            "metaValue": "-231.283 -555.671"
                        }
                    ]
                },
                {
                    "nodeName": "small_size",
                    "nodeType": "Core::Array::array_size",
                    "metadata": [
                        {
                            "metaName": "DisplayMode",
                            "metaType": "string",
                            "metaValue": "2"
                        },
                        {
                            "metaName": "LayoutPos",
                            "metaType": "string",
                            "metaValue": "-229.006 -371.679"
                        }
                    ]
                },
                {
                    "nodeName": "if",
                    "nodeType": "Core::Logic::if",
                    "metadata": [
                        {
                            "metaName": "DisplayMode",
                            "metaType": "string",
                            "metaValue": "2"
                        },
                        {
                            "metaName": "LayoutPos",
                            "metaType": "string",
                            "metaValue": "2471.83 -474.42"
                        }
                    ]
                },
                {
                    "nodeName": "array_is_empty",
                    "nodeType": "Core::Array::array_is_empty",
                    "metadata": [
                        {
                            "metaName": "DisplayMode",
                            "metaType": "string",
                            "metaValue": "2"
                        },
                        {
                            "metaName": "LayoutPos",
                            "metaType": "string",
                            "metaValue": "72.4817 -290.432"
                        }
                    ]
                },
                {
                    "nodeName": "less",
                    "nodeType": "Core::Logic::less",
                    "metadata": [
                        {
                            "metaName": "DisplayMode",
                            "metaType": "string",
                            "metaValue": "2"
                        },
                        {
                            "metaName": "LayoutPos",
                            "metaType": "string",
                            "metaValue": "74.0899 -504.952"
                        }
                    ]
                },
                {
                    "nodeName": "or",
                    "nodeType": "Core::Logic::or",
                    "metadata": [
                        {
                            "metaName": "DisplayMode",
                            "metaType": "string",
                            "metaValue": "2"
                        },
                        {
                            "metaName": "LayoutPos",
                            "metaType": "string",
                            "metaValue": "310.938 -413.514"
                        }
                    ]
                },
                {
                    "nodeName": "if1",
                    "nodeType": "Core::Logic::if",
                    "metadata": [
                        {
                            "metaName": "DisplayMode",
                            "metaType": "string",
                            "metaValue": "2"
                        },
                        {
                            "metaName": "LayoutPos",
                            "metaType": "string",
                            "metaValue": "2756.91 -608.865"
                        }
                    ]
                },
                {
                    "nodeName": "if2",
                    "nodeType": "Core::Logic::if",
                    "metadata": [
                        {
                            "metaName": "DisplayMode",
                            "metaType": "string",
                            "metaValue": "2"
                        },
                        {
                            "metaName": "LayoutPos",
                            "metaType": "string",
                            "metaValue": "3072.59 -708.164"
                        }
                    ]
                },
                {
                    "nodeName": "to_unsigned_int",
                    "nodeType": "Core::Type_Conversion::to_unsigned_int",
                    "metadata": [
                        {
                            "metaName": "DisplayMode",
                            "metaType": "string",
                            "metaValue": "2"
                        },
                        {
                            "metaName": "LayoutPos",
                            "metaType": "string",
                            "metaValue": "139.558 341.347"
                        }
                    ]
                },
                {
                    "nodeName": "empty_array2",
                    "nodeType": "Core::Array::empty_array",
                    "metadata": [
                        {
                            "metaName": "DisplayMode",
                            "metaType": "string",
                            "metaValue": "2"
                        },
                        {
                            "metaName": "LayoutPos",
                            "metaType": "string",
                            "metaValue": "1388.85 -14.9642"
                        }
                    ]
                },
                {
                    "nodeName": "to_unsigned_int1",
                    "nodeType": "Core::Type_Conversion::to_unsigned_int",
                    "metadata": [
                        {
                            "metaName": "DisplayMode",
                            "metaType": "string",
                            "metaValue": "2"
                        },
                        {
                            "metaName": "LayoutPos",
                            "metaType": "string",
                            "metaValue": "2492.1 133.601"
                        }
                    ]
                },
                {
                    "nodeName": "find_all_in_array1",
                    "nodeType": "Core::Array::find_all_in_array",
                    "metadata": [
                        {
                            "metaName": "DisplayMode",
                            "metaType": "string",
                            "metaValue": "2"
                        },
                        {
                            "metaName": "LayoutPos",
                            "metaType": "string",
                            "metaValue": "1641.48 341.635"
                        }
                    ]
                },
                {
                    "nodeName": "value",
                    "valueType": "bool",
                    "metadata": [
                        {
                            "metaName": "DisplayMode",
                            "metaType": "string",
                            "metaValue": "0"
                        },
                        {
                            "metaName": "LayoutPos",
                            "metaType": "string",
                            "metaValue": "1367.06 409.224"
                        },
                        {
                            "metaName": "valuenode_defaultvalue",
                            "metaType": "string",
                            "metaValue": "1"
                        }
                    ]
                },
                {
                    "nodeName": "get_from_array",
                    "nodeType": "Core::Array::get_from_array",
                    "metadata": [
                        {
                            "metaName": "DisplayMode",
                            "metaType": "string",
                            "metaValue": "2"
                        },
                        {
                            "metaName": "LayoutPos",
                            "metaType": "string",
                            "metaValue": "2107.94 196.522"
                        }
                    ]
                }
            ],
            "connections": [
                {
                    "source": "array_size1.size",
                    "target": "greater.first"
                },
                {
                    "source": "first_in_array.first",
                    "target": "find_all_in_array.value"
                },
                {
                    "source": "for_each2.all_true",
                    "target": "build_index_array_that_found.all_true"
                },
                {
                    "source": ".big_array",
                    "target": "big_size.array"
                },
                {
                    "source": ".small_array",
                    "target": "small_size.array"
                },
                {
                    "source": ".small_array",
                    "target": "first_in_array.array"
                },
                {
                    "source": ".big_array",
                    "target": "find_all_in_array.array"
                },
                {
                    "source": "big_size.size",
                    "target": "less.first"
                },
                {
                    "source": "small_size.size",
                    "target": "less.second"
                },
                {
                    "source": "less.output",
                    "target": "or.first"
                },
                {
                    "source": "array_is_empty.empty",
                    "target": "or.second"
                },
                {
                    "source": "or.output",
                    "target": "if.condition"
                },
                {
                    "source": ".big_array",
                    "target": "for_each2.big_array"
                },
                {
                    "source": ".small_array",
                    "target": "for_each2.small_array"
                },
                {
                    "source": "or.output",
                    "target": "if1.condition"
                },
                {
                    "source": "or.output",
                    "target": "if2.condition"
                },
                {
                    "source": "greater.output",
                    "target": "if2.false_case"
                },
                {
                    "source": "find_all_in_array.indices",
                    "target": "to_unsigned_int.from"
                },
                {
                    "source": "to_unsigned_int.unsigned_int",
                    "target": "array_is_empty.array"
                },
                {
                    "source": "to_unsigned_int.unsigned_int",
                    "target": "for_each2.indices"
                },
                {
                    "source": "to_unsigned_int.unsigned_int",
                    "target": "build_index_array_that_found.indices"
                },
                {
                    "source": "empty_array2.empty_array",
                    "target": "build_index_array_that_found.empty_array"
                },
                {
                    "source": "empty_array2.empty_array",
                    "target": "if.true_case"
                },
                {
                    "source": "array_size1.size",
                    "target": "to_unsigned_int1.from"
                },
                {
                    "source": "to_unsigned_int1.unsigned_int",
                    "target": "if1.false_case"
                },
                {
                    "source": "if.output",
                    "target": ".indexes_in_big_array"
                },
                {
                    "source": "if1.output",
                    "target": ".number_is_found"
                },
                {
                    "source": "if2.output",
                    "target": ".found_it"
                },
                {
                    "source": "for_each2.all_true",
                    "target": "find_all_in_array1.array"
                },
                {
                    "source": "value.output",
                    "target": "find_all_in_array1.value"
                },
                {
                    "source": "find_all_in_array1.indices",
                    "target": "array_size1.array"
                },
                {
                    "source": "to_unsigned_int.unsigned_int",
                    "target": "get_from_array.array"
                },
                {
                    "source": "find_all_in_array1.indices",
                    "target": "get_from_array.index"
                },
                {
                    "source": "get_from_array.value",
                    "target": "if.false_case"
                }
            ],
            "values": [
                {
                    "valueName": "find_all_in_array.invert",
                    "valueType": "bool",
                    "value": "false"
                },
                {
                    "valueName": "empty_array2.value_type",
                    "valueType": "uint",
                    "value": "0U"
                },
                {
                    "valueName": "value.value",
                    "valueType": "bool",
                    "value": "true"
                }
            ],
            "reservedNodeNames": [
                {
                    "name": "input"
                },
                {
                    "name": "output"
                }
            ]
        }
    ]
}