{
    "header": {
        "metadata": [
            {
                "metaName": "adskFileFormatVersion",
                "metaValue": "100L"
            }
        ]
    },
    "namespaces": [],
    "types": [],
    "compounds": [
        {
            "name": "BPM::please_1::math::g2m_triangle_sides_length",
            "uriImported": "file:///g2m_triangle_sides_length.json",
            "metadata": [
                {
                    "metaName": "documentation",
                    "metaType": "string",
                    "metaValue": "docs/g2m_get_triangle_side_length.md"
                },
                {
                    "metaName": "icon",
                    "metaType": "string",
                    "metaValue": "icons/g2m_default.png"
                },
                {
                    "metaName": "io_nodes",
                    "metadata": [
                        {
                            "metaName": "io_inodes",
                            "metadata": [
                                {
                                    "metaName": "input",
                                    "metadata": [
                                        {
                                            "metaName": "DisplayMode",
                                            "metaType": "string",
                                            "metaValue": "2"
                                        },
                                        {
                                            "metaName": "LayoutPos",
                                            "metaType": "string",
                                            "metaValue": "-96.536 -289.619"
                                        },
                                        {
                                            "metaName": "io_ports",
                                            "metadata": [
                                                {
                                                    "metaName": "point_a"
                                                },
                                                {
                                                    "metaName": "point_b"
                                                },
                                                {
                                                    "metaName": "point_c"
                                                }
                                            ]
                                        }
                                    ]
                                }
                            ]
                        },
                        {
                            "metaName": "io_onodes",
                            "metadata": [
                                {
                                    "metaName": "output",
                                    "metadata": [
                                        {
                                            "metaName": "DisplayMode",
                                            "metaType": "string",
                                            "metaValue": "2"
                                        },
                                        {
                                            "metaName": "LayoutPos",
                                            "metaType": "string",
                                            "metaValue": "1219.92 -371.109"
                                        },
                                        {
                                            "metaName": "io_ports",
                                            "metadata": [
                                                {
                                                    "metaName": "side_a"
                                                },
                                                {
                                                    "metaName": "side_b"
                                                },
                                                {
                                                    "metaName": "side_c"
                                                }
                                            ]
                                        }
                                    ]
                                }
                            ]
                        }
                    ]
                },
                {
                    "metaName": "_recentNode_",
                    "metaType": "string",
                    "metaValue": "BifrostGraph,Core::Graph,pass"
                },
                {
                    "metaName": "_recentNode_",
                    "metaType": "string",
                    "metaValue": "BifrostGraph,Core::Conversion,radians_to_degrees"
                },
                {
                    "metaName": "_recentNode_",
                    "metaType": "string",
                    "metaValue": "BifrostGraph,G2M::math,g2m_triangle_solver_SSS"
                },
                {
                    "metaName": "_recentNode_",
                    "metaType": "string",
                    "metaValue": "BifrostGraph,G2M::math,g2m_triangle_solver_SSA"
                },
                {
                    "metaName": "_recentNode_",
                    "metaType": "string",
                    "metaValue": "BifrostGraph,User::G2M,g2m_vector_direction"
                },
                {
                    "metaName": "backdrop",
                    "metadata": [
                        {
                            "metaName": "type",
                            "metaType": "string",
                            "metaValue": "backdrop"
                        },
                        {
                            "metaName": "text",
                            "metaType": "string",
                            "metaValue": "\u8f38\u5165\u4e09\u89d2\u5f62\u4e09\u500b\u9ede(ABC)\u7684 xyz \u5750\u6a19\uff0c\u5f97\u51fa\u5c0d\u61c9\u908a\u7684\u9577\u5ea6\u3002"
                        },
                        {
                            "metaName": "coords",
                            "metaType": "string",
                            "metaValue": "-124.94 -362.437 312.289 351.028"
                        }
                    ]
                },
                {
                    "metaName": "ViewportRect",
                    "metaType": "string",
                    "metaValue": "-218 -658 1564 830"
                },
                {
                    "metaName": "DisplayMode",
                    "metaType": "string",
                    "metaValue": "2"
                },
                {
                    "metaName": "LayoutPos",
                    "metaType": "string",
                    "metaValue": "-166.632 30.2058"
                }
            ],
            "ports": [
                {
                    "portName": "side_a",
                    "portDirection": "output",
                    "portType": "float"
                },
                {
                    "portName": "side_b",
                    "portDirection": "output",
                    "portType": "float"
                },
                {
                    "portName": "side_c",
                    "portDirection": "output",
                    "portType": "float"
                },
                {
                    "portName": "point_a",
                    "portDirection": "input",
                    "portType": "Math::float3"
                },
                {
                    "portName": "point_b",
                    "portDirection": "input",
                    "portType": "Math::float3"
                },
                {
                    "portName": "point_c",
                    "portDirection": "input",
                    "portType": "Math::float3"
                }
            ],
            "compoundNodes": [
                {
                    "nodeName": "a",
                    "nodeType": "Core::Math::length",
                    "metadata": [
                        {
                            "metaName": "DisplayMode",
                            "metaType": "string",
                            "metaValue": "2"
                        },
                        {
                            "metaName": "LayoutPos",
                            "metaType": "string",
                            "metaValue": "825.536 -125.106"
                        }
                    ]
                },
                {
                    "nodeName": "absolute_value",
                    "nodeType": "Core::Math::absolute_value",
                    "metadata": [
                        {
                            "metaName": "DisplayMode",
                            "metaType": "string",
                            "metaValue": "2"
                        },
                        {
                            "metaName": "LayoutPos",
                            "metaType": "string",
                            "metaValue": "557.5 -558"
                        }
                    ]
                },
                {
                    "nodeName": "absolute_value1",
                    "nodeType": "Core::Math::absolute_value",
                    "metadata": [
                        {
                            "metaName": "DisplayMode",
                            "metaType": "string",
                            "metaValue": "2"
                        },
                        {
                            "metaName": "LayoutPos",
                            "metaType": "string",
                            "metaValue": "562.299 -330.541"
                        }
                    ]
                },
                {
                    "nodeName": "absolute_value2",
                    "nodeType": "Core::Math::absolute_value",
                    "metadata": [
                        {
                            "metaName": "DisplayMode",
                            "metaType": "string",
                            "metaValue": "2"
                        },
                        {
                            "metaName": "LayoutPos",
                            "metaType": "string",
                            "metaValue": "575.073 -101.895"
                        }
                    ]
                },
                {
                    "nodeName": "b",
                    "nodeType": "Core::Math::length",
                    "metadata": [
                        {
                            "metaName": "DisplayMode",
                            "metaType": "string",
                            "metaValue": "2"
                        },
                        {
                            "metaName": "LayoutPos",
                            "metaType": "string",
                            "metaValue": "823.287 -354.413"
                        }
                    ]
                },
                {
                    "nodeName": "c",
                    "nodeType": "Core::Math::length",
                    "metadata": [
                        {
                            "metaName": "DisplayMode",
                            "metaType": "string",
                            "metaValue": "2"
                        },
                        {
                            "metaName": "LayoutPos",
                            "metaType": "string",
                            "metaValue": "824.083 -581.736"
                        }
                    ]
                },
                {
                    "nodeName": "subtract",
                    "nodeType": "Core::Math::subtract",
                    "multiInPortNames": [
                        "triangle_vertex_A",
                        "triangle_vertex_B"
                    ],
                    "metadata": [
                        {
                            "metaName": "DisplayMode",
                            "metaType": "string",
                            "metaValue": "2"
                        },
                        {
                            "metaName": "LayoutPos",
                            "metaType": "string",
                            "metaValue": "314.5 -534"
                        }
                    ]
                },
                {
                    "nodeName": "subtract1",
                    "nodeType": "Core::Math::subtract",
                    "multiInPortNames": [
                        "triangle_vertex_A",
                        "triangle_vertex_C"
                    ],
                    "metadata": [
                        {
                            "metaName": "DisplayMode",
                            "metaType": "string",
                            "metaValue": "2"
                        },
                        {
                            "metaName": "LayoutPos",
                            "metaType": "string",
                            "metaValue": "319.299 -307.665"
                        }
                    ]
                },
                {
                    "nodeName": "subtract2",
                    "nodeType": "Core::Math::subtract",
                    "multiInPortNames": [
                        "triangle_vertex_B",
                        "triangle_vertex_C"
                    ],
                    "metadata": [
                        {
                            "metaName": "DisplayMode",
                            "metaType": "string",
                            "metaValue": "2"
                        },
                        {
                            "metaName": "LayoutPos",
                            "metaType": "string",
                            "metaValue": "319.073 -77.8951"
                        }
                    ]
                }
            ],
            "connections": [
                {
                    "source": "absolute_value2.absolute_value",
                    "target": "a.vector"
                },
                {
                    "source": "subtract.output",
                    "target": "absolute_value.value"
                },
                {
                    "source": "absolute_value.absolute_value",
                    "target": "c.vector"
                },
                {
                    "source": "subtract1.output",
                    "target": "absolute_value1.value"
                },
                {
                    "source": "absolute_value1.absolute_value",
                    "target": "b.vector"
                },
                {
                    "source": "subtract2.output",
                    "target": "absolute_value2.value"
                },
                {
                    "source": ".point_a",
                    "target": "subtract.first.triangle_vertex_A"
                },
                {
                    "source": ".point_b",
                    "target": "subtract.first.triangle_vertex_B"
                },
                {
                    "source": ".point_a",
                    "target": "subtract1.first.triangle_vertex_A"
                },
                {
                    "source": ".point_c",
                    "target": "subtract1.first.triangle_vertex_C"
                },
                {
                    "source": ".point_b",
                    "target": "subtract2.first.triangle_vertex_B"
                },
                {
                    "source": ".point_c",
                    "target": "subtract2.first.triangle_vertex_C"
                },
                {
                    "source": "a.length",
                    "target": ".side_a"
                },
                {
                    "source": "b.length",
                    "target": ".side_b"
                },
                {
                    "source": "c.length",
                    "target": ".side_c"
                }
            ],
            "values": [],
            "reservedNodeNames": [
                {
                    "name": "input"
                },
                {
                    "name": "output"
                }
            ]
        }
    ]
}