{
    "header": {
        "metadata": [
            {
                "metaName": "adskFileFormatVersion",
                "metaValue": "100L"
            }
        ]
    },
    "namespaces": [],
    "types": [],
    "compounds": [
        {
            "name": "BPM::please_1::math::g2m_vector3_almost_equal",
            "uriImported": "stream:/bifrostGraphShape1",
            "metadata": [
                {
                    "metaName": "io_nodes",
                    "metadata": [
                        {
                            "metaName": "io_inodes",
                            "metadata": [
                                {
                                    "metaName": "input",
                                    "metadata": [
                                        {
                                            "metaName": "DisplayMode",
                                            "metaType": "string",
                                            "metaValue": "2"
                                        },
                                        {
                                            "metaName": "LayoutPos",
                                            "metaType": "string",
                                            "metaValue": "-447.943 -62.557"
                                        },
                                        {
                                            "metaName": "io_ports",
                                            "metadata": [
                                                {
                                                    "metaName": "first"
                                                },
                                                {
                                                    "metaName": "second"
                                                },
                                                {
                                                    "metaName": "tolerance"
                                                }
                                            ]
                                        }
                                    ]
                                }
                            ]
                        },
                        {
                            "metaName": "io_onodes",
                            "metadata": [
                                {
                                    "metaName": "output",
                                    "metadata": [
                                        {
                                            "metaName": "io_ports",
                                            "metadata": [
                                                {
                                                    "metaName": "output"
                                                }
                                            ]
                                        },
                                        {
                                            "metaName": "DisplayMode",
                                            "metaType": "string",
                                            "metaValue": "2"
                                        },
                                        {
                                            "metaName": "LayoutPos",
                                            "metaType": "string",
                                            "metaValue": "886.664 -206.067"
                                        }
                                    ]
                                }
                            ]
                        }
                    ]
                },
                {
                    "metaName": "_recentNode_",
                    "metaType": "string",
                    "metaValue": "BifrostGraph,Core::Logic,less"
                },
                {
                    "metaName": "_recentNode_",
                    "metaType": "string",
                    "metaValue": "BifrostGraph,Core::Conversion,vector3_to_scalar"
                },
                {
                    "metaName": "_recentNode_",
                    "metaType": "string",
                    "metaValue": "BifrostGraph,Core::Logic,not"
                },
                {
                    "metaName": "_recentNode_",
                    "metaType": "string",
                    "metaValue": "BifrostGraph,Core::Array,all_true_in_array"
                },
                {
                    "metaName": "_recentNode_",
                    "metaType": "string",
                    "metaValue": "BifrostGraph,Core::Array,build_array"
                },
                {
                    "metaName": "ViewportRect",
                    "metaType": "string",
                    "metaValue": "-427.315 -550.988 1516.36 1167.33"
                },
                {
                    "metaName": "DisplayMode",
                    "metaType": "string",
                    "metaValue": "2"
                },
                {
                    "metaName": "LayoutPos",
                    "metaType": "string",
                    "metaValue": "327.974 -730.312"
                }
            ],
            "ports": [
                {
                    "portName": "output",
                    "portDirection": "output",
                    "portType": "bool"
                },
                {
                    "portName": "first",
                    "portDirection": "input",
                    "portType": "Math::float3",
                    "portDefault": {
                        "x": "0f",
                        "y": "0f",
                        "z": "0f"
                    }
                },
                {
                    "portName": "second",
                    "portDirection": "input",
                    "portType": "Math::float3",
                    "portDefault": {
                        "x": "0f",
                        "y": "0f",
                        "z": "0f"
                    }
                },
                {
                    "portName": "tolerance",
                    "portDirection": "input",
                    "portType": "float",
                    "portDefault": "9.99999975e-05f"
                }
            ],
            "compoundNodes": [
                {
                    "nodeName": "all_true_in_array",
                    "nodeType": "Core::Array::all_true_in_array",
                    "metadata": [
                        {
                            "metaName": "DisplayMode",
                            "metaType": "string",
                            "metaValue": "2"
                        },
                        {
                            "metaName": "LayoutPos",
                            "metaType": "string",
                            "metaValue": "635.169 -205.339"
                        }
                    ]
                },
                {
                    "nodeName": "almost_equal",
                    "nodeType": "Core::Logic::almost_equal",
                    "metadata": [
                        {
                            "metaName": "DisplayMode",
                            "metaType": "string",
                            "metaValue": "2"
                        },
                        {
                            "metaName": "LayoutPos",
                            "metaType": "string",
                            "metaValue": "127.874 -353.204"
                        }
                    ]
                },
                {
                    "nodeName": "almost_equal1",
                    "nodeType": "Core::Logic::almost_equal",
                    "metadata": [
                        {
                            "metaName": "DisplayMode",
                            "metaType": "string",
                            "metaValue": "2"
                        },
                        {
                            "metaName": "LayoutPos",
                            "metaType": "string",
                            "metaValue": "130.314 -133.672"
                        }
                    ]
                },
                {
                    "nodeName": "almost_equal2",
                    "nodeType": "Core::Logic::almost_equal",
                    "metadata": [
                        {
                            "metaName": "DisplayMode",
                            "metaType": "string",
                            "metaValue": "2"
                        },
                        {
                            "metaName": "LayoutPos",
                            "metaType": "string",
                            "metaValue": "133.964 90.5387"
                        }
                    ]
                },
                {
                    "nodeName": "build_array",
                    "nodeType": "Core::Array::build_array",
                    "multiInPortNames": [
                        "output",
                        "output1",
                        "output2"
                    ],
                    "metadata": [
                        {
                            "metaName": "DisplayMode",
                            "metaType": "string",
                            "metaValue": "2"
                        },
                        {
                            "metaName": "LayoutPos",
                            "metaType": "string",
                            "metaValue": "397.164 -181.202"
                        }
                    ]
                },
                {
                    "nodeName": "vector3_to_scalar",
                    "nodeType": "Core::Conversion::vector3_to_scalar",
                    "metadata": [
                        {
                            "metaName": "DisplayMode",
                            "metaType": "string",
                            "metaValue": "2"
                        },
                        {
                            "metaName": "LayoutPos",
                            "metaType": "string",
                            "metaValue": "-159.159 -134.307"
                        }
                    ]
                },
                {
                    "nodeName": "vector3_to_scalar1",
                    "nodeType": "Core::Conversion::vector3_to_scalar",
                    "metadata": [
                        {
                            "metaName": "DisplayMode",
                            "metaType": "string",
                            "metaValue": "2"
                        },
                        {
                            "metaName": "LayoutPos",
                            "metaType": "string",
                            "metaValue": "-159.07 92.046"
                        }
                    ]
                }
            ],
            "connections": [
                {
                    "source": "build_array.array",
                    "target": "all_true_in_array.array"
                },
                {
                    "source": "vector3_to_scalar.x",
                    "target": "almost_equal.first"
                },
                {
                    "source": "almost_equal.output",
                    "target": "build_array.first.output"
                },
                {
                    "source": "vector3_to_scalar.y",
                    "target": "almost_equal1.first"
                },
                {
                    "source": "almost_equal1.output",
                    "target": "build_array.first.output1"
                },
                {
                    "source": "vector3_to_scalar.z",
                    "target": "almost_equal2.first"
                },
                {
                    "source": "almost_equal2.output",
                    "target": "build_array.first.output2"
                },
                {
                    "source": ".first",
                    "target": "vector3_to_scalar.vector3"
                },
                {
                    "source": ".second",
                    "target": "vector3_to_scalar1.vector3"
                },
                {
                    "source": "vector3_to_scalar1.x",
                    "target": "almost_equal.second"
                },
                {
                    "source": "vector3_to_scalar1.y",
                    "target": "almost_equal1.second"
                },
                {
                    "source": "vector3_to_scalar1.z",
                    "target": "almost_equal2.second"
                },
                {
                    "source": ".tolerance",
                    "target": "almost_equal2.tolerance"
                },
                {
                    "source": ".tolerance",
                    "target": "almost_equal1.tolerance"
                },
                {
                    "source": ".tolerance",
                    "target": "almost_equal.tolerance"
                },
                {
                    "source": "all_true_in_array.all_true",
                    "target": ".output"
                }
            ],
            "values": [
                {
                    "valueName": "almost_equal.tolerance",
                    "valueType": "float",
                    "value": "9.99999975e-05f"
                },
                {
                    "valueName": "almost_equal1.tolerance",
                    "valueType": "float",
                    "value": "9.99999975e-05f"
                },
                {
                    "valueName": "almost_equal2.tolerance",
                    "valueType": "float",
                    "value": "9.99999975e-05f"
                }
            ],
            "reservedNodeNames": [
                {
                    "name": "input"
                },
                {
                    "name": "output"
                }
            ]
        }
    ]
}