{
    "header": {
        "metadata": [
            {
                "metaName": "adskFileFormatVersion",
                "metaValue": "100L"
            }
        ]
    },
    "dependencies": [
        {
            "uri": "file:///Math_types.json"
        },
        {
            "uri": "file:///Math_float.json"
        },
        {
            "uri": "file:///Math_double.json"
        },
        {
            "uri": "file:///Math_long.json"
        },
        {
            "uri": "file:///Math_char.json"
        },
        {
            "uri": "file:///Math_int.json"
        },
        {
            "uri": "file:///Math_short.json"
        },
        {
            "uri": "file:///Math_uchar.json"
        },
        {
            "uri": "file:///Math_uint.json"
        },
        {
            "uri": "file:///Math_ulong.json"
        },
        {
            "uri": "file:///Math_ushort.json"
        },
        {
            "uri": "file:///riv_types.json"
        },
        {
            "uri": "file:///bifrost_object_i.json"
        },
        {
            "uri": "file:///point_types.json"
        },
        {
            "uri": "file:///FCurve.json"
        },
        {
            "uri": "file:///riv_ops.json"
        },
        {
            "uri": "file:///Math_conversion.json"
        },
        {
            "uri": "file:///Math_array.json"
        },
        {
            "uri": "file:///Core_Array_slice_array.json"
        },
        {
            "uri": "file:///g2m_array_to_vector234.json"
        },
        {
            "uri": "file:///Math_bool.json"
        },
        {
            "uri": "file:///increment_decrement.json"
        }
    ],
    "namespaces": [],
    "types": [],
    "compounds": [
        {
            "name": "BPM::please_1::utility::g2m_array_find_in_array",
            "metadata": [
                {
                    "metaName": "io_nodes",
                    "metadata": [
                        {
                            "metaName": "io_inodes",
                            "metadata": [
                                {
                                    "metaName": "input",
                                    "metadata": [
                                        {
                                            "metaName": "DisplayMode",
                                            "metaType": "string",
                                            "metaValue": "2"
                                        },
                                        {
                                            "metaName": "LayoutPos",
                                            "metaType": "string",
                                            "metaValue": "-569 -60.5"
                                        },
                                        {
                                            "metaName": "io_ports",
                                            "metadata": [
                                                {
                                                    "metaName": "target_array"
                                                },
                                                {
                                                    "metaName": "array"
                                                }
                                            ]
                                        }
                                    ]
                                }
                            ]
                        },
                        {
                            "metaName": "io_onodes",
                            "metadata": [
                                {
                                    "metaName": "output",
                                    "metadata": [
                                        {
                                            "metaName": "DisplayMode",
                                            "metaType": "string",
                                            "metaValue": "2"
                                        },
                                        {
                                            "metaName": "LayoutPos",
                                            "metaType": "string",
                                            "metaValue": "685.063 -60.6717"
                                        },
                                        {
                                            "metaName": "io_ports",
                                            "metadata": [
                                                {
                                                    "metaName": "found_it"
                                                }
                                            ]
                                        }
                                    ]
                                }
                            ]
                        }
                    ]
                },
                {
                    "metaName": "ViewportRect",
                    "metaType": "string",
                    "metaValue": "-783.624 -526.948 1791.79 950.586"
                },
                {
                    "metaName": "DisplayMode",
                    "metaType": "string",
                    "metaValue": "2"
                },
                {
                    "metaName": "LayoutPos",
                    "metaType": "string",
                    "metaValue": "744.617 555.539"
                }
            ],
            "ports": [
                {
                    "portName": "target_array",
                    "portDirection": "input",
                    "portType": "array<uint>",
                    "portDefault": []
                },
                {
                    "portName": "array",
                    "portDirection": "input",
                    "portType": "array<uint>",
                    "portDefault": []
                },
                {
                    "portName": "found_it",
                    "portDirection": "output"
                }
            ],
            "compounds": [
                {
                    "name": "do_while",
                    "metadata": [
                        {
                            "metaName": "icon",
                            "metaType": "string",
                            "metaValue": "<NATIVE>../icons/LoopDo_While.svg"
                        },
                        {
                            "metaName": "icon",
                            "metaType": "string",
                            "metaValue": "<NATIVE>../icons/LoopDo_While.svg"
                        },
                        {
                            "metaName": "_recentNode_",
                            "metaType": "string",
                            "metaValue": "BifrostGraph,Core::Logic,not"
                        },
                        {
                            "metaName": "_recentNode_",
                            "metaType": "string",
                            "metaValue": "BifrostGraph,Core::Logic,all_members_true"
                        },
                        {
                            "metaName": "_recentNode_",
                            "metaType": "string",
                            "metaValue": "BifrostGraph,Core::Logic,members_equal"
                        },
                        {
                            "metaName": "_recentNode_",
                            "metaType": "string",
                            "metaValue": "BifrostGraph,Core::Logic,any_members_true"
                        },
                        {
                            "metaName": "_recentNode_",
                            "metaType": "string",
                            "metaValue": "BifrostGraph,G2M::utility,g2m_array_to_vector234"
                        },
                        {
                            "metaName": "ViewportRect",
                            "metaType": "string",
                            "metaValue": "-753.076 -356.587 1306.03 692.876"
                        },
                        {
                            "metaName": "io_nodes",
                            "metadata": [
                                {
                                    "metaName": "io_inodes",
                                    "metadata": [
                                        {
                                            "metaName": "input",
                                            "metadata": [
                                                {
                                                    "metaName": "DisplayMode",
                                                    "metaType": "string",
                                                    "metaValue": "2"
                                                },
                                                {
                                                    "metaName": "LayoutPos",
                                                    "metaType": "string",
                                                    "metaValue": "-741 -120.5"
                                                },
                                                {
                                                    "metaName": "io_ports",
                                                    "metadata": [
                                                        {
                                                            "metaName": "max_iterations"
                                                        },
                                                        {
                                                            "metaName": "current_index"
                                                        },
                                                        {
                                                            "metaName": "target_array"
                                                        },
                                                        {
                                                            "metaName": "array"
                                                        }
                                                    ]
                                                }
                                            ]
                                        }
                                    ]
                                },
                                {
                                    "metaName": "io_onodes",
                                    "metadata": [
                                        {
                                            "metaName": "output",
                                            "metadata": [
                                                {
                                                    "metaName": "DisplayMode",
                                                    "metaType": "string",
                                                    "metaValue": "2"
                                                },
                                                {
                                                    "metaName": "LayoutPos",
                                                    "metaType": "string",
                                                    "metaValue": "1729.67 -99.5891"
                                                },
                                                {
                                                    "metaName": "io_ports",
                                                    "metadata": [
                                                        {
                                                            "metaName": "looping_condition"
                                                        },
                                                        {
                                                            "metaName": "found_it"
                                                        }
                                                    ]
                                                }
                                            ]
                                        }
                                    ]
                                }
                            ]
                        }
                    ],
                    "ports": [
                        {
                            "portName": "max_iterations",
                            "portDirection": "input",
                            "portType": "long",
                            "portIterationLimit": "true"
                        },
                        {
                            "portName": "current_index",
                            "portDirection": "input",
                            "portType": "long",
                            "portIterationCounter": "true"
                        },
                        {
                            "portName": "target_array",
                            "portDirection": "input"
                        },
                        {
                            "portName": "array",
                            "portDirection": "input"
                        },
                        {
                            "portName": "found_it",
                            "portDirection": "output"
                        }
                    ],
                    "compoundNodes": [
                        {
                            "nodeName": "add",
                            "nodeType": "Core::Math::add",
                            "multiInPortNames": [
                                "current_index",
                                "size"
                            ],
                            "metadata": [
                                {
                                    "metaName": "DisplayMode",
                                    "metaType": "string",
                                    "metaValue": "2"
                                },
                                {
                                    "metaName": "LayoutPos",
                                    "metaType": "string",
                                    "metaValue": "-8.21822 -17.3021"
                                }
                            ]
                        },
                        {
                            "nodeName": "slice_array",
                            "nodeType": "Core::Array::slice_array",
                            "metadata": [
                                {
                                    "metaName": "DisplayMode",
                                    "metaType": "string",
                                    "metaValue": "2"
                                },
                                {
                                    "metaName": "LayoutPos",
                                    "metaType": "string",
                                    "metaValue": "282.018 -132.029"
                                }
                            ]
                        },
                        {
                            "nodeName": "g2m_array_to_vector235",
                            "nodeType": "BPM::please_1::utility::g2m_array_to_vector234",
                            "metadata": [
                                {
                                    "metaName": "DisplayMode",
                                    "metaType": "string",
                                    "metaValue": "2"
                                },
                                {
                                    "metaName": "LayoutPos",
                                    "metaType": "string",
                                    "metaValue": "-381.764 92.0475"
                                }
                            ]
                        },
                        {
                            "nodeName": "g2m_array_to_vector236",
                            "nodeType": "BPM::please_1::utility::g2m_array_to_vector234",
                            "metadata": [
                                {
                                    "metaName": "DisplayMode",
                                    "metaType": "string",
                                    "metaValue": "2"
                                },
                                {
                                    "metaName": "LayoutPos",
                                    "metaType": "string",
                                    "metaValue": "542.025 -180.443"
                                }
                            ]
                        },
                        {
                            "nodeName": "members_equal",
                            "nodeType": "Core::Logic::members_equal",
                            "metadata": [
                                {
                                    "metaName": "DisplayMode",
                                    "metaType": "string",
                                    "metaValue": "2"
                                },
                                {
                                    "metaName": "LayoutPos",
                                    "metaType": "string",
                                    "metaValue": "860.78 67.0875"
                                }
                            ]
                        },
                        {
                            "nodeName": "all_members_true",
                            "nodeType": "Core::Logic::all_members_true",
                            "metadata": [
                                {
                                    "metaName": "DisplayMode",
                                    "metaType": "string",
                                    "metaValue": "2"
                                },
                                {
                                    "metaName": "LayoutPos",
                                    "metaType": "string",
                                    "metaValue": "1124.46 43.4745"
                                }
                            ]
                        },
                        {
                            "nodeName": "not",
                            "nodeType": "Core::Logic::not",
                            "metadata": [
                                {
                                    "metaName": "DisplayMode",
                                    "metaType": "string",
                                    "metaValue": "0"
                                },
                                {
                                    "metaName": "LayoutPos",
                                    "metaType": "string",
                                    "metaValue": "1378.97 -77.2159"
                                }
                            ]
                        }
                    ],
                    "connections": [
                        {
                            "source": "add.output",
                            "target": "slice_array.stop"
                        },
                        {
                            "source": "slice_array.slice",
                            "target": "g2m_array_to_vector236.array"
                        },
                        {
                            "source": "g2m_array_to_vector235.array_size",
                            "target": "add.first.size"
                        },
                        {
                            "source": "g2m_array_to_vector235.vector234",
                            "target": "members_equal.second"
                        },
                        {
                            "source": "g2m_array_to_vector236.vector234",
                            "target": "members_equal.first"
                        },
                        {
                            "source": "members_equal.output",
                            "target": "all_members_true.value"
                        },
                        {
                            "source": "all_members_true.output",
                            "target": "not.value"
                        },
                        {
                            "source": "all_members_true.output",
                            "target": ".found_it"
                        },
                        {
                            "source": "not.output",
                            "target": ".looping_condition"
                        },
                        {
                            "source": ".current_index",
                            "target": "slice_array.start"
                        },
                        {
                            "source": ".current_index",
                            "target": "add.first.current_index"
                        },
                        {
                            "source": ".target_array",
                            "target": "slice_array.array"
                        },
                        {
                            "source": ".array",
                            "target": "g2m_array_to_vector235.array"
                        }
                    ],
                    "values": [
                        {
                            "valueName": "slice_array.stride",
                            "valueType": "long",
                            "value": "1"
                        }
                    ],
                    "reservedNodeNames": [
                        {
                            "name": "input"
                        },
                        {
                            "name": "output"
                        }
                    ],
                    "whileCompound": {
                        "ports": []
                    }
                }
            ],
            "compoundNodes": [
                {
                    "nodeName": "do_while",
                    "nodeType": "do_while",
                    "metadata": [
                        {
                            "metaName": "DisplayMode",
                            "metaType": "string",
                            "metaValue": "2"
                        },
                        {
                            "metaName": "LayoutPos",
                            "metaType": "string",
                            "metaValue": "319.848 -157.225"
                        }
                    ]
                },
                {
                    "nodeName": "array_size",
                    "nodeType": "Core::Array::array_size",
                    "metadata": [
                        {
                            "metaName": "DisplayMode",
                            "metaType": "string",
                            "metaValue": "0"
                        },
                        {
                            "metaName": "LayoutPos",
                            "metaType": "string",
                            "metaValue": "-243.18 -160.017"
                        }
                    ]
                },
                {
                    "nodeName": "decrement",
                    "nodeType": "Core::Math::decrement",
                    "metadata": [
                        {
                            "metaName": "DisplayMode",
                            "metaType": "string",
                            "metaValue": "0"
                        },
                        {
                            "metaName": "LayoutPos",
                            "metaType": "string",
                            "metaValue": "-19.7105 -159.977"
                        }
                    ]
                }
            ],
            "connections": [
                {
                    "source": "array_size.size",
                    "target": "decrement.value"
                },
                {
                    "source": "decrement.output",
                    "target": "do_while.max_iterations"
                },
                {
                    "source": ".target_array",
                    "target": "do_while.target_array"
                },
                {
                    "source": ".array",
                    "target": "do_while.array"
                },
                {
                    "source": ".target_array",
                    "target": "array_size.array"
                },
                {
                    "source": "do_while.found_it",
                    "target": ".found_it"
                }
            ],
            "values": [
                {
                    "valueName": "do_while.max_iterations",
                    "valueType": "long",
                    "value": "10"
                },
                {
                    "valueName": "decrement.by",
                    "valueType": "char",
                    "value": "1"
                }
            ],
            "reservedNodeNames": [
                {
                    "name": "input"
                },
                {
                    "name": "output"
                }
            ]
        }
    ]
}