{
    "header": {
        "metadata": [
            {
                "metaName": "adskFileFormatVersion",
                "metaValue": "100L"
            }
        ]
    },
    "namespaces": [],
    "types": [],
    "compounds": [
        {
            "name": "BPM::please_1::math::g2m_round",
            "uriImported": "file:///g2m_round.json",
            "metadata": [
                {
                    "metaName": "documentation",
                    "metaType": "string",
                    "metaValue": "docs/g2m_round.md"
                },
                {
                    "metaName": "icon",
                    "metaType": "string",
                    "metaValue": "icons/g2m_default.png"
                },
                {
                    "metaName": "io_nodes",
                    "metadata": [
                        {
                            "metaName": "io_inodes",
                            "metadata": [
                                {
                                    "metaName": "input",
                                    "metadata": [
                                        {
                                            "metaName": "DisplayMode",
                                            "metaType": "string",
                                            "metaValue": "2"
                                        },
                                        {
                                            "metaName": "io_ports",
                                            "metadata": [
                                                {
                                                    "metaName": "number"
                                                },
                                                {
                                                    "metaName": "decimal"
                                                }
                                            ]
                                        },
                                        {
                                            "metaName": "LayoutPos",
                                            "metaType": "string",
                                            "metaValue": "-2156 60"
                                        }
                                    ]
                                }
                            ]
                        },
                        {
                            "metaName": "io_onodes",
                            "metadata": [
                                {
                                    "metaName": "output",
                                    "metadata": [
                                        {
                                            "metaName": "DisplayMode",
                                            "metaType": "string",
                                            "metaValue": "2"
                                        },
                                        {
                                            "metaName": "LayoutPos",
                                            "metaType": "string",
                                            "metaValue": "-575.53 197.988"
                                        },
                                        {
                                            "metaName": "io_ports",
                                            "metadata": [
                                                {
                                                    "metaName": "rounded"
                                                }
                                            ]
                                        }
                                    ]
                                }
                            ]
                        }
                    ]
                },
                {
                    "metaName": "backdrop",
                    "metadata": [
                        {
                            "metaName": "type",
                            "metaType": "string",
                            "metaValue": "backdrop"
                        },
                        {
                            "metaName": "text",
                            "metaType": "string",
                            "metaValue": "\u820a\u65b9\u6cd5\uff1a\n1. \u624b\u52d5\u56db\u6368\u4e94\u5165\n2. \u5c07\u7d50\u679c\u8f49\u70ba string\n3. \u622a\u53d6 string \u4fdd\u7559\u7684\u4f4d\u6578\n4. \u8f49\u56de float"
                        },
                        {
                            "metaName": "coords",
                            "metaType": "string",
                            "metaValue": "-1646.57 -489.462 897.288 323.286"
                        }
                    ]
                },
                {
                    "metaName": "backdrop1",
                    "metadata": [
                        {
                            "metaName": "type",
                            "metaType": "string",
                            "metaValue": "backdrop"
                        },
                        {
                            "metaName": "coords",
                            "metaType": "string",
                            "metaValue": "-1863.11 4 1265.8 448.891"
                        },
                        {
                            "metaName": "text",
                            "metaType": "string",
                            "metaValue": "\u65b0\u65b9\u6cd5\uff1a\u653e\u5927\uff0c\u53d6\u6574\uff0c\u518d\u7e2e\u5c0f\nhttps://forums.autodesk.com/t5/bifrost-forum/how-to-control-the-accuracy-of-a-float-value/m-p/10443625#M5588\n\u652f\u6301\u6574\u6578\u4f4d\u56db\u6368\u4e94\u5165\u3002\n\n\u4f8b1\uff1a\ninput_float = 104.0251\ntrimming_place = 0 # \u50c5\u4fdd\u7559\u6574\u6578\u4f4d\n# \u8f38\u51fa 104\n\ntrimming_place = 2 # \u4fdd\u7559\u5c0f\u6578\u9ede\u5f8c\u5169\u4f4d\n# \u8f38\u51fa 104.03\n\ntrimming_place = -1 # \u4fdd\u7559\u5341\u4f4d\n# \u8f38\u51fa 100 "
                        }
                    ]
                },
                {
                    "metaName": "_recentNode_",
                    "metaType": "string",
                    "metaValue": "BifrostGraph,Core::Constants,float"
                },
                {
                    "metaName": "_recentNode_",
                    "metaType": "string",
                    "metaValue": "BifrostGraph,Core::Math,divide"
                },
                {
                    "metaName": "_recentNode_",
                    "metaType": "string",
                    "metaValue": "BifrostGraph,Core::Math,round_to_nearest"
                },
                {
                    "metaName": "_recentNode_",
                    "metaType": "string",
                    "metaValue": "BifrostGraph,Core::Math,multiply"
                },
                {
                    "metaName": "_recentNode_",
                    "metaType": "string",
                    "metaValue": "BifrostGraph,Core::Math,power"
                },
                {
                    "metaName": "ViewportRect",
                    "metaType": "string",
                    "metaValue": "-2249.5 -371.87 1318.16 953.081"
                },
                {
                    "metaName": "DisplayMode",
                    "metaType": "string",
                    "metaValue": "2"
                },
                {
                    "metaName": "LayoutPos",
                    "metaType": "string",
                    "metaValue": "-158.5 17"
                }
            ],
            "ports": [
                {
                    "portName": "number",
                    "portDirection": "input",
                    "portDefaultType": "float",
                    "portDefault": "1.33216f"
                },
                {
                    "portName": "decimal",
                    "portDirection": "input",
                    "portType": "char",
                    "portDefault": "2"
                },
                {
                    "portName": "rounded",
                    "portDirection": "output"
                }
            ],
            "compounds": [
                {
                    "name": "trimming_float",
                    "uriImported": "file:///g2m_round.json",
                    "metadata": [
                        {
                            "metaName": "io_nodes",
                            "metadata": [
                                {
                                    "metaName": "io_inodes",
                                    "metadata": [
                                        {
                                            "metaName": "input",
                                            "metadata": [
                                                {
                                                    "metaName": "DisplayMode",
                                                    "metaType": "string",
                                                    "metaValue": "2"
                                                },
                                                {
                                                    "metaName": "LayoutPos",
                                                    "metaType": "string",
                                                    "metaValue": "-444.34 -770.274"
                                                },
                                                {
                                                    "metaName": "io_ports",
                                                    "metadata": [
                                                        {
                                                            "metaName": "float"
                                                        },
                                                        {
                                                            "metaName": "decimal"
                                                        }
                                                    ]
                                                }
                                            ]
                                        }
                                    ]
                                },
                                {
                                    "metaName": "io_onodes",
                                    "metadata": [
                                        {
                                            "metaName": "output",
                                            "metadata": [
                                                {
                                                    "metaName": "DisplayMode",
                                                    "metaType": "string",
                                                    "metaValue": "2"
                                                },
                                                {
                                                    "metaName": "LayoutPos",
                                                    "metaType": "string",
                                                    "metaValue": "3017.8 -769.062"
                                                },
                                                {
                                                    "metaName": "io_ports",
                                                    "metadata": [
                                                        {
                                                            "metaName": "float1"
                                                        }
                                                    ]
                                                }
                                            ]
                                        }
                                    ]
                                }
                            ]
                        },
                        {
                            "metaName": "_recentNode_",
                            "metaType": "string",
                            "metaValue": "BifrostGraph,G2M::string,g2m_string_padding"
                        },
                        {
                            "metaName": "_recentNode_",
                            "metaType": "string",
                            "metaValue": "BifrostGraph,Core::Array,build_array"
                        },
                        {
                            "metaName": "_recentNode_",
                            "metaType": "string",
                            "metaValue": "BifrostGraph,Core::Constants,float"
                        },
                        {
                            "metaName": "_recentNode_",
                            "metaType": "string",
                            "metaValue": "BifrostGraph,Core::Math,subtract"
                        },
                        {
                            "metaName": "_recentNode_",
                            "metaType": "string",
                            "metaValue": "BifrostGraph,Core::String,string_length"
                        },
                        {
                            "metaName": "ViewportRect",
                            "metaType": "string",
                            "metaValue": "24.2894 -1378.11 2553.89 1353.29"
                        }
                    ],
                    "ports": [
                        {
                            "portName": "float",
                            "portDirection": "input"
                        },
                        {
                            "portName": "decimal",
                            "portDirection": "input",
                            "portType": "char"
                        },
                        {
                            "portName": "float1",
                            "portDirection": "output"
                        }
                    ],
                    "compoundNodes": [
                        {
                            "nodeName": "decimal",
                            "nodeType": "Core::Array::last_in_array",
                            "metadata": [
                                {
                                    "metaName": "DisplayMode",
                                    "metaType": "string",
                                    "metaValue": "2"
                                },
                                {
                                    "metaName": "LayoutPos",
                                    "metaType": "string",
                                    "metaValue": "700.195 -1038.98"
                                }
                            ]
                        },
                        {
                            "nodeName": "equal_zero",
                            "nodeType": "Core::Logic::equal",
                            "metadata": [
                                {
                                    "metaName": "DisplayMode",
                                    "metaType": "string",
                                    "metaValue": "2"
                                },
                                {
                                    "metaName": "LayoutPos",
                                    "metaType": "string",
                                    "metaValue": "275.497 -726.469"
                                }
                            ]
                        },
                        {
                            "nodeName": "greater",
                            "nodeType": "Core::Logic::greater",
                            "metadata": [
                                {
                                    "metaName": "DisplayMode",
                                    "metaType": "string",
                                    "metaValue": "2"
                                },
                                {
                                    "metaName": "LayoutPos",
                                    "metaType": "string",
                                    "metaValue": "274.316 -477.855"
                                }
                            ]
                        },
                        {
                            "nodeName": "if",
                            "nodeType": "Core::Logic::if",
                            "metadata": [
                                {
                                    "metaName": "DisplayMode",
                                    "metaType": "string",
                                    "metaValue": "2"
                                },
                                {
                                    "metaName": "LayoutPos",
                                    "metaType": "string",
                                    "metaValue": "1017.49 -747.546"
                                }
                            ]
                        },
                        {
                            "nodeName": "if1",
                            "nodeType": "Core::Logic::if",
                            "metadata": [
                                {
                                    "metaName": "DisplayMode",
                                    "metaType": "string",
                                    "metaValue": "2"
                                },
                                {
                                    "metaName": "LayoutPos",
                                    "metaType": "string",
                                    "metaValue": "1010.55 -497.281"
                                }
                            ]
                        },
                        {
                            "nodeName": "int",
                            "nodeType": "Core::Array::first_in_array",
                            "metadata": [
                                {
                                    "metaName": "DisplayMode",
                                    "metaType": "string",
                                    "metaValue": "2"
                                },
                                {
                                    "metaName": "LayoutPos",
                                    "metaType": "string",
                                    "metaValue": "694.266 -1242.77"
                                }
                            ]
                        },
                        {
                            "nodeName": "number_to_string",
                            "nodeType": "Core::String::number_to_string",
                            "metadata": [
                                {
                                    "metaName": "DisplayMode",
                                    "metaType": "string",
                                    "metaValue": "2"
                                },
                                {
                                    "metaName": "LayoutPos",
                                    "metaType": "string",
                                    "metaValue": "143.352 -1129.46"
                                }
                            ]
                        },
                        {
                            "nodeName": "slice_string",
                            "nodeType": "Core::String::slice_string",
                            "metadata": [
                                {
                                    "metaName": "DisplayMode",
                                    "metaType": "string",
                                    "metaValue": "2"
                                },
                                {
                                    "metaName": "LayoutPos",
                                    "metaType": "string",
                                    "metaValue": "1034.89 -1062.7"
                                }
                            ]
                        },
                        {
                            "nodeName": "split_string",
                            "nodeType": "Core::String::split_string",
                            "metadata": [
                                {
                                    "metaName": "DisplayMode",
                                    "metaType": "string",
                                    "metaValue": "2"
                                },
                                {
                                    "metaName": "LayoutPos",
                                    "metaType": "string",
                                    "metaValue": "369.854 -1153.69"
                                }
                            ]
                        },
                        {
                            "nodeName": "trimming_place",
                            "nodeType": "Core::Graph::pass",
                            "metadata": [
                                {
                                    "metaName": "DisplayMode",
                                    "metaType": "string",
                                    "metaValue": "2"
                                },
                                {
                                    "metaName": "LayoutPos",
                                    "metaType": "string",
                                    "metaValue": "-55.3773 -706.032"
                                }
                            ]
                        },
                        {
                            "nodeName": "less",
                            "nodeType": "Core::Logic::less",
                            "metadata": [
                                {
                                    "metaName": "DisplayMode",
                                    "metaType": "string",
                                    "metaValue": "2"
                                },
                                {
                                    "metaName": "LayoutPos",
                                    "metaType": "string",
                                    "metaValue": "278.867 -229.529"
                                }
                            ]
                        },
                        {
                            "nodeName": "if2",
                            "nodeType": "Core::Logic::if",
                            "metadata": [
                                {
                                    "metaName": "DisplayMode",
                                    "metaType": "string",
                                    "metaValue": "2"
                                },
                                {
                                    "metaName": "LayoutPos",
                                    "metaType": "string",
                                    "metaValue": "1014.28 -248.797"
                                }
                            ]
                        },
                        {
                            "nodeName": "string_join",
                            "nodeType": "Core::String::string_join",
                            "metadata": [
                                {
                                    "metaName": "DisplayMode",
                                    "metaType": "string",
                                    "metaValue": "2"
                                },
                                {
                                    "metaName": "LayoutPos",
                                    "metaType": "string",
                                    "metaValue": "1585.5 -1287.36"
                                }
                            ]
                        },
                        {
                            "nodeName": "build_array",
                            "nodeType": "Core::Array::build_array",
                            "multiInPortNames": [
                                "first1",
                                "slice"
                            ],
                            "metadata": [
                                {
                                    "metaName": "DisplayMode",
                                    "metaType": "string",
                                    "metaValue": "2"
                                },
                                {
                                    "metaName": "LayoutPos",
                                    "metaType": "string",
                                    "metaValue": "1332.82 -1263.57"
                                }
                            ]
                        },
                        {
                            "nodeName": "slice_string1",
                            "nodeType": "Core::String::slice_string",
                            "metadata": [
                                {
                                    "metaName": "DisplayMode",
                                    "metaType": "string",
                                    "metaValue": "2"
                                },
                                {
                                    "metaName": "LayoutPos",
                                    "metaType": "string",
                                    "metaValue": "1596.27 -1720.21"
                                }
                            ]
                        },
                        {
                            "nodeName": "absolute_value",
                            "nodeType": "Core::Math::absolute_value",
                            "metadata": [
                                {
                                    "metaName": "DisplayMode",
                                    "metaType": "string",
                                    "metaValue": "2"
                                },
                                {
                                    "metaName": "LayoutPos",
                                    "metaType": "string",
                                    "metaValue": "1035.28 -1631.9"
                                }
                            ]
                        },
                        {
                            "nodeName": "string_length",
                            "nodeType": "Core::String::string_length",
                            "metadata": [
                                {
                                    "metaName": "DisplayMode",
                                    "metaType": "string",
                                    "metaValue": "2"
                                },
                                {
                                    "metaName": "LayoutPos",
                                    "metaType": "string",
                                    "metaValue": "1037.2 -1839.51"
                                }
                            ]
                        },
                        {
                            "nodeName": "subtract",
                            "nodeType": "Core::Math::subtract",
                            "multiInPortNames": [
                                "length",
                                "absolute_value"
                            ],
                            "metadata": [
                                {
                                    "metaName": "DisplayMode",
                                    "metaType": "string",
                                    "metaValue": "2"
                                },
                                {
                                    "metaName": "LayoutPos",
                                    "metaType": "string",
                                    "metaValue": "1296.69 -1803.28"
                                }
                            ]
                        },
                        {
                            "nodeName": "string_to_float",
                            "nodeType": "Core::String::string_to_float",
                            "metadata": [
                                {
                                    "metaName": "DisplayMode",
                                    "metaType": "string",
                                    "metaValue": "2"
                                },
                                {
                                    "metaName": "LayoutPos",
                                    "metaType": "string",
                                    "metaValue": "2691.65 -769.192"
                                }
                            ]
                        },
                        {
                            "nodeName": "g2m_string_padding1",
                            "nodeType": "BPM::please_1::string::g2m_string_padding",
                            "metadata": [
                                {
                                    "metaName": "DisplayMode",
                                    "metaType": "string",
                                    "metaValue": "2"
                                },
                                {
                                    "metaName": "LayoutPos",
                                    "metaType": "string",
                                    "metaValue": "1927.64 -1743.12"
                                }
                            ]
                        }
                    ],
                    "connections": [
                        {
                            "source": "split_string.split",
                            "target": "decimal.array"
                        },
                        {
                            "source": "trimming_place.output",
                            "target": "equal_zero.first"
                        },
                        {
                            "source": "equal_zero.output",
                            "target": "if.condition"
                        },
                        {
                            "source": "trimming_place.output",
                            "target": "greater.first"
                        },
                        {
                            "source": "greater.output",
                            "target": "if1.condition"
                        },
                        {
                            "source": "int.first",
                            "target": "if.true_case"
                        },
                        {
                            "source": "split_string.split",
                            "target": "int.array"
                        },
                        {
                            "source": ".float",
                            "target": "number_to_string.number"
                        },
                        {
                            "source": "number_to_string.string",
                            "target": "split_string.string"
                        },
                        {
                            "source": ".decimal",
                            "target": "trimming_place.input"
                        },
                        {
                            "source": "trimming_place.output",
                            "target": "less.first"
                        },
                        {
                            "source": "less.output",
                            "target": "if2.condition"
                        },
                        {
                            "source": "decimal.last",
                            "target": "slice_string.string"
                        },
                        {
                            "source": "trimming_place.output",
                            "target": "slice_string.stop"
                        },
                        {
                            "source": "int.first",
                            "target": "build_array.first.first1"
                        },
                        {
                            "source": "slice_string.slice",
                            "target": "build_array.first.slice"
                        },
                        {
                            "source": "build_array.array",
                            "target": "string_join.strings"
                        },
                        {
                            "source": "string_join.joined",
                            "target": "if1.true_case"
                        },
                        {
                            "source": "if1.output",
                            "target": "if.false_case"
                        },
                        {
                            "source": "int.first",
                            "target": "slice_string1.string"
                        },
                        {
                            "source": "trimming_place.output",
                            "target": "absolute_value.value"
                        },
                        {
                            "source": "int.first",
                            "target": "string_length.string"
                        },
                        {
                            "source": "string_length.length",
                            "target": "subtract.first.length"
                        },
                        {
                            "source": "absolute_value.absolute_value",
                            "target": "subtract.first.absolute_value"
                        },
                        {
                            "source": "subtract.output",
                            "target": "slice_string1.stop"
                        },
                        {
                            "source": "if2.output",
                            "target": "if1.false_case"
                        },
                        {
                            "source": "if.output",
                            "target": "string_to_float.string"
                        },
                        {
                            "source": "string_to_float.float",
                            "target": ".float1"
                        },
                        {
                            "source": "g2m_string_padding1.placeholder_string",
                            "target": "if2.true_case"
                        },
                        {
                            "source": "slice_string1.slice",
                            "target": "g2m_string_padding1.original_string"
                        },
                        {
                            "source": "absolute_value.absolute_value",
                            "target": "g2m_string_padding1.padding_length"
                        }
                    ],
                    "values": [
                        {
                            "valueName": "slice_string.stride",
                            "valueType": "long",
                            "value": "1"
                        },
                        {
                            "valueName": "split_string.separator",
                            "valueType": "string",
                            "value": "."
                        },
                        {
                            "valueName": "string_join.separator",
                            "valueType": "string",
                            "value": "."
                        }
                    ],
                    "reservedNodeNames": [
                        {
                            "name": "input"
                        },
                        {
                            "name": "output"
                        }
                    ]
                },
                {
                    "name": "round_four_five_no_trim",
                    "uriImported": "file:///g2m_round.json",
                    "metadata": [
                        {
                            "metaName": "io_nodes",
                            "metadata": [
                                {
                                    "metaName": "io_inodes",
                                    "metadata": [
                                        {
                                            "metaName": "input",
                                            "metadata": [
                                                {
                                                    "metaName": "io_ports",
                                                    "metadata": [
                                                        {
                                                            "metaName": "number"
                                                        },
                                                        {
                                                            "metaName": "decimal"
                                                        }
                                                    ]
                                                }
                                            ]
                                        }
                                    ]
                                },
                                {
                                    "metaName": "io_onodes",
                                    "metadata": [
                                        {
                                            "metaName": "output",
                                            "metadata": [
                                                {
                                                    "metaName": "io_ports",
                                                    "metadata": [
                                                        {
                                                            "metaName": "output"
                                                        }
                                                    ]
                                                }
                                            ]
                                        }
                                    ]
                                }
                            ]
                        }
                    ],
                    "ports": [
                        {
                            "portName": "number",
                            "portDirection": "input"
                        },
                        {
                            "portName": "output",
                            "portDirection": "output"
                        },
                        {
                            "portName": "decimal",
                            "portDirection": "input",
                            "portType": "char"
                        }
                    ],
                    "compoundNodes": [
                        {
                            "nodeName": "absolute_value",
                            "nodeType": "Core::Math::absolute_value",
                            "metadata": [
                                {
                                    "metaName": "DisplayMode",
                                    "metaType": "string",
                                    "metaValue": "2"
                                },
                                {
                                    "metaName": "LayoutPos",
                                    "metaType": "string",
                                    "metaValue": "-1127.92 -708.129"
                                }
                            ]
                        },
                        {
                            "nodeName": "add1",
                            "nodeType": "Core::Math::add",
                            "multiInPortNames": [
                                "number",
                                "output1"
                            ],
                            "metadata": [
                                {
                                    "metaName": "DisplayMode",
                                    "metaType": "string",
                                    "metaValue": "2"
                                },
                                {
                                    "metaName": "LayoutPos",
                                    "metaType": "string",
                                    "metaValue": "-122.542 -402.215"
                                }
                            ]
                        },
                        {
                            "nodeName": "if_is_negative",
                            "nodeType": "Core::Logic::if",
                            "metadata": [
                                {
                                    "metaName": "DisplayMode",
                                    "metaType": "string",
                                    "metaValue": "2"
                                },
                                {
                                    "metaName": "LayoutPos",
                                    "metaType": "string",
                                    "metaValue": "1028.68 -506.549"
                                }
                            ]
                        },
                        {
                            "nodeName": "increment",
                            "nodeType": "Core::Math::increment",
                            "metadata": [
                                {
                                    "metaName": "DisplayMode",
                                    "metaType": "string",
                                    "metaValue": "2"
                                },
                                {
                                    "metaName": "LayoutPos",
                                    "metaType": "string",
                                    "metaValue": "-1370.32 -39.0607"
                                }
                            ]
                        },
                        {
                            "nodeName": "less",
                            "nodeType": "Core::Logic::less",
                            "metadata": [
                                {
                                    "metaName": "DisplayMode",
                                    "metaType": "string",
                                    "metaValue": "2"
                                },
                                {
                                    "metaName": "LayoutPos",
                                    "metaType": "string",
                                    "metaValue": "825.51 -790.069"
                                }
                            ]
                        },
                        {
                            "nodeName": "multiply1",
                            "nodeType": "Core::Math::multiply",
                            "multiInPortNames": [
                                "output1",
                                "power"
                            ],
                            "metadata": [
                                {
                                    "metaName": "DisplayMode",
                                    "metaType": "string",
                                    "metaValue": "2"
                                },
                                {
                                    "metaName": "LayoutPos",
                                    "metaType": "string",
                                    "metaValue": "-436.522 -238.329"
                                }
                            ]
                        },
                        {
                            "nodeName": "negate",
                            "nodeType": "Core::Math::negate",
                            "metadata": [
                                {
                                    "metaName": "DisplayMode",
                                    "metaType": "string",
                                    "metaValue": "2"
                                },
                                {
                                    "metaName": "LayoutPos",
                                    "metaType": "string",
                                    "metaValue": "510.02 -555.279"
                                }
                            ]
                        },
                        {
                            "nodeName": "negate1",
                            "nodeType": "Core::Math::negate",
                            "metadata": [
                                {
                                    "metaName": "DisplayMode",
                                    "metaType": "string",
                                    "metaValue": "2"
                                },
                                {
                                    "metaName": "LayoutPos",
                                    "metaType": "string",
                                    "metaValue": "-1119.25 -61.8807"
                                }
                            ]
                        },
                        {
                            "nodeName": "power",
                            "nodeType": "Core::Math::power",
                            "metadata": [
                                {
                                    "metaName": "DisplayMode",
                                    "metaType": "string",
                                    "metaValue": "2"
                                },
                                {
                                    "metaName": "LayoutPos",
                                    "metaType": "string",
                                    "metaValue": "-828.12 -189.209"
                                }
                            ]
                        },
                        {
                            "nodeName": "value12",
                            "valueType": "float",
                            "metadata": [
                                {
                                    "metaName": "DisplayMode",
                                    "metaType": "string",
                                    "metaValue": "2"
                                },
                                {
                                    "metaName": "LayoutPos",
                                    "metaType": "string",
                                    "metaValue": "-666.068 -345.501"
                                },
                                {
                                    "metaName": "valuenode_defaultvalue",
                                    "metaType": "string",
                                    "metaValue": "5.1"
                                }
                            ]
                        },
                        {
                            "nodeName": "value6",
                            "valueType": "int",
                            "metadata": [
                                {
                                    "metaName": "DisplayMode",
                                    "metaType": "string",
                                    "metaValue": "2"
                                },
                                {
                                    "metaName": "LayoutPos",
                                    "metaType": "string",
                                    "metaValue": "-1122.74 -247.959"
                                },
                                {
                                    "metaName": "valuenode_defaultvalue",
                                    "metaType": "string",
                                    "metaValue": "10"
                                }
                            ]
                        },
                        {
                            "nodeName": "value8",
                            "valueType": "char",
                            "metadata": [
                                {
                                    "metaName": "DisplayMode",
                                    "metaType": "string",
                                    "metaValue": "2"
                                },
                                {
                                    "metaName": "LayoutPos",
                                    "metaType": "string",
                                    "metaValue": "-1626.59 -15.4807"
                                },
                                {
                                    "metaName": "valuenode_defaultvalue",
                                    "metaType": "string",
                                    "metaValue": "2"
                                }
                            ]
                        }
                    ],
                    "connections": [
                        {
                            "source": "absolute_value.absolute_value",
                            "target": "add1.first.number"
                        },
                        {
                            "source": "multiply1.output",
                            "target": "add1.first.output1"
                        },
                        {
                            "source": "add1.output",
                            "target": "if_is_negative.false_case"
                        },
                        {
                            "source": "add1.output",
                            "target": "negate.value"
                        },
                        {
                            "source": "less.output",
                            "target": "if_is_negative.condition"
                        },
                        {
                            "source": "negate.negated",
                            "target": "if_is_negative.true_case"
                        },
                        {
                            "source": "if_is_negative.output",
                            "target": ".output"
                        },
                        {
                            "source": "value8.output",
                            "target": "increment.value"
                        },
                        {
                            "source": "increment.output",
                            "target": "negate1.value"
                        },
                        {
                            "source": "value12.output",
                            "target": "multiply1.first.output1"
                        },
                        {
                            "source": "power.power",
                            "target": "multiply1.first.power"
                        },
                        {
                            "source": "negate1.negated",
                            "target": "power.exponent"
                        },
                        {
                            "source": "value6.output",
                            "target": "power.base"
                        },
                        {
                            "source": ".decimal",
                            "target": "value8.value"
                        },
                        {
                            "source": ".number",
                            "target": "absolute_value.value"
                        },
                        {
                            "source": ".number",
                            "target": "less.first"
                        }
                    ],
                    "values": [
                        {
                            "valueName": "increment.by",
                            "valueType": "char",
                            "value": "1"
                        },
                        {
                            "valueName": "power.exponent",
                            "valueType": "float",
                            "value": "2f"
                        },
                        {
                            "valueName": "value12.value",
                            "valueType": "float",
                            "value": "5.0999999f"
                        },
                        {
                            "valueName": "value6.value",
                            "valueType": "int",
                            "value": "10L"
                        },
                        {
                            "valueName": "value8.value",
                            "valueType": "char",
                            "value": "2"
                        }
                    ],
                    "reservedNodeNames": [
                        {
                            "name": "input"
                        },
                        {
                            "name": "output"
                        }
                    ]
                }
            ],
            "compoundNodes": [
                {
                    "nodeName": "trimming_float",
                    "nodeType": "trimming_float",
                    "metadata": [
                        {
                            "metaName": "DisplayMode",
                            "metaType": "string",
                            "metaValue": "2"
                        },
                        {
                            "metaName": "LayoutPos",
                            "metaType": "string",
                            "metaValue": "-1000 -427"
                        }
                    ]
                },
                {
                    "nodeName": "round_four_five_no_trim",
                    "nodeType": "round_four_five_no_trim",
                    "metadata": [
                        {
                            "metaName": "DisplayMode",
                            "metaType": "string",
                            "metaValue": "2"
                        },
                        {
                            "metaName": "LayoutPos",
                            "metaType": "string",
                            "metaValue": "-1330 -472"
                        }
                    ]
                },
                {
                    "nodeName": "value",
                    "valueType": "float",
                    "metadata": [
                        {
                            "metaName": "DisplayMode",
                            "metaType": "string",
                            "metaValue": "2"
                        },
                        {
                            "metaName": "LayoutPos",
                            "metaType": "string",
                            "metaValue": "-1853.11 213.828"
                        },
                        {
                            "metaName": "valuenode_defaultvalue",
                            "metaType": "string",
                            "metaValue": "10"
                        }
                    ]
                },
                {
                    "nodeName": "power",
                    "nodeType": "Core::Math::power",
                    "metadata": [
                        {
                            "metaName": "DisplayMode",
                            "metaType": "string",
                            "metaValue": "2"
                        },
                        {
                            "metaName": "LayoutPos",
                            "metaType": "string",
                            "metaValue": "-1602.2 243.891"
                        }
                    ]
                },
                {
                    "nodeName": "multiply",
                    "nodeType": "Core::Math::multiply",
                    "multiInPortNames": [
                        "input_float",
                        "power"
                    ],
                    "metadata": [
                        {
                            "metaName": "DisplayMode",
                            "metaType": "string",
                            "metaValue": "2"
                        },
                        {
                            "metaName": "LayoutPos",
                            "metaType": "string",
                            "metaValue": "-1333.66 38"
                        }
                    ]
                },
                {
                    "nodeName": "round_to_nearest",
                    "nodeType": "Core::Math::round_to_nearest",
                    "metadata": [
                        {
                            "metaName": "DisplayMode",
                            "metaType": "string",
                            "metaValue": "2"
                        },
                        {
                            "metaName": "LayoutPos",
                            "metaType": "string",
                            "metaValue": "-1081.66 14"
                        }
                    ]
                },
                {
                    "nodeName": "divide",
                    "nodeType": "Core::Math::divide",
                    "multiInPortNames": [
                        "nearest",
                        "power"
                    ],
                    "metadata": [
                        {
                            "metaName": "DisplayMode",
                            "metaType": "string",
                            "metaValue": "2"
                        },
                        {
                            "metaName": "LayoutPos",
                            "metaType": "string",
                            "metaValue": "-832.307 197.646"
                        }
                    ]
                },
                {
                    "nodeName": "value1",
                    "valueType": "float",
                    "metadata": [
                        {
                            "metaName": "valuenode_defaultvalue",
                            "metaType": "string",
                            "metaValue": "0"
                        },
                        {
                            "metaName": "DisplayMode",
                            "metaType": "string",
                            "metaValue": "0"
                        },
                        {
                            "metaName": "LayoutPos",
                            "metaType": "string",
                            "metaValue": "-1644.65 -401.86"
                        }
                    ]
                },
                {
                    "nodeName": "value2",
                    "valueType": "char",
                    "metadata": [
                        {
                            "metaName": "valuenode_defaultvalue",
                            "metaType": "string",
                            "metaValue": "0"
                        },
                        {
                            "metaName": "DisplayMode",
                            "metaType": "string",
                            "metaValue": "0"
                        },
                        {
                            "metaName": "LayoutPos",
                            "metaType": "string",
                            "metaValue": "-1643.32 -299.363"
                        }
                    ]
                }
            ],
            "connections": [
                {
                    "source": "round_four_five_no_trim.output",
                    "target": "trimming_float.float"
                },
                {
                    "source": "value.output",
                    "target": "power.base"
                },
                {
                    "source": ".decimal",
                    "target": "power.exponent"
                },
                {
                    "source": "power.power",
                    "target": "multiply.first.power"
                },
                {
                    "source": "multiply.output",
                    "target": "round_to_nearest.value"
                },
                {
                    "source": "round_to_nearest.nearest",
                    "target": "divide.first.nearest"
                },
                {
                    "source": "power.power",
                    "target": "divide.first.power"
                },
                {
                    "source": "divide.output",
                    "target": ".rounded"
                },
                {
                    "source": ".number",
                    "target": "multiply.first.input_float"
                },
                {
                    "source": "value1.output",
                    "target": "round_four_five_no_trim.number"
                },
                {
                    "source": "value2.output",
                    "target": "round_four_five_no_trim.decimal"
                },
                {
                    "source": "value2.output",
                    "target": "trimming_float.decimal"
                }
            ],
            "values": [
                {
                    "valueName": "trimming_float.decimal",
                    "valueType": "char",
                    "value": "0"
                },
                {
                    "valueName": "round_four_five_no_trim.decimal",
                    "valueType": "char",
                    "value": "0"
                },
                {
                    "valueName": "value.value",
                    "valueType": "float",
                    "value": "10f"
                },
                {
                    "valueName": "value1.value",
                    "valueType": "float",
                    "value": "1.33216f"
                },
                {
                    "valueName": "value2.value",
                    "valueType": "char",
                    "value": "2"
                }
            ],
            "reservedNodeNames": [
                {
                    "name": "input"
                },
                {
                    "name": "output"
                }
            ]
        }
    ]
}