{
    "header": {
        "metadata": [
            {
                "metaName": "adskFileFormatVersion",
                "metaValue": "100L"
            }
        ]
    },
    "namespaces": [],
    "types": [],
    "compounds": [
        {
            "name": "BPM::please_1::fx::g2m_random_position",
            "uriImported": "file:///g2m_random_position.json",
            "metadata": [
                {
                    "metaName": "io_nodes",
                    "metadata": [
                        {
                            "metaName": "io_inodes",
                            "metadata": [
                                {
                                    "metaName": "input",
                                    "metadata": [
                                        {
                                            "metaName": "DisplayMode",
                                            "metaType": "string",
                                            "metaValue": "2"
                                        },
                                        {
                                            "metaName": "LayoutPos",
                                            "metaType": "string",
                                            "metaValue": "-1190.32 -38.4532"
                                        },
                                        {
                                            "metaName": "io_ports",
                                            "metadata": [
                                                {
                                                    "metaName": "space_size"
                                                },
                                                {
                                                    "metaName": "point_amount"
                                                },
                                                {
                                                    "metaName": "seed"
                                                }
                                            ]
                                        }
                                    ]
                                }
                            ]
                        },
                        {
                            "metaName": "io_onodes",
                            "metadata": [
                                {
                                    "metaName": "output",
                                    "metadata": [
                                        {
                                            "metaName": "DisplayMode",
                                            "metaType": "string",
                                            "metaValue": "2"
                                        },
                                        {
                                            "metaName": "LayoutPos",
                                            "metaType": "string",
                                            "metaValue": "-72.4404 -70.6629"
                                        },
                                        {
                                            "metaName": "io_ports",
                                            "metadata": [
                                                {
                                                    "metaName": "point_position"
                                                }
                                            ]
                                        }
                                    ]
                                }
                            ]
                        }
                    ]
                },
                {
                    "metaName": "_recentNode_",
                    "metaType": "string",
                    "metaValue": "BifrostGraph,Core::Graph,pass"
                },
                {
                    "metaName": "_recentNode_",
                    "metaType": "string",
                    "metaValue": "BifrostGraph,Core::Array,get_from_array"
                },
                {
                    "metaName": "_recentNode_",
                    "metaType": "string",
                    "metaValue": "BifrostGraph,Geometry::Properties,set_point_position"
                },
                {
                    "metaName": "_recentNode_",
                    "metaType": "string",
                    "metaValue": "BifrostGraph,Core::Array,build_array"
                },
                {
                    "metaName": "_recentNode_",
                    "metaType": "string",
                    "metaValue": "BifrostGraph,Geometry::Properties,get_point_position"
                },
                {
                    "metaName": "ViewportRect",
                    "metaType": "string",
                    "metaValue": "-1083.6 -249.502 963.114 623.926"
                },
                {
                    "metaName": "DisplayMode",
                    "metaType": "string",
                    "metaValue": "2"
                },
                {
                    "metaName": "LayoutPos",
                    "metaType": "string",
                    "metaValue": "-337.704 -207.944"
                }
            ],
            "ports": [
                {
                    "portName": "point_position",
                    "portDirection": "output",
                    "portType": "array<Math::float3>"
                },
                {
                    "portName": "space_size",
                    "portDirection": "input",
                    "portType": "float",
                    "portDefault": "5f"
                },
                {
                    "portName": "point_amount",
                    "portDirection": "input",
                    "portType": "uint",
                    "portDefault": "9U"
                },
                {
                    "portName": "seed",
                    "portDirection": "input",
                    "portType": "long",
                    "portDefault": "3"
                }
            ],
            "compoundNodes": [
                {
                    "nodeName": "g2m_random_array",
                    "nodeType": "BPM::please_1::array::g2m_random_array",
                    "metadata": [
                        {
                            "metaName": "DisplayMode",
                            "metaType": "string",
                            "metaValue": "2"
                        },
                        {
                            "metaName": "LayoutPos",
                            "metaType": "string",
                            "metaValue": "-320 -70"
                        }
                    ]
                },
                {
                    "nodeName": "negate",
                    "nodeType": "Core::Math::negate",
                    "metadata": [
                        {
                            "metaName": "DisplayMode",
                            "metaType": "string",
                            "metaValue": "2"
                        },
                        {
                            "metaName": "LayoutPos",
                            "metaType": "string",
                            "metaValue": "-796 151"
                        }
                    ]
                },
                {
                    "nodeName": "scalar_to_vector3",
                    "nodeType": "Core::Conversion::scalar_to_vector3",
                    "metadata": [
                        {
                            "metaName": "DisplayMode",
                            "metaType": "string",
                            "metaValue": "2"
                        },
                        {
                            "metaName": "LayoutPos",
                            "metaType": "string",
                            "metaValue": "-557 -112"
                        }
                    ]
                },
                {
                    "nodeName": "scalar_to_vector4",
                    "nodeType": "Core::Conversion::scalar_to_vector3",
                    "metadata": [
                        {
                            "metaName": "DisplayMode",
                            "metaType": "string",
                            "metaValue": "2"
                        },
                        {
                            "metaName": "LayoutPos",
                            "metaType": "string",
                            "metaValue": "-553 101"
                        }
                    ]
                },
                {
                    "nodeName": "pass",
                    "nodeType": "Core::Graph::pass",
                    "metadata": [
                        {
                            "metaName": "DisplayMode",
                            "metaType": "string",
                            "metaValue": "2"
                        },
                        {
                            "metaName": "LayoutPos",
                            "metaType": "string",
                            "metaValue": "-912.358 -137.448"
                        }
                    ]
                }
            ],
            "connections": [
                {
                    "source": "scalar_to_vector4.vector3",
                    "target": "g2m_random_array.min_value"
                },
                {
                    "source": "scalar_to_vector3.vector3",
                    "target": "g2m_random_array.max_value"
                },
                {
                    "source": "negate.negated",
                    "target": "scalar_to_vector4.x"
                },
                {
                    "source": "negate.negated",
                    "target": "scalar_to_vector4.y"
                },
                {
                    "source": "negate.negated",
                    "target": "scalar_to_vector4.z"
                },
                {
                    "source": ".point_amount",
                    "target": "g2m_random_array.size"
                },
                {
                    "source": ".seed",
                    "target": "g2m_random_array.seed"
                },
                {
                    "source": ".space_size",
                    "target": "pass.input"
                },
                {
                    "source": "pass.output",
                    "target": "negate.value"
                },
                {
                    "source": "pass.output",
                    "target": "scalar_to_vector3.x"
                },
                {
                    "source": "pass.output",
                    "target": "scalar_to_vector3.y"
                },
                {
                    "source": "pass.output",
                    "target": "scalar_to_vector3.z"
                },
                {
                    "source": "g2m_random_array.random_value",
                    "target": ".point_position"
                }
            ],
            "values": [
                {
                    "valueName": "g2m_random_array.size",
                    "valueType": "uint",
                    "value": "1U"
                },
                {
                    "valueName": "g2m_random_array.seed",
                    "valueType": "long",
                    "value": "1"
                }
            ],
            "reservedNodeNames": [
                {
                    "name": "input"
                },
                {
                    "name": "output"
                }
            ]
        }
    ]
}