{
    "header": {
        "metadata": [
            {
                "metaName": "adskFileFormatVersion",
                "metaValue": "100L"
            }
        ]
    },
    "namespaces": [],
    "types": [],
    "compounds": [
        {
            "name": "BPM::please_1::utility::g2m_print_float4_array",
            "metadata": [
                {
                    "metaName": "io_nodes",
                    "metadata": [
                        {
                            "metaName": "io_inodes",
                            "metadata": [
                                {
                                    "metaName": "input",
                                    "metadata": [
                                        {
                                            "metaName": "io_ports",
                                            "metadata": [
                                                {
                                                    "metaName": "float4_array"
                                                }
                                            ]
                                        }
                                    ]
                                }
                            ]
                        },
                        {
                            "metaName": "io_onodes",
                            "metadata": [
                                {
                                    "metaName": "output",
                                    "metadata": [
                                        {
                                            "metaName": "io_ports",
                                            "metadata": [
                                                {
                                                    "metaName": "out_string"
                                                }
                                            ]
                                        }
                                    ]
                                }
                            ]
                        }
                    ]
                },
                {
                    "metaName": "DisplayMode",
                    "metaType": "string",
                    "metaValue": "2"
                },
                {
                    "metaName": "LayoutPos",
                    "metaType": "string",
                    "metaValue": "94.5646 429.197"
                }
            ],
            "ports": [
                {
                    "portName": "float4_array",
                    "portDirection": "input",
                    "portDefaultType": "array<Math::float4>",
                    "portDefault": []
                },
                {
                    "portName": "out_string",
                    "portDirection": "output",
                    "portType": "string"
                }
            ],
            "compounds": [
                {
                    "name": "for_each",
                    "metadata": [
                        {
                            "metaName": "icon",
                            "metaType": "string",
                            "metaValue": "<NATIVE>../icons/LoopForEach.svg"
                        },
                        {
                            "metaName": "icon",
                            "metaType": "string",
                            "metaValue": "<NATIVE>../icons/LoopForEach.svg"
                        },
                        {
                            "metaName": "_recentNode_",
                            "metaType": "string",
                            "metaValue": "BifrostGraph,Core::Constants,float"
                        },
                        {
                            "metaName": "_recentNode_",
                            "metaType": "string",
                            "metaValue": "BifrostGraph,Core::String,string_join"
                        },
                        {
                            "metaName": "_recentNode_",
                            "metaType": "string",
                            "metaValue": "BifrostGraph,Core::Array,build_array"
                        },
                        {
                            "metaName": "_recentNode_",
                            "metaType": "string",
                            "metaValue": "BifrostGraph,Core::String,number_to_string"
                        },
                        {
                            "metaName": "_recentNode_",
                            "metaType": "string",
                            "metaValue": "BifrostGraph,Core::Conversion,vector4_to_scalar"
                        },
                        {
                            "metaName": "ViewportRect",
                            "metaType": "string",
                            "metaValue": "-736.707 -515.358 1793.22 950.216"
                        },
                        {
                            "metaName": "io_nodes",
                            "metadata": [
                                {
                                    "metaName": "io_inodes",
                                    "metadata": [
                                        {
                                            "metaName": "input",
                                            "metadata": [
                                                {
                                                    "metaName": "DisplayMode",
                                                    "metaType": "string",
                                                    "metaValue": "2"
                                                },
                                                {
                                                    "metaName": "LayoutPos",
                                                    "metaType": "string",
                                                    "metaValue": "-708 -72"
                                                },
                                                {
                                                    "metaName": "io_ports",
                                                    "metadata": [
                                                        {
                                                            "metaName": "current_index"
                                                        },
                                                        {
                                                            "metaName": "data"
                                                        }
                                                    ]
                                                }
                                            ]
                                        }
                                    ]
                                },
                                {
                                    "metaName": "io_onodes",
                                    "metadata": [
                                        {
                                            "metaName": "output",
                                            "metadata": [
                                                {
                                                    "metaName": "DisplayMode",
                                                    "metaType": "string",
                                                    "metaValue": "2"
                                                },
                                                {
                                                    "metaName": "LayoutPos",
                                                    "metaType": "string",
                                                    "metaValue": "1064 -180"
                                                },
                                                {
                                                    "metaName": "io_ports",
                                                    "metadata": [
                                                        {
                                                            "metaName": "joined"
                                                        }
                                                    ]
                                                }
                                            ]
                                        }
                                    ]
                                }
                            ]
                        }
                    ],
                    "ports": [
                        {
                            "portName": "current_index",
                            "portDirection": "input",
                            "portType": "long",
                            "portIterationCounter": "true"
                        },
                        {
                            "portName": "data",
                            "portDirection": "input",
                            "portIterationTarget": "true"
                        },
                        {
                            "portName": "joined",
                            "portDirection": "output",
                            "portIterationTarget": "true"
                        }
                    ],
                    "compoundNodes": [
                        {
                            "nodeName": "vector4_to_scalar",
                            "nodeType": "Core::Conversion::vector4_to_scalar",
                            "metadata": [
                                {
                                    "metaName": "DisplayMode",
                                    "metaType": "string",
                                    "metaValue": "2"
                                },
                                {
                                    "metaName": "LayoutPos",
                                    "metaType": "string",
                                    "metaValue": "-446.5 -144"
                                }
                            ]
                        },
                        {
                            "nodeName": "number_to_string",
                            "nodeType": "Core::String::number_to_string",
                            "metadata": [
                                {
                                    "metaName": "DisplayMode",
                                    "metaType": "string",
                                    "metaValue": "2"
                                },
                                {
                                    "metaName": "LayoutPos",
                                    "metaType": "string",
                                    "metaValue": "62.5 -193"
                                }
                            ]
                        },
                        {
                            "nodeName": "build_array",
                            "nodeType": "Core::Array::build_array",
                            "multiInPortNames": [
                                "x",
                                "y",
                                "z",
                                "w"
                            ],
                            "metadata": [
                                {
                                    "metaName": "DisplayMode",
                                    "metaType": "string",
                                    "metaValue": "2"
                                },
                                {
                                    "metaName": "LayoutPos",
                                    "metaType": "string",
                                    "metaValue": "-186.5 -169"
                                }
                            ]
                        },
                        {
                            "nodeName": "string_join",
                            "nodeType": "Core::String::string_join",
                            "metadata": [
                                {
                                    "metaName": "DisplayMode",
                                    "metaType": "string",
                                    "metaValue": "2"
                                },
                                {
                                    "metaName": "LayoutPos",
                                    "metaType": "string",
                                    "metaValue": "310.5 -158"
                                }
                            ]
                        },
                        {
                            "nodeName": "build_string",
                            "nodeType": "Core::String::build_string",
                            "fanInPortNames": {
                                "strings": [
                                    "output",
                                    "joined",
                                    "output1"
                                ]
                            },
                            "metadata": [
                                {
                                    "metaName": "DisplayMode",
                                    "metaType": "string",
                                    "metaValue": "2"
                                },
                                {
                                    "metaName": "LayoutPos",
                                    "metaType": "string",
                                    "metaValue": "791.5 -180"
                                }
                            ]
                        },
                        {
                            "nodeName": "value",
                            "valueType": "string",
                            "metadata": [
                                {
                                    "metaName": "DisplayMode",
                                    "metaType": "string",
                                    "metaValue": "2"
                                },
                                {
                                    "metaName": "valuenode_defaultvalue",
                                    "metaType": "string",
                                    "metaValue": "0"
                                },
                                {
                                    "metaName": "LayoutPos",
                                    "metaType": "string",
                                    "metaValue": "530.5 -285"
                                }
                            ]
                        },
                        {
                            "nodeName": "value1",
                            "valueType": "string",
                            "metadata": [
                                {
                                    "metaName": "DisplayMode",
                                    "metaType": "string",
                                    "metaValue": "2"
                                },
                                {
                                    "metaName": "valuenode_defaultvalue",
                                    "metaType": "string",
                                    "metaValue": "0"
                                },
                                {
                                    "metaName": "LayoutPos",
                                    "metaType": "string",
                                    "metaValue": "534.5 -66"
                                }
                            ]
                        }
                    ],
                    "connections": [
                        {
                            "source": "vector4_to_scalar.x",
                            "target": "build_array.first.x"
                        },
                        {
                            "source": "vector4_to_scalar.y",
                            "target": "build_array.first.y"
                        },
                        {
                            "source": "vector4_to_scalar.z",
                            "target": "build_array.first.z"
                        },
                        {
                            "source": "vector4_to_scalar.w",
                            "target": "build_array.first.w"
                        },
                        {
                            "source": "number_to_string.string",
                            "target": "string_join.strings"
                        },
                        {
                            "source": "build_array.array",
                            "target": "number_to_string.number"
                        },
                        {
                            "source": "string_join.joined",
                            "target": "build_string.strings.joined"
                        },
                        {
                            "source": "build_string.joined",
                            "target": ".joined"
                        },
                        {
                            "source": "value.output",
                            "target": "build_string.strings.output"
                        },
                        {
                            "source": "value1.output",
                            "target": "build_string.strings.output1"
                        },
                        {
                            "source": ".data",
                            "target": "vector4_to_scalar.vector4"
                        }
                    ],
                    "values": [
                        {
                            "valueName": "string_join.separator",
                            "valueType": "string",
                            "value": ", "
                        },
                        {
                            "valueName": "value.value",
                            "valueType": "string",
                            "value": "["
                        },
                        {
                            "valueName": "value1.value",
                            "valueType": "string",
                            "value": "]"
                        }
                    ],
                    "reservedNodeNames": [
                        {
                            "name": "input"
                        },
                        {
                            "name": "output"
                        }
                    ],
                    "forEachCompound": {
                        "ports": []
                    }
                }
            ],
            "compoundNodes": [
                {
                    "nodeName": "for_each",
                    "nodeType": "for_each",
                    "metadata": [
                        {
                            "metaName": "DisplayMode",
                            "metaType": "string",
                            "metaValue": "2"
                        },
                        {
                            "metaName": "LayoutPos",
                            "metaType": "string",
                            "metaValue": "19.6986 410.104"
                        }
                    ]
                },
                {
                    "nodeName": "string_join",
                    "nodeType": "Core::String::string_join",
                    "metadata": [
                        {
                            "metaName": "DisplayMode",
                            "metaType": "string",
                            "metaValue": "2"
                        },
                        {
                            "metaName": "LayoutPos",
                            "metaType": "string",
                            "metaValue": "260.785 384.342"
                        }
                    ]
                }
            ],
            "connections": [
                {
                    "source": ".float4_array",
                    "target": "for_each.data"
                },
                {
                    "source": "for_each.joined",
                    "target": "string_join.strings"
                },
                {
                    "source": "string_join.joined",
                    "target": ".out_string"
                }
            ],
            "values": [
                {
                    "valueName": "string_join.separator",
                    "valueType": "string",
                    "value": ", "
                }
            ],
            "reservedNodeNames": [
                {
                    "name": "input"
                },
                {
                    "name": "output"
                }
            ]
        }
    ]
}