{
    "header": {
        "metadata": [
            {
                "metaName": "adskFileFormatVersion",
                "metaValue": "100L"
            }
        ]
    },
    "namespaces": [],
    "types": [],
    "compounds": [
        {
            "name": "BPM::please_1::diagnostic::g2m_print_number_array",
            "uriImported": "stream:/bifrostGraphShape2",
            "metadata": [
                {
                    "metaName": "documentation",
                    "metaType": "string",
                    "metaValue": "docs/g2m_print_number_array.md"
                },
                {
                    "metaName": "icon",
                    "metaType": "string",
                    "metaValue": "icons/g2m_default.png"
                },
                {
                    "metaName": "io_nodes",
                    "metadata": [
                        {
                            "metaName": "io_inodes",
                            "metadata": [
                                {
                                    "metaName": "input",
                                    "metadata": [
                                        {
                                            "metaName": "DisplayMode",
                                            "metaType": "string",
                                            "metaValue": "2"
                                        },
                                        {
                                            "metaName": "LayoutPos",
                                            "metaType": "string",
                                            "metaValue": "-971.889 120.11"
                                        },
                                        {
                                            "metaName": "io_ports",
                                            "metadata": [
                                                {
                                                    "metaName": "numbers"
                                                },
                                                {
                                                    "metaName": "decimal"
                                                }
                                            ]
                                        }
                                    ]
                                }
                            ]
                        },
                        {
                            "metaName": "io_onodes",
                            "metadata": [
                                {
                                    "metaName": "output",
                                    "metadata": [
                                        {
                                            "metaName": "DisplayMode",
                                            "metaType": "string",
                                            "metaValue": "2"
                                        },
                                        {
                                            "metaName": "LayoutPos",
                                            "metaType": "string",
                                            "metaValue": "344.43 67.9201"
                                        },
                                        {
                                            "metaName": "io_ports",
                                            "metadata": [
                                                {
                                                    "metaName": "number_string"
                                                }
                                            ]
                                        }
                                    ]
                                }
                            ]
                        }
                    ]
                },
                {
                    "metaName": "_recentNode_",
                    "metaType": "string",
                    "metaValue": "BifrostGraph,Core::Iterators,for_each"
                },
                {
                    "metaName": "_recentNode_",
                    "metaType": "string",
                    "metaValue": "BifrostGraph,Core::String,split_string"
                },
                {
                    "metaName": "_recentNode_",
                    "metaType": "string",
                    "metaValue": "BifrostGraph,Core::String,string_join"
                },
                {
                    "metaName": "_recentNode_",
                    "metaType": "string",
                    "metaValue": "BifrostGraph,Core::String,slice_string"
                },
                {
                    "metaName": "_recentNode_",
                    "metaType": "string",
                    "metaValue": "BifrostGraph,Core::String,number_to_string"
                },
                {
                    "metaName": "ViewportRect",
                    "metaType": "string",
                    "metaValue": "-888 -208 1124 887"
                },
                {
                    "metaName": "DisplayMode",
                    "metaType": "string",
                    "metaValue": "2"
                },
                {
                    "metaName": "LayoutPos",
                    "metaType": "string",
                    "metaValue": "-1726.71 -1455.56"
                }
            ],
            "ports": [
                {
                    "portName": "number_string",
                    "portDirection": "output",
                    "portType": "string"
                },
                {
                    "portName": "numbers",
                    "portDirection": "input"
                },
                {
                    "portName": "decimal",
                    "portDirection": "input",
                    "portType": "int",
                    "portDefault": "1L"
                }
            ],
            "compounds": [
                {
                    "name": "for_each",
                    "uriImported": "stream:/bifrostGraphShape2",
                    "metadata": [
                        {
                            "metaName": "icon",
                            "metaType": "string",
                            "metaValue": "<NATIVE>../icons/LoopForEach.svg"
                        },
                        {
                            "metaName": "icon",
                            "metaType": "string",
                            "metaValue": "<NATIVE>../icons/LoopForEach.svg"
                        },
                        {
                            "metaName": "icon",
                            "metaType": "string",
                            "metaValue": "<NATIVE>../icons/LoopForEach.svg"
                        },
                        {
                            "metaName": "io_nodes",
                            "metadata": [
                                {
                                    "metaName": "io_inodes",
                                    "metadata": [
                                        {
                                            "metaName": "input",
                                            "metadata": [
                                                {
                                                    "metaName": "DisplayMode",
                                                    "metaType": "string",
                                                    "metaValue": "2"
                                                },
                                                {
                                                    "metaName": "LayoutPos",
                                                    "metaType": "string",
                                                    "metaValue": "-544 -79.5"
                                                },
                                                {
                                                    "metaName": "io_ports",
                                                    "metadata": [
                                                        {
                                                            "metaName": "current_index"
                                                        },
                                                        {
                                                            "metaName": "array"
                                                        },
                                                        {
                                                            "metaName": "trim"
                                                        }
                                                    ]
                                                }
                                            ]
                                        }
                                    ]
                                },
                                {
                                    "metaName": "io_onodes",
                                    "metadata": [
                                        {
                                            "metaName": "output",
                                            "metadata": [
                                                {
                                                    "metaName": "DisplayMode",
                                                    "metaType": "string",
                                                    "metaValue": "2"
                                                },
                                                {
                                                    "metaName": "io_ports",
                                                    "metadata": [
                                                        {
                                                            "metaName": "output"
                                                        }
                                                    ]
                                                },
                                                {
                                                    "metaName": "LayoutPos",
                                                    "metaType": "string",
                                                    "metaValue": "1758.43 -127.457"
                                                }
                                            ]
                                        }
                                    ]
                                }
                            ]
                        },
                        {
                            "metaName": "_recentNode_",
                            "metaType": "string",
                            "metaValue": "BifrostGraph,Core::Array,build_array"
                        },
                        {
                            "metaName": "_recentNode_",
                            "metaType": "string",
                            "metaValue": "BifrostGraph,Core::String,string_join"
                        },
                        {
                            "metaName": "_recentNode_",
                            "metaType": "string",
                            "metaValue": "BifrostGraph,Core::String,slice_string"
                        },
                        {
                            "metaName": "_recentNode_",
                            "metaType": "string",
                            "metaValue": "BifrostGraph,Core::Array,first_in_array"
                        },
                        {
                            "metaName": "_recentNode_",
                            "metaType": "string",
                            "metaValue": "BifrostGraph,Core::Array,last_in_array"
                        },
                        {
                            "metaName": "backdrop",
                            "metadata": [
                                {
                                    "metaName": "type",
                                    "metaType": "string",
                                    "metaValue": "backdrop"
                                },
                                {
                                    "metaName": "coords",
                                    "metaType": "string",
                                    "metaValue": "29.8446 -357.527 825.364 302.165"
                                },
                                {
                                    "metaName": "text",
                                    "metaType": "string",
                                    "metaValue": "\u6aa2\u67e5\u662f\u5426\u6709\u5c0f\u6578"
                                }
                            ]
                        },
                        {
                            "metaName": "backdrop1",
                            "metadata": [
                                {
                                    "metaName": "type",
                                    "metaType": "string",
                                    "metaValue": "backdrop"
                                },
                                {
                                    "metaName": "coords",
                                    "metaType": "string",
                                    "metaValue": "357.549 5.427 1044.16 620.031"
                                },
                                {
                                    "metaName": "text",
                                    "metaType": "string",
                                    "metaValue": "\u5ffd\u7565\u4fdd\u7559\u4f4d(trim)\u4e4b\u5f8c\u7684\u5c0f\u6578\uff0c\u6c92\u6709\u56db\u6368\u4e94\u5165\u3002"
                                }
                            ]
                        },
                        {
                            "metaName": "ViewportRect",
                            "metaType": "string",
                            "metaValue": "-579.301 -674.452 2004.21 1581.61"
                        }
                    ],
                    "ports": [
                        {
                            "portName": "current_index",
                            "portDirection": "input",
                            "portType": "long",
                            "portIterationCounter": "true"
                        },
                        {
                            "portName": "array",
                            "portDirection": "input",
                            "portIterationTarget": "true"
                        },
                        {
                            "portName": "trim",
                            "portDirection": "input",
                            "portType": "int"
                        },
                        {
                            "portName": "output",
                            "portDirection": "output",
                            "portIterationTarget": "true"
                        }
                    ],
                    "compoundNodes": [
                        {
                            "nodeName": "number_to_string",
                            "nodeType": "Core::String::number_to_string",
                            "metadata": [
                                {
                                    "metaName": "DisplayMode",
                                    "metaType": "string",
                                    "metaValue": "2"
                                },
                                {
                                    "metaName": "LayoutPos",
                                    "metaType": "string",
                                    "metaValue": "-269.5 -81"
                                }
                            ]
                        },
                        {
                            "nodeName": "split_string",
                            "nodeType": "Core::String::split_string",
                            "metadata": [
                                {
                                    "metaName": "DisplayMode",
                                    "metaType": "string",
                                    "metaValue": "2"
                                },
                                {
                                    "metaName": "LayoutPos",
                                    "metaType": "string",
                                    "metaValue": "39.8446 -325.681"
                                }
                            ]
                        },
                        {
                            "nodeName": "greater",
                            "nodeType": "Core::Logic::greater",
                            "metadata": [
                                {
                                    "metaName": "DisplayMode",
                                    "metaType": "string",
                                    "metaValue": "2"
                                },
                                {
                                    "metaName": "LayoutPos",
                                    "metaType": "string",
                                    "metaValue": "620.209 -264.362"
                                }
                            ]
                        },
                        {
                            "nodeName": "array_size",
                            "nodeType": "Core::Array::array_size",
                            "metadata": [
                                {
                                    "metaName": "DisplayMode",
                                    "metaType": "string",
                                    "metaValue": "2"
                                },
                                {
                                    "metaName": "LayoutPos",
                                    "metaType": "string",
                                    "metaValue": "366.597 -347.527"
                                }
                            ]
                        },
                        {
                            "nodeName": "value",
                            "valueType": "long",
                            "metadata": [
                                {
                                    "metaName": "valuenode_defaultvalue",
                                    "metaType": "string",
                                    "metaValue": "1"
                                },
                                {
                                    "metaName": "DisplayMode",
                                    "metaType": "string",
                                    "metaValue": "0"
                                },
                                {
                                    "metaName": "LayoutPos",
                                    "metaType": "string",
                                    "metaValue": "370.209 -194.362"
                                }
                            ]
                        },
                        {
                            "nodeName": "if",
                            "nodeType": "Core::Logic::if",
                            "metadata": [
                                {
                                    "metaName": "DisplayMode",
                                    "metaType": "string",
                                    "metaValue": "2"
                                },
                                {
                                    "metaName": "LayoutPos",
                                    "metaType": "string",
                                    "metaValue": "1507.6 -127.223"
                                }
                            ]
                        },
                        {
                            "nodeName": "last_in_array",
                            "nodeType": "Core::Array::last_in_array",
                            "metadata": [
                                {
                                    "metaName": "DisplayMode",
                                    "metaType": "string",
                                    "metaValue": "2"
                                },
                                {
                                    "metaName": "LayoutPos",
                                    "metaType": "string",
                                    "metaValue": "381.118 299.621"
                                }
                            ]
                        },
                        {
                            "nodeName": "first_in_array",
                            "nodeType": "Core::Array::first_in_array",
                            "metadata": [
                                {
                                    "metaName": "DisplayMode",
                                    "metaType": "string",
                                    "metaValue": "2"
                                },
                                {
                                    "metaName": "LayoutPos",
                                    "metaType": "string",
                                    "metaValue": "377.296 116.142"
                                }
                            ]
                        },
                        {
                            "nodeName": "slice_string",
                            "nodeType": "Core::String::slice_string",
                            "metadata": [
                                {
                                    "metaName": "DisplayMode",
                                    "metaType": "string",
                                    "metaValue": "2"
                                },
                                {
                                    "metaName": "LayoutPos",
                                    "metaType": "string",
                                    "metaValue": "661.434 350.589"
                                }
                            ]
                        },
                        {
                            "nodeName": "string_join",
                            "nodeType": "Core::String::string_join",
                            "metadata": [
                                {
                                    "metaName": "DisplayMode",
                                    "metaType": "string",
                                    "metaValue": "2"
                                },
                                {
                                    "metaName": "LayoutPos",
                                    "metaType": "string",
                                    "metaValue": "1179.71 169.681"
                                }
                            ]
                        },
                        {
                            "nodeName": "build_array",
                            "nodeType": "Core::Array::build_array",
                            "multiInPortNames": [
                                "first1",
                                "slice"
                            ],
                            "metadata": [
                                {
                                    "metaName": "DisplayMode",
                                    "metaType": "string",
                                    "metaValue": "2"
                                },
                                {
                                    "metaName": "LayoutPos",
                                    "metaType": "string",
                                    "metaValue": "930.939 192.688"
                                }
                            ]
                        }
                    ],
                    "connections": [
                        {
                            "source": ".array",
                            "target": "number_to_string.number"
                        },
                        {
                            "source": "number_to_string.string",
                            "target": "split_string.string"
                        },
                        {
                            "source": "split_string.split",
                            "target": "array_size.array"
                        },
                        {
                            "source": "array_size.size",
                            "target": "greater.first"
                        },
                        {
                            "source": "value.output",
                            "target": "greater.second"
                        },
                        {
                            "source": "greater.output",
                            "target": "if.condition"
                        },
                        {
                            "source": "split_string.split",
                            "target": "last_in_array.array"
                        },
                        {
                            "source": "split_string.split",
                            "target": "first_in_array.array"
                        },
                        {
                            "source": "last_in_array.last",
                            "target": "slice_string.string"
                        },
                        {
                            "source": ".trim",
                            "target": "slice_string.stop"
                        },
                        {
                            "source": "first_in_array.first",
                            "target": "build_array.first.first1"
                        },
                        {
                            "source": "slice_string.slice",
                            "target": "build_array.first.slice"
                        },
                        {
                            "source": "build_array.array",
                            "target": "string_join.strings"
                        },
                        {
                            "source": "number_to_string.string",
                            "target": "if.false_case"
                        },
                        {
                            "source": "string_join.joined",
                            "target": "if.true_case"
                        },
                        {
                            "source": "if.output",
                            "target": ".output"
                        }
                    ],
                    "values": [
                        {
                            "valueName": "split_string.separator",
                            "valueType": "string",
                            "value": "."
                        },
                        {
                            "valueName": "value.value",
                            "valueType": "long",
                            "value": "1"
                        },
                        {
                            "valueName": "string_join.separator",
                            "valueType": "string",
                            "value": "."
                        }
                    ],
                    "reservedNodeNames": [
                        {
                            "name": "input"
                        },
                        {
                            "name": "output"
                        }
                    ],
                    "forEachCompound": {
                        "ports": []
                    }
                }
            ],
            "compoundNodes": [
                {
                    "nodeName": "string_join",
                    "nodeType": "Core::String::string_join",
                    "metadata": [
                        {
                            "metaName": "DisplayMode",
                            "metaType": "string",
                            "metaValue": "2"
                        },
                        {
                            "metaName": "LayoutPos",
                            "metaType": "string",
                            "metaValue": "25.6351 94.258"
                        }
                    ]
                },
                {
                    "nodeName": "build_array",
                    "nodeType": "Core::Array::build_array",
                    "multiInPortNames": [
                        "number_array"
                    ],
                    "metadata": [
                        {
                            "metaName": "DisplayMode",
                            "metaType": "string",
                            "metaValue": "2"
                        },
                        {
                            "metaName": "LayoutPos",
                            "metaType": "string",
                            "metaValue": "-620.93 97.1102"
                        }
                    ]
                },
                {
                    "nodeName": "for_each",
                    "nodeType": "for_each",
                    "metadata": [
                        {
                            "metaName": "DisplayMode",
                            "metaType": "string",
                            "metaValue": "2"
                        },
                        {
                            "metaName": "LayoutPos",
                            "metaType": "string",
                            "metaValue": "-300.785 161"
                        }
                    ]
                }
            ],
            "connections": [
                {
                    "source": "string_join.joined",
                    "target": ".number_string"
                },
                {
                    "source": ".numbers",
                    "target": "build_array.first.number_array"
                },
                {
                    "source": "build_array.array",
                    "target": "for_each.array"
                },
                {
                    "source": "for_each.output",
                    "target": "string_join.strings"
                },
                {
                    "source": ".decimal",
                    "target": "for_each.trim"
                }
            ],
            "values": [
                {
                    "valueName": "string_join.separator",
                    "valueType": "string",
                    "value": ", "
                },
                {
                    "valueName": "for_each.trim",
                    "valueType": "int",
                    "value": "2L"
                }
            ],
            "reservedNodeNames": [
                {
                    "name": "input"
                },
                {
                    "name": "output"
                }
            ]
        }
    ]
}