{
    "header": {
        "metadata": [
            {
                "metaName": "adskFileFormatVersion",
                "metaValue": "100L"
            }
        ]
    },
    "namespaces": [],
    "types": [],
    "compounds": [
        {
            "name": "BPM::please_1::math::g2m_triangle_area",
            "uriImported": "stream:/bifrostGraphShape1",
            "metadata": [
                {
                    "metaName": "documentation",
                    "metaType": "string",
                    "metaValue": "docs/g2m_triangle_area.md"
                },
                {
                    "metaName": "icon",
                    "metaType": "string",
                    "metaValue": "icons/g2m_default.png"
                },
                {
                    "metaName": "io_nodes",
                    "metadata": [
                        {
                            "metaName": "io_inodes",
                            "metadata": [
                                {
                                    "metaName": "input",
                                    "metadata": [
                                        {
                                            "metaName": "DisplayMode",
                                            "metaType": "string",
                                            "metaValue": "2"
                                        },
                                        {
                                            "metaName": "LayoutPos",
                                            "metaType": "string",
                                            "metaValue": "-1038.58 -64.7268"
                                        },
                                        {
                                            "metaName": "io_ports",
                                            "metadata": [
                                                {
                                                    "metaName": "point_a"
                                                },
                                                {
                                                    "metaName": "point_b"
                                                },
                                                {
                                                    "metaName": "point_c"
                                                }
                                            ]
                                        }
                                    ]
                                }
                            ]
                        },
                        {
                            "metaName": "io_onodes",
                            "metadata": [
                                {
                                    "metaName": "output",
                                    "metadata": [
                                        {
                                            "metaName": "DisplayMode",
                                            "metaType": "string",
                                            "metaValue": "2"
                                        },
                                        {
                                            "metaName": "LayoutPos",
                                            "metaType": "string",
                                            "metaValue": "309.592 -115.525"
                                        },
                                        {
                                            "metaName": "io_ports",
                                            "metadata": [
                                                {
                                                    "metaName": "area"
                                                }
                                            ]
                                        }
                                    ]
                                }
                            ]
                        }
                    ]
                },
                {
                    "metaName": "ViewportRect",
                    "metaType": "string",
                    "metaValue": "-1249.72 -584.684 2083.62 1104.1"
                },
                {
                    "metaName": "DisplayMode",
                    "metaType": "string",
                    "metaValue": "2"
                },
                {
                    "metaName": "LayoutPos",
                    "metaType": "string",
                    "metaValue": "-162.431 647.647"
                }
            ],
            "ports": [
                {
                    "portName": "point_a",
                    "portDirection": "input",
                    "portType": "Math::float3",
                    "portDefault": {
                        "x": "0f",
                        "y": "0f",
                        "z": "0f"
                    }
                },
                {
                    "portName": "point_b",
                    "portDirection": "input",
                    "portType": "Math::float3",
                    "portDefault": {
                        "x": "0f",
                        "y": "0f",
                        "z": "0f"
                    }
                },
                {
                    "portName": "point_c",
                    "portDirection": "input",
                    "portType": "Math::float3",
                    "portDefault": {
                        "x": "0f",
                        "y": "0f",
                        "z": "0f"
                    }
                },
                {
                    "portName": "area",
                    "portDirection": "output",
                    "portType": "float"
                }
            ],
            "compoundNodes": [
                {
                    "nodeName": "cross1",
                    "nodeType": "Core::Math::cross",
                    "metadata": [
                        {
                            "metaName": "DisplayMode",
                            "metaType": "string",
                            "metaValue": "2"
                        },
                        {
                            "metaName": "LayoutPos",
                            "metaType": "string",
                            "metaValue": "-450.317 -67.4195"
                        }
                    ]
                },
                {
                    "nodeName": "half_of2",
                    "nodeType": "Core::Math::half_of",
                    "metadata": [
                        {
                            "metaName": "DisplayMode",
                            "metaType": "string",
                            "metaValue": "2"
                        },
                        {
                            "metaName": "LayoutPos",
                            "metaType": "string",
                            "metaValue": "49.9422 -115.67"
                        }
                    ]
                },
                {
                    "nodeName": "length1",
                    "nodeType": "Core::Math::length",
                    "metadata": [
                        {
                            "metaName": "DisplayMode",
                            "metaType": "string",
                            "metaValue": "2"
                        },
                        {
                            "metaName": "LayoutPos",
                            "metaType": "string",
                            "metaValue": "-198.917 -91.5396"
                        }
                    ]
                },
                {
                    "nodeName": "vector_b1",
                    "nodeType": "Core::Math::subtract",
                    "multiInPortNames": [
                        "triangle_vertex_C",
                        "triangle_vertex_A"
                    ],
                    "metadata": [
                        {
                            "metaName": "DisplayMode",
                            "metaType": "string",
                            "metaValue": "2"
                        },
                        {
                            "metaName": "LayoutPos",
                            "metaType": "string",
                            "metaValue": "-713.497 82.6105"
                        }
                    ]
                },
                {
                    "nodeName": "vector_c1",
                    "nodeType": "Core::Math::subtract",
                    "multiInPortNames": [
                        "triangle_vertex_B",
                        "triangle_vertex_A"
                    ],
                    "metadata": [
                        {
                            "metaName": "DisplayMode",
                            "metaType": "string",
                            "metaValue": "2"
                        },
                        {
                            "metaName": "LayoutPos",
                            "metaType": "string",
                            "metaValue": "-714.306 -202.845"
                        }
                    ]
                }
            ],
            "connections": [
                {
                    "source": "vector_c1.output",
                    "target": "cross1.first"
                },
                {
                    "source": "vector_b1.output",
                    "target": "cross1.second"
                },
                {
                    "source": "cross1.cross_product",
                    "target": "length1.vector"
                },
                {
                    "source": "length1.length",
                    "target": "half_of2.value"
                },
                {
                    "source": ".point_c",
                    "target": "vector_b1.first.triangle_vertex_C"
                },
                {
                    "source": ".point_a",
                    "target": "vector_b1.first.triangle_vertex_A"
                },
                {
                    "source": ".point_b",
                    "target": "vector_c1.first.triangle_vertex_B"
                },
                {
                    "source": ".point_a",
                    "target": "vector_c1.first.triangle_vertex_A"
                },
                {
                    "source": "half_of2.half_value",
                    "target": ".area"
                }
            ],
            "values": [],
            "reservedNodeNames": [
                {
                    "name": "input"
                },
                {
                    "name": "output"
                }
            ]
        }
    ]
}