{
    "header": {
        "metadata": [
            {
                "metaName": "adskFileFormatVersion",
                "metaValue": "100L"
            }
        ]
    },
    "namespaces": [],
    "types": [],
    "compounds": [
        {
            "name": "BPM::please_1::math::g2m_divide_range_03b",
            "uriImported": "stream:/bifrostGraphShape1",
            "metadata": [
                {
                    "metaName": "io_nodes",
                    "metadata": [
                        {
                            "metaName": "io_inodes",
                            "metadata": [
                                {
                                    "metaName": "input",
                                    "metadata": [
                                        {
                                            "metaName": "DisplayMode",
                                            "metaType": "string",
                                            "metaValue": "2"
                                        },
                                        {
                                            "metaName": "io_ports",
                                            "metadata": [
                                                {
                                                    "metaName": "from"
                                                },
                                                {
                                                    "metaName": "to"
                                                },
                                                {
                                                    "metaName": "cuts"
                                                }
                                            ]
                                        },
                                        {
                                            "metaName": "LayoutPos",
                                            "metaType": "string",
                                            "metaValue": "-745.809 -17.0587"
                                        }
                                    ]
                                }
                            ]
                        },
                        {
                            "metaName": "io_onodes",
                            "metadata": [
                                {
                                    "metaName": "output",
                                    "metadata": [
                                        {
                                            "metaName": "DisplayMode",
                                            "metaType": "string",
                                            "metaValue": "2"
                                        },
                                        {
                                            "metaName": "LayoutPos",
                                            "metaType": "string",
                                            "metaValue": "3418.44 -52.0425"
                                        },
                                        {
                                            "metaName": "io_ports",
                                            "metadata": [
                                                {
                                                    "metaName": "values"
                                                },
                                                {
                                                    "metaName": "align_to_head"
                                                },
                                                {
                                                    "metaName": "align_to_end"
                                                }
                                            ]
                                        }
                                    ]
                                }
                            ]
                        }
                    ]
                },
                {
                    "metaName": "backdrop1",
                    "metadata": [
                        {
                            "metaName": "type",
                            "metaType": "string",
                            "metaValue": "backdrop"
                        },
                        {
                            "metaName": "coords",
                            "metaType": "string",
                            "metaValue": "-875.283 -94.7263 452.559 324.734"
                        },
                        {
                            "metaName": "text",
                            "metaType": "string",
                            "metaValue": "\u5f9e\u503c\u7bc4\u570d\u5167\u53d6\u6578\u500b\u7b49\u8ddd\u7684\u503c\u3002\nv03b\n\n\u4f8b\u5982\uff1a*\u5f9e 30\u81f3120 \u53d63\u500b\u503c\uff0c\u9593\u9694\u76f8\u7b49\u3002\n\nINPUT:\n\nfrom: 30\nto: 120\ncuts: 3\n\nOUTPUT:\n\n[30, 75, 120]\n\n\n\u982d\u5c3e\u5c0d\u9f4a\u6a21\u5f0f\n\u7528\u65bc\u907f\u514d Hue \u9996\u5c3e\u540c\u8272\u3002\nalign_to_head: [30,60,90]\nalign_to_end: [60,90,120]"
                        }
                    ]
                },
                {
                    "metaName": "backdrop",
                    "metadata": [
                        {
                            "metaName": "type",
                            "metaType": "string",
                            "metaValue": "backdrop"
                        },
                        {
                            "metaName": "text",
                            "metaType": "string",
                            "metaValue": "\u6700\u5c0f cuts \u6578\u662f 2\uff0c\u4e5f\u5c31\u662f from \u548c to \u7684\u503c\u3002\n\u78ba\u4fdd\u5206\u6bcd\u4e0d\u662f 0"
                        },
                        {
                            "metaName": "coords",
                            "metaType": "string",
                            "metaValue": "-325.39 62.6099 734.272 357.981"
                        }
                    ]
                },
                {
                    "metaName": "backdrop2",
                    "metadata": [
                        {
                            "metaName": "type",
                            "metaType": "string",
                            "metaValue": "backdrop"
                        },
                        {
                            "metaName": "text",
                            "metaType": "string",
                            "metaValue": "\u7232\u907f\u514d\u8a08\u7b97\u8aa4\u5dee\uff0c\u6578\u7d44\u9996\u5c3e\u5747\u4f7f\u7528\u539f\u59cb\u6578\u503c\u3002"
                        },
                        {
                            "metaName": "coords",
                            "metaType": "string",
                            "metaValue": "1912.52 -554.338 1369.14 436.665"
                        }
                    ]
                },
                {
                    "metaName": "_recentNode_",
                    "metaType": "string",
                    "metaValue": "BifrostGraph,Core::Array,build_array"
                },
                {
                    "metaName": "_recentNode_",
                    "metaType": "string",
                    "metaValue": "BifrostGraph,Core::Math,decrement"
                },
                {
                    "metaName": "_recentNode_",
                    "metaType": "string",
                    "metaValue": "BifrostGraph,Core::Math,add"
                },
                {
                    "metaName": "_recentNode_",
                    "metaType": "string",
                    "metaValue": "BifrostGraph,Core::Array,sequence_array"
                },
                {
                    "metaName": "_recentNode_",
                    "metaType": "string",
                    "metaValue": "BifrostGraph,Core::Type_Conversion,to_float"
                },
                {
                    "metaName": "backdrop3",
                    "metadata": [
                        {
                            "metaName": "type",
                            "metaType": "string",
                            "metaValue": "backdrop"
                        },
                        {
                            "metaName": "coords",
                            "metaType": "string",
                            "metaValue": "829.443 296.163 747.197 378.611"
                        },
                        {
                            "metaName": "text",
                            "metaType": "string",
                            "metaValue": "\u982d\u5c3e\u5c0d\u9f4a\u3002"
                        }
                    ]
                },
                {
                    "metaName": "ViewportRect",
                    "metaType": "string",
                    "metaValue": "-1044.81 -174.954 695.591 509.173"
                },
                {
                    "metaName": "DisplayMode",
                    "metaType": "string",
                    "metaValue": "2"
                },
                {
                    "metaName": "LayoutPos",
                    "metaType": "string",
                    "metaValue": "755.115 -33.1549"
                }
            ],
            "ports": [
                {
                    "portName": "from",
                    "portDirection": "input",
                    "portType": "float",
                    "portDefault": "30f"
                },
                {
                    "portName": "to",
                    "portDirection": "input",
                    "portType": "float",
                    "portDefault": "120f"
                },
                {
                    "portName": "values",
                    "portDirection": "output",
                    "portType": "array<float>"
                },
                {
                    "portName": "cuts",
                    "portDirection": "input",
                    "portType": "long",
                    "portDefault": "1"
                },
                {
                    "portName": "align_to_head",
                    "portDirection": "output",
                    "portType": "array<float>"
                },
                {
                    "portName": "align_to_end",
                    "portDirection": "output",
                    "portType": "array<float>"
                }
            ],
            "compoundNodes": [
                {
                    "nodeName": "actual_range1",
                    "nodeType": "Core::Math::subtract",
                    "multiInPortNames": [
                        "to",
                        "from"
                    ],
                    "metadata": [
                        {
                            "metaName": "DisplayMode",
                            "metaType": "string",
                            "metaValue": "2"
                        },
                        {
                            "metaName": "LayoutPos",
                            "metaType": "string",
                            "metaValue": "-251.967 -236.57"
                        }
                    ]
                },
                {
                    "nodeName": "cuts",
                    "nodeType": "Core::Graph::pass",
                    "metadata": [
                        {
                            "metaName": "DisplayMode",
                            "metaType": "string",
                            "metaValue": "2"
                        },
                        {
                            "metaName": "LayoutPos",
                            "metaType": "string",
                            "metaValue": "-315.688 215.67"
                        }
                    ]
                },
                {
                    "nodeName": "greater",
                    "nodeType": "Core::Logic::greater",
                    "metadata": [
                        {
                            "metaName": "DisplayMode",
                            "metaType": "string",
                            "metaValue": "2"
                        },
                        {
                            "metaName": "LayoutPos",
                            "metaType": "string",
                            "metaValue": "-62.688 72.6699"
                        }
                    ]
                },
                {
                    "nodeName": "if",
                    "nodeType": "Core::Logic::if",
                    "metadata": [
                        {
                            "metaName": "DisplayMode",
                            "metaType": "string",
                            "metaValue": "2"
                        },
                        {
                            "metaName": "LayoutPos",
                            "metaType": "string",
                            "metaValue": "167.107 169.471"
                        }
                    ]
                },
                {
                    "nodeName": "value7",
                    "valueType": "uint",
                    "metadata": [
                        {
                            "metaName": "DisplayMode",
                            "metaType": "string",
                            "metaValue": "0"
                        },
                        {
                            "metaName": "valuenode_defaultvalue",
                            "metaType": "string",
                            "metaValue": "1"
                        },
                        {
                            "metaName": "LayoutPos",
                            "metaType": "string",
                            "metaValue": "-62.688 288.67"
                        }
                    ]
                },
                {
                    "nodeName": "divide",
                    "nodeType": "Core::Math::divide",
                    "multiInPortNames": [
                        "output1",
                        "output2"
                    ],
                    "metadata": [
                        {
                            "metaName": "DisplayMode",
                            "metaType": "string",
                            "metaValue": "2"
                        },
                        {
                            "metaName": "LayoutPos",
                            "metaType": "string",
                            "metaValue": "824.235 -6.87859"
                        }
                    ]
                },
                {
                    "nodeName": "build_array2",
                    "nodeType": "Core::Array::build_array",
                    "multiInPortNames": [
                        "output",
                        "output1"
                    ],
                    "metadata": [
                        {
                            "metaName": "DisplayMode",
                            "metaType": "string",
                            "metaValue": "2"
                        },
                        {
                            "metaName": "LayoutPos",
                            "metaType": "string",
                            "metaValue": "2238.42 -521.192"
                        }
                    ]
                },
                {
                    "nodeName": "from",
                    "nodeType": "Core::Graph::pass",
                    "metadata": [
                        {
                            "metaName": "DisplayMode",
                            "metaType": "string",
                            "metaValue": "2"
                        },
                        {
                            "metaName": "LayoutPos",
                            "metaType": "string",
                            "metaValue": "1597.65 -497.783"
                        }
                    ]
                },
                {
                    "nodeName": "add",
                    "nodeType": "Core::Math::add",
                    "multiInPortNames": [
                        "output1",
                        "output2"
                    ],
                    "metadata": [
                        {
                            "metaName": "DisplayMode",
                            "metaType": "string",
                            "metaValue": "2"
                        },
                        {
                            "metaName": "LayoutPos",
                            "metaType": "string",
                            "metaValue": "1966.31 -370.018"
                        }
                    ]
                },
                {
                    "nodeName": "to",
                    "nodeType": "Core::Graph::pass",
                    "metadata": [
                        {
                            "metaName": "DisplayMode",
                            "metaType": "string",
                            "metaValue": "2"
                        },
                        {
                            "metaName": "LayoutPos",
                            "metaType": "string",
                            "metaValue": "2731.62 -302.317"
                        }
                    ]
                },
                {
                    "nodeName": "resize_array",
                    "nodeType": "Core::Array::resize_array",
                    "metadata": [
                        {
                            "metaName": "DisplayMode",
                            "metaType": "string",
                            "metaValue": "2"
                        },
                        {
                            "metaName": "LayoutPos",
                            "metaType": "string",
                            "metaValue": "2728.77 -543.419"
                        }
                    ]
                },
                {
                    "nodeName": "array_size",
                    "nodeType": "Core::Array::array_size",
                    "metadata": [
                        {
                            "metaName": "DisplayMode",
                            "metaType": "string",
                            "metaValue": "2"
                        },
                        {
                            "metaName": "LayoutPos",
                            "metaType": "string",
                            "metaValue": "2240.67 -332.862"
                        }
                    ]
                },
                {
                    "nodeName": "build_array3",
                    "nodeType": "Core::Array::build_array",
                    "multiInPortNames": [
                        "resized",
                        "output"
                    ],
                    "metadata": [
                        {
                            "metaName": "DisplayMode",
                            "metaType": "string",
                            "metaValue": "2"
                        },
                        {
                            "metaName": "LayoutPos",
                            "metaType": "string",
                            "metaValue": "3022.82 -456.419"
                        }
                    ]
                },
                {
                    "nodeName": "actual_range",
                    "nodeType": "Core::Graph::pass",
                    "metadata": [
                        {
                            "metaName": "DisplayMode",
                            "metaType": "string",
                            "metaValue": "2"
                        },
                        {
                            "metaName": "LayoutPos",
                            "metaType": "string",
                            "metaValue": "5.07871 -260.534"
                        }
                    ]
                },
                {
                    "nodeName": "to_float",
                    "nodeType": "Core::Type_Conversion::to_float",
                    "metadata": [
                        {
                            "metaName": "DisplayMode",
                            "metaType": "string",
                            "metaValue": "2"
                        },
                        {
                            "metaName": "LayoutPos",
                            "metaType": "string",
                            "metaValue": "1066.02 -30.4484"
                        }
                    ]
                },
                {
                    "nodeName": "value",
                    "valueType": "long",
                    "metadata": [
                        {
                            "metaName": "valuenode_defaultvalue",
                            "metaType": "string",
                            "metaValue": "0"
                        },
                        {
                            "metaName": "DisplayMode",
                            "metaType": "string",
                            "metaValue": "0"
                        },
                        {
                            "metaName": "LayoutPos",
                            "metaType": "string",
                            "metaValue": "-314.326 111.224"
                        }
                    ]
                },
                {
                    "nodeName": "sequence_array",
                    "nodeType": "Core::Array::sequence_array",
                    "metadata": [
                        {
                            "metaName": "DisplayMode",
                            "metaType": "string",
                            "metaValue": "2"
                        },
                        {
                            "metaName": "LayoutPos",
                            "metaType": "string",
                            "metaValue": "1328.26 -98.7252"
                        }
                    ]
                },
                {
                    "nodeName": "decrement",
                    "nodeType": "Core::Math::decrement",
                    "metadata": [
                        {
                            "metaName": "DisplayMode",
                            "metaType": "string",
                            "metaValue": "0"
                        },
                        {
                            "metaName": "LayoutPos",
                            "metaType": "string",
                            "metaValue": "537.768 60.3546"
                        }
                    ]
                },
                {
                    "nodeName": "decrement1",
                    "nodeType": "Core::Math::decrement",
                    "metadata": [
                        {
                            "metaName": "DisplayMode",
                            "metaType": "string",
                            "metaValue": "0"
                        },
                        {
                            "metaName": "LayoutPos",
                            "metaType": "string",
                            "metaValue": "2495 -405.032"
                        }
                    ]
                },
                {
                    "nodeName": "divide1",
                    "nodeType": "Core::Math::divide",
                    "multiInPortNames": [
                        "output1",
                        "output2"
                    ],
                    "metadata": [
                        {
                            "metaName": "DisplayMode",
                            "metaType": "string",
                            "metaValue": "2"
                        },
                        {
                            "metaName": "LayoutPos",
                            "metaType": "string",
                            "metaValue": "839.443 441.774"
                        }
                    ]
                },
                {
                    "nodeName": "to_float1",
                    "nodeType": "Core::Type_Conversion::to_float",
                    "metadata": [
                        {
                            "metaName": "DisplayMode",
                            "metaType": "string",
                            "metaValue": "2"
                        },
                        {
                            "metaName": "LayoutPos",
                            "metaType": "string",
                            "metaValue": "1081.22 418.205"
                        }
                    ]
                },
                {
                    "nodeName": "sequence_array1",
                    "nodeType": "Core::Array::sequence_array",
                    "metadata": [
                        {
                            "metaName": "DisplayMode",
                            "metaType": "string",
                            "metaValue": "2"
                        },
                        {
                            "metaName": "LayoutPos",
                            "metaType": "string",
                            "metaValue": "1341.64 349.928"
                        }
                    ]
                },
                {
                    "nodeName": "add1",
                    "nodeType": "Core::Math::add",
                    "multiInPortNames": [
                        "output1",
                        "sequence"
                    ],
                    "metadata": [
                        {
                            "metaName": "DisplayMode",
                            "metaType": "string",
                            "metaValue": "2"
                        },
                        {
                            "metaName": "LayoutPos",
                            "metaType": "string",
                            "metaValue": "1949.51 304.136"
                        }
                    ]
                },
                {
                    "nodeName": "decrement2",
                    "nodeType": "Core::Math::decrement",
                    "metadata": [
                        {
                            "metaName": "DisplayMode",
                            "metaType": "string",
                            "metaValue": "0"
                        },
                        {
                            "metaName": "LayoutPos",
                            "metaType": "string",
                            "metaValue": "1083.58 306.163"
                        }
                    ]
                },
                {
                    "nodeName": "align_to_head",
                    "nodeType": "Core::Array::build_array",
                    "multiInPortNames": [
                        "output",
                        "output1"
                    ],
                    "metadata": [
                        {
                            "metaName": "DisplayMode",
                            "metaType": "string",
                            "metaValue": "2"
                        },
                        {
                            "metaName": "LayoutPos",
                            "metaType": "string",
                            "metaValue": "3025.36 144.541"
                        }
                    ]
                },
                {
                    "nodeName": "align_to_end",
                    "nodeType": "Core::Array::build_array",
                    "multiInPortNames": [
                        "output",
                        "output1"
                    ],
                    "metadata": [
                        {
                            "metaName": "DisplayMode",
                            "metaType": "string",
                            "metaValue": "2"
                        },
                        {
                            "metaName": "LayoutPos",
                            "metaType": "string",
                            "metaValue": "3030.25 396.21"
                        }
                    ]
                }
            ],
            "connections": [
                {
                    "source": ".to",
                    "target": "actual_range1.first.to"
                },
                {
                    "source": ".from",
                    "target": "actual_range1.first.from"
                },
                {
                    "source": "cuts.output",
                    "target": "greater.first"
                },
                {
                    "source": "greater.output",
                    "target": "if.condition"
                },
                {
                    "source": "cuts.output",
                    "target": "if.true_case"
                },
                {
                    "source": "value7.output",
                    "target": "if.false_case"
                },
                {
                    "source": ".from",
                    "target": "from.input"
                },
                {
                    "source": "from.output",
                    "target": "build_array2.first.output"
                },
                {
                    "source": "from.output",
                    "target": "add.first.output1"
                },
                {
                    "source": "add.output",
                    "target": "build_array2.first.output1"
                },
                {
                    "source": ".to",
                    "target": "to.input"
                },
                {
                    "source": "build_array2.array",
                    "target": "resize_array.array"
                },
                {
                    "source": "resize_array.resized",
                    "target": "build_array3.first.resized"
                },
                {
                    "source": "to.output",
                    "target": "build_array3.first.output"
                },
                {
                    "source": "actual_range1.output",
                    "target": "actual_range.input"
                },
                {
                    "source": "actual_range.output",
                    "target": "divide.first.output1"
                },
                {
                    "source": ".cuts",
                    "target": "cuts.input"
                },
                {
                    "source": "divide.output",
                    "target": "to_float.from"
                },
                {
                    "source": "build_array3.array",
                    "target": ".values"
                },
                {
                    "source": "add.output",
                    "target": "array_size.array"
                },
                {
                    "source": "value.output",
                    "target": "greater.second"
                },
                {
                    "source": "if.output",
                    "target": "sequence_array.size"
                },
                {
                    "source": "to_float.float",
                    "target": "sequence_array.step"
                },
                {
                    "source": "sequence_array.sequence",
                    "target": "add.first.output2"
                },
                {
                    "source": "to_float.float",
                    "target": "sequence_array.start"
                },
                {
                    "source": "if.output",
                    "target": "decrement.value"
                },
                {
                    "source": "decrement.output",
                    "target": "divide.first.output2"
                },
                {
                    "source": "array_size.size",
                    "target": "decrement1.value"
                },
                {
                    "source": "decrement1.output",
                    "target": "resize_array.new_size"
                },
                {
                    "source": "divide1.output",
                    "target": "to_float1.from"
                },
                {
                    "source": "to_float1.float",
                    "target": "sequence_array1.step"
                },
                {
                    "source": "to_float1.float",
                    "target": "sequence_array1.start"
                },
                {
                    "source": "actual_range.output",
                    "target": "divide1.first.output1"
                },
                {
                    "source": "if.output",
                    "target": "divide1.first.output2"
                },
                {
                    "source": "from.output",
                    "target": "add1.first.output1"
                },
                {
                    "source": "sequence_array1.sequence",
                    "target": "add1.first.sequence"
                },
                {
                    "source": "if.output",
                    "target": "decrement2.value"
                },
                {
                    "source": "decrement2.output",
                    "target": "sequence_array1.size"
                },
                {
                    "source": "from.output",
                    "target": "align_to_head.first.output"
                },
                {
                    "source": "add1.output",
                    "target": "align_to_head.first.output1"
                },
                {
                    "source": "add1.output",
                    "target": "align_to_end.first.output"
                },
                {
                    "source": "to.output",
                    "target": "align_to_end.first.output1"
                },
                {
                    "source": "align_to_head.array",
                    "target": ".align_to_head"
                },
                {
                    "source": "align_to_end.array",
                    "target": ".align_to_end"
                }
            ],
            "values": [
                {
                    "valueName": "value7.value",
                    "valueType": "uint",
                    "value": "2U"
                },
                {
                    "valueName": "resize_array.default",
                    "valueType": "float",
                    "value": "0f"
                },
                {
                    "valueName": "value.value",
                    "valueType": "long",
                    "value": "1"
                },
                {
                    "valueName": "decrement.by",
                    "valueType": "char",
                    "value": "1"
                }
            ],
            "reservedNodeNames": [
                {
                    "name": "input"
                },
                {
                    "name": "output"
                }
            ]
        }
    ]
}