{
    "header": {
        "metadata": [
            {
                "metaName": "adskFileFormatVersion",
                "metaValue": "100L"
            }
        ]
    },
    "namespaces": [],
    "types": [],
    "compounds": [
        {
            "name": "BPM::please_1::math::g2m_angle_bisector",
            "uriImported": "stream:/stream",
            "metadata": [
                {
                    "metaName": "io_nodes",
                    "metadata": [
                        {
                            "metaName": "io_inodes",
                            "metadata": [
                                {
                                    "metaName": "input",
                                    "metadata": [
                                        {
                                            "metaName": "DisplayMode",
                                            "metaType": "string",
                                            "metaValue": "2"
                                        },
                                        {
                                            "metaName": "LayoutPos",
                                            "metaType": "string",
                                            "metaValue": "-825.364 -58.6269"
                                        },
                                        {
                                            "metaName": "io_ports",
                                            "metadata": [
                                                {
                                                    "metaName": "vector_a"
                                                },
                                                {
                                                    "metaName": "vector_b"
                                                },
                                                {
                                                    "metaName": "offset"
                                                }
                                            ]
                                        }
                                    ]
                                }
                            ]
                        },
                        {
                            "metaName": "io_onodes",
                            "metadata": [
                                {
                                    "metaName": "output",
                                    "metadata": [
                                        {
                                            "metaName": "DisplayMode",
                                            "metaType": "string",
                                            "metaValue": "2"
                                        },
                                        {
                                            "metaName": "io_ports",
                                            "metadata": [
                                                {
                                                    "metaName": "bisector"
                                                }
                                            ]
                                        },
                                        {
                                            "metaName": "LayoutPos",
                                            "metaType": "string",
                                            "metaValue": "2012.16 -30.3657"
                                        }
                                    ]
                                }
                            ]
                        }
                    ]
                },
                {
                    "metaName": "backdrop",
                    "metadata": [
                        {
                            "metaName": "type",
                            "metaType": "string",
                            "metaValue": "backdrop"
                        },
                        {
                            "metaName": "coords",
                            "metaType": "string",
                            "metaValue": "311.762 -271.644 738.306 406.186"
                        },
                        {
                            "metaName": "text",
                            "metaType": "string",
                            "metaValue": "average"
                        }
                    ]
                },
                {
                    "metaName": "backdrop1",
                    "metadata": [
                        {
                            "metaName": "type",
                            "metaType": "string",
                            "metaValue": "backdrop"
                        },
                        {
                            "metaName": "text",
                            "metaType": "string",
                            "metaValue": "\u5982\u679c\u4e0d\u6a19\u6e96\u5316\uff0c\u5e73\u5747\u7684\u7d50\u679c\u5f88\u53ef\u80fd\u4e0d\u662f\u89d2\u5e73\u5206\u7dda\u3002"
                        },
                        {
                            "metaName": "coords",
                            "metaType": "string",
                            "metaValue": "-147.682 -201.327 320.929 307.488"
                        }
                    ]
                },
                {
                    "metaName": "backdrop2",
                    "metadata": [
                        {
                            "metaName": "type",
                            "metaType": "string",
                            "metaValue": "backdrop"
                        },
                        {
                            "metaName": "coords",
                            "metaType": "string",
                            "metaValue": "1194.91 -231.081 319.466 290.063"
                        },
                        {
                            "metaName": "text",
                            "metaType": "string",
                            "metaValue": "\u5e73\u5747\u5f8c\u7684\u77e2\u91cf\u9577\u5ea6\u5f88\u53ef\u80fd\u4e0d\u662f 1"
                        }
                    ]
                },
                {
                    "metaName": "backdrop3",
                    "metadata": [
                        {
                            "metaName": "type",
                            "metaType": "string",
                            "metaValue": "backdrop"
                        },
                        {
                            "metaName": "coords",
                            "metaType": "string",
                            "metaValue": "-846.843 -193.625 270.51 360.579"
                        },
                        {
                            "metaName": "text",
                            "metaType": "string",
                            "metaValue": "\u5169\u77e2\u91cf\u8d77\u9ede\u4e00\u81f4\uff0c\u4e14\u8655\u65bc\u539f\u9ede 0,0,0"
                        }
                    ]
                },
                {
                    "metaName": "_recentNode_",
                    "metaType": "string",
                    "metaValue": "BifrostGraph,Core::Math,multiply"
                },
                {
                    "metaName": "_recentNode_",
                    "metaType": "string",
                    "metaValue": "BifrostGraph,Core::Array,build_array"
                },
                {
                    "metaName": "_recentNode_",
                    "metaType": "string",
                    "metaValue": "BifrostGraph,Core::Math,add"
                },
                {
                    "metaName": "_recentNode_",
                    "metaType": "string",
                    "metaValue": "BifrostGraph,Core::Math,subtract"
                },
                {
                    "metaName": "_recentNode_",
                    "metaType": "string",
                    "metaValue": "BifrostGraph,Core::Graph,pass"
                },
                {
                    "metaName": "backdrop4",
                    "metadata": [
                        {
                            "metaName": "type",
                            "metaType": "string",
                            "metaValue": "backdrop"
                        },
                        {
                            "metaName": "coords",
                            "metaType": "string",
                            "metaValue": "294.268 -54.6966 446.59 363.254"
                        },
                        {
                            "metaName": "text",
                            "metaType": "string",
                            "metaValue": "\u8a08\u7b97\u89d2\u5e73\u5206\u7dda\u7684\u504f\u79fb\noffset = -1 \u5b8c\u5168\u504f\u79fb\u5230\u7b2c\u4e00\u500b\u77e2\u91cf\uff08\u8207\u5176\u91cd\u758a\uff09\u3002\noffset = 0 \u4e0d\u504f\u79fb\uff08\u771f\u6b63\u7684\u89d2\u5e73\u5206\u7dda\uff09\u3002\noffset = 1 \u5b8c\u5168\u504f\u79fb\u5230\u7b2c\u4e8c\u500b\u77e2\u91cf\uff08\u8207\u5176\u91cd\u758a\uff09\u3002\n\n\u539f\u7406\uff1a\n\u5728\u898f\u683c\u5316\u5f8c\u7684\u77e2\u91cf\u5404\u4e58\u4e00\u500b\u503c\uff0c\n\u6539\u8b8a\u5176\u6bd4\u4f8b\uff0c\u7136\u5f8c\u518d\u8a08\u7b97\u5e73\u5206\u7dda\u3002\n"
                        }
                    ]
                },
                {
                    "metaName": "ViewportRect",
                    "metaType": "string",
                    "metaValue": "-1125.6 -325.127 1229.91 751.611"
                },
                {
                    "metaName": "DisplayMode",
                    "metaType": "string",
                    "metaValue": "2"
                },
                {
                    "metaName": "LayoutPos",
                    "metaType": "string",
                    "metaValue": "960.968 -548.883"
                }
            ],
            "ports": [
                {
                    "portName": "vector_a",
                    "portDirection": "input",
                    "portType": "Math::float3",
                    "portDefault": {
                        "x": "0f",
                        "y": "0f",
                        "z": "0f"
                    }
                },
                {
                    "portName": "vector_b",
                    "portDirection": "input",
                    "portType": "Math::float3",
                    "portDefault": {
                        "x": "0f",
                        "y": "0f",
                        "z": "0f"
                    }
                },
                {
                    "portName": "bisector",
                    "portDirection": "output",
                    "portType": "Math::float3"
                },
                {
                    "portName": "offset",
                    "portDirection": "input",
                    "portType": "float",
                    "portDefault": "0f"
                }
            ],
            "compounds": [
                {
                    "name": "calculate_offset",
                    "uriImported": "stream:/stream",
                    "metadata": [
                        {
                            "metaName": "io_nodes",
                            "metadata": [
                                {
                                    "metaName": "io_inodes",
                                    "metadata": [
                                        {
                                            "metaName": "input",
                                            "metadata": [
                                                {
                                                    "metaName": "io_ports",
                                                    "metadata": [
                                                        {
                                                            "metaName": "normalized"
                                                        },
                                                        {
                                                            "metaName": "offset"
                                                        }
                                                    ]
                                                },
                                                {
                                                    "metaName": "DisplayMode",
                                                    "metaType": "string",
                                                    "metaValue": "2"
                                                },
                                                {
                                                    "metaName": "LayoutPos",
                                                    "metaType": "string",
                                                    "metaValue": "-1307.5 -47.3527"
                                                }
                                            ]
                                        }
                                    ]
                                },
                                {
                                    "metaName": "io_onodes",
                                    "metadata": [
                                        {
                                            "metaName": "output",
                                            "metadata": [
                                                {
                                                    "metaName": "io_ports",
                                                    "metadata": [
                                                        {
                                                            "metaName": "offseted"
                                                        }
                                                    ]
                                                },
                                                {
                                                    "metaName": "DisplayMode",
                                                    "metaType": "string",
                                                    "metaValue": "2"
                                                },
                                                {
                                                    "metaName": "LayoutPos",
                                                    "metaType": "string",
                                                    "metaValue": "375.24 -65.0382"
                                                }
                                            ]
                                        }
                                    ]
                                }
                            ]
                        },
                        {
                            "metaName": "ViewportRect",
                            "metaType": "string",
                            "metaValue": "-1384.34 -189 1615.57 987.291"
                        }
                    ],
                    "ports": [
                        {
                            "portName": "normalized",
                            "portDirection": "input"
                        },
                        {
                            "portName": "offseted",
                            "portDirection": "output"
                        },
                        {
                            "portName": "offset",
                            "portDirection": "input",
                            "portType": "float"
                        }
                    ],
                    "compoundNodes": [
                        {
                            "nodeName": "add",
                            "nodeType": "Core::Math::add",
                            "multiInPortNames": [
                                "output1",
                                "output2"
                            ],
                            "metadata": [
                                {
                                    "metaName": "DisplayMode",
                                    "metaType": "string",
                                    "metaValue": "2"
                                },
                                {
                                    "metaName": "LayoutPos",
                                    "metaType": "string",
                                    "metaValue": "-506.838 292.508"
                                }
                            ]
                        },
                        {
                            "nodeName": "build_array2",
                            "nodeType": "Core::Array::build_array",
                            "multiInPortNames": [
                                "output",
                                "output1"
                            ],
                            "metadata": [
                                {
                                    "metaName": "DisplayMode",
                                    "metaType": "string",
                                    "metaValue": "2"
                                },
                                {
                                    "metaName": "LayoutPos",
                                    "metaType": "string",
                                    "metaValue": "-224.987 143.597"
                                }
                            ]
                        },
                        {
                            "nodeName": "multiply2",
                            "nodeType": "Core::Math::multiply",
                            "multiInPortNames": [
                                "normalized",
                                "array"
                            ],
                            "metadata": [
                                {
                                    "metaName": "DisplayMode",
                                    "metaType": "string",
                                    "metaValue": "2"
                                },
                                {
                                    "metaName": "LayoutPos",
                                    "metaType": "string",
                                    "metaValue": "110.839 -68.0236"
                                }
                            ]
                        },
                        {
                            "nodeName": "offset",
                            "nodeType": "Core::Graph::pass",
                            "metadata": [
                                {
                                    "metaName": "DisplayMode",
                                    "metaType": "string",
                                    "metaValue": "2"
                                },
                                {
                                    "metaName": "LayoutPos",
                                    "metaType": "string",
                                    "metaValue": "-1045.95 35.9539"
                                }
                            ]
                        },
                        {
                            "nodeName": "subtract",
                            "nodeType": "Core::Math::subtract",
                            "multiInPortNames": [
                                "output1",
                                "output2"
                            ],
                            "metadata": [
                                {
                                    "metaName": "DisplayMode",
                                    "metaType": "string",
                                    "metaValue": "2"
                                },
                                {
                                    "metaName": "LayoutPos",
                                    "metaType": "string",
                                    "metaValue": "-510.876 46.0782"
                                }
                            ]
                        },
                        {
                            "nodeName": "value5",
                            "valueType": "float",
                            "metadata": [
                                {
                                    "metaName": "valuenode_defaultvalue",
                                    "metaType": "string",
                                    "metaValue": "0"
                                },
                                {
                                    "metaName": "DisplayMode",
                                    "metaType": "string",
                                    "metaValue": "2"
                                },
                                {
                                    "metaName": "LayoutPos",
                                    "metaType": "string",
                                    "metaValue": "-1042.86 214.919"
                                }
                            ]
                        }
                    ],
                    "connections": [
                        {
                            "source": "offset.output",
                            "target": "add.first.output1"
                        },
                        {
                            "source": "value5.output",
                            "target": "add.first.output2"
                        },
                        {
                            "source": "add.output",
                            "target": "build_array2.first.output1"
                        },
                        {
                            "source": "subtract.output",
                            "target": "build_array2.first.output"
                        },
                        {
                            "source": "build_array2.array",
                            "target": "multiply2.first.array"
                        },
                        {
                            "source": ".normalized",
                            "target": "multiply2.first.normalized"
                        },
                        {
                            "source": "multiply2.output",
                            "target": ".offseted"
                        },
                        {
                            "source": ".offset",
                            "target": "offset.input"
                        },
                        {
                            "source": "offset.output",
                            "target": "subtract.first.output2"
                        },
                        {
                            "source": "value5.output",
                            "target": "subtract.first.output1"
                        }
                    ],
                    "values": [
                        {
                            "valueName": "value5.value",
                            "valueType": "float",
                            "value": "1f"
                        }
                    ],
                    "reservedNodeNames": [
                        {
                            "name": "input"
                        },
                        {
                            "name": "output"
                        }
                    ]
                }
            ],
            "compoundNodes": [
                {
                    "nodeName": "build_array",
                    "nodeType": "Core::Array::build_array",
                    "multiInPortNames": [
                        "output",
                        "output1"
                    ],
                    "metadata": [
                        {
                            "metaName": "DisplayMode",
                            "metaType": "string",
                            "metaValue": "2"
                        },
                        {
                            "metaName": "LayoutPos",
                            "metaType": "string",
                            "metaValue": "-455.621 -148.826"
                        }
                    ]
                },
                {
                    "nodeName": "normalize",
                    "nodeType": "Core::Math::normalize",
                    "metadata": [
                        {
                            "metaName": "DisplayMode",
                            "metaType": "string",
                            "metaValue": "2"
                        },
                        {
                            "metaName": "LayoutPos",
                            "metaType": "string",
                            "metaValue": "-118.372 -173.309"
                        }
                    ]
                },
                {
                    "nodeName": "normalize1",
                    "nodeType": "Core::Math::normalize",
                    "metadata": [
                        {
                            "metaName": "DisplayMode",
                            "metaType": "string",
                            "metaValue": "2"
                        },
                        {
                            "metaName": "LayoutPos",
                            "metaType": "string",
                            "metaValue": "1696.45 -29.7267"
                        }
                    ]
                },
                {
                    "nodeName": "array_size",
                    "nodeType": "Core::Array::array_size",
                    "metadata": [
                        {
                            "metaName": "DisplayMode",
                            "metaType": "string",
                            "metaValue": "2"
                        },
                        {
                            "metaName": "LayoutPos",
                            "metaType": "string",
                            "metaValue": "827.932 -220.972"
                        }
                    ]
                },
                {
                    "nodeName": "convert_to_float",
                    "nodeType": "Core::Type_Conversion::to_float",
                    "metadata": [
                        {
                            "metaName": "DisplayMode",
                            "metaType": "string",
                            "metaValue": "2"
                        },
                        {
                            "metaName": "LayoutPos",
                            "metaType": "string",
                            "metaValue": "1074.93 -243.797"
                        }
                    ]
                },
                {
                    "nodeName": "divide",
                    "nodeType": "Core::Math::divide",
                    "multiInPortNames": [
                        "vecSum",
                        "size"
                    ],
                    "metadata": [
                        {
                            "metaName": "DisplayMode",
                            "metaType": "string",
                            "metaValue": "2"
                        },
                        {
                            "metaName": "LayoutPos",
                            "metaType": "string",
                            "metaValue": "1321.24 -367.587"
                        }
                    ]
                },
                {
                    "nodeName": "sum_array",
                    "nodeType": "Core::Array::sum_array",
                    "metadata": [
                        {
                            "metaName": "DisplayMode",
                            "metaType": "string",
                            "metaValue": "2"
                        },
                        {
                            "metaName": "LayoutPos",
                            "metaType": "string",
                            "metaValue": "1079.89 -432.158"
                        }
                    ]
                },
                {
                    "nodeName": "sum_array1",
                    "nodeType": "Core::Array::sum_array",
                    "metadata": [
                        {
                            "metaName": "DisplayMode",
                            "metaType": "string",
                            "metaValue": "2"
                        },
                        {
                            "metaName": "LayoutPos",
                            "metaType": "string",
                            "metaValue": "956.242 20.022"
                        }
                    ]
                },
                {
                    "nodeName": "half_of",
                    "nodeType": "Core::Math::half_of",
                    "metadata": [
                        {
                            "metaName": "DisplayMode",
                            "metaType": "string",
                            "metaValue": "2"
                        },
                        {
                            "metaName": "LayoutPos",
                            "metaType": "string",
                            "metaValue": "1206.82 -5.2037"
                        }
                    ]
                },
                {
                    "nodeName": "calculate_offset",
                    "nodeType": "calculate_offset",
                    "metadata": [
                        {
                            "metaName": "DisplayMode",
                            "metaType": "string",
                            "metaValue": "2"
                        },
                        {
                            "metaName": "LayoutPos",
                            "metaType": "string",
                            "metaValue": "473.167 40.6611"
                        }
                    ]
                }
            ],
            "connections": [
                {
                    "source": "build_array.array",
                    "target": "normalize.value"
                },
                {
                    "source": "normalize.normalized",
                    "target": "array_size.array"
                },
                {
                    "source": "normalize.normalized",
                    "target": "sum_array.array"
                },
                {
                    "source": "normalize1.normalized",
                    "target": ".bisector"
                },
                {
                    "source": "array_size.size",
                    "target": "convert_to_float.from"
                },
                {
                    "source": "sum_array.sum",
                    "target": "divide.first.vecSum"
                },
                {
                    "source": ".vector_a",
                    "target": "build_array.first.output"
                },
                {
                    "source": ".vector_b",
                    "target": "build_array.first.output1"
                },
                {
                    "source": "convert_to_float.float",
                    "target": "divide.first.size"
                },
                {
                    "source": "sum_array1.sum",
                    "target": "half_of.value"
                },
                {
                    "source": "half_of.half_value",
                    "target": "normalize1.value"
                },
                {
                    "source": "normalize.normalized",
                    "target": "calculate_offset.normalized"
                },
                {
                    "source": "calculate_offset.offseted",
                    "target": "sum_array1.array"
                },
                {
                    "source": ".offset",
                    "target": "calculate_offset.offset"
                }
            ],
            "values": [
                {
                    "valueName": "calculate_offset.normalized",
                    "valueType": "array<Math::float3>",
                    "value": []
                },
                {
                    "valueName": "calculate_offset.offset",
                    "valueType": "float",
                    "value": "0f"
                }
            ],
            "reservedNodeNames": [
                {
                    "name": "input"
                },
                {
                    "name": "output"
                }
            ]
        }
    ]
}