{
    "header": {
        "metadata": [
            {
                "metaName": "adskFileFormatVersion",
                "metaValue": "100L"
            }
        ]
    },
    "namespaces": [],
    "types": [],
    "compounds": [
        {
            "name": "BPM::please_1::math::g2m_triangle_circumradius_SSSr",
            "uriImported": "file:///g2m_triangle_circumradius_SSSr.json",
            "metadata": [
                {
                    "metaName": "documentation",
                    "metaType": "string",
                    "metaValue": "docs/g2m_triangle_circumradius_SSSr.md"
                },
                {
                    "metaName": "icon",
                    "metaType": "string",
                    "metaValue": "icons/g2m_default.png"
                },
                {
                    "metaName": "io_nodes",
                    "metadata": [
                        {
                            "metaName": "io_inodes",
                            "metadata": [
                                {
                                    "metaName": "input",
                                    "metadata": [
                                        {
                                            "metaName": "DisplayMode",
                                            "metaType": "string",
                                            "metaValue": "2"
                                        },
                                        {
                                            "metaName": "LayoutPos",
                                            "metaType": "string",
                                            "metaValue": "-705 -97"
                                        },
                                        {
                                            "metaName": "io_ports",
                                            "metadata": [
                                                {
                                                    "metaName": "side_a"
                                                },
                                                {
                                                    "metaName": "side_b"
                                                },
                                                {
                                                    "metaName": "side_c"
                                                },
                                                {
                                                    "metaName": "inradius_r"
                                                }
                                            ]
                                        }
                                    ]
                                }
                            ]
                        },
                        {
                            "metaName": "io_onodes",
                            "metadata": [
                                {
                                    "metaName": "output",
                                    "metadata": [
                                        {
                                            "metaName": "DisplayMode",
                                            "metaType": "string",
                                            "metaValue": "2"
                                        },
                                        {
                                            "metaName": "io_ports",
                                            "metadata": [
                                                {
                                                    "metaName": "circumradius_R"
                                                }
                                            ]
                                        },
                                        {
                                            "metaName": "LayoutPos",
                                            "metaType": "string",
                                            "metaValue": "1325.78 162.344"
                                        }
                                    ]
                                }
                            ]
                        }
                    ]
                },
                {
                    "metaName": "backdrop",
                    "metadata": [
                        {
                            "metaName": "type",
                            "metaType": "string",
                            "metaValue": "backdrop"
                        },
                        {
                            "metaName": "text",
                            "metaType": "string",
                            "metaValue": "\u8a08\u7b97\u4e09\u89d2\u5f62\u5916\u63a5\u5713\u534a\u5f91\n\n\u53c3\u8003\uff1ahttps://artofproblemsolving.com/wiki/index.php?title=Circumradius\n\n\u516c\u5f0f\uff1a\nCircumradius R = abc / 4rs\n\na,b,c \u662f\u908a\u9577\nr \u662f\u5167\u63a5\u5713\u534a\u5f91 inradius\ns \u662f\u9031\u9577\u7684\u4e00\u534a (a+b+c)/2\n\n"
                        },
                        {
                            "metaName": "coords",
                            "metaType": "string",
                            "metaValue": "339.453 -298.295 794.571 194.138"
                        }
                    ]
                },
                {
                    "metaName": "backdrop1",
                    "metadata": [
                        {
                            "metaName": "type",
                            "metaType": "string",
                            "metaValue": "backdrop"
                        },
                        {
                            "metaName": "text",
                            "metaType": "string",
                            "metaValue": "\u9632\u6b62\u8f38\u51fa NaN \u7121\u6548\u503c\u3002\n\u5982\u679c\u8f38\u5165\u7121\u6548\u503c\uff0c\u5247\u76f4\u63a5\u8f38\u51fa 0 ."
                        },
                        {
                            "metaName": "coords",
                            "metaType": "string",
                            "metaValue": "273.455 362.581 712.218 314.767"
                        }
                    ]
                },
                {
                    "metaName": "_recentNode_",
                    "metaType": "string",
                    "metaValue": "BifrostGraph,Core::Logic,if"
                },
                {
                    "metaName": "_recentNode_",
                    "metaType": "string",
                    "metaValue": "BifrostGraph,Core::Array,build_array"
                },
                {
                    "metaName": "_recentNode_",
                    "metaType": "string",
                    "metaValue": "BifrostGraph,Core::Math,multiply"
                },
                {
                    "metaName": "_recentNode_",
                    "metaType": "string",
                    "metaValue": "BifrostGraph,Core::Constants,float"
                },
                {
                    "metaName": "_recentNode_",
                    "metaType": "string",
                    "metaValue": "BifrostGraph,Core::Math,half_of"
                },
                {
                    "metaName": "ViewportRect",
                    "metaType": "string",
                    "metaValue": "-192.298 -205.209 1551.17 1004.88"
                },
                {
                    "metaName": "DisplayMode",
                    "metaType": "string",
                    "metaValue": "2"
                },
                {
                    "metaName": "LayoutPos",
                    "metaType": "string",
                    "metaValue": "1866.53 552.212"
                }
            ],
            "ports": [
                {
                    "portName": "side_a",
                    "portDirection": "input",
                    "portType": "float"
                },
                {
                    "portName": "side_b",
                    "portDirection": "input",
                    "portType": "float"
                },
                {
                    "portName": "side_c",
                    "portDirection": "input",
                    "portType": "float"
                },
                {
                    "portName": "inradius_r",
                    "portDirection": "input",
                    "portType": "float"
                },
                {
                    "portName": "circumradius_R",
                    "portDirection": "output",
                    "portType": "float"
                }
            ],
            "compoundNodes": [
                {
                    "nodeName": "multiply",
                    "nodeType": "Core::Math::multiply",
                    "multiInPortNames": [
                        "side_a",
                        "side_b",
                        "side_c"
                    ],
                    "metadata": [
                        {
                            "metaName": "DisplayMode",
                            "metaType": "string",
                            "metaValue": "2"
                        },
                        {
                            "metaName": "LayoutPos",
                            "metaType": "string",
                            "metaValue": "-280.5 -414"
                        }
                    ]
                },
                {
                    "nodeName": "divide",
                    "nodeType": "Core::Math::divide",
                    "multiInPortNames": [
                        "output1",
                        "output2"
                    ],
                    "metadata": [
                        {
                            "metaName": "DisplayMode",
                            "metaType": "string",
                            "metaValue": "2"
                        },
                        {
                            "metaName": "LayoutPos",
                            "metaType": "string",
                            "metaValue": "562.5 -79"
                        }
                    ]
                },
                {
                    "nodeName": "add",
                    "nodeType": "Core::Math::add",
                    "multiInPortNames": [
                        "side_a",
                        "side_b",
                        "side_c"
                    ],
                    "metadata": [
                        {
                            "metaName": "DisplayMode",
                            "metaType": "string",
                            "metaValue": "2"
                        },
                        {
                            "metaName": "LayoutPos",
                            "metaType": "string",
                            "metaValue": "-282.5 202"
                        }
                    ]
                },
                {
                    "nodeName": "s",
                    "nodeType": "Core::Math::half_of",
                    "metadata": [
                        {
                            "metaName": "DisplayMode",
                            "metaType": "string",
                            "metaValue": "2"
                        },
                        {
                            "metaName": "LayoutPos",
                            "metaType": "string",
                            "metaValue": "-35.5 179"
                        }
                    ]
                },
                {
                    "nodeName": "value",
                    "valueType": "float",
                    "metadata": [
                        {
                            "metaName": "DisplayMode",
                            "metaType": "string",
                            "metaValue": "2"
                        },
                        {
                            "metaName": "LayoutPos",
                            "metaType": "string",
                            "metaValue": "-281.5 -89"
                        },
                        {
                            "metaName": "valuenode_defaultvalue",
                            "metaType": "string",
                            "metaValue": "4"
                        }
                    ]
                },
                {
                    "nodeName": "multiply1",
                    "nodeType": "Core::Math::multiply",
                    "multiInPortNames": [
                        "output1",
                        "incenter_position",
                        "half_value"
                    ],
                    "metadata": [
                        {
                            "metaName": "DisplayMode",
                            "metaType": "string",
                            "metaValue": "2"
                        },
                        {
                            "metaName": "LayoutPos",
                            "metaType": "string",
                            "metaValue": "244.5 64"
                        }
                    ]
                },
                {
                    "nodeName": "greater",
                    "nodeType": "Core::Logic::greater",
                    "metadata": [
                        {
                            "metaName": "DisplayMode",
                            "metaType": "string",
                            "metaValue": "2"
                        },
                        {
                            "metaName": "LayoutPos",
                            "metaType": "string",
                            "metaValue": "529.581 416.597"
                        }
                    ]
                },
                {
                    "nodeName": "all_true_in_array",
                    "nodeType": "Core::Array::all_true_in_array",
                    "metadata": [
                        {
                            "metaName": "DisplayMode",
                            "metaType": "string",
                            "metaValue": "2"
                        },
                        {
                            "metaName": "LayoutPos",
                            "metaType": "string",
                            "metaValue": "757.931 392.974"
                        }
                    ]
                },
                {
                    "nodeName": "build_array",
                    "nodeType": "Core::Array::build_array",
                    "multiInPortNames": [
                        "side_a",
                        "side_b",
                        "side_c",
                        "inradius_r"
                    ],
                    "metadata": [
                        {
                            "metaName": "DisplayMode",
                            "metaType": "string",
                            "metaValue": "2"
                        },
                        {
                            "metaName": "LayoutPos",
                            "metaType": "string",
                            "metaValue": "285.563 404.69"
                        }
                    ]
                },
                {
                    "nodeName": "if",
                    "nodeType": "Core::Logic::if",
                    "metadata": [
                        {
                            "metaName": "DisplayMode",
                            "metaType": "string",
                            "metaValue": "2"
                        },
                        {
                            "metaName": "LayoutPos",
                            "metaType": "string",
                            "metaValue": "1088.24 161.645"
                        }
                    ]
                }
            ],
            "connections": [
                {
                    "source": "multiply.output",
                    "target": "divide.first.output1"
                },
                {
                    "source": "add.output",
                    "target": "s.value"
                },
                {
                    "source": "value.output",
                    "target": "multiply1.first.output1"
                },
                {
                    "source": "s.half_value",
                    "target": "multiply1.first.half_value"
                },
                {
                    "source": "multiply1.output",
                    "target": "divide.first.output2"
                },
                {
                    "source": ".side_a",
                    "target": "multiply.first.side_a"
                },
                {
                    "source": ".side_a",
                    "target": "add.first.side_a"
                },
                {
                    "source": ".side_b",
                    "target": "multiply.first.side_b"
                },
                {
                    "source": ".side_b",
                    "target": "add.first.side_b"
                },
                {
                    "source": ".side_c",
                    "target": "multiply.first.side_c"
                },
                {
                    "source": ".side_c",
                    "target": "add.first.side_c"
                },
                {
                    "source": ".inradius_r",
                    "target": "multiply1.first.incenter_position"
                },
                {
                    "source": "greater.output",
                    "target": "all_true_in_array.array"
                },
                {
                    "source": ".side_a",
                    "target": "build_array.first.side_a"
                },
                {
                    "source": ".side_b",
                    "target": "build_array.first.side_b"
                },
                {
                    "source": ".side_c",
                    "target": "build_array.first.side_c"
                },
                {
                    "source": ".inradius_r",
                    "target": "build_array.first.inradius_r"
                },
                {
                    "source": "build_array.array",
                    "target": "greater.first"
                },
                {
                    "source": "all_true_in_array.all_true",
                    "target": "if.condition"
                },
                {
                    "source": "divide.output",
                    "target": "if.true_case"
                },
                {
                    "source": "if.output",
                    "target": ".circumradius_R"
                }
            ],
            "values": [
                {
                    "valueName": "value.value",
                    "valueType": "float",
                    "value": "4f"
                }
            ],
            "reservedNodeNames": [
                {
                    "name": "input"
                },
                {
                    "name": "output"
                }
            ]
        }
    ]
}