{
    "header": {
        "metadata": [
            {
                "metaName": "adskFileFormatVersion",
                "metaValue": "100L"
            }
        ]
    },
    "dependencies": [
        {
            "uri": "file:///Core_Array_array_is_empty.json"
        }
    ],
    "namespaces": [],
    "types": [],
    "compounds": [
        {
            "name": "BPM::please_1::array::g2m_array_default_value",
            "metadata": [
                {
                    "metaName": "documentation",
                    "metaType": "string",
                    "metaValue": "docs/g2m_array_default_value.md"
                },
                {
                    "metaName": "icon",
                    "metaType": "string",
                    "metaValue": "icons/g2m_default.png"
                },
                {
                    "metaName": "_recentNode_",
                    "metaType": "string",
                    "metaValue": "BifrostGraph,Core::Constants,float"
                },
                {
                    "metaName": "_recentNode_",
                    "metaType": "string",
                    "metaValue": "BifrostGraph,Core::Array,build_array"
                },
                {
                    "metaName": "_recentNode_",
                    "metaType": "string",
                    "metaValue": "BifrostGraph,Core::Logic,if"
                },
                {
                    "metaName": "_recentNode_",
                    "metaType": "string",
                    "metaValue": "BifrostGraph,Core::Array,array_is_empty"
                },
                {
                    "metaName": "_recentNode_",
                    "metaType": "string",
                    "metaValue": "BifrostGraph,User::G2M,g2m_clamp_min"
                },
                {
                    "metaName": "io_nodes",
                    "metadata": [
                        {
                            "metaName": "io_inodes",
                            "metadata": [
                                {
                                    "metaName": "input",
                                    "metadata": [
                                        {
                                            "metaName": "DisplayMode",
                                            "metaType": "string",
                                            "metaValue": "2"
                                        },
                                        {
                                            "metaName": "LayoutPos",
                                            "metaType": "string",
                                            "metaValue": "10 179"
                                        },
                                        {
                                            "metaName": "io_ports",
                                            "metadata": [
                                                {
                                                    "metaName": "in_array"
                                                },
                                                {
                                                    "metaName": "default_value"
                                                }
                                            ]
                                        }
                                    ]
                                }
                            ]
                        },
                        {
                            "metaName": "io_onodes",
                            "metadata": [
                                {
                                    "metaName": "output",
                                    "metadata": [
                                        {
                                            "metaName": "DisplayMode",
                                            "metaType": "string",
                                            "metaValue": "2"
                                        },
                                        {
                                            "metaName": "LayoutPos",
                                            "metaType": "string",
                                            "metaValue": "1190.55 163.439"
                                        },
                                        {
                                            "metaName": "io_ports",
                                            "metadata": [
                                                {
                                                    "metaName": "out_array"
                                                }
                                            ]
                                        }
                                    ]
                                }
                            ]
                        }
                    ]
                },
                {
                    "metaName": "backdrop",
                    "metadata": [
                        {
                            "metaName": "type",
                            "metaType": "string",
                            "metaValue": "backdrop"
                        },
                        {
                            "metaName": "coords",
                            "metaType": "string",
                            "metaValue": "0 0 1425.55 577.21"
                        },
                        {
                            "metaName": "text",
                            "metaType": "string",
                            "metaValue": "\u5982\u679c\u8f38\u5165\u6578\u7d44\u662f\u7a7a\u7684\uff0c\u5247\u4f7f\u7528\u9ed8\u8a8d\u503c\u3002\n\u9ed8\u8a8d\u503c\u53ef\u4ee5\u662f\u55ae\u6578\u6216\u6578\u7d44\u3002"
                        }
                    ]
                },
                {
                    "metaName": "ViewportRect",
                    "metaType": "string",
                    "metaValue": "-227.713 -259.981 1690.27 972.314"
                },
                {
                    "metaName": "DisplayMode",
                    "metaType": "string",
                    "metaValue": "2"
                },
                {
                    "metaName": "LayoutPos",
                    "metaType": "string",
                    "metaValue": "689.146 474.705"
                }
            ],
            "ports": [
                {
                    "portName": "in_array",
                    "portDirection": "input"
                },
                {
                    "portName": "default_value",
                    "portDirection": "input"
                },
                {
                    "portName": "out_array",
                    "portDirection": "output"
                }
            ],
            "compoundNodes": [
                {
                    "nodeName": "build_array",
                    "nodeType": "Core::Array::build_array",
                    "multiInPortNames": [
                        "port"
                    ],
                    "metadata": [
                        {
                            "metaName": "DisplayMode",
                            "metaType": "string",
                            "metaValue": "2"
                        },
                        {
                            "metaName": "LayoutPos",
                            "metaType": "string",
                            "metaValue": "315 155"
                        }
                    ]
                },
                {
                    "nodeName": "array_is_empty",
                    "nodeType": "Core::Array::array_is_empty",
                    "metadata": [
                        {
                            "metaName": "DisplayMode",
                            "metaType": "string",
                            "metaValue": "2"
                        },
                        {
                            "metaName": "LayoutPos",
                            "metaType": "string",
                            "metaValue": "620 10"
                        }
                    ]
                },
                {
                    "nodeName": "if",
                    "nodeType": "Core::Logic::if",
                    "metadata": [
                        {
                            "metaName": "DisplayMode",
                            "metaType": "string",
                            "metaValue": "2"
                        },
                        {
                            "metaName": "LayoutPos",
                            "metaType": "string",
                            "metaValue": "925 59"
                        }
                    ]
                },
                {
                    "nodeName": "build_array1",
                    "nodeType": "Core::Array::build_array",
                    "multiInPortNames": [
                        "output"
                    ],
                    "metadata": [
                        {
                            "metaName": "DisplayMode",
                            "metaType": "string",
                            "metaValue": "2"
                        },
                        {
                            "metaName": "LayoutPos",
                            "metaType": "string",
                            "metaValue": "627.997 368.21"
                        }
                    ]
                },
                {
                    "nodeName": "value",
                    "valueType": "float",
                    "metadata": [
                        {
                            "metaName": "valuenode_defaultvalue",
                            "metaType": "string",
                            "metaValue": "0"
                        },
                        {
                            "metaName": "DisplayMode",
                            "metaType": "string",
                            "metaValue": "2"
                        },
                        {
                            "metaName": "LayoutPos",
                            "metaType": "string",
                            "metaValue": "321.182 391.535"
                        }
                    ]
                }
            ],
            "connections": [
                {
                    "source": "build_array.array",
                    "target": "array_is_empty.array"
                },
                {
                    "source": "build_array.array",
                    "target": "if.false_case"
                },
                {
                    "source": "array_is_empty.empty",
                    "target": "if.condition"
                },
                {
                    "source": "if.output",
                    "target": ".out_array"
                },
                {
                    "source": "build_array1.array",
                    "target": "if.true_case"
                },
                {
                    "source": "value.output",
                    "target": "build_array1.first.output"
                },
                {
                    "source": ".in_array",
                    "target": "build_array.first.port"
                },
                {
                    "source": ".default_value",
                    "target": "value.value"
                }
            ],
            "values": [
                {
                    "valueName": "value.value",
                    "valueType": "float",
                    "value": "1f"
                }
            ],
            "reservedNodeNames": [
                {
                    "name": "input"
                },
                {
                    "name": "output"
                }
            ]
        }
    ]
}