{
    "header": {
        "metadata": [
            {
                "metaName": "adskFileFormatVersion",
                "metaValue": "100L"
            }
        ]
    },
    "namespaces": [],
    "types": [],
    "compounds": [
        {
            "name": "BPM::please_1::math::g2m_triangle_solver_AAS",
            "uriImported": "stream:/bifrostGraphShape2",
            "metadata": [
                {
                    "metaName": "documentation",
                    "metaType": "string",
                    "metaValue": "docs/g2m_triangle_solver_AAS.md"
                },
                {
                    "metaName": "icon",
                    "metaType": "string",
                    "metaValue": "icons/g2m_default.png"
                },
                {
                    "metaName": "io_nodes",
                    "metadata": [
                        {
                            "metaName": "io_inodes",
                            "metadata": [
                                {
                                    "metaName": "input",
                                    "metadata": [
                                        {
                                            "metaName": "DisplayMode",
                                            "metaType": "string",
                                            "metaValue": "2"
                                        },
                                        {
                                            "metaName": "LayoutPos",
                                            "metaType": "string",
                                            "metaValue": "-747.975 -136.212"
                                        },
                                        {
                                            "metaName": "io_ports",
                                            "metadata": [
                                                {
                                                    "metaName": "angle_A"
                                                },
                                                {
                                                    "metaName": "angle_B"
                                                },
                                                {
                                                    "metaName": "side_a"
                                                }
                                            ]
                                        }
                                    ]
                                }
                            ]
                        },
                        {
                            "metaName": "io_onodes",
                            "metadata": [
                                {
                                    "metaName": "output",
                                    "metadata": [
                                        {
                                            "metaName": "DisplayMode",
                                            "metaType": "string",
                                            "metaValue": "2"
                                        },
                                        {
                                            "metaName": "io_ports",
                                            "metadata": [
                                                {
                                                    "metaName": "angle_C"
                                                },
                                                {
                                                    "metaName": "side_b"
                                                },
                                                {
                                                    "metaName": "side_c"
                                                }
                                            ]
                                        },
                                        {
                                            "metaName": "LayoutPos",
                                            "metaType": "string",
                                            "metaValue": "1488.65 -309.322"
                                        }
                                    ]
                                }
                            ]
                        }
                    ]
                },
                {
                    "metaName": "_recentNode_",
                    "metaType": "string",
                    "metaValue": "BifrostGraph,Core::Logic,if"
                },
                {
                    "metaName": "_recentNode_",
                    "metaType": "string",
                    "metaValue": "BifrostGraph,Core::Array,all_true_in_array"
                },
                {
                    "metaName": "_recentNode_",
                    "metaType": "string",
                    "metaValue": "BifrostGraph,Core::Array,build_array"
                },
                {
                    "metaName": "_recentNode_",
                    "metaType": "string",
                    "metaValue": "BifrostGraph,Core::Logic,greater"
                },
                {
                    "metaName": "_recentNode_",
                    "metaType": "string",
                    "metaValue": "BifrostGraph,Core::Math,multiply"
                },
                {
                    "metaName": "backdrop",
                    "metadata": [
                        {
                            "metaName": "type",
                            "metaType": "string",
                            "metaValue": "backdrop"
                        },
                        {
                            "metaName": "coords",
                            "metaType": "string",
                            "metaValue": "-4.61507 85.3447 712.218 314.767"
                        },
                        {
                            "metaName": "text",
                            "metaType": "string",
                            "metaValue": "\u9632\u6b62\u8f38\u51fa NaN \u7121\u6548\u503c\u3002"
                        }
                    ]
                },
                {
                    "metaName": "ViewportRect",
                    "metaType": "string",
                    "metaValue": "-684.191 -472.954 1724.88 1117.41"
                },
                {
                    "metaName": "DisplayMode",
                    "metaType": "string",
                    "metaValue": "2"
                },
                {
                    "metaName": "LayoutPos",
                    "metaType": "string",
                    "metaValue": "471.09 -139.583"
                }
            ],
            "ports": [
                {
                    "portName": "angle_A",
                    "portDirection": "input",
                    "portType": "float",
                    "portDefault": "0f"
                },
                {
                    "portName": "angle_B",
                    "portDirection": "input",
                    "portType": "float",
                    "portDefault": "0f"
                },
                {
                    "portName": "angle_C",
                    "portDirection": "output"
                },
                {
                    "portName": "side_b",
                    "portDirection": "output"
                },
                {
                    "portName": "side_c",
                    "portDirection": "output"
                },
                {
                    "portName": "side_a",
                    "portDirection": "input",
                    "portType": "float",
                    "portDefault": "0f"
                }
            ],
            "compoundNodes": [
                {
                    "nodeName": "sin",
                    "nodeType": "Core::Math::sin",
                    "metadata": [
                        {
                            "metaName": "DisplayMode",
                            "metaType": "string",
                            "metaValue": "2"
                        },
                        {
                            "metaName": "LayoutPos",
                            "metaType": "string",
                            "metaValue": "-478.247 -329.72"
                        }
                    ]
                },
                {
                    "nodeName": "sin1",
                    "nodeType": "Core::Math::sin",
                    "metadata": [
                        {
                            "metaName": "DisplayMode",
                            "metaType": "string",
                            "metaValue": "2"
                        },
                        {
                            "metaName": "LayoutPos",
                            "metaType": "string",
                            "metaValue": "-53.6531 -136.935"
                        }
                    ]
                },
                {
                    "nodeName": "divide",
                    "nodeType": "Core::Math::divide",
                    "multiInPortNames": [
                        "side_y",
                        "sine"
                    ],
                    "metadata": [
                        {
                            "metaName": "DisplayMode",
                            "metaType": "string",
                            "metaValue": "2"
                        },
                        {
                            "metaName": "LayoutPos",
                            "metaType": "string",
                            "metaValue": "-54.9196 -386.673"
                        }
                    ]
                },
                {
                    "nodeName": "side_b",
                    "nodeType": "Core::Math::multiply",
                    "multiInPortNames": [
                        "output1",
                        "sine"
                    ],
                    "metadata": [
                        {
                            "metaName": "DisplayMode",
                            "metaType": "string",
                            "metaValue": "2"
                        },
                        {
                            "metaName": "LayoutPos",
                            "metaType": "string",
                            "metaValue": "214.882 -284.049"
                        }
                    ]
                },
                {
                    "nodeName": "pi",
                    "nodeType": "Core::Constants::pi",
                    "metadata": [
                        {
                            "metaName": "DisplayMode",
                            "metaType": "string",
                            "metaValue": "2"
                        },
                        {
                            "metaName": "LayoutPos",
                            "metaType": "string",
                            "metaValue": "-77.9839 -697.723"
                        }
                    ]
                },
                {
                    "nodeName": "angle_C",
                    "nodeType": "Core::Math::subtract",
                    "multiInPortNames": [
                        "pi",
                        "angle_A",
                        "angle_B"
                    ],
                    "metadata": [
                        {
                            "metaName": "DisplayMode",
                            "metaType": "string",
                            "metaValue": "2"
                        },
                        {
                            "metaName": "LayoutPos",
                            "metaType": "string",
                            "metaValue": "216.451 -656.38"
                        }
                    ]
                },
                {
                    "nodeName": "sin2",
                    "nodeType": "Core::Math::sin",
                    "metadata": [
                        {
                            "metaName": "DisplayMode",
                            "metaType": "string",
                            "metaValue": "2"
                        },
                        {
                            "metaName": "LayoutPos",
                            "metaType": "string",
                            "metaValue": "468.332 -506.121"
                        }
                    ]
                },
                {
                    "nodeName": "side_c",
                    "nodeType": "Core::Math::multiply",
                    "multiInPortNames": [
                        "sine",
                        "output1"
                    ],
                    "metadata": [
                        {
                            "metaName": "DisplayMode",
                            "metaType": "string",
                            "metaValue": "2"
                        },
                        {
                            "metaName": "LayoutPos",
                            "metaType": "string",
                            "metaValue": "749.896 -429.888"
                        }
                    ]
                },
                {
                    "nodeName": "greater",
                    "nodeType": "Core::Logic::greater",
                    "metadata": [
                        {
                            "metaName": "DisplayMode",
                            "metaType": "string",
                            "metaValue": "2"
                        },
                        {
                            "metaName": "LayoutPos",
                            "metaType": "string",
                            "metaValue": "244.255 118.968"
                        }
                    ]
                },
                {
                    "nodeName": "build_array",
                    "nodeType": "Core::Array::build_array",
                    "multiInPortNames": [
                        "angle_A",
                        "angle_B",
                        "side_a"
                    ],
                    "metadata": [
                        {
                            "metaName": "DisplayMode",
                            "metaType": "string",
                            "metaValue": "2"
                        },
                        {
                            "metaName": "LayoutPos",
                            "metaType": "string",
                            "metaValue": "5.38493 143.112"
                        }
                    ]
                },
                {
                    "nodeName": "all_true_in_array",
                    "nodeType": "Core::Array::all_true_in_array",
                    "metadata": [
                        {
                            "metaName": "DisplayMode",
                            "metaType": "string",
                            "metaValue": "2"
                        },
                        {
                            "metaName": "LayoutPos",
                            "metaType": "string",
                            "metaValue": "472.603 95.3447"
                        }
                    ]
                },
                {
                    "nodeName": "if",
                    "nodeType": "Core::Logic::if",
                    "metadata": [
                        {
                            "metaName": "DisplayMode",
                            "metaType": "string",
                            "metaValue": "2"
                        },
                        {
                            "metaName": "LayoutPos",
                            "metaType": "string",
                            "metaValue": "1127.02 -553.95"
                        }
                    ]
                },
                {
                    "nodeName": "if1",
                    "nodeType": "Core::Logic::if",
                    "metadata": [
                        {
                            "metaName": "DisplayMode",
                            "metaType": "string",
                            "metaValue": "2"
                        },
                        {
                            "metaName": "LayoutPos",
                            "metaType": "string",
                            "metaValue": "1130.14 -15.5315"
                        }
                    ]
                },
                {
                    "nodeName": "if2",
                    "nodeType": "Core::Logic::if",
                    "metadata": [
                        {
                            "metaName": "DisplayMode",
                            "metaType": "string",
                            "metaValue": "2"
                        },
                        {
                            "metaName": "LayoutPos",
                            "metaType": "string",
                            "metaValue": "1129.32 -285.983"
                        }
                    ]
                }
            ],
            "connections": [
                {
                    "source": ".angle_A",
                    "target": "sin.value"
                },
                {
                    "source": ".angle_B",
                    "target": "sin1.value"
                },
                {
                    "source": ".side_a",
                    "target": "divide.first.side_y"
                },
                {
                    "source": "divide.output",
                    "target": "side_b.first.output1"
                },
                {
                    "source": "sin.sine",
                    "target": "divide.first.sine"
                },
                {
                    "source": "sin1.sine",
                    "target": "side_b.first.sine"
                },
                {
                    "source": "pi.pi",
                    "target": "angle_C.first.pi"
                },
                {
                    "source": ".angle_A",
                    "target": "angle_C.first.angle_A"
                },
                {
                    "source": ".angle_B",
                    "target": "angle_C.first.angle_B"
                },
                {
                    "source": "angle_C.output",
                    "target": "sin2.value"
                },
                {
                    "source": "sin2.sine",
                    "target": "side_c.first.sine"
                },
                {
                    "source": "divide.output",
                    "target": "side_c.first.output1"
                },
                {
                    "source": ".angle_A",
                    "target": "build_array.first.angle_A"
                },
                {
                    "source": ".angle_B",
                    "target": "build_array.first.angle_B"
                },
                {
                    "source": ".side_a",
                    "target": "build_array.first.side_a"
                },
                {
                    "source": "build_array.array",
                    "target": "greater.first"
                },
                {
                    "source": "greater.output",
                    "target": "all_true_in_array.array"
                },
                {
                    "source": "all_true_in_array.all_true",
                    "target": "if.condition"
                },
                {
                    "source": "angle_C.output",
                    "target": "if.true_case"
                },
                {
                    "source": "if.output",
                    "target": ".angle_C"
                },
                {
                    "source": "all_true_in_array.all_true",
                    "target": "if1.condition"
                },
                {
                    "source": "side_c.output",
                    "target": "if1.true_case"
                },
                {
                    "source": "if1.output",
                    "target": ".side_c"
                },
                {
                    "source": "all_true_in_array.all_true",
                    "target": "if2.condition"
                },
                {
                    "source": "side_b.output",
                    "target": "if2.true_case"
                },
                {
                    "source": "if2.output",
                    "target": ".side_b"
                }
            ],
            "values": [],
            "reservedNodeNames": [
                {
                    "name": "input"
                },
                {
                    "name": "output"
                }
            ]
        }
    ]
}