{
    "header": {
        "metadata": [
            {
                "metaName": "adskFileFormatVersion",
                "metaValue": "100L"
            }
        ]
    },
    "namespaces": [],
    "types": [],
    "compounds": [
        {
            "name": "BPM::please_1::utility::g2m_camera_plane",
            "uriImported": "stream:/bifrostGraphShape1",
            "metadata": [
                {
                    "metaName": "io_nodes",
                    "metadata": [
                        {
                            "metaName": "io_inodes",
                            "metadata": [
                                {
                                    "metaName": "input",
                                    "metadata": [
                                        {
                                            "metaName": "DisplayMode",
                                            "metaType": "string",
                                            "metaValue": "2"
                                        },
                                        {
                                            "metaName": "LayoutPos",
                                            "metaType": "string",
                                            "metaValue": "-646.909 0.64379"
                                        },
                                        {
                                            "metaName": "io_ports",
                                            "metadata": [
                                                {
                                                    "metaName": "camera_matrix"
                                                },
                                                {
                                                    "metaName": "x_offset"
                                                },
                                                {
                                                    "metaName": "y_offset"
                                                },
                                                {
                                                    "metaName": "z_offset"
                                                }
                                            ]
                                        }
                                    ]
                                }
                            ]
                        },
                        {
                            "metaName": "io_onodes",
                            "metadata": [
                                {
                                    "metaName": "output",
                                    "metadata": [
                                        {
                                            "metaName": "DisplayMode",
                                            "metaType": "string",
                                            "metaValue": "2"
                                        },
                                        {
                                            "metaName": "LayoutPos",
                                            "metaType": "string",
                                            "metaValue": "2968.94 -301.558"
                                        },
                                        {
                                            "metaName": "io_ports",
                                            "metadata": [
                                                {
                                                    "metaName": "camera_position"
                                                },
                                                {
                                                    "metaName": "target_origin"
                                                },
                                                {
                                                    "metaName": "x_plus_local"
                                                },
                                                {
                                                    "metaName": "y_plus_local"
                                                },
                                                {
                                                    "metaName": "offset_position"
                                                }
                                            ]
                                        }
                                    ]
                                }
                            ]
                        }
                    ]
                },
                {
                    "metaName": "_recentNode_",
                    "metaType": "string",
                    "metaValue": "BifrostGraph,Core::Math,rotate_by_quaternion"
                },
                {
                    "metaName": "_recentNode_",
                    "metaType": "string",
                    "metaValue": "BifrostGraph,Core::Math,negate"
                },
                {
                    "metaName": "_recentNode_",
                    "metaType": "string",
                    "metaValue": "BifrostGraph,Core::Constants,float"
                },
                {
                    "metaName": "_recentNode_",
                    "metaType": "string",
                    "metaValue": "BifrostGraph,Core::Graph,pass"
                },
                {
                    "metaName": "_recentNode_",
                    "metaType": "string",
                    "metaValue": "BifrostGraph,Core::Graph,terminal"
                },
                {
                    "metaName": "backdrop",
                    "metadata": [
                        {
                            "metaName": "type",
                            "metaType": "string",
                            "metaValue": "backdrop"
                        },
                        {
                            "metaName": "text",
                            "metaType": "string",
                            "metaValue": "\u8a08\u7b97\u504f\u79fb\u4f4d\u7f6e"
                        },
                        {
                            "metaName": "coords",
                            "metaType": "string",
                            "metaValue": "1957.09 452.663 799.931 846.949"
                        }
                    ]
                },
                {
                    "metaName": "ViewportRect",
                    "metaType": "string",
                    "metaValue": "585.235 -789.382 3540.06 2419.2"
                },
                {
                    "metaName": "DisplayMode",
                    "metaType": "string",
                    "metaValue": "2"
                },
                {
                    "metaName": "LayoutPos",
                    "metaType": "string",
                    "metaValue": "600.763 893.204"
                }
            ],
            "ports": [
                {
                    "portName": "camera_matrix",
                    "portDirection": "input",
                    "portType": "Math::float4x4"
                },
                {
                    "portName": "camera_position",
                    "portDirection": "output",
                    "portType": "Math::float3"
                },
                {
                    "portName": "target_origin",
                    "portDirection": "output",
                    "portType": "Math::float3"
                },
                {
                    "portName": "x_plus_local",
                    "portDirection": "output",
                    "portType": "Math::float3"
                },
                {
                    "portName": "y_plus_local",
                    "portDirection": "output",
                    "portType": "Math::float3"
                },
                {
                    "portName": "x_offset",
                    "portDirection": "input",
                    "portType": "float",
                    "portDefault": "0f"
                },
                {
                    "portName": "y_offset",
                    "portDirection": "input",
                    "portType": "float",
                    "portDefault": "0f"
                },
                {
                    "portName": "offset_position",
                    "portDirection": "output",
                    "portType": "Math::float3"
                },
                {
                    "portName": "z_offset",
                    "portDirection": "input",
                    "portType": "float",
                    "portDefault": "1f"
                }
            ],
            "compounds": [
                {
                    "name": "show_axis_and_position",
                    "uriImported": "stream:/bifrostGraphShape1",
                    "metadata": [
                        {
                            "metaName": "io_nodes",
                            "metadata": [
                                {
                                    "metaName": "io_inodes",
                                    "metadata": [
                                        {
                                            "metaName": "input",
                                            "metadata": [
                                                {
                                                    "metaName": "DisplayMode",
                                                    "metaType": "string",
                                                    "metaValue": "2"
                                                },
                                                {
                                                    "metaName": "LayoutPos",
                                                    "metaType": "string",
                                                    "metaValue": "-450 -60.5"
                                                },
                                                {
                                                    "metaName": "io_ports",
                                                    "metadata": [
                                                        {
                                                            "metaName": "camera_position"
                                                        },
                                                        {
                                                            "metaName": "target_position"
                                                        },
                                                        {
                                                            "metaName": "x_plus_local"
                                                        },
                                                        {
                                                            "metaName": "y_plus_local"
                                                        },
                                                        {
                                                            "metaName": "offset_position"
                                                        }
                                                    ]
                                                }
                                            ]
                                        }
                                    ]
                                },
                                {
                                    "metaName": "io_onodes",
                                    "metadata": [
                                        {
                                            "metaName": "output",
                                            "metadata": [
                                                {
                                                    "metaName": "DisplayMode",
                                                    "metaType": "string",
                                                    "metaValue": "2"
                                                },
                                                {
                                                    "metaName": "LayoutPos",
                                                    "metaType": "string",
                                                    "metaValue": "962.881 -154.644"
                                                }
                                            ]
                                        }
                                    ]
                                }
                            ]
                        },
                        {
                            "metaName": "ViewportRect",
                            "metaType": "string",
                            "metaValue": "-814 -576 2593 1772"
                        },
                        {
                            "metaName": "_recentNode_",
                            "metaType": "string",
                            "metaValue": "BifrostGraph,Modeling::Primitive,create_mesh_sphere"
                        },
                        {
                            "metaName": "_recentNode_",
                            "metaType": "string",
                            "metaValue": "BifrostGraph,Geometry::Mesh,construct_mesh"
                        },
                        {
                            "metaName": "_recentNode_",
                            "metaType": "string",
                            "metaValue": "BifrostGraph,Core::Math,rotate_by_quaternion"
                        },
                        {
                            "metaName": "_recentNode_",
                            "metaType": "string",
                            "metaValue": "BifrostGraph,Modeling::Primitive,create_mesh_plane"
                        },
                        {
                            "metaName": "_recentNode_",
                            "metaType": "string",
                            "metaValue": "BifrostGraph,Core::Math,negate"
                        }
                    ],
                    "ports": [
                        {
                            "portName": "camera_position",
                            "portDirection": "input"
                        },
                        {
                            "portName": "target_position",
                            "portDirection": "input"
                        },
                        {
                            "portName": "x_plus_local",
                            "portDirection": "input"
                        },
                        {
                            "portName": "y_plus_local",
                            "portDirection": "input"
                        },
                        {
                            "portName": "offset_position",
                            "portDirection": "input"
                        }
                    ],
                    "compoundNodes": [
                        {
                            "nodeName": "build_array",
                            "nodeType": "Core::Array::build_array",
                            "multiInPortNames": [
                                "output",
                                "output1",
                                "output2"
                            ],
                            "metadata": [
                                {
                                    "metaName": "DisplayMode",
                                    "metaType": "string",
                                    "metaValue": "2"
                                },
                                {
                                    "metaName": "LayoutPos",
                                    "metaType": "string",
                                    "metaValue": "-70.449 87.0943"
                                }
                            ]
                        },
                        {
                            "nodeName": "build_array1",
                            "nodeType": "Core::Array::build_array",
                            "multiInPortNames": [
                                "output",
                                "output1",
                                "output2"
                            ],
                            "metadata": [
                                {
                                    "metaName": "DisplayMode",
                                    "metaType": "string",
                                    "metaValue": "2"
                                },
                                {
                                    "metaName": "LayoutPos",
                                    "metaType": "string",
                                    "metaValue": "240.121 -63.4563"
                                }
                            ]
                        },
                        {
                            "nodeName": "build_array2",
                            "nodeType": "Core::Array::build_array",
                            "multiInPortNames": [
                                "output",
                                "output1",
                                "output2"
                            ],
                            "metadata": [
                                {
                                    "metaName": "DisplayMode",
                                    "metaType": "string",
                                    "metaValue": "2"
                                },
                                {
                                    "metaName": "LayoutPos",
                                    "metaType": "string",
                                    "metaValue": "193.141 509.738"
                                }
                            ]
                        },
                        {
                            "nodeName": "create_arrow_strands",
                            "nodeType": "Modeling::Strands::create_arrow_strands",
                            "metadata": [
                                {
                                    "metaName": "DisplayMode",
                                    "metaType": "string",
                                    "metaValue": "2"
                                },
                                {
                                    "metaName": "LayoutPos",
                                    "metaType": "string",
                                    "metaValue": "598.116 56.2683"
                                }
                            ]
                        },
                        {
                            "nodeName": "terminal",
                            "nodeType": "Core::Graph::terminal",
                            "fanInPortNames": {
                                "final": [],
                                "proxy": [],
                                "diagnostic": [
                                    "strands",
                                    "sphere_mesh"
                                ]
                            },
                            "deactivatedTerminals": [
                                "Core::Graph::terminal::final",
                                "Core::Graph::terminal::proxy"
                            ],
                            "metadata": [
                                {
                                    "metaName": "DisplayMode",
                                    "metaType": "string",
                                    "metaValue": "2"
                                },
                                {
                                    "metaName": "LayoutPos",
                                    "metaType": "string",
                                    "metaValue": "949.156 8.30333"
                                }
                            ]
                        },
                        {
                            "nodeName": "value2",
                            "valueType": "Math::float3",
                            "metadata": [
                                {
                                    "metaName": "DisplayMode",
                                    "metaType": "string",
                                    "metaValue": "2"
                                },
                                {
                                    "metaName": "valuenode_defaultvalue",
                                    "metaType": "string",
                                    "metaValue": "0"
                                },
                                {
                                    "metaName": "valuenode_defaultvalue",
                                    "metaType": "string",
                                    "metaValue": "0"
                                },
                                {
                                    "metaName": "valuenode_defaultvalue",
                                    "metaType": "string",
                                    "metaValue": "0"
                                },
                                {
                                    "metaName": "LayoutPos",
                                    "metaType": "string",
                                    "metaValue": "-70.439 397.113"
                                }
                            ]
                        },
                        {
                            "nodeName": "value3",
                            "valueType": "Math::float3",
                            "metadata": [
                                {
                                    "metaName": "DisplayMode",
                                    "metaType": "string",
                                    "metaValue": "2"
                                },
                                {
                                    "metaName": "valuenode_defaultvalue",
                                    "metaType": "string",
                                    "metaValue": "1"
                                },
                                {
                                    "metaName": "valuenode_defaultvalue",
                                    "metaType": "string",
                                    "metaValue": "0"
                                },
                                {
                                    "metaName": "valuenode_defaultvalue",
                                    "metaType": "string",
                                    "metaValue": "0"
                                },
                                {
                                    "metaName": "LayoutPos",
                                    "metaType": "string",
                                    "metaValue": "-69.699 557.8"
                                }
                            ]
                        },
                        {
                            "nodeName": "value4",
                            "valueType": "Math::float3",
                            "metadata": [
                                {
                                    "metaName": "DisplayMode",
                                    "metaType": "string",
                                    "metaValue": "2"
                                },
                                {
                                    "metaName": "valuenode_defaultvalue",
                                    "metaType": "string",
                                    "metaValue": "0"
                                },
                                {
                                    "metaName": "valuenode_defaultvalue",
                                    "metaType": "string",
                                    "metaValue": "1"
                                },
                                {
                                    "metaName": "valuenode_defaultvalue",
                                    "metaType": "string",
                                    "metaValue": "0"
                                },
                                {
                                    "metaName": "LayoutPos",
                                    "metaType": "string",
                                    "metaValue": "-71.809 720.89"
                                }
                            ]
                        },
                        {
                            "nodeName": "create_mesh_sphere",
                            "nodeType": "Modeling::Primitive::create_mesh_sphere",
                            "metadata": [
                                {
                                    "metaName": "DisplayMode",
                                    "metaType": "string",
                                    "metaValue": "2"
                                },
                                {
                                    "metaName": "PortExpandedState",
                                    "metadata": [
                                        {
                                            "metaName": "Transform",
                                            "metaType": "string",
                                            "metaValue": "1"
                                        }
                                    ]
                                },
                                {
                                    "metaName": "LayoutPos",
                                    "metaType": "string",
                                    "metaValue": "596.5 359"
                                }
                            ]
                        }
                    ],
                    "connections": [
                        {
                            "source": ".camera_position",
                            "target": "build_array.first.output"
                        },
                        {
                            "source": ".target_position",
                            "target": "build_array.first.output1"
                        },
                        {
                            "source": ".target_position",
                            "target": "build_array.first.output2"
                        },
                        {
                            "source": "build_array.array",
                            "target": "create_arrow_strands.start_positions"
                        },
                        {
                            "source": ".target_position",
                            "target": "build_array1.first.output"
                        },
                        {
                            "source": ".x_plus_local",
                            "target": "build_array1.first.output1"
                        },
                        {
                            "source": ".y_plus_local",
                            "target": "build_array1.first.output2"
                        },
                        {
                            "source": "build_array1.array",
                            "target": "create_arrow_strands.end_positions"
                        },
                        {
                            "source": "value2.output",
                            "target": "build_array2.first.output"
                        },
                        {
                            "source": "value3.output",
                            "target": "build_array2.first.output1"
                        },
                        {
                            "source": "value4.output",
                            "target": "build_array2.first.output2"
                        },
                        {
                            "source": "build_array2.array",
                            "target": "create_arrow_strands.colors"
                        },
                        {
                            "source": "create_arrow_strands.strands",
                            "target": "terminal.diagnostic.strands"
                        },
                        {
                            "source": ".offset_position",
                            "target": "create_mesh_sphere.position"
                        },
                        {
                            "source": "create_mesh_sphere.sphere_mesh",
                            "target": "terminal.diagnostic.sphere_mesh"
                        }
                    ],
                    "values": [
                        {
                            "valueName": "create_arrow_strands.arrowhead_size",
                            "valueType": "float",
                            "value": "0.100000001f"
                        },
                        {
                            "valueName": "create_arrow_strands.stem_width_ratio",
                            "valueType": "float",
                            "value": "0.100000001f"
                        },
                        {
                            "valueName": "value2.value",
                            "valueType": "Math::float3",
                            "value": {
                                "x": "0f",
                                "y": "0f",
                                "z": "0f"
                            }
                        },
                        {
                            "valueName": "value3.value",
                            "valueType": "Math::float3",
                            "value": {
                                "x": "1f",
                                "y": "0f",
                                "z": "0f"
                            }
                        },
                        {
                            "valueName": "value4.value",
                            "valueType": "Math::float3",
                            "value": {
                                "x": "0f",
                                "y": "1f",
                                "z": "0f"
                            }
                        },
                        {
                            "valueName": "create_mesh_sphere.radius",
                            "valueType": "float",
                            "value": "0.100000001f"
                        }
                    ],
                    "reservedNodeNames": [
                        {
                            "name": "input"
                        },
                        {
                            "name": "output"
                        }
                    ]
                }
            ],
            "compoundNodes": [
                {
                    "nodeName": "value",
                    "valueType": "Math::float3",
                    "metadata": [
                        {
                            "metaName": "DisplayMode",
                            "metaType": "string",
                            "metaValue": "2"
                        },
                        {
                            "metaName": "valuenode_defaultvalue",
                            "metaType": "string",
                            "metaValue": "0"
                        },
                        {
                            "metaName": "valuenode_defaultvalue",
                            "metaType": "string",
                            "metaValue": "1"
                        },
                        {
                            "metaName": "valuenode_defaultvalue",
                            "metaType": "string",
                            "metaValue": "0"
                        },
                        {
                            "metaName": "LayoutPos",
                            "metaType": "string",
                            "metaValue": "816.88 -467.722"
                        }
                    ]
                },
                {
                    "nodeName": "z_plus",
                    "nodeType": "Core::Math::normalize",
                    "metadata": [
                        {
                            "metaName": "DisplayMode",
                            "metaType": "string",
                            "metaValue": "2"
                        },
                        {
                            "metaName": "LayoutPos",
                            "metaType": "string",
                            "metaValue": "1064.84 -221.551"
                        }
                    ]
                },
                {
                    "nodeName": "x_plus",
                    "nodeType": "Core::Math::cross",
                    "metadata": [
                        {
                            "metaName": "DisplayMode",
                            "metaType": "string",
                            "metaValue": "2"
                        },
                        {
                            "metaName": "LayoutPos",
                            "metaType": "string",
                            "metaValue": "1322.91 -343.792"
                        }
                    ]
                },
                {
                    "nodeName": "y_plus",
                    "nodeType": "Core::Math::cross",
                    "metadata": [
                        {
                            "metaName": "DisplayMode",
                            "metaType": "string",
                            "metaValue": "2"
                        },
                        {
                            "metaName": "LayoutPos",
                            "metaType": "string",
                            "metaValue": "1572.49 -246.274"
                        }
                    ]
                },
                {
                    "nodeName": "matrix_to_SRT",
                    "nodeType": "Core::Math::matrix_to_SRT",
                    "metadata": [
                        {
                            "metaName": "DisplayMode",
                            "metaType": "string",
                            "metaValue": "2"
                        },
                        {
                            "metaName": "LayoutPos",
                            "metaType": "string",
                            "metaValue": "-320.556 -70.9287"
                        }
                    ]
                },
                {
                    "nodeName": "value1",
                    "valueType": "Math::float3",
                    "metadata": [
                        {
                            "metaName": "DisplayMode",
                            "metaType": "string",
                            "metaValue": "2"
                        },
                        {
                            "metaName": "LayoutPos",
                            "metaType": "string",
                            "metaValue": "-37.1325 -206.079"
                        },
                        {
                            "metaName": "PortExpandedState",
                            "metadata": [
                                {
                                    "metaName": "value",
                                    "metaType": "string",
                                    "metaValue": "0"
                                }
                            ]
                        },
                        {
                            "metaName": "valuenode_defaultvalue",
                            "metaType": "string",
                            "metaValue": "0"
                        },
                        {
                            "metaName": "valuenode_defaultvalue",
                            "metaType": "string",
                            "metaValue": "0"
                        },
                        {
                            "metaName": "valuenode_defaultvalue",
                            "metaType": "string",
                            "metaValue": "-1"
                        }
                    ]
                },
                {
                    "nodeName": "rotate_by_quaternion",
                    "nodeType": "Core::Math::rotate_by_quaternion",
                    "metadata": [
                        {
                            "metaName": "DisplayMode",
                            "metaType": "string",
                            "metaValue": "2"
                        },
                        {
                            "metaName": "LayoutPos",
                            "metaType": "string",
                            "metaValue": "212.042 -188.12"
                        }
                    ]
                },
                {
                    "nodeName": "target_origin",
                    "nodeType": "Core::Math::add",
                    "multiInPortNames": [
                        "rotated_vector",
                        "translation"
                    ],
                    "metadata": [
                        {
                            "metaName": "DisplayMode",
                            "metaType": "string",
                            "metaValue": "2"
                        },
                        {
                            "metaName": "LayoutPos",
                            "metaType": "string",
                            "metaValue": "515.332 74.3635"
                        }
                    ]
                },
                {
                    "nodeName": "camera_position",
                    "nodeType": "Core::Graph::pass",
                    "metadata": [
                        {
                            "metaName": "DisplayMode",
                            "metaType": "string",
                            "metaValue": "2"
                        },
                        {
                            "metaName": "LayoutPos",
                            "metaType": "string",
                            "metaValue": "-38.8939 5.12325"
                        }
                    ]
                },
                {
                    "nodeName": "subtract1",
                    "nodeType": "Core::Math::subtract",
                    "multiInPortNames": [
                        "output1",
                        "output2"
                    ],
                    "metadata": [
                        {
                            "metaName": "DisplayMode",
                            "metaType": "string",
                            "metaValue": "2"
                        },
                        {
                            "metaName": "LayoutPos",
                            "metaType": "string",
                            "metaValue": "814.684 -197.888"
                        }
                    ]
                },
                {
                    "nodeName": "x_plus_local",
                    "nodeType": "Core::Math::add",
                    "multiInPortNames": [
                        "cross_product",
                        "output1"
                    ],
                    "metadata": [
                        {
                            "metaName": "DisplayMode",
                            "metaType": "string",
                            "metaValue": "2"
                        },
                        {
                            "metaName": "LayoutPos",
                            "metaType": "string",
                            "metaValue": "1326.23 46.8302"
                        }
                    ]
                },
                {
                    "nodeName": "y_plus_local",
                    "nodeType": "Core::Math::add",
                    "multiInPortNames": [
                        "cross_product",
                        "output1"
                    ],
                    "metadata": [
                        {
                            "metaName": "DisplayMode",
                            "metaType": "string",
                            "metaValue": "2"
                        },
                        {
                            "metaName": "LayoutPos",
                            "metaType": "string",
                            "metaValue": "1564.12 192.659"
                        }
                    ]
                },
                {
                    "nodeName": "show_axis_and_position",
                    "nodeType": "show_axis_and_position",
                    "metadata": [
                        {
                            "metaName": "DisplayMode",
                            "metaType": "string",
                            "metaValue": "2"
                        },
                        {
                            "metaName": "LayoutPos",
                            "metaType": "string",
                            "metaValue": "2970.59 -20.9496"
                        }
                    ]
                },
                {
                    "nodeName": "negate",
                    "nodeType": "Core::Math::negate",
                    "metadata": [
                        {
                            "metaName": "DisplayMode",
                            "metaType": "string",
                            "metaValue": "2"
                        },
                        {
                            "metaName": "LayoutPos",
                            "metaType": "string",
                            "metaValue": "-319.596 -267.174"
                        }
                    ]
                },
                {
                    "nodeName": "rotate_by_quaternion1",
                    "nodeType": "Core::Math::rotate_by_quaternion",
                    "metadata": [
                        {
                            "metaName": "DisplayMode",
                            "metaType": "string",
                            "metaValue": "2"
                        },
                        {
                            "metaName": "LayoutPos",
                            "metaType": "string",
                            "metaValue": "1064.03 -421.196"
                        }
                    ]
                },
                {
                    "nodeName": "subtract",
                    "nodeType": "Core::Math::subtract",
                    "multiInPortNames": [
                        "x_plus_local",
                        "target_origin"
                    ],
                    "metadata": [
                        {
                            "metaName": "DisplayMode",
                            "metaType": "string",
                            "metaValue": "2"
                        },
                        {
                            "metaName": "LayoutPos",
                            "metaType": "string",
                            "metaValue": "2000.57 503.044"
                        }
                    ]
                },
                {
                    "nodeName": "value2",
                    "valueType": "float",
                    "metadata": [
                        {
                            "metaName": "valuenode_defaultvalue",
                            "metaType": "string",
                            "metaValue": "0"
                        },
                        {
                            "metaName": "DisplayMode",
                            "metaType": "string",
                            "metaValue": "2"
                        },
                        {
                            "metaName": "LayoutPos",
                            "metaType": "string",
                            "metaValue": "1995.06 714.206"
                        }
                    ]
                },
                {
                    "nodeName": "multiply",
                    "nodeType": "Core::Math::multiply",
                    "multiInPortNames": [
                        "x_plus_local",
                        "output1"
                    ],
                    "metadata": [
                        {
                            "metaName": "DisplayMode",
                            "metaType": "string",
                            "metaValue": "2"
                        },
                        {
                            "metaName": "LayoutPos",
                            "metaType": "string",
                            "metaValue": "2247.49 578.338"
                        }
                    ]
                },
                {
                    "nodeName": "subtract2",
                    "nodeType": "Core::Math::subtract",
                    "multiInPortNames": [
                        "y_plus_local",
                        "target_origin"
                    ],
                    "metadata": [
                        {
                            "metaName": "DisplayMode",
                            "metaType": "string",
                            "metaValue": "2"
                        },
                        {
                            "metaName": "LayoutPos",
                            "metaType": "string",
                            "metaValue": "1998.02 901.698"
                        }
                    ]
                },
                {
                    "nodeName": "multiply1",
                    "nodeType": "Core::Math::multiply",
                    "multiInPortNames": [
                        "output1",
                        "output2"
                    ],
                    "metadata": [
                        {
                            "metaName": "DisplayMode",
                            "metaType": "string",
                            "metaValue": "2"
                        },
                        {
                            "metaName": "LayoutPos",
                            "metaType": "string",
                            "metaValue": "2244.93 976.988"
                        }
                    ]
                },
                {
                    "nodeName": "add",
                    "nodeType": "Core::Math::add",
                    "multiInPortNames": [
                        "output1",
                        "output2",
                        "target_origin"
                    ],
                    "metadata": [
                        {
                            "metaName": "DisplayMode",
                            "metaType": "string",
                            "metaValue": "2"
                        },
                        {
                            "metaName": "LayoutPos",
                            "metaType": "string",
                            "metaValue": "2504.07 756.189"
                        }
                    ]
                },
                {
                    "nodeName": "value3",
                    "valueType": "float",
                    "metadata": [
                        {
                            "metaName": "valuenode_defaultvalue",
                            "metaType": "string",
                            "metaValue": "0"
                        },
                        {
                            "metaName": "DisplayMode",
                            "metaType": "string",
                            "metaValue": "2"
                        },
                        {
                            "metaName": "LayoutPos",
                            "metaType": "string",
                            "metaValue": "1992.51 1111.62"
                        }
                    ]
                }
            ],
            "connections": [
                {
                    "source": "z_plus.normalized",
                    "target": "x_plus.second"
                },
                {
                    "source": "z_plus.normalized",
                    "target": "y_plus.first"
                },
                {
                    "source": "x_plus.cross_product",
                    "target": "y_plus.second"
                },
                {
                    "source": ".camera_matrix",
                    "target": "matrix_to_SRT.transform"
                },
                {
                    "source": "matrix_to_SRT.quaternion",
                    "target": "rotate_by_quaternion.quaternion"
                },
                {
                    "source": "value1.output",
                    "target": "rotate_by_quaternion.vector"
                },
                {
                    "source": "rotate_by_quaternion.rotated_vector",
                    "target": "target_origin.first.rotated_vector"
                },
                {
                    "source": "matrix_to_SRT.translation",
                    "target": "camera_position.input"
                },
                {
                    "source": "camera_position.output",
                    "target": "target_origin.first.translation"
                },
                {
                    "source": "camera_position.output",
                    "target": "subtract1.first.output1"
                },
                {
                    "source": "target_origin.output",
                    "target": "subtract1.first.output2"
                },
                {
                    "source": "subtract1.output",
                    "target": "z_plus.value"
                },
                {
                    "source": "x_plus.cross_product",
                    "target": "x_plus_local.first.cross_product"
                },
                {
                    "source": "target_origin.output",
                    "target": "x_plus_local.first.output1"
                },
                {
                    "source": "y_plus.cross_product",
                    "target": "y_plus_local.first.cross_product"
                },
                {
                    "source": "target_origin.output",
                    "target": "y_plus_local.first.output1"
                },
                {
                    "source": "camera_position.output",
                    "target": "show_axis_and_position.camera_position"
                },
                {
                    "source": "target_origin.output",
                    "target": "show_axis_and_position.target_position"
                },
                {
                    "source": "x_plus_local.output",
                    "target": "show_axis_and_position.x_plus_local"
                },
                {
                    "source": "y_plus_local.output",
                    "target": "show_axis_and_position.y_plus_local"
                },
                {
                    "source": ".z_offset",
                    "target": "negate.value"
                },
                {
                    "source": "negate.negated",
                    "target": "value1.value.z"
                },
                {
                    "source": "target_origin.output",
                    "target": ".target_origin"
                },
                {
                    "source": "camera_position.output",
                    "target": ".camera_position"
                },
                {
                    "source": "x_plus_local.output",
                    "target": ".x_plus_local"
                },
                {
                    "source": "y_plus_local.output",
                    "target": ".y_plus_local"
                },
                {
                    "source": "matrix_to_SRT.quaternion",
                    "target": "rotate_by_quaternion1.quaternion"
                },
                {
                    "source": "value.output",
                    "target": "rotate_by_quaternion1.vector"
                },
                {
                    "source": "rotate_by_quaternion1.rotated_vector",
                    "target": "x_plus.first"
                },
                {
                    "source": "subtract.output",
                    "target": "multiply.first.x_plus_local"
                },
                {
                    "source": "value2.output",
                    "target": "multiply.first.output1"
                },
                {
                    "source": "multiply.output",
                    "target": "add.first.output1"
                },
                {
                    "source": "subtract2.output",
                    "target": "multiply1.first.output1"
                },
                {
                    "source": "multiply1.output",
                    "target": "add.first.output2"
                },
                {
                    "source": "value3.output",
                    "target": "multiply1.first.output2"
                },
                {
                    "source": "x_plus_local.output",
                    "target": "subtract.first.x_plus_local"
                },
                {
                    "source": "target_origin.output",
                    "target": "subtract.first.target_origin"
                },
                {
                    "source": "y_plus_local.output",
                    "target": "subtract2.first.y_plus_local"
                },
                {
                    "source": "target_origin.output",
                    "target": "subtract2.first.target_origin"
                },
                {
                    "source": "target_origin.output",
                    "target": "add.first.target_origin"
                },
                {
                    "source": ".x_offset",
                    "target": "value2.value"
                },
                {
                    "source": ".y_offset",
                    "target": "value3.value"
                },
                {
                    "source": "add.output",
                    "target": ".offset_position"
                },
                {
                    "source": "add.output",
                    "target": "show_axis_and_position.offset_position"
                }
            ],
            "values": [
                {
                    "valueName": "value.value",
                    "valueType": "Math::float3",
                    "value": {
                        "x": "0f",
                        "y": "1f",
                        "z": "0f"
                    }
                },
                {
                    "valueName": "value1.value",
                    "valueType": "Math::float3",
                    "value": {
                        "x": "0f",
                        "y": "0f",
                        "z": "-1f"
                    }
                },
                {
                    "valueName": "show_axis_and_position.camera_position",
                    "valueType": "Math::float3",
                    "value": {
                        "x": "0f",
                        "y": "0f",
                        "z": "0f"
                    }
                },
                {
                    "valueName": "value2.value",
                    "valueType": "float",
                    "value": "0f"
                },
                {
                    "valueName": "value3.value",
                    "valueType": "float",
                    "value": "0f"
                }
            ],
            "reservedNodeNames": [
                {
                    "name": "input"
                },
                {
                    "name": "output"
                }
            ]
        }
    ]
}