{
    "header": {
        "metadata": [
            {
                "metaName": "adskFileFormatVersion",
                "metaValue": "100L"
            }
        ]
    },
    "namespaces": [],
    "types": [],
    "compounds": [
        {
            "name": "BPM::please_1::math::g2m_triangle_centriod",
            "uriImported": "file:///g2m_triangle_centriod.json",
            "metadata": [
                {
                    "metaName": "documentation",
                    "metaType": "string",
                    "metaValue": "docs/g2m_triangle_centriod.md"
                },
                {
                    "metaName": "icon",
                    "metaType": "string",
                    "metaValue": "icons/g2m_default.png"
                },
                {
                    "metaName": "io_nodes",
                    "metadata": [
                        {
                            "metaName": "io_inodes",
                            "metadata": [
                                {
                                    "metaName": "input",
                                    "metadata": [
                                        {
                                            "metaName": "DisplayMode",
                                            "metaType": "string",
                                            "metaValue": "2"
                                        },
                                        {
                                            "metaName": "LayoutPos",
                                            "metaType": "string",
                                            "metaValue": "-704 -84"
                                        },
                                        {
                                            "metaName": "io_ports",
                                            "metadata": [
                                                {
                                                    "metaName": "point_a"
                                                },
                                                {
                                                    "metaName": "point_b"
                                                },
                                                {
                                                    "metaName": "point_c"
                                                }
                                            ]
                                        }
                                    ]
                                }
                            ]
                        },
                        {
                            "metaName": "io_onodes",
                            "metadata": [
                                {
                                    "metaName": "output",
                                    "metadata": [
                                        {
                                            "metaName": "DisplayMode",
                                            "metaType": "string",
                                            "metaValue": "2"
                                        },
                                        {
                                            "metaName": "LayoutPos",
                                            "metaType": "string",
                                            "metaValue": "962.24 -114.37"
                                        },
                                        {
                                            "metaName": "io_ports",
                                            "metadata": [
                                                {
                                                    "metaName": "centriod"
                                                }
                                            ]
                                        }
                                    ]
                                }
                            ]
                        }
                    ]
                },
                {
                    "metaName": "backdrop",
                    "metadata": [
                        {
                            "metaName": "type",
                            "metaType": "string",
                            "metaValue": "backdrop"
                        },
                        {
                            "metaName": "text",
                            "metaType": "string",
                            "metaValue": "\u8a08\u7b97\u4e09\u89d2\u5f62\u7684\u91cd\u5fc3 (Centriod) \uff0c\u4e5f\u53eb\u8cea\u5fc3\u3002\n\n\u53c3\u8003\uff1ahttps://www.study-together.com/edu/secondary/form3_maths/centers-of-triangles/\n\nx=(x1+x2+x3)/3\ny=(y1+y2+y3)/3\nz=(z1+z2+z3)/3\n "
                        },
                        {
                            "metaName": "coords",
                            "metaType": "string",
                            "metaValue": "439.549 -372.056 610.33 150.871"
                        }
                    ]
                },
                {
                    "metaName": "ViewportRect",
                    "metaType": "string",
                    "metaValue": "-763.046 -673.13 1873.1 994.037"
                },
                {
                    "metaName": "DisplayMode",
                    "metaType": "string",
                    "metaValue": "2"
                },
                {
                    "metaName": "LayoutPos",
                    "metaType": "string",
                    "metaValue": "740.748 -671.16"
                }
            ],
            "ports": [
                {
                    "portName": "point_a",
                    "portDirection": "input",
                    "portType": "Math::float3"
                },
                {
                    "portName": "point_b",
                    "portDirection": "input",
                    "portType": "Math::float3"
                },
                {
                    "portName": "point_c",
                    "portDirection": "input",
                    "portType": "Math::float3"
                },
                {
                    "portName": "centriod",
                    "portDirection": "output",
                    "portType": "Math::float3"
                }
            ],
            "compoundNodes": [
                {
                    "nodeName": "vector3_to_scalar",
                    "nodeType": "Core::Conversion::vector3_to_scalar",
                    "metadata": [
                        {
                            "metaName": "DisplayMode",
                            "metaType": "string",
                            "metaValue": "2"
                        },
                        {
                            "metaName": "LayoutPos",
                            "metaType": "string",
                            "metaValue": "-361.101 -361.057"
                        }
                    ]
                },
                {
                    "nodeName": "vector3_to_scalar1",
                    "nodeType": "Core::Conversion::vector3_to_scalar",
                    "metadata": [
                        {
                            "metaName": "DisplayMode",
                            "metaType": "string",
                            "metaValue": "2"
                        },
                        {
                            "metaName": "LayoutPos",
                            "metaType": "string",
                            "metaValue": "-358.5 -131"
                        }
                    ]
                },
                {
                    "nodeName": "vector3_to_scalar2",
                    "nodeType": "Core::Conversion::vector3_to_scalar",
                    "metadata": [
                        {
                            "metaName": "DisplayMode",
                            "metaType": "string",
                            "metaValue": "2"
                        },
                        {
                            "metaName": "LayoutPos",
                            "metaType": "string",
                            "metaValue": "-353.5 104"
                        }
                    ]
                },
                {
                    "nodeName": "add",
                    "nodeType": "Core::Math::add",
                    "multiInPortNames": [
                        "x",
                        "x1",
                        "x2"
                    ],
                    "metadata": [
                        {
                            "metaName": "DisplayMode",
                            "metaType": "string",
                            "metaValue": "2"
                        },
                        {
                            "metaName": "LayoutPos",
                            "metaType": "string",
                            "metaValue": "97.5 -383"
                        }
                    ]
                },
                {
                    "nodeName": "add1",
                    "nodeType": "Core::Math::add",
                    "multiInPortNames": [
                        "y",
                        "y1",
                        "y2"
                    ],
                    "metadata": [
                        {
                            "metaName": "DisplayMode",
                            "metaType": "string",
                            "metaValue": "2"
                        },
                        {
                            "metaName": "LayoutPos",
                            "metaType": "string",
                            "metaValue": "96.5 -151"
                        }
                    ]
                },
                {
                    "nodeName": "add2",
                    "nodeType": "Core::Math::add",
                    "multiInPortNames": [
                        "z",
                        "z1",
                        "z2"
                    ],
                    "metadata": [
                        {
                            "metaName": "DisplayMode",
                            "metaType": "string",
                            "metaValue": "2"
                        },
                        {
                            "metaName": "LayoutPos",
                            "metaType": "string",
                            "metaValue": "96.5 85"
                        }
                    ]
                },
                {
                    "nodeName": "scalar_to_vector3",
                    "nodeType": "Core::Conversion::scalar_to_vector3",
                    "metadata": [
                        {
                            "metaName": "DisplayMode",
                            "metaType": "string",
                            "metaValue": "2"
                        },
                        {
                            "metaName": "LayoutPos",
                            "metaType": "string",
                            "metaValue": "417.666 -196.144"
                        }
                    ]
                },
                {
                    "nodeName": "divide",
                    "nodeType": "Core::Math::divide",
                    "multiInPortNames": [
                        "vector3",
                        "output1"
                    ],
                    "metadata": [
                        {
                            "metaName": "DisplayMode",
                            "metaType": "string",
                            "metaValue": "2"
                        },
                        {
                            "metaName": "LayoutPos",
                            "metaType": "string",
                            "metaValue": "689.666 -114.144"
                        }
                    ]
                },
                {
                    "nodeName": "value",
                    "valueType": "float",
                    "metadata": [
                        {
                            "metaName": "DisplayMode",
                            "metaType": "string",
                            "metaValue": "2"
                        },
                        {
                            "metaName": "LayoutPos",
                            "metaType": "string",
                            "metaValue": "418.666 17.8558"
                        },
                        {
                            "metaName": "valuenode_defaultvalue",
                            "metaType": "string",
                            "metaValue": "3"
                        }
                    ]
                }
            ],
            "connections": [
                {
                    "source": "vector3_to_scalar.x",
                    "target": "add.first.x"
                },
                {
                    "source": "vector3_to_scalar1.x",
                    "target": "add.first.x1"
                },
                {
                    "source": "vector3_to_scalar2.x",
                    "target": "add.first.x2"
                },
                {
                    "source": "vector3_to_scalar.y",
                    "target": "add1.first.y"
                },
                {
                    "source": "vector3_to_scalar1.y",
                    "target": "add1.first.y1"
                },
                {
                    "source": "vector3_to_scalar2.y",
                    "target": "add1.first.y2"
                },
                {
                    "source": "vector3_to_scalar.z",
                    "target": "add2.first.z"
                },
                {
                    "source": "vector3_to_scalar1.z",
                    "target": "add2.first.z1"
                },
                {
                    "source": "vector3_to_scalar2.z",
                    "target": "add2.first.z2"
                },
                {
                    "source": "add.output",
                    "target": "scalar_to_vector3.x"
                },
                {
                    "source": "add1.output",
                    "target": "scalar_to_vector3.y"
                },
                {
                    "source": "add2.output",
                    "target": "scalar_to_vector3.z"
                },
                {
                    "source": "scalar_to_vector3.vector3",
                    "target": "divide.first.vector3"
                },
                {
                    "source": "value.output",
                    "target": "divide.first.output1"
                },
                {
                    "source": ".point_a",
                    "target": "vector3_to_scalar.vector3"
                },
                {
                    "source": ".point_b",
                    "target": "vector3_to_scalar1.vector3"
                },
                {
                    "source": ".point_c",
                    "target": "vector3_to_scalar2.vector3"
                },
                {
                    "source": "divide.output",
                    "target": ".centriod"
                }
            ],
            "values": [
                {
                    "valueName": "value.value",
                    "valueType": "float",
                    "value": "3f"
                }
            ],
            "reservedNodeNames": [
                {
                    "name": "input"
                },
                {
                    "name": "output"
                }
            ]
        }
    ]
}