{
    "header": {
        "metadata": [
            {
                "metaName": "adskFileFormatVersion",
                "metaValue": "100L"
            }
        ]
    },
    "namespaces": [],
    "types": [],
    "compounds": [
        {
            "name": "BPM::please_1::utility::g2m_slider",
            "uriImported": "stream:/stream",
            "metadata": [
                {
                    "metaName": "documentation",
                    "metaType": "string",
                    "metaValue": "docs/g2m_slider.md"
                },
                {
                    "metaName": "icon",
                    "metaType": "string",
                    "metaValue": "icons/g2m_default.png"
                },
                {
                    "metaName": "io_nodes",
                    "metadata": [
                        {
                            "metaName": "io_inodes",
                            "metadata": [
                                {
                                    "metaName": "input",
                                    "metadata": [
                                        {
                                            "metaName": "DisplayMode",
                                            "metaType": "string",
                                            "metaValue": "2"
                                        },
                                        {
                                            "metaName": "LayoutPos",
                                            "metaType": "string",
                                            "metaValue": "-1198.08 180.539"
                                        },
                                        {
                                            "metaName": "io_ports",
                                            "metadata": [
                                                {
                                                    "metaName": "data_array"
                                                },
                                                {
                                                    "metaName": "parallel_slider"
                                                },
                                                {
                                                    "metaName": "parallel_abs_slider"
                                                },
                                                {
                                                    "metaName": "sequence_slider"
                                                },
                                                {
                                                    "metaName": "sequence_delay"
                                                }
                                            ]
                                        }
                                    ]
                                }
                            ]
                        },
                        {
                            "metaName": "io_onodes",
                            "metadata": [
                                {
                                    "metaName": "output",
                                    "metadata": [
                                        {
                                            "metaName": "DisplayMode",
                                            "metaType": "string",
                                            "metaValue": "2"
                                        },
                                        {
                                            "metaName": "LayoutPos",
                                            "metaType": "string",
                                            "metaValue": "1891.7 -402.264"
                                        },
                                        {
                                            "metaName": "io_ports",
                                            "metadata": [
                                                {
                                                    "metaName": "parallel"
                                                },
                                                {
                                                    "metaName": "parallel_abs"
                                                },
                                                {
                                                    "metaName": "sequence"
                                                },
                                                {
                                                    "metaName": "combine"
                                                }
                                            ]
                                        }
                                    ]
                                },
                                {
                                    "metaName": "output1",
                                    "metadata": [
                                        {
                                            "metaName": "DisplayMode",
                                            "metaType": "string",
                                            "metaValue": "2"
                                        },
                                        {
                                            "metaName": "LayoutPos",
                                            "metaType": "string",
                                            "metaValue": "1671.61 1438.45"
                                        },
                                        {
                                            "metaName": "io_ports"
                                        }
                                    ]
                                }
                            ]
                        }
                    ]
                },
                {
                    "metaName": "backdrop1",
                    "metadata": [
                        {
                            "metaName": "type",
                            "metaType": "string",
                            "metaValue": "backdrop"
                        },
                        {
                            "metaName": "coords",
                            "metaType": "string",
                            "metaValue": "-149.571 -642.703 676.166 357.146"
                        },
                        {
                            "metaName": "text",
                            "metaType": "string",
                            "metaValue": "\u6309\u767e\u5206\u6bd4\u589e\u9577"
                        }
                    ]
                },
                {
                    "metaName": "backdrop2",
                    "metadata": [
                        {
                            "metaName": "type",
                            "metaType": "string",
                            "metaValue": "backdrop"
                        },
                        {
                            "metaName": "text",
                            "metaType": "string",
                            "metaValue": "\u6309\u7d55\u5c0d\u503c\u589e\u9577"
                        },
                        {
                            "metaName": "coords",
                            "metaType": "string",
                            "metaValue": "-157.085 -148.752 1050.93 592.249"
                        }
                    ]
                },
                {
                    "metaName": "backdrop3",
                    "metadata": [
                        {
                            "metaName": "type",
                            "metaType": "string",
                            "metaValue": "backdrop"
                        },
                        {
                            "metaName": "coords",
                            "metaType": "string",
                            "metaValue": "-745.107 64.3952 259.263 303.689"
                        },
                        {
                            "metaName": "text",
                            "metaType": "string",
                            "metaValue": "\u6b64\u7bc0\u9ede\u7684\u76ee\u7684\u662f\u9632\u6b62 auto \u985e\u578b\u7684\u7aef\u53e3\n\u5728\u6c92\u6709\u9023\u63a5\u6642\u81ea\u52d5\u8f49\u70ba\u201d\u975e\u6578\u7d44\u201c\u800c\u5831\u8b66\u3002"
                        },
                        {
                            "metaName": "color",
                            "metaType": "string",
                            "metaValue": "#535a6d"
                        }
                    ]
                },
                {
                    "metaName": "backdrop4",
                    "metadata": [
                        {
                            "metaName": "type",
                            "metaType": "string",
                            "metaValue": "backdrop"
                        },
                        {
                            "metaName": "coords",
                            "metaType": "string",
                            "metaValue": "-1255.45 -97.5292 358.235 563.954"
                        },
                        {
                            "metaName": "text",
                            "metaType": "string",
                            "metaValue": "\u7d66\u8f38\u5165\u7684\u6578\u7d44\u52a0\u4e00\u500b\u4e58\u6cd5\u7528\u65bc\u52d5\u756b\u3002\n\n\u8f38\u5165\uff1a\nint_or_float_array: [0.2, 0.4, 0.6, 0.8, 1.0]\nparallel_slider: \u6578\u7d44\u6309\u767e\u5206\u6bd4\u540c\u6642\u589e\u6e1b\nparallel_abs_slider: \u6578\u7d44\u6309\u7d55\u5c0d\u503c\u540c\u6642\u589e\u6e1b\nsequence_slider: \u6578\u7d44\u6309\u6392\u5e8f\u589e\u6e1b\n\n\u8f38\u51fa\uff1a\nout_parallel: "
                        }
                    ]
                },
                {
                    "metaName": "_recentNode_",
                    "metaType": "string",
                    "metaValue": "BifrostGraph,Core::Math,min"
                },
                {
                    "metaName": "_recentNode_",
                    "metaType": "string",
                    "metaValue": "BifrostGraph,Core::Array,sum_array"
                },
                {
                    "metaName": "_recentNode_",
                    "metaType": "string",
                    "metaValue": "BifrostGraph,Core::Math,multiply"
                },
                {
                    "metaName": "_recentNode_",
                    "metaType": "string",
                    "metaValue": "BifrostGraph,Core::Math,add"
                },
                {
                    "metaName": "_recentNode_",
                    "metaType": "string",
                    "metaValue": "output"
                },
                {
                    "metaName": "ViewportRect",
                    "metaType": "string",
                    "metaValue": "-647.747 299.736 1189.51 844.54"
                },
                {
                    "metaName": "DisplayMode",
                    "metaType": "string",
                    "metaValue": "2"
                },
                {
                    "metaName": "LayoutPos",
                    "metaType": "string",
                    "metaValue": "-297 -318"
                }
            ],
            "ports": [
                {
                    "portName": "data_array",
                    "portDirection": "input"
                },
                {
                    "portName": "parallel_slider",
                    "portDirection": "input",
                    "portType": "float",
                    "portDefault": "1f"
                },
                {
                    "portName": "parallel",
                    "portDirection": "output"
                },
                {
                    "portName": "parallel_abs_slider",
                    "portDirection": "input",
                    "portType": "float",
                    "portDefault": "1f"
                },
                {
                    "portName": "sequence_slider",
                    "portDirection": "input",
                    "portType": "float",
                    "portDefault": "1f"
                },
                {
                    "portName": "parallel_abs",
                    "portDirection": "output"
                },
                {
                    "portName": "sequence",
                    "portDirection": "output"
                },
                {
                    "portName": "combine",
                    "portDirection": "output"
                },
                {
                    "portName": "sequence_delay",
                    "portDirection": "input",
                    "portType": "float",
                    "portDefault": "0.100000001f"
                }
            ],
            "compounds": [
                {
                    "name": "for_each2",
                    "uriImported": "stream:/stream",
                    "metadata": [
                        {
                            "metaName": "icon",
                            "metaType": "string",
                            "metaValue": "<NATIVE>../icons/LoopForEach.svg"
                        },
                        {
                            "metaName": "icon",
                            "metaType": "string",
                            "metaValue": "<NATIVE>../icons/LoopForEach.svg"
                        },
                        {
                            "metaName": "icon",
                            "metaType": "string",
                            "metaValue": "<NATIVE>../icons/LoopForEach.svg"
                        },
                        {
                            "metaName": "_recentNode_",
                            "metaType": "string",
                            "metaValue": "BifrostGraph,Core::Logic,greater_or_equal"
                        },
                        {
                            "metaName": "_recentNode_",
                            "metaType": "string",
                            "metaValue": "BifrostGraph,Core::Logic,if"
                        },
                        {
                            "metaName": "_recentNode_",
                            "metaType": "string",
                            "metaValue": "BifrostGraph,Core::Logic,greater"
                        },
                        {
                            "metaName": "_recentNode_",
                            "metaType": "string",
                            "metaValue": "BifrostGraph,Core::Math,subtract"
                        },
                        {
                            "metaName": "_recentNode_",
                            "metaType": "string",
                            "metaValue": "BifrostGraph,Core::Iterators,for_each"
                        },
                        {
                            "metaName": "ViewportRect",
                            "metaType": "string",
                            "metaValue": "-837 -514 1593 846"
                        },
                        {
                            "metaName": "io_nodes",
                            "metadata": [
                                {
                                    "metaName": "io_inodes",
                                    "metadata": [
                                        {
                                            "metaName": "input",
                                            "metadata": [
                                                {
                                                    "metaName": "DisplayMode",
                                                    "metaType": "string",
                                                    "metaValue": "2"
                                                },
                                                {
                                                    "metaName": "LayoutPos",
                                                    "metaType": "string",
                                                    "metaValue": "-818 -118"
                                                },
                                                {
                                                    "metaName": "io_ports",
                                                    "metadata": [
                                                        {
                                                            "metaName": "current_index"
                                                        },
                                                        {
                                                            "metaName": "float_array"
                                                        },
                                                        {
                                                            "metaName": "slider_value"
                                                        }
                                                    ]
                                                }
                                            ]
                                        }
                                    ]
                                },
                                {
                                    "metaName": "io_onodes",
                                    "metadata": [
                                        {
                                            "metaName": "output",
                                            "metadata": [
                                                {
                                                    "metaName": "DisplayMode",
                                                    "metaType": "string",
                                                    "metaValue": "2"
                                                },
                                                {
                                                    "metaName": "LayoutPos",
                                                    "metaType": "string",
                                                    "metaValue": "522 -48"
                                                },
                                                {
                                                    "metaName": "io_ports",
                                                    "metadata": [
                                                        {
                                                            "metaName": "output"
                                                        }
                                                    ]
                                                }
                                            ]
                                        }
                                    ]
                                }
                            ]
                        }
                    ],
                    "ports": [
                        {
                            "portName": "current_index",
                            "portDirection": "input",
                            "portType": "long",
                            "portIterationCounter": "true"
                        },
                        {
                            "portName": "float_array",
                            "portDirection": "input",
                            "portIterationTarget": "true"
                        },
                        {
                            "portName": "slider_value",
                            "portDirection": "input"
                        },
                        {
                            "portName": "output",
                            "portDirection": "output",
                            "portIterationTarget": "true"
                        }
                    ],
                    "compoundNodes": [
                        {
                            "nodeName": "subtract",
                            "nodeType": "Core::Math::subtract",
                            "multiInPortNames": [
                                "slider_value",
                                "float_array"
                            ],
                            "metadata": [
                                {
                                    "metaName": "DisplayMode",
                                    "metaType": "string",
                                    "metaValue": "2"
                                },
                                {
                                    "metaName": "LayoutPos",
                                    "metaType": "string",
                                    "metaValue": "-384.5 -330"
                                }
                            ]
                        },
                        {
                            "nodeName": "if",
                            "nodeType": "Core::Logic::if",
                            "metadata": [
                                {
                                    "metaName": "DisplayMode",
                                    "metaType": "string",
                                    "metaValue": "2"
                                },
                                {
                                    "metaName": "LayoutPos",
                                    "metaType": "string",
                                    "metaValue": "222.5 -377"
                                }
                            ]
                        },
                        {
                            "nodeName": "greater_or_equal",
                            "nodeType": "Core::Logic::greater_or_equal",
                            "metadata": [
                                {
                                    "metaName": "DisplayMode",
                                    "metaType": "string",
                                    "metaValue": "2"
                                },
                                {
                                    "metaName": "LayoutPos",
                                    "metaType": "string",
                                    "metaValue": "-89.5 -379"
                                }
                            ]
                        }
                    ],
                    "connections": [
                        {
                            "source": "subtract.output",
                            "target": "greater_or_equal.first"
                        },
                        {
                            "source": "if.output",
                            "target": ".output"
                        },
                        {
                            "source": "greater_or_equal.output",
                            "target": "if.condition"
                        },
                        {
                            "source": ".float_array",
                            "target": "subtract.first.float_array"
                        },
                        {
                            "source": ".float_array",
                            "target": "if.true_case"
                        },
                        {
                            "source": ".slider_value",
                            "target": "subtract.first.slider_value"
                        },
                        {
                            "source": ".slider_value",
                            "target": "if.false_case"
                        }
                    ],
                    "values": [],
                    "reservedNodeNames": [
                        {
                            "name": "input"
                        },
                        {
                            "name": "output"
                        }
                    ],
                    "forEachCompound": {
                        "ports": []
                    }
                },
                {
                    "name": "calculate_sequence",
                    "uriImported": "stream:/stream",
                    "metadata": [
                        {
                            "metaName": "io_nodes",
                            "metadata": [
                                {
                                    "metaName": "io_inodes",
                                    "metadata": [
                                        {
                                            "metaName": "input",
                                            "metadata": [
                                                {
                                                    "metaName": "DisplayMode",
                                                    "metaType": "string",
                                                    "metaValue": "2"
                                                },
                                                {
                                                    "metaName": "LayoutPos",
                                                    "metaType": "string",
                                                    "metaValue": "-2055.57 929.084"
                                                },
                                                {
                                                    "metaName": "io_ports",
                                                    "metadata": [
                                                        {
                                                            "metaName": "input_data"
                                                        },
                                                        {
                                                            "metaName": "sequence_slider"
                                                        },
                                                        {
                                                            "metaName": "sequence_delay"
                                                        }
                                                    ]
                                                }
                                            ]
                                        }
                                    ]
                                },
                                {
                                    "metaName": "io_onodes",
                                    "metadata": [
                                        {
                                            "metaName": "output",
                                            "metadata": [
                                                {
                                                    "metaName": "DisplayMode",
                                                    "metaType": "string",
                                                    "metaValue": "2"
                                                },
                                                {
                                                    "metaName": "io_ports",
                                                    "metadata": [
                                                        {
                                                            "metaName": "result"
                                                        }
                                                    ]
                                                },
                                                {
                                                    "metaName": "LayoutPos",
                                                    "metaType": "string",
                                                    "metaValue": "1254.25 831.354"
                                                }
                                            ]
                                        }
                                    ]
                                }
                            ]
                        },
                        {
                            "metaName": "backdrop",
                            "metadata": [
                                {
                                    "metaName": "type",
                                    "metaType": "string",
                                    "metaValue": "backdrop"
                                },
                                {
                                    "metaName": "coords",
                                    "metaType": "string",
                                    "metaValue": "-1462.64 1032.52 847.323 504.96"
                                },
                                {
                                    "metaName": "text",
                                    "metaType": "string",
                                    "metaValue": "\u6309\u7e3d\u503c\u7684\u767e\u5206\u6bd4\u589e\u5927\u539f\u6578\u64da\uff0c\u8b8a\u76f8\u64f4\u5927\u4e86\u6ed1\u52d5\u7bc4\u570d\u3002"
                                }
                            ]
                        },
                        {
                            "metaName": "backdrop1",
                            "metadata": [
                                {
                                    "metaName": "type",
                                    "metaType": "string",
                                    "metaValue": "backdrop"
                                },
                                {
                                    "metaName": "coords",
                                    "metaType": "string",
                                    "metaValue": "511.734 770.91 436.619 305.514"
                                },
                                {
                                    "metaName": "text",
                                    "metaType": "string",
                                    "metaValue": "\u53d6\u539f\u503c\u8207\u6ed1\u52d5\u503c\u7684\u6700\u5c0f\u503c\u4f5c\u70ba\u8f38\u51fa\u3002\n* \u6ed1\u52d5\u7bc4\u570d\u5927\uff0c\u8f38\u51fa\u4e0d\u8b8a\uff0c\u5be6\u73fe\u300c\u5ef6\u9072\u300d\u3002"
                                }
                            ]
                        },
                        {
                            "metaName": "_recentNode_",
                            "metaType": "string",
                            "metaValue": "BifrostGraph,Core::FCurve,evaluate_fcurve"
                        },
                        {
                            "metaName": "_recentNode_",
                            "metaType": "string",
                            "metaValue": "BifrostGraph,Core::Fields,fcurve_field"
                        },
                        {
                            "metaName": "_recentNode_",
                            "metaType": "string",
                            "metaValue": "BifrostGraph,Core::Math,min"
                        },
                        {
                            "metaName": "_recentNode_",
                            "metaType": "string",
                            "metaValue": "BifrostGraph,Core::Array,sum_array"
                        },
                        {
                            "metaName": "_recentNode_",
                            "metaType": "string",
                            "metaValue": "BifrostGraph,Core::Math,multiply"
                        },
                        {
                            "metaName": "ViewportRect",
                            "metaType": "string",
                            "metaValue": "-87.3092 807.928 1185.9 841.974"
                        }
                    ],
                    "ports": [
                        {
                            "portName": "input_data",
                            "portDirection": "input"
                        },
                        {
                            "portName": "sequence_slider",
                            "portDirection": "input",
                            "portType": "float"
                        },
                        {
                            "portName": "result",
                            "portDirection": "output"
                        },
                        {
                            "portName": "sequence_delay",
                            "portDirection": "input",
                            "portType": "float"
                        }
                    ],
                    "compounds": [
                        {
                            "name": "for_each",
                            "uriImported": "stream:/stream",
                            "metadata": [
                                {
                                    "metaName": "icon",
                                    "metaType": "string",
                                    "metaValue": "<NATIVE>../icons/LoopForEach.svg"
                                },
                                {
                                    "metaName": "icon",
                                    "metaType": "string",
                                    "metaValue": "<NATIVE>../icons/LoopForEach.svg"
                                },
                                {
                                    "metaName": "icon",
                                    "metaType": "string",
                                    "metaValue": "<NATIVE>../icons/LoopForEach.svg"
                                },
                                {
                                    "metaName": "_recentNode_",
                                    "metaType": "string",
                                    "metaValue": "BifrostGraph,Core::Array,get_from_array"
                                },
                                {
                                    "metaName": "_recentNode_",
                                    "metaType": "string",
                                    "metaValue": "BifrostGraph,Core::Logic,if"
                                },
                                {
                                    "metaName": "_recentNode_",
                                    "metaType": "string",
                                    "metaValue": "BifrostGraph,Core::Logic,greater"
                                },
                                {
                                    "metaName": "_recentNode_",
                                    "metaType": "string",
                                    "metaValue": "BifrostGraph,Core::Math,decrement"
                                },
                                {
                                    "metaName": "_recentNode_",
                                    "metaType": "string",
                                    "metaValue": "BifrostGraph,Core::Math,change_range"
                                },
                                {
                                    "metaName": "io_nodes",
                                    "metadata": [
                                        {
                                            "metaName": "io_inodes",
                                            "metadata": [
                                                {
                                                    "metaName": "input",
                                                    "metadata": [
                                                        {
                                                            "metaName": "DisplayMode",
                                                            "metaType": "string",
                                                            "metaValue": "2"
                                                        },
                                                        {
                                                            "metaName": "LayoutPos",
                                                            "metaType": "string",
                                                            "metaValue": "-1001 -110.5"
                                                        },
                                                        {
                                                            "metaName": "io_ports",
                                                            "metadata": [
                                                                {
                                                                    "metaName": "max_iterations"
                                                                },
                                                                {
                                                                    "metaName": "current_index"
                                                                },
                                                                {
                                                                    "metaName": "original"
                                                                },
                                                                {
                                                                    "metaName": "cumulative"
                                                                },
                                                                {
                                                                    "metaName": "slider_value"
                                                                }
                                                            ]
                                                        }
                                                    ]
                                                }
                                            ]
                                        },
                                        {
                                            "metaName": "io_onodes",
                                            "metadata": [
                                                {
                                                    "metaName": "output",
                                                    "metadata": [
                                                        {
                                                            "metaName": "DisplayMode",
                                                            "metaType": "string",
                                                            "metaValue": "2"
                                                        },
                                                        {
                                                            "metaName": "LayoutPos",
                                                            "metaType": "string",
                                                            "metaValue": "789.567 -171.08"
                                                        },
                                                        {
                                                            "metaName": "io_ports",
                                                            "metadata": [
                                                                {
                                                                    "metaName": "result"
                                                                }
                                                            ]
                                                        }
                                                    ]
                                                }
                                            ]
                                        }
                                    ]
                                },
                                {
                                    "metaName": "ViewportRect",
                                    "metaType": "string",
                                    "metaValue": "-459.386 -489.96 1336.96 949.225"
                                }
                            ],
                            "ports": [
                                {
                                    "portName": "max_iterations",
                                    "portDirection": "input",
                                    "portType": "long",
                                    "portIterationLimit": "true"
                                },
                                {
                                    "portName": "current_index",
                                    "portDirection": "input",
                                    "portType": "long",
                                    "portIterationCounter": "true"
                                },
                                {
                                    "portName": "original",
                                    "portDirection": "input"
                                },
                                {
                                    "portName": "cumulative",
                                    "portDirection": "input"
                                },
                                {
                                    "portName": "slider_value",
                                    "portDirection": "input"
                                },
                                {
                                    "portName": "result",
                                    "portDirection": "output",
                                    "portIterationTarget": "true"
                                }
                            ],
                            "compoundNodes": [
                                {
                                    "nodeName": "change_range",
                                    "nodeType": "Core::Math::change_range",
                                    "metadata": [
                                        {
                                            "metaName": "DisplayMode",
                                            "metaType": "string",
                                            "metaValue": "2"
                                        },
                                        {
                                            "metaName": "LayoutPos",
                                            "metaType": "string",
                                            "metaValue": "486.489 -172.143"
                                        }
                                    ]
                                },
                                {
                                    "nodeName": "current_step",
                                    "nodeType": "Core::Array::get_from_array",
                                    "metadata": [
                                        {
                                            "metaName": "DisplayMode",
                                            "metaType": "string",
                                            "metaValue": "2"
                                        },
                                        {
                                            "metaName": "LayoutPos",
                                            "metaType": "string",
                                            "metaValue": "-128.8 -97.7141"
                                        }
                                    ]
                                },
                                {
                                    "nodeName": "previous_step",
                                    "nodeType": "Core::Array::get_from_array",
                                    "metadata": [
                                        {
                                            "metaName": "DisplayMode",
                                            "metaType": "string",
                                            "metaValue": "2"
                                        },
                                        {
                                            "metaName": "LayoutPos",
                                            "metaType": "string",
                                            "metaValue": "-350.5 -414"
                                        }
                                    ]
                                },
                                {
                                    "nodeName": "decrement",
                                    "nodeType": "Core::Math::decrement",
                                    "metadata": [
                                        {
                                            "metaName": "DisplayMode",
                                            "metaType": "string",
                                            "metaValue": "2"
                                        },
                                        {
                                            "metaName": "LayoutPos",
                                            "metaType": "string",
                                            "metaValue": "-624.5 -318"
                                        }
                                    ]
                                },
                                {
                                    "nodeName": "greater",
                                    "nodeType": "Core::Logic::greater",
                                    "metadata": [
                                        {
                                            "metaName": "DisplayMode",
                                            "metaType": "string",
                                            "metaValue": "2"
                                        },
                                        {
                                            "metaName": "LayoutPos",
                                            "metaType": "string",
                                            "metaValue": "-150.5 -591"
                                        }
                                    ]
                                },
                                {
                                    "nodeName": "if",
                                    "nodeType": "Core::Logic::if",
                                    "metadata": [
                                        {
                                            "metaName": "DisplayMode",
                                            "metaType": "string",
                                            "metaValue": "2"
                                        },
                                        {
                                            "metaName": "LayoutPos",
                                            "metaType": "string",
                                            "metaValue": "117.5 -547"
                                        }
                                    ]
                                },
                                {
                                    "nodeName": "get_from_array",
                                    "nodeType": "Core::Array::get_from_array",
                                    "metadata": [
                                        {
                                            "metaName": "DisplayMode",
                                            "metaType": "string",
                                            "metaValue": "2"
                                        },
                                        {
                                            "metaName": "LayoutPos",
                                            "metaType": "string",
                                            "metaValue": "-120.5 153"
                                        }
                                    ]
                                }
                            ],
                            "connections": [
                                {
                                    "source": "change_range.result",
                                    "target": ".result"
                                },
                                {
                                    "source": "current_step.value",
                                    "target": "change_range.from_end"
                                },
                                {
                                    "source": "previous_step.value",
                                    "target": "if.true_case"
                                },
                                {
                                    "source": "decrement.output",
                                    "target": "previous_step.index"
                                },
                                {
                                    "source": "greater.output",
                                    "target": "if.condition"
                                },
                                {
                                    "source": "if.output",
                                    "target": "change_range.from_start"
                                },
                                {
                                    "source": "get_from_array.value",
                                    "target": "change_range.to_end"
                                },
                                {
                                    "source": ".current_index",
                                    "target": "current_step.index"
                                },
                                {
                                    "source": ".current_index",
                                    "target": "decrement.value"
                                },
                                {
                                    "source": ".current_index",
                                    "target": "greater.first"
                                },
                                {
                                    "source": ".current_index",
                                    "target": "get_from_array.index"
                                },
                                {
                                    "source": ".original",
                                    "target": "get_from_array.array"
                                },
                                {
                                    "source": ".cumulative",
                                    "target": "current_step.array"
                                },
                                {
                                    "source": ".cumulative",
                                    "target": "previous_step.array"
                                },
                                {
                                    "source": ".slider_value",
                                    "target": "change_range.value"
                                }
                            ],
                            "values": [
                                {
                                    "valueName": "change_range.to_end",
                                    "valueType": "float",
                                    "value": "1f"
                                },
                                {
                                    "valueName": "change_range.clamp",
                                    "valueType": "bool",
                                    "value": "true"
                                },
                                {
                                    "valueName": "decrement.by",
                                    "valueType": "char",
                                    "value": "1"
                                }
                            ],
                            "reservedNodeNames": [
                                {
                                    "name": "input"
                                },
                                {
                                    "name": "output"
                                }
                            ],
                            "forEachCompound": {
                                "ports": []
                            }
                        }
                    ],
                    "compoundNodes": [
                        {
                            "nodeName": "for_each",
                            "nodeType": "for_each",
                            "metadata": [
                                {
                                    "metaName": "DisplayMode",
                                    "metaType": "string",
                                    "metaValue": "2"
                                },
                                {
                                    "metaName": "LayoutPos",
                                    "metaType": "string",
                                    "metaValue": "127.693 952.84"
                                }
                            ]
                        },
                        {
                            "nodeName": "add",
                            "nodeType": "Core::Math::add",
                            "multiInPortNames": [
                                "output1",
                                "output2"
                            ],
                            "metadata": [
                                {
                                    "metaName": "DisplayMode",
                                    "metaType": "string",
                                    "metaValue": "2"
                                },
                                {
                                    "metaName": "LayoutPos",
                                    "metaType": "string",
                                    "metaValue": "-850.317 1042.52"
                                }
                            ]
                        },
                        {
                            "nodeName": "array_size",
                            "nodeType": "Core::Array::array_size",
                            "metadata": [
                                {
                                    "metaName": "DisplayMode",
                                    "metaType": "string",
                                    "metaValue": "2"
                                },
                                {
                                    "metaName": "LayoutPos",
                                    "metaType": "string",
                                    "metaValue": "-508.508 910.446"
                                }
                            ]
                        },
                        {
                            "nodeName": "clamp1",
                            "nodeType": "Core::Math::clamp",
                            "metadata": [
                                {
                                    "metaName": "DisplayMode",
                                    "metaType": "string",
                                    "metaValue": "2"
                                },
                                {
                                    "metaName": "LayoutPos",
                                    "metaType": "string",
                                    "metaValue": "-517.893 1485.99"
                                }
                            ]
                        },
                        {
                            "nodeName": "cumulative_sum_array",
                            "nodeType": "Core::Array::cumulative_sum_array",
                            "metadata": [
                                {
                                    "metaName": "DisplayMode",
                                    "metaType": "string",
                                    "metaValue": "2"
                                },
                                {
                                    "metaName": "LayoutPos",
                                    "metaType": "string",
                                    "metaValue": "-516.399 1117.86"
                                }
                            ]
                        },
                        {
                            "nodeName": "input_data",
                            "nodeType": "Core::Graph::pass",
                            "metadata": [
                                {
                                    "metaName": "DisplayMode",
                                    "metaType": "string",
                                    "metaValue": "2"
                                },
                                {
                                    "metaName": "LayoutPos",
                                    "metaType": "string",
                                    "metaValue": "-1742.18 879.112"
                                }
                            ]
                        },
                        {
                            "nodeName": "min",
                            "nodeType": "Core::Math::min",
                            "multiInPortNames": [
                                "array",
                                "result1"
                            ],
                            "metadata": [
                                {
                                    "metaName": "DisplayMode",
                                    "metaType": "string",
                                    "metaValue": "2"
                                },
                                {
                                    "metaName": "LayoutPos",
                                    "metaType": "string",
                                    "metaValue": "699.763 831.193"
                                }
                            ]
                        },
                        {
                            "nodeName": "multiply1",
                            "nodeType": "Core::Math::multiply",
                            "multiInPortNames": [
                                "sum",
                                "clamped1"
                            ],
                            "metadata": [
                                {
                                    "metaName": "DisplayMode",
                                    "metaType": "string",
                                    "metaValue": "2"
                                },
                                {
                                    "metaName": "LayoutPos",
                                    "metaType": "string",
                                    "metaValue": "-246.866 1369.22"
                                }
                            ]
                        },
                        {
                            "nodeName": "multiply5",
                            "nodeType": "Core::Math::multiply",
                            "multiInPortNames": [
                                "sum",
                                "output1"
                            ],
                            "metadata": [
                                {
                                    "metaName": "DisplayMode",
                                    "metaType": "string",
                                    "metaValue": "2"
                                },
                                {
                                    "metaName": "LayoutPos",
                                    "metaType": "string",
                                    "metaValue": "-1164.99 1153.56"
                                }
                            ]
                        },
                        {
                            "nodeName": "sum_array",
                            "nodeType": "Core::Array::sum_array",
                            "metadata": [
                                {
                                    "metaName": "DisplayMode",
                                    "metaType": "string",
                                    "metaValue": "2"
                                },
                                {
                                    "metaName": "LayoutPos",
                                    "metaType": "string",
                                    "metaValue": "-1447.5 1178.22"
                                }
                            ]
                        },
                        {
                            "nodeName": "sum_array1",
                            "nodeType": "Core::Array::sum_array",
                            "metadata": [
                                {
                                    "metaName": "DisplayMode",
                                    "metaType": "string",
                                    "metaValue": "2"
                                },
                                {
                                    "metaName": "LayoutPos",
                                    "metaType": "string",
                                    "metaValue": "-517.789 1297.51"
                                }
                            ]
                        },
                        {
                            "nodeName": "value",
                            "valueType": "float",
                            "metadata": [
                                {
                                    "metaName": "valuenode_defaultvalue",
                                    "metaType": "string",
                                    "metaValue": "0"
                                },
                                {
                                    "metaName": "DisplayMode",
                                    "metaType": "string",
                                    "metaValue": "2"
                                },
                                {
                                    "metaName": "LayoutPos",
                                    "metaType": "string",
                                    "metaValue": "-1452.64 1352.48"
                                }
                            ]
                        },
                        {
                            "nodeName": "evaluate_fcurve",
                            "nodeType": "Core::FCurve::evaluate_fcurve",
                            "metadata": [
                                {
                                    "metaName": "DisplayMode",
                                    "metaType": "string",
                                    "metaValue": "2"
                                },
                                {
                                    "metaName": "LayoutPos",
                                    "metaType": "string",
                                    "metaValue": "412.935 1077.48"
                                }
                            ]
                        },
                        {
                            "nodeName": "evaluate_fcurve1",
                            "nodeType": "Core::FCurve::evaluate_fcurve",
                            "metadata": [
                                {
                                    "metaName": "DisplayMode",
                                    "metaType": "string",
                                    "metaValue": "2"
                                },
                                {
                                    "metaName": "LayoutPos",
                                    "metaType": "string",
                                    "metaValue": "995.614 911.689"
                                }
                            ]
                        }
                    ],
                    "connections": [
                        {
                            "source": "input_data.output",
                            "target": "add.first.output1"
                        },
                        {
                            "source": "multiply5.output",
                            "target": "add.first.output2"
                        },
                        {
                            "source": "add.output",
                            "target": "sum_array1.array"
                        },
                        {
                            "source": "add.output",
                            "target": "cumulative_sum_array.array"
                        },
                        {
                            "source": "add.output",
                            "target": "for_each.original"
                        },
                        {
                            "source": "array_size.size",
                            "target": "for_each.max_iterations"
                        },
                        {
                            "source": ".sequence_slider",
                            "target": "clamp1.value"
                        },
                        {
                            "source": "cumulative_sum_array.cumulative",
                            "target": "for_each.cumulative"
                        },
                        {
                            "source": "multiply1.output",
                            "target": "for_each.slider_value"
                        },
                        {
                            "source": ".input_data",
                            "target": "input_data.input"
                        },
                        {
                            "source": "input_data.output",
                            "target": "sum_array.array"
                        },
                        {
                            "source": "sum_array1.sum",
                            "target": "multiply1.first.sum"
                        },
                        {
                            "source": "sum_array.sum",
                            "target": "multiply5.first.sum"
                        },
                        {
                            "source": "value.output",
                            "target": "multiply5.first.output1"
                        },
                        {
                            "source": ".sequence_delay",
                            "target": "value.value"
                        },
                        {
                            "source": "clamp1.clamped",
                            "target": "multiply1.first.clamped1"
                        },
                        {
                            "source": "input_data.output",
                            "target": "array_size.array"
                        },
                        {
                            "source": "input_data.output",
                            "target": "min.first.array"
                        },
                        {
                            "source": "for_each.result",
                            "target": "evaluate_fcurve.x"
                        },
                        {
                            "source": "min.minimum",
                            "target": "evaluate_fcurve1.x"
                        },
                        {
                            "source": "evaluate_fcurve.y",
                            "target": "min.first.result1"
                        },
                        {
                            "source": "min.minimum",
                            "target": ".result"
                        }
                    ],
                    "values": [
                        {
                            "valueName": "for_each.max_iterations",
                            "valueType": "long",
                            "value": "10"
                        },
                        {
                            "valueName": "clamp1.max",
                            "valueType": "float",
                            "value": "1f"
                        },
                        {
                            "valueName": "value.value",
                            "valueType": "float",
                            "value": "0.100000001f"
                        },
                        {
                            "valueName": "evaluate_fcurve.fcurve",
                            "valueType": "Amino::FCurve",
                            "value": {
                                "version": "1",
                                "preExtrapolation": "0",
                                "postExtrapolation": "0",
                                "points": [
                                    {
                                        "point": {
                                            "locked": "1",
                                            "interpolation": "2",
                                            "pcn": {
                                                "xp": "-0.61799199999999999",
                                                "yp": "-2.3e-05",
                                                "x": "0",
                                                "y": "0",
                                                "xn": "0.61799199999999999",
                                                "yn": "2.3e-05"
                                            }
                                        }
                                    },
                                    {
                                        "point": {
                                            "locked": "1",
                                            "interpolation": "2",
                                            "pcn": {
                                                "xp": "0.412134",
                                                "yp": "1.0032160000000001",
                                                "x": "1",
                                                "y": "1.004839",
                                                "xn": "1.587866",
                                                "yn": "1.006462"
                                            }
                                        }
                                    }
                                ]
                            }
                        },
                        {
                            "valueName": "evaluate_fcurve1.fcurve",
                            "valueType": "Amino::FCurve",
                            "value": {
                                "version": "1",
                                "preExtrapolation": "0",
                                "postExtrapolation": "0",
                                "points": [
                                    {
                                        "point": {
                                            "locked": "1",
                                            "interpolation": "2",
                                            "pcn": {
                                                "xp": "-0.86799400000000004",
                                                "yp": "0.0016000000000000001",
                                                "x": "0",
                                                "y": "0",
                                                "xn": "0.86799400000000004",
                                                "yn": "-0.0016000000000000001"
                                            }
                                        }
                                    },
                                    {
                                        "point": {
                                            "locked": "1",
                                            "interpolation": "2",
                                            "pcn": {
                                                "xp": "0.15174099999999999",
                                                "yp": "1.0032129999999999",
                                                "x": "1",
                                                "y": "1.004839",
                                                "xn": "1.8482590000000001",
                                                "yn": "1.0064649999999999"
                                            }
                                        }
                                    }
                                ]
                            }
                        }
                    ],
                    "reservedNodeNames": [
                        {
                            "name": "input"
                        },
                        {
                            "name": "output"
                        }
                    ]
                }
            ],
            "compoundNodes": [
                {
                    "nodeName": "clamp",
                    "nodeType": "Core::Math::clamp",
                    "metadata": [
                        {
                            "metaName": "DisplayMode",
                            "metaType": "string",
                            "metaValue": "2"
                        },
                        {
                            "metaName": "LayoutPos",
                            "metaType": "string",
                            "metaValue": "-95.5391 -535.938"
                        }
                    ]
                },
                {
                    "nodeName": "multiply",
                    "nodeType": "Core::Math::multiply",
                    "multiInPortNames": [
                        "float_array",
                        "clamped"
                    ],
                    "metadata": [
                        {
                            "metaName": "DisplayMode",
                            "metaType": "string",
                            "metaValue": "2"
                        },
                        {
                            "metaName": "LayoutPos",
                            "metaType": "string",
                            "metaValue": "204.69 -585.195"
                        }
                    ]
                },
                {
                    "nodeName": "multiply2",
                    "nodeType": "Core::Math::multiply",
                    "multiInPortNames": [
                        "output1",
                        "result"
                    ],
                    "metadata": [
                        {
                            "metaName": "DisplayMode",
                            "metaType": "string",
                            "metaValue": "2"
                        },
                        {
                            "metaName": "LayoutPos",
                            "metaType": "string",
                            "metaValue": "1347.03 88.1677"
                        }
                    ]
                },
                {
                    "nodeName": "in_array",
                    "nodeType": "Core::Graph::pass",
                    "metadata": [
                        {
                            "metaName": "DisplayMode",
                            "metaType": "string",
                            "metaValue": "2"
                        },
                        {
                            "metaName": "LayoutPos",
                            "metaType": "string",
                            "metaValue": "-146.085 3.134"
                        }
                    ]
                },
                {
                    "nodeName": "slider_value",
                    "nodeType": "Core::Graph::pass",
                    "metadata": [
                        {
                            "metaName": "DisplayMode",
                            "metaType": "string",
                            "metaValue": "2"
                        },
                        {
                            "metaName": "LayoutPos",
                            "metaType": "string",
                            "metaValue": "-146.175 235.32"
                        }
                    ]
                },
                {
                    "nodeName": "clamp3",
                    "nodeType": "Core::Math::clamp",
                    "metadata": [
                        {
                            "metaName": "DisplayMode",
                            "metaType": "string",
                            "metaValue": "2"
                        },
                        {
                            "metaName": "LayoutPos",
                            "metaType": "string",
                            "metaValue": "146.245 210.497"
                        }
                    ]
                },
                {
                    "nodeName": "array_bounds1",
                    "nodeType": "Core::Array::array_bounds",
                    "metadata": [
                        {
                            "metaName": "DisplayMode",
                            "metaType": "string",
                            "metaValue": "2"
                        },
                        {
                            "metaName": "LayoutPos",
                            "metaType": "string",
                            "metaValue": "142.925 -18.737"
                        }
                    ]
                },
                {
                    "nodeName": "multiply4",
                    "nodeType": "Core::Math::multiply",
                    "multiInPortNames": [
                        "max_bound",
                        "clamped"
                    ],
                    "metadata": [
                        {
                            "metaName": "DisplayMode",
                            "metaType": "string",
                            "metaValue": "2"
                        },
                        {
                            "metaName": "LayoutPos",
                            "metaType": "string",
                            "metaValue": "382.255 77.457"
                        }
                    ]
                },
                {
                    "nodeName": "for_each2",
                    "nodeType": "for_each2",
                    "metadata": [
                        {
                            "metaName": "DisplayMode",
                            "metaType": "string",
                            "metaValue": "2"
                        },
                        {
                            "metaName": "LayoutPos",
                            "metaType": "string",
                            "metaValue": "655.845 -138.752"
                        }
                    ]
                },
                {
                    "nodeName": "build_array",
                    "nodeType": "Core::Array::build_array",
                    "multiInPortNames": [
                        "int_or_float_array"
                    ],
                    "metadata": [
                        {
                            "metaName": "DisplayMode",
                            "metaType": "string",
                            "metaValue": "2"
                        },
                        {
                            "metaName": "LayoutPos",
                            "metaType": "string",
                            "metaValue": "-727.975 154.883"
                        }
                    ]
                },
                {
                    "nodeName": "calculate_sequence",
                    "nodeType": "calculate_sequence",
                    "metadata": [
                        {
                            "metaName": "DisplayMode",
                            "metaType": "string",
                            "metaValue": "2"
                        },
                        {
                            "metaName": "LayoutPos",
                            "metaType": "string",
                            "metaValue": "-133.714 478.378"
                        }
                    ]
                }
            ],
            "connections": [
                {
                    "source": ".parallel_slider",
                    "target": "clamp.value"
                },
                {
                    "source": "clamp.clamped",
                    "target": "multiply.first.clamped"
                },
                {
                    "source": "multiply.output",
                    "target": "multiply2.first.output1"
                },
                {
                    "source": "multiply.output",
                    "target": ".parallel"
                },
                {
                    "source": "multiply2.output",
                    "target": ".combine"
                },
                {
                    "source": "in_array.output",
                    "target": "for_each2.float_array"
                },
                {
                    "source": "in_array.output",
                    "target": "array_bounds1.array"
                },
                {
                    "source": "slider_value.output",
                    "target": "clamp3.value"
                },
                {
                    "source": "clamp3.clamped",
                    "target": "multiply4.first.clamped"
                },
                {
                    "source": "array_bounds1.max_bound",
                    "target": "multiply4.first.max_bound"
                },
                {
                    "source": "multiply4.output",
                    "target": "for_each2.slider_value"
                },
                {
                    "source": ".parallel_abs_slider",
                    "target": "slider_value.input"
                },
                {
                    "source": "for_each2.output",
                    "target": ".parallel_abs"
                },
                {
                    "source": ".data_array",
                    "target": "build_array.first.int_or_float_array"
                },
                {
                    "source": "build_array.array",
                    "target": "multiply.first.float_array"
                },
                {
                    "source": "build_array.array",
                    "target": "in_array.input"
                },
                {
                    "source": "build_array.array",
                    "target": "calculate_sequence.input_data"
                },
                {
                    "source": ".sequence_slider",
                    "target": "calculate_sequence.sequence_slider"
                },
                {
                    "source": "calculate_sequence.result",
                    "target": "multiply2.first.result"
                },
                {
                    "source": "calculate_sequence.result",
                    "target": ".sequence"
                },
                {
                    "source": ".sequence_delay",
                    "target": "calculate_sequence.sequence_delay"
                }
            ],
            "values": [
                {
                    "valueName": "clamp.max",
                    "valueType": "float",
                    "value": "1f"
                },
                {
                    "valueName": "clamp3.max",
                    "valueType": "float",
                    "value": "1f"
                },
                {
                    "valueName": "calculate_sequence.sequence_slider",
                    "valueType": "float",
                    "value": "1f"
                },
                {
                    "valueName": "calculate_sequence.sequence_delay",
                    "valueType": "float",
                    "value": "0.100000001f"
                }
            ],
            "reservedNodeNames": [
                {
                    "name": "input"
                },
                {
                    "name": "output"
                },
                {
                    "name": "output1"
                }
            ]
        }
    ]
}