{
    "header": {
        "metadata": [
            {
                "metaName": "adskFileFormatVersion",
                "metaValue": "100L"
            }
        ]
    },
    "dependencies": [
        {
            "uri": "file:///g2m_enum_axis_plane.json"
        }
    ],
    "namespaces": [],
    "types": [],
    "compounds": [
        {
            "name": "BPM::please_1::logic::g2m_axis_plane_switch",
            "uriImported": "file:///g2m_axis_plane_switch.json",
            "metadata": [
                {
                    "metaName": "io_nodes",
                    "metadata": [
                        {
                            "metaName": "io_inodes",
                            "metadata": [
                                {
                                    "metaName": "input",
                                    "metadata": [
                                        {
                                            "metaName": "DisplayMode",
                                            "metaType": "string",
                                            "metaValue": "2"
                                        },
                                        {
                                            "metaName": "LayoutPos",
                                            "metaType": "string",
                                            "metaValue": "-774.667 -75.5"
                                        },
                                        {
                                            "metaName": "io_ports",
                                            "metadata": [
                                                {
                                                    "metaName": "axis_plane"
                                                },
                                                {
                                                    "metaName": "XZ_case"
                                                },
                                                {
                                                    "metaName": "XY_case"
                                                },
                                                {
                                                    "metaName": "YZ_case"
                                                }
                                            ]
                                        }
                                    ]
                                }
                            ]
                        },
                        {
                            "metaName": "io_onodes",
                            "metadata": [
                                {
                                    "metaName": "output",
                                    "metadata": [
                                        {
                                            "metaName": "DisplayMode",
                                            "metaType": "string",
                                            "metaValue": "2"
                                        },
                                        {
                                            "metaName": "LayoutPos",
                                            "metaType": "string",
                                            "metaValue": "1400.3 -247.241"
                                        },
                                        {
                                            "metaName": "io_ports",
                                            "metadata": [
                                                {
                                                    "metaName": "output"
                                                }
                                            ]
                                        }
                                    ]
                                }
                            ]
                        }
                    ]
                },
                {
                    "metaName": "_recentNode_",
                    "metaType": "string",
                    "metaValue": "BifrostGraph,Core::Logic,if"
                },
                {
                    "metaName": "_recentNode_",
                    "metaType": "string",
                    "metaValue": "BifrostGraph,Core::Logic,equal"
                },
                {
                    "metaName": "_recentNode_",
                    "metaType": "string",
                    "metaValue": "BifrostGraph,Core::Constants,float"
                },
                {
                    "metaName": "_recentNode_",
                    "metaType": "string",
                    "metaValue": "BifrostGraph,Core::Array,get_from_array"
                },
                {
                    "metaName": "_recentNode_",
                    "metaType": "string",
                    "metaValue": "BifrostGraph,Core::Math,subtract"
                },
                {
                    "metaName": "ViewportRect",
                    "metaType": "string",
                    "metaValue": "-989 -359 1589 843"
                },
                {
                    "metaName": "DisplayMode",
                    "metaType": "string",
                    "metaValue": "2"
                },
                {
                    "metaName": "LayoutPos",
                    "metaType": "string",
                    "metaValue": "-148.605 -236.249"
                }
            ],
            "ports": [
                {
                    "portName": "axis_plane",
                    "portDirection": "input",
                    "portType": "BPM::please_1::enum::enum_axis_plane"
                },
                {
                    "portName": "XZ_case",
                    "portDirection": "input"
                },
                {
                    "portName": "XY_case",
                    "portDirection": "input"
                },
                {
                    "portName": "YZ_case",
                    "portDirection": "input"
                },
                {
                    "portName": "output",
                    "portDirection": "output"
                }
            ],
            "compoundNodes": [
                {
                    "nodeName": "equal",
                    "nodeType": "Core::Logic::equal",
                    "metadata": [
                        {
                            "metaName": "DisplayMode",
                            "metaType": "string",
                            "metaValue": "2"
                        },
                        {
                            "metaName": "LayoutPos",
                            "metaType": "string",
                            "metaValue": "262.704 -231.8"
                        }
                    ]
                },
                {
                    "nodeName": "equal1",
                    "nodeType": "Core::Logic::equal",
                    "metadata": [
                        {
                            "metaName": "DisplayMode",
                            "metaType": "string",
                            "metaValue": "2"
                        },
                        {
                            "metaName": "LayoutPos",
                            "metaType": "string",
                            "metaValue": "254.592 126.614"
                        }
                    ]
                },
                {
                    "nodeName": "equal2",
                    "nodeType": "Core::Logic::equal",
                    "metadata": [
                        {
                            "metaName": "DisplayMode",
                            "metaType": "string",
                            "metaValue": "2"
                        },
                        {
                            "metaName": "LayoutPos",
                            "metaType": "string",
                            "metaValue": "242.47 580.49"
                        }
                    ]
                },
                {
                    "nodeName": "if",
                    "nodeType": "Core::Logic::if",
                    "metadata": [
                        {
                            "metaName": "DisplayMode",
                            "metaType": "string",
                            "metaValue": "2"
                        },
                        {
                            "metaName": "LayoutPos",
                            "metaType": "string",
                            "metaValue": "1105.66 -246.864"
                        }
                    ]
                },
                {
                    "nodeName": "if1",
                    "nodeType": "Core::Logic::if",
                    "metadata": [
                        {
                            "metaName": "DisplayMode",
                            "metaType": "string",
                            "metaValue": "2"
                        },
                        {
                            "metaName": "LayoutPos",
                            "metaType": "string",
                            "metaValue": "827.02 101.218"
                        }
                    ]
                },
                {
                    "nodeName": "if2",
                    "nodeType": "Core::Logic::if",
                    "metadata": [
                        {
                            "metaName": "DisplayMode",
                            "metaType": "string",
                            "metaValue": "2"
                        },
                        {
                            "metaName": "LayoutPos",
                            "metaType": "string",
                            "metaValue": "541.084 500.759"
                        }
                    ]
                },
                {
                    "nodeName": "value9",
                    "valueType": "BPM::please_1::enum::enum_axis_plane",
                    "metadata": [
                        {
                            "metaName": "DisplayMode",
                            "metaType": "string",
                            "metaValue": "2"
                        },
                        {
                            "metaName": "LayoutPos",
                            "metaType": "string",
                            "metaValue": "-452.069 -180.547"
                        },
                        {
                            "metaName": "valuenode_defaultvalue",
                            "metaType": "string",
                            "metaValue": "0"
                        }
                    ]
                },
                {
                    "nodeName": "value10",
                    "valueType": "BPM::please_1::enum::enum_axis_plane",
                    "metadata": [
                        {
                            "metaName": "DisplayMode",
                            "metaType": "string",
                            "metaValue": "2"
                        },
                        {
                            "metaName": "valuenode_defaultvalue",
                            "metaType": "string",
                            "metaValue": "0"
                        },
                        {
                            "metaName": "LayoutPos",
                            "metaType": "string",
                            "metaValue": "16.0815 -134.648"
                        }
                    ]
                },
                {
                    "nodeName": "value11",
                    "valueType": "BPM::please_1::enum::enum_axis_plane",
                    "metadata": [
                        {
                            "metaName": "DisplayMode",
                            "metaType": "string",
                            "metaValue": "2"
                        },
                        {
                            "metaName": "LayoutPos",
                            "metaType": "string",
                            "metaValue": "12.5919 190.614"
                        },
                        {
                            "metaName": "valuenode_defaultvalue",
                            "metaType": "string",
                            "metaValue": "0"
                        }
                    ]
                },
                {
                    "nodeName": "value12",
                    "valueType": "BPM::please_1::enum::enum_axis_plane",
                    "metadata": [
                        {
                            "metaName": "DisplayMode",
                            "metaType": "string",
                            "metaValue": "2"
                        },
                        {
                            "metaName": "valuenode_defaultvalue",
                            "metaType": "string",
                            "metaValue": "0"
                        },
                        {
                            "metaName": "LayoutPos",
                            "metaType": "string",
                            "metaValue": "1.93217 642.131"
                        }
                    ]
                }
            ],
            "connections": [
                {
                    "source": "equal.output",
                    "target": "if.condition"
                },
                {
                    "source": ".XZ_case",
                    "target": "if.true_case"
                },
                {
                    "source": "equal1.output",
                    "target": "if1.condition"
                },
                {
                    "source": ".XY_case",
                    "target": "if1.true_case"
                },
                {
                    "source": "if1.output",
                    "target": "if.false_case"
                },
                {
                    "source": "equal2.output",
                    "target": "if2.condition"
                },
                {
                    "source": ".YZ_case",
                    "target": "if2.true_case"
                },
                {
                    "source": "if2.output",
                    "target": "if1.false_case"
                },
                {
                    "source": ".XZ_case",
                    "target": "if2.false_case"
                },
                {
                    "source": "if.output",
                    "target": ".output"
                },
                {
                    "source": "value9.output",
                    "target": "equal.first"
                },
                {
                    "source": "value9.output",
                    "target": "equal1.first"
                },
                {
                    "source": "value9.output",
                    "target": "equal2.first"
                },
                {
                    "source": "value10.output",
                    "target": "equal.second"
                },
                {
                    "source": "value11.output",
                    "target": "equal1.second"
                },
                {
                    "source": "value12.output",
                    "target": "equal2.second"
                },
                {
                    "source": ".axis_plane",
                    "target": "value9.value"
                }
            ],
            "values": [
                {
                    "valueName": "value9.value",
                    "valueType": "BPM::please_1::enum::enum_axis_plane",
                    "value": "XZ"
                },
                {
                    "valueName": "value10.value",
                    "valueType": "BPM::please_1::enum::enum_axis_plane",
                    "value": "XZ"
                },
                {
                    "valueName": "value11.value",
                    "valueType": "BPM::please_1::enum::enum_axis_plane",
                    "value": "XY"
                },
                {
                    "valueName": "value12.value",
                    "valueType": "BPM::please_1::enum::enum_axis_plane",
                    "value": "YZ"
                }
            ],
            "reservedNodeNames": [
                {
                    "name": "input"
                },
                {
                    "name": "output"
                }
            ]
        }
    ]
}