{
    "header": {
        "metadata": [
            {
                "metaName": "adskFileFormatVersion",
                "metaValue": "100L"
            }
        ]
    },
    "namespaces": [],
    "types": [],
    "compounds": [
        {
            "name": "BPM::please_1::array::g2m_shuffle_array",
            "metadata": [
                {
                    "metaName": "io_nodes",
                    "metadata": [
                        {
                            "metaName": "io_inodes",
                            "metadata": [
                                {
                                    "metaName": "input",
                                    "metadata": [
                                        {
                                            "metaName": "DisplayMode",
                                            "metaType": "string",
                                            "metaValue": "2"
                                        },
                                        {
                                            "metaName": "LayoutPos",
                                            "metaType": "string",
                                            "metaValue": "-593.143 -66.792"
                                        },
                                        {
                                            "metaName": "io_ports",
                                            "metadata": [
                                                {
                                                    "metaName": "array"
                                                },
                                                {
                                                    "metaName": "seed"
                                                }
                                            ]
                                        }
                                    ]
                                }
                            ]
                        },
                        {
                            "metaName": "io_onodes",
                            "metadata": [
                                {
                                    "metaName": "output",
                                    "metadata": [
                                        {
                                            "metaName": "DisplayMode",
                                            "metaType": "string",
                                            "metaValue": "2"
                                        },
                                        {
                                            "metaName": "io_ports",
                                            "metadata": [
                                                {
                                                    "metaName": "shuffled"
                                                }
                                            ]
                                        },
                                        {
                                            "metaName": "LayoutPos",
                                            "metaType": "string",
                                            "metaValue": "705.523 -110.843"
                                        }
                                    ]
                                }
                            ]
                        }
                    ]
                },
                {
                    "metaName": "backdrop",
                    "metadata": [
                        {
                            "metaName": "type",
                            "metaType": "string",
                            "metaValue": "backdrop"
                        },
                        {
                            "metaName": "color",
                            "metaType": "string",
                            "metaValue": "#54646d"
                        },
                        {
                            "metaName": "text",
                            "metaType": "string",
                            "metaValue": "\u6253\u4e82\u6578\u7d44\u7684\u9806\u5e8f\u3002\n\u5167\u7f6e shuffle_array \u4e0d\u652f\u6301 array<Math::float3>"
                        },
                        {
                            "metaName": "coords",
                            "metaType": "string",
                            "metaValue": "-679.345 -126.569 324.928 281.3"
                        }
                    ]
                },
                {
                    "metaName": "ViewportRect",
                    "metaType": "string",
                    "metaValue": "-291.69 -409.982 1095.89 802.194"
                },
                {
                    "metaName": "DisplayMode",
                    "metaType": "string",
                    "metaValue": "2"
                },
                {
                    "metaName": "LayoutPos",
                    "metaType": "string",
                    "metaValue": "-381.371 1142.01"
                }
            ],
            "ports": [
                {
                    "portName": "array",
                    "portDirection": "input",
                    "portDefaultType": "array<Math::float3>",
                    "portDefault": []
                },
                {
                    "portName": "seed",
                    "portDirection": "input",
                    "portType": "long",
                    "portDefault": "0"
                },
                {
                    "portName": "shuffled",
                    "portDirection": "output"
                }
            ],
            "compoundNodes": [
                {
                    "nodeName": "array",
                    "nodeType": "Core::Graph::pass",
                    "metadata": [
                        {
                            "metaName": "DisplayMode",
                            "metaType": "string",
                            "metaValue": "2"
                        },
                        {
                            "metaName": "LayoutPos",
                            "metaType": "string",
                            "metaValue": "-341.652 -90.7588"
                        }
                    ]
                },
                {
                    "nodeName": "get_array_indices",
                    "nodeType": "Core::Array::get_array_indices",
                    "metadata": [
                        {
                            "metaName": "DisplayMode",
                            "metaType": "string",
                            "metaValue": "2"
                        },
                        {
                            "metaName": "LayoutPos",
                            "metaType": "string",
                            "metaValue": "-64.0546 20.0729"
                        }
                    ]
                },
                {
                    "nodeName": "get_from_array",
                    "nodeType": "Core::Array::get_from_array",
                    "metadata": [
                        {
                            "metaName": "DisplayMode",
                            "metaType": "string",
                            "metaValue": "2"
                        },
                        {
                            "metaName": "LayoutPos",
                            "metaType": "string",
                            "metaValue": "459.633 -111.007"
                        }
                    ]
                },
                {
                    "nodeName": "shuffle_array",
                    "nodeType": "Core::Array::shuffle_array",
                    "metadata": [
                        {
                            "metaName": "DisplayMode",
                            "metaType": "string",
                            "metaValue": "2"
                        },
                        {
                            "metaName": "LayoutPos",
                            "metaType": "string",
                            "metaValue": "181.982 -4.01716"
                        }
                    ]
                }
            ],
            "connections": [
                {
                    "source": ".array",
                    "target": "array.input"
                },
                {
                    "source": "array.output",
                    "target": "get_array_indices.array"
                },
                {
                    "source": "array.output",
                    "target": "get_from_array.array"
                },
                {
                    "source": "get_array_indices.indices",
                    "target": "shuffle_array.array"
                },
                {
                    "source": "shuffle_array.shuffled",
                    "target": "get_from_array.index"
                },
                {
                    "source": ".seed",
                    "target": "shuffle_array.seed"
                },
                {
                    "source": "get_from_array.value",
                    "target": ".shuffled"
                }
            ],
            "values": [],
            "reservedNodeNames": [
                {
                    "name": "input"
                },
                {
                    "name": "output"
                }
            ]
        }
    ]
}