{
    "header": {
        "metadata": [
            {
                "metaName": "adskFileFormatVersion",
                "metaValue": "100L"
            }
        ]
    },
    "namespaces": [],
    "types": [],
    "compounds": [
        {
            "name": "BPM::please_1::math::g2m_vector_scale",
            "uriImported": "stream:/bifrostGraphShape1",
            "metadata": [
                {
                    "metaName": "documentation",
                    "metaType": "string",
                    "metaValue": "docs/g2m_vector_scale.md"
                },
                {
                    "metaName": "icon",
                    "metaType": "string",
                    "metaValue": "icons/g2m_default.png"
                },
                {
                    "metaName": "io_nodes",
                    "metadata": [
                        {
                            "metaName": "io_inodes",
                            "metadata": [
                                {
                                    "metaName": "input",
                                    "metadata": [
                                        {
                                            "metaName": "DisplayMode",
                                            "metaType": "string",
                                            "metaValue": "2"
                                        },
                                        {
                                            "metaName": "io_ports",
                                            "metadata": [
                                                {
                                                    "metaName": "start"
                                                },
                                                {
                                                    "metaName": "end"
                                                },
                                                {
                                                    "metaName": "scale"
                                                }
                                            ]
                                        },
                                        {
                                            "metaName": "LayoutPos",
                                            "metaType": "string",
                                            "metaValue": "-1199.59 197.163"
                                        }
                                    ]
                                }
                            ]
                        },
                        {
                            "metaName": "io_onodes",
                            "metadata": [
                                {
                                    "metaName": "output",
                                    "metadata": [
                                        {
                                            "metaName": "DisplayMode",
                                            "metaType": "string",
                                            "metaValue": "2"
                                        },
                                        {
                                            "metaName": "io_ports",
                                            "metadata": [
                                                {
                                                    "metaName": "scaled"
                                                }
                                            ]
                                        },
                                        {
                                            "metaName": "LayoutPos",
                                            "metaType": "string",
                                            "metaValue": "41.0707 1193.25"
                                        }
                                    ]
                                }
                            ]
                        }
                    ]
                },
                {
                    "metaName": "backdrop",
                    "metadata": [
                        {
                            "metaName": "type",
                            "metaType": "string",
                            "metaValue": "backdrop"
                        },
                        {
                            "metaName": "text",
                            "metaType": "string",
                            "metaValue": "\u5141\u8a31\u8ca0\u503c\u7e2e\u653e"
                        },
                        {
                            "metaName": "coords",
                            "metaType": "string",
                            "metaValue": "413.412 548.133 588.644 243"
                        }
                    ]
                },
                {
                    "metaName": "backdrop1",
                    "metadata": [
                        {
                            "metaName": "type",
                            "metaType": "string",
                            "metaValue": "backdrop"
                        },
                        {
                            "metaName": "text",
                            "metaType": "string",
                            "metaValue": "\u5df2\u77e5\u4e00\u500b\u77e2\u91cf OA\uff0c\u548c\u77e2\u91cf\u4e0a\u4e00\u9ede OB \u7684\u9577\u5ea6\uff0c\u6c42 OB \u7684\u5750\u6a19\u3002\n\n\u53c3\u8003\uff1ahttps://blog.csdn.net/monster_god/article/details/103261609\n\n\u8f38\u5165\uff1a\nvector: OA\norigin:\nscale: OA \u9577\u5ea6\u7684\u7e2e\u653e\u6bd4\u4f8b\uff08\u5373 OA \u7684\u9577\u5ea6\u4e58\u6b64\u4fc2\u6578\uff09\n\n\u8f38\u51fa\uff1a\nOB \u7684\u5750\u6a19\n"
                        },
                        {
                            "metaName": "coords",
                            "metaType": "string",
                            "metaValue": "-1372.65 76.5902 551.65 316.859"
                        }
                    ]
                },
                {
                    "metaName": "backdrop2",
                    "metadata": [
                        {
                            "metaName": "type",
                            "metaType": "string",
                            "metaValue": "backdrop"
                        },
                        {
                            "metaName": "coords",
                            "metaType": "string",
                            "metaValue": "-788.225 756.102 806.311 291.368"
                        },
                        {
                            "metaName": "text",
                            "metaType": "string",
                            "metaValue": "\u7c21\u55ae\u4e58\u6cd5"
                        }
                    ]
                },
                {
                    "metaName": "_recentNode_",
                    "metaType": "string",
                    "metaValue": "BifrostGraph,Core::Math,lerp"
                },
                {
                    "metaName": "_recentNode_",
                    "metaType": "string",
                    "metaValue": "BifrostGraph,Core::Math,add"
                },
                {
                    "metaName": "_recentNode_",
                    "metaType": "string",
                    "metaValue": "BifrostGraph,Core::Math,multiply"
                },
                {
                    "metaName": "_recentNode_",
                    "metaType": "string",
                    "metaValue": "BifrostGraph,Core::Math,subtract"
                },
                {
                    "metaName": "_recentNode_",
                    "metaType": "string",
                    "metaValue": "BifrostGraph,Core::Math,length"
                },
                {
                    "metaName": "backdrop3",
                    "metadata": [
                        {
                            "metaName": "type",
                            "metaType": "string",
                            "metaValue": "backdrop"
                        },
                        {
                            "metaName": "coords",
                            "metaType": "string",
                            "metaValue": "-791.765 1143.04 393.629 280.518"
                        },
                        {
                            "metaName": "text",
                            "metaType": "string",
                            "metaValue": "\u5167\u7f6e\u7bc0\u9ede lerp \u5373\u53ef\u7e2e\u653e\u77e2\u91cf"
                        }
                    ]
                },
                {
                    "metaName": "backdrop4",
                    "metadata": [
                        {
                            "metaName": "type",
                            "metaType": "string",
                            "metaValue": "backdrop"
                        },
                        {
                            "metaName": "color",
                            "metaType": "string",
                            "metaValue": "#8d2f00"
                        },
                        {
                            "metaName": "coords",
                            "metaType": "string",
                            "metaValue": "-1462.73 169.585 511.454 258.448"
                        },
                        {
                            "metaName": "text",
                            "metaType": "string",
                            "metaValue": "!!! \u5167\u7f6e\u7bc0\u9ede lerp \u53ef\u53d6\u4ee3\u6b64\u7bc0\u9ede\uff01"
                        }
                    ]
                },
                {
                    "metaName": "ViewportRect",
                    "metaType": "string",
                    "metaValue": "-1671.57 -759.058 3432.45 2604.64"
                },
                {
                    "metaName": "DisplayMode",
                    "metaType": "string",
                    "metaValue": "2"
                },
                {
                    "metaName": "LayoutPos",
                    "metaType": "string",
                    "metaValue": "507.715 -75.5156"
                }
            ],
            "ports": [
                {
                    "portName": "scaled",
                    "portDirection": "output"
                },
                {
                    "portName": "start",
                    "portDirection": "input",
                    "portType": "Math::float3",
                    "portDefault": {
                        "x": "0f",
                        "y": "0f",
                        "z": "0f"
                    }
                },
                {
                    "portName": "end",
                    "portDirection": "input",
                    "portType": "Math::float3",
                    "portDefault": {
                        "x": "5f",
                        "y": "0f",
                        "z": "0f"
                    }
                },
                {
                    "portName": "scale",
                    "portDirection": "input",
                    "portType": "float",
                    "portDefault": "0.5f"
                }
            ],
            "compoundNodes": [
                {
                    "nodeName": "absolute_value1",
                    "nodeType": "Core::Math::absolute_value",
                    "metadata": [
                        {
                            "metaName": "DisplayMode",
                            "metaType": "string",
                            "metaValue": "2"
                        },
                        {
                            "metaName": "LayoutPos",
                            "metaType": "string",
                            "metaValue": "467.554 327.839"
                        }
                    ]
                },
                {
                    "nodeName": "scaled_vector",
                    "nodeType": "Core::Math::add",
                    "multiInPortNames": [
                        "output1",
                        "output2"
                    ],
                    "metadata": [
                        {
                            "metaName": "DisplayMode",
                            "metaType": "string",
                            "metaValue": "2"
                        },
                        {
                            "metaName": "LayoutPos",
                            "metaType": "string",
                            "metaValue": "1427.22 112.156"
                        }
                    ]
                },
                {
                    "nodeName": "multiply",
                    "nodeType": "Core::Math::multiply",
                    "multiInPortNames": [
                        "normalized",
                        "magnitude"
                    ],
                    "metadata": [
                        {
                            "metaName": "DisplayMode",
                            "metaType": "string",
                            "metaValue": "2"
                        },
                        {
                            "metaName": "LayoutPos",
                            "metaType": "string",
                            "metaValue": "1109.23 -14.6966"
                        }
                    ]
                },
                {
                    "nodeName": "multiply1",
                    "nodeType": "Core::Math::multiply",
                    "multiInPortNames": [
                        "magnitude",
                        "output1"
                    ],
                    "metadata": [
                        {
                            "metaName": "DisplayMode",
                            "metaType": "string",
                            "metaValue": "2"
                        },
                        {
                            "metaName": "LayoutPos",
                            "metaType": "string",
                            "metaValue": "152.027 349.874"
                        }
                    ]
                },
                {
                    "nodeName": "normalize",
                    "nodeType": "Core::Math::normalize",
                    "metadata": [
                        {
                            "metaName": "DisplayMode",
                            "metaType": "string",
                            "metaValue": "2"
                        },
                        {
                            "metaName": "LayoutPos",
                            "metaType": "string",
                            "metaValue": "-152.978 5.02315"
                        }
                    ]
                },
                {
                    "nodeName": "subtract",
                    "nodeType": "Core::Math::subtract",
                    "multiInPortNames": [
                        "output1",
                        "output2"
                    ],
                    "metadata": [
                        {
                            "metaName": "DisplayMode",
                            "metaType": "string",
                            "metaValue": "2"
                        },
                        {
                            "metaName": "LayoutPos",
                            "metaType": "string",
                            "metaValue": "-471.364 28.4621"
                        }
                    ]
                },
                {
                    "nodeName": "vector_A",
                    "nodeType": "Core::Graph::pass",
                    "metadata": [
                        {
                            "metaName": "DisplayMode",
                            "metaType": "string",
                            "metaValue": "2"
                        },
                        {
                            "metaName": "LayoutPos",
                            "metaType": "string",
                            "metaValue": "-771.47 -22.0838"
                        }
                    ]
                },
                {
                    "nodeName": "origin_O",
                    "nodeType": "Core::Graph::pass",
                    "metadata": [
                        {
                            "metaName": "DisplayMode",
                            "metaType": "string",
                            "metaValue": "2"
                        },
                        {
                            "metaName": "LayoutPos",
                            "metaType": "string",
                            "metaValue": "-772.272 159.605"
                        }
                    ]
                },
                {
                    "nodeName": "vector_A_scale",
                    "nodeType": "Core::Graph::pass",
                    "metadata": [
                        {
                            "metaName": "DisplayMode",
                            "metaType": "string",
                            "metaValue": "2"
                        },
                        {
                            "metaName": "LayoutPos",
                            "metaType": "string",
                            "metaValue": "-770.98 397.292"
                        }
                    ]
                },
                {
                    "nodeName": "value",
                    "valueType": "bool",
                    "metadata": [
                        {
                            "metaName": "DisplayMode",
                            "metaType": "string",
                            "metaValue": "2"
                        },
                        {
                            "metaName": "valuenode_defaultvalue",
                            "metaType": "string",
                            "metaValue": "1"
                        },
                        {
                            "metaName": "LayoutPos",
                            "metaType": "string",
                            "metaValue": "439.299 -165.66"
                        }
                    ]
                },
                {
                    "nodeName": "Allow_negative_scaling",
                    "nodeType": "Core::Logic::if",
                    "metadata": [
                        {
                            "metaName": "DisplayMode",
                            "metaType": "string",
                            "metaValue": "2"
                        },
                        {
                            "metaName": "LayoutPos",
                            "metaType": "string",
                            "metaValue": "782.943 -189.014"
                        }
                    ]
                },
                {
                    "nodeName": "length",
                    "nodeType": "Core::Math::length",
                    "metadata": [
                        {
                            "metaName": "DisplayMode",
                            "metaType": "string",
                            "metaValue": "2"
                        },
                        {
                            "metaName": "LayoutPos",
                            "metaType": "string",
                            "metaValue": "-153.704 294.737"
                        }
                    ]
                },
                {
                    "nodeName": "subtract1",
                    "nodeType": "Core::Math::subtract",
                    "multiInPortNames": [
                        "end",
                        "start"
                    ],
                    "metadata": [
                        {
                            "metaName": "DisplayMode",
                            "metaType": "string",
                            "metaValue": "2"
                        },
                        {
                            "metaName": "LayoutPos",
                            "metaType": "string",
                            "metaValue": "-778.225 814.47"
                        }
                    ]
                },
                {
                    "nodeName": "multiply2",
                    "nodeType": "Core::Math::multiply",
                    "multiInPortNames": [
                        "output1",
                        "scale"
                    ],
                    "metadata": [
                        {
                            "metaName": "DisplayMode",
                            "metaType": "string",
                            "metaValue": "2"
                        },
                        {
                            "metaName": "LayoutPos",
                            "metaType": "string",
                            "metaValue": "-497.175 791.157"
                        }
                    ]
                },
                {
                    "nodeName": "scaled_vector1",
                    "nodeType": "Core::Math::add",
                    "multiInPortNames": [
                        "output1",
                        "start"
                    ],
                    "metadata": [
                        {
                            "metaName": "DisplayMode",
                            "metaType": "string",
                            "metaValue": "2"
                        },
                        {
                            "metaName": "LayoutPos",
                            "metaType": "string",
                            "metaValue": "-216.914 766.102"
                        }
                    ]
                },
                {
                    "nodeName": "lerp",
                    "nodeType": "Core::Math::lerp",
                    "metadata": [
                        {
                            "metaName": "DisplayMode",
                            "metaType": "string",
                            "metaValue": "2"
                        },
                        {
                            "metaName": "LayoutPos",
                            "metaType": "string",
                            "metaValue": "-760.12 1193.44"
                        }
                    ]
                }
            ],
            "connections": [
                {
                    "source": "multiply1.output",
                    "target": "absolute_value1.value"
                },
                {
                    "source": "multiply.output",
                    "target": "scaled_vector.first.output1"
                },
                {
                    "source": "normalize.normalized",
                    "target": "multiply.first.normalized"
                },
                {
                    "source": "subtract.output",
                    "target": "normalize.value"
                },
                {
                    "source": ".end",
                    "target": "vector_A.input"
                },
                {
                    "source": "vector_A.output",
                    "target": "subtract.first.output1"
                },
                {
                    "source": ".start",
                    "target": "origin_O.input"
                },
                {
                    "source": "origin_O.output",
                    "target": "subtract.first.output2"
                },
                {
                    "source": "origin_O.output",
                    "target": "scaled_vector.first.output2"
                },
                {
                    "source": ".scale",
                    "target": "vector_A_scale.input"
                },
                {
                    "source": "vector_A_scale.output",
                    "target": "multiply1.first.output1"
                },
                {
                    "source": "value.output",
                    "target": "Allow_negative_scaling.condition"
                },
                {
                    "source": "multiply1.output",
                    "target": "Allow_negative_scaling.true_case"
                },
                {
                    "source": "Allow_negative_scaling.output",
                    "target": "multiply.first.magnitude"
                },
                {
                    "source": "absolute_value1.absolute_value",
                    "target": "Allow_negative_scaling.false_case"
                },
                {
                    "source": "subtract.output",
                    "target": "length.vector"
                },
                {
                    "source": "length.length",
                    "target": "multiply1.first.magnitude"
                },
                {
                    "source": ".end",
                    "target": "subtract1.first.end"
                },
                {
                    "source": ".start",
                    "target": "subtract1.first.start"
                },
                {
                    "source": "subtract1.output",
                    "target": "multiply2.first.output1"
                },
                {
                    "source": ".scale",
                    "target": "multiply2.first.scale"
                },
                {
                    "source": "multiply2.output",
                    "target": "scaled_vector1.first.output1"
                },
                {
                    "source": ".start",
                    "target": "scaled_vector1.first.start"
                },
                {
                    "source": ".start",
                    "target": "lerp.first"
                },
                {
                    "source": ".end",
                    "target": "lerp.second"
                },
                {
                    "source": ".scale",
                    "target": "lerp.fraction"
                },
                {
                    "source": "lerp.interpolated",
                    "target": ".scaled"
                }
            ],
            "values": [
                {
                    "valueName": "value.value",
                    "valueType": "bool",
                    "value": "true"
                }
            ],
            "reservedNodeNames": [
                {
                    "name": "input"
                },
                {
                    "name": "output"
                }
            ]
        }
    ]
}