{
    "header": {
        "metadata": [
            {
                "metaName": "adskFileFormatVersion",
                "metaValue": "100L"
            }
        ]
    },
    "namespaces": [],
    "types": [],
    "compounds": [
        {
            "name": "BPM::please_1::diagnostic::g2m_vector_intersection_scope",
            "uriImported": "stream:/bifrostGraphShape1",
            "metadata": [
                {
                    "metaName": "io_nodes",
                    "metadata": [
                        {
                            "metaName": "io_inodes",
                            "metadata": [
                                {
                                    "metaName": "input",
                                    "metadata": [
                                        {
                                            "metaName": "DisplayMode",
                                            "metaType": "string",
                                            "metaValue": "2"
                                        },
                                        {
                                            "metaName": "LayoutPos",
                                            "metaType": "string",
                                            "metaValue": "-915.384 -242.42"
                                        },
                                        {
                                            "metaName": "io_ports",
                                            "metadata": [
                                                {
                                                    "metaName": "a_start"
                                                },
                                                {
                                                    "metaName": "a_end"
                                                },
                                                {
                                                    "metaName": "a_color"
                                                },
                                                {
                                                    "metaName": "b_start"
                                                },
                                                {
                                                    "metaName": "b_end"
                                                },
                                                {
                                                    "metaName": "b_color"
                                                },
                                                {
                                                    "metaName": "arrowhead_size"
                                                },
                                                {
                                                    "metaName": "stem_width_ratio"
                                                },
                                                {
                                                    "metaName": "intersection"
                                                },
                                                {
                                                    "metaName": "intersection2"
                                                },
                                                {
                                                    "metaName": "in_same_plane"
                                                },
                                                {
                                                    "metaName": "point_size"
                                                },
                                                {
                                                    "metaName": "not_parallel"
                                                },
                                                {
                                                    "metaName": "show_extension_line"
                                                },
                                                {
                                                    "metaName": "show_intersection_cross_line"
                                                }
                                            ]
                                        }
                                    ]
                                }
                            ]
                        },
                        {
                            "metaName": "io_onodes",
                            "metadata": [
                                {
                                    "metaName": "output",
                                    "metadata": [
                                        {
                                            "metaName": "DisplayMode",
                                            "metaType": "string",
                                            "metaValue": "2"
                                        },
                                        {
                                            "metaName": "LayoutPos",
                                            "metaType": "string",
                                            "metaValue": "1959.1 -204.139"
                                        }
                                    ]
                                }
                            ]
                        }
                    ]
                },
                {
                    "metaName": "_recentNode_",
                    "metaType": "string",
                    "metaValue": "BifrostGraph,Core::Array,build_array"
                },
                {
                    "metaName": "_recentNode_",
                    "metaType": "string",
                    "metaValue": "BifrostGraph,Core::Logic,if"
                },
                {
                    "metaName": "_recentNode_",
                    "metaType": "string",
                    "metaValue": "BifrostGraph,Core::Constants,float"
                },
                {
                    "metaName": "_recentNode_",
                    "metaType": "string",
                    "metaValue": "BifrostGraph,Core::Logic,and"
                },
                {
                    "metaName": "_recentNode_",
                    "metaType": "string",
                    "metaValue": "BifrostGraph,Core::Graph,terminal"
                },
                {
                    "metaName": "ViewportRect",
                    "metaType": "string",
                    "metaValue": "-990.947 -539.487 1989.19 1500.35"
                },
                {
                    "metaName": "DisplayMode",
                    "metaType": "string",
                    "metaValue": "2"
                },
                {
                    "metaName": "LayoutPos",
                    "metaType": "string",
                    "metaValue": "745.726 -448.114"
                },
                {
                    "metaName": "UILayout",
                    "metaType": "string",
                    "metaValue": "{\n    \"NodeLayout\": {\n        \"hideUndeclaredPorts\": false,\n        \"items\": [\n            {\n                \"group\": \"Line input\",\n                \"items\": [\n                    {\n                        \"port\": \"a_start\"\n                    },\n                    {\n                        \"port\": \"a_end\"\n                    },\n                    {\n                        \"port\": \"b_start\"\n                    },\n                    {\n                        \"port\": \"b_end\"\n                    }\n                ]\n            },\n            {\n                \"expanded\": true,\n                \"group\": \"Line options\",\n                \"items\": [\n                    {\n                        \"group\": \"Line input\"\n                    },\n                    {\n                        \"port\": \"a_color\"\n                    },\n                    {\n                        \"port\": \"b_color\"\n                    },\n                    {\n                        \"port\": \"arrowhead_size\"\n                    },\n                    {\n                        \"port\": \"stem_width_ratio\"\n                    },\n                    {\n                        \"port\": \"show_extension_line\"\n                    },\n                    {\n                        \"port\": \"show_intersection_cross_line\"\n                    }\n                ]\n            },\n            {\n                \"group\": \"Point input\",\n                \"items\": [\n                    {\n                        \"port\": \"in_same_plane\"\n                    },\n                    {\n                        \"port\": \"not_parallel\"\n                    },\n                    {\n                        \"port\": \"intersection\"\n                    },\n                    {\n                        \"port\": \"intersection2\"\n                    }\n                ]\n            },\n            {\n                \"expanded\": false,\n                \"group\": \"Point options\",\n                \"items\": [\n                    {\n                        \"port\": \"point_size\"\n                    }\n                ]\n            }\n        ]\n    }\n}\n"
                },
                {
                    "metaName": "PortExpandedState",
                    "metadata": [
                        {
                            "metaName": "Line options",
                            "metaType": "string",
                            "metaValue": "1"
                        }
                    ]
                }
            ],
            "ports": [
                {
                    "portName": "a_start",
                    "portDirection": "input",
                    "portType": "Math::float3",
                    "portDefault": {
                        "x": "0f",
                        "y": "0f",
                        "z": "0f"
                    }
                },
                {
                    "portName": "a_end",
                    "portDirection": "input",
                    "portType": "Math::float3",
                    "portDefault": {
                        "x": "0f",
                        "y": "0f",
                        "z": "0f"
                    }
                },
                {
                    "portName": "a_color",
                    "portDirection": "input",
                    "portType": "Math::float3",
                    "portDefault": {
                        "x": "1f",
                        "y": "1f",
                        "z": "0f"
                    }
                },
                {
                    "portName": "b_start",
                    "portDirection": "input",
                    "portType": "Math::float3",
                    "portDefault": {
                        "x": "0f",
                        "y": "0f",
                        "z": "0f"
                    }
                },
                {
                    "portName": "b_end",
                    "portDirection": "input",
                    "portType": "Math::float3",
                    "portDefault": {
                        "x": "0f",
                        "y": "0f",
                        "z": "0f"
                    }
                },
                {
                    "portName": "b_color",
                    "portDirection": "input",
                    "portType": "Math::float3",
                    "portDefault": {
                        "x": "0f",
                        "y": "1f",
                        "z": "1f"
                    }
                },
                {
                    "portName": "arrowhead_size",
                    "portDirection": "input",
                    "portType": "float",
                    "portDefault": "0.100000001f"
                },
                {
                    "portName": "stem_width_ratio",
                    "portDirection": "input",
                    "portType": "float",
                    "portDefault": "0.25f"
                },
                {
                    "portName": "intersection",
                    "portDirection": "input",
                    "portType": "Math::float3",
                    "portDefault": {
                        "x": "0f",
                        "y": "0f",
                        "z": "0f"
                    }
                },
                {
                    "portName": "intersection2",
                    "portDirection": "input",
                    "portType": "Math::float3",
                    "portDefault": {
                        "x": "1f",
                        "y": "0.5f",
                        "z": "0.5f"
                    }
                },
                {
                    "portName": "in_same_plane",
                    "portDirection": "input",
                    "portType": "bool",
                    "portDefault": "false"
                },
                {
                    "portName": "point_size",
                    "portDirection": "input",
                    "portType": "float",
                    "portDefault": "0.100000001f"
                },
                {
                    "portName": "not_parallel",
                    "portDirection": "input",
                    "portType": "bool",
                    "portDefault": "false"
                },
                {
                    "portName": "show_extension_line",
                    "portDirection": "input",
                    "portType": "bool",
                    "portDefault": "false"
                },
                {
                    "portName": "show_intersection_cross_line",
                    "portDirection": "input",
                    "portType": "bool",
                    "portDefault": "false"
                }
            ],
            "compoundNodes": [
                {
                    "nodeName": "create_arrow_strands",
                    "nodeType": "Modeling::Strands::create_arrow_strands",
                    "metadata": [
                        {
                            "metaName": "DisplayMode",
                            "metaType": "string",
                            "metaValue": "2"
                        },
                        {
                            "metaName": "LayoutPos",
                            "metaType": "string",
                            "metaValue": "1321.31 -189.894"
                        }
                    ]
                },
                {
                    "nodeName": "build_array2",
                    "nodeType": "Core::Array::build_array",
                    "multiInPortNames": [
                        "a_start",
                        "b_start"
                    ],
                    "metadata": [
                        {
                            "metaName": "DisplayMode",
                            "metaType": "string",
                            "metaValue": "2"
                        },
                        {
                            "metaName": "LayoutPos",
                            "metaType": "string",
                            "metaValue": "-427.334 -1047.72"
                        }
                    ]
                },
                {
                    "nodeName": "build_array3",
                    "nodeType": "Core::Array::build_array",
                    "multiInPortNames": [
                        "a_end",
                        "b_end"
                    ],
                    "metadata": [
                        {
                            "metaName": "DisplayMode",
                            "metaType": "string",
                            "metaValue": "2"
                        },
                        {
                            "metaName": "LayoutPos",
                            "metaType": "string",
                            "metaValue": "-368.976 -645.778"
                        }
                    ]
                },
                {
                    "nodeName": "build_array4",
                    "nodeType": "Core::Array::build_array",
                    "multiInPortNames": [
                        "a_color",
                        "b_color",
                        "output",
                        "output1",
                        "output2"
                    ],
                    "metadata": [
                        {
                            "metaName": "DisplayMode",
                            "metaType": "string",
                            "metaValue": "2"
                        },
                        {
                            "metaName": "LayoutPos",
                            "metaType": "string",
                            "metaValue": "-205.4 89.2183"
                        }
                    ]
                },
                {
                    "nodeName": "terminal",
                    "nodeType": "Core::Graph::terminal",
                    "fanInPortNames": {
                        "final": [],
                        "proxy": [],
                        "diagnostic": [
                            "strands",
                            "diagnostic_geo"
                        ]
                    },
                    "deactivatedTerminals": [
                        "Core::Graph::terminal::final",
                        "Core::Graph::terminal::proxy"
                    ],
                    "metadata": [
                        {
                            "metaName": "DisplayMode",
                            "metaType": "string",
                            "metaValue": "2"
                        },
                        {
                            "metaName": "LayoutPos",
                            "metaType": "string",
                            "metaValue": "1554.53 -238.862"
                        }
                    ]
                },
                {
                    "nodeName": "value1",
                    "valueType": "Math::float3",
                    "metadata": [
                        {
                            "metaName": "DisplayMode",
                            "metaType": "string",
                            "metaValue": "0"
                        },
                        {
                            "metaName": "LayoutPos",
                            "metaType": "string",
                            "metaValue": "-426.769 946.279"
                        },
                        {
                            "metaName": "valuenode_defaultvalue",
                            "metaType": "string",
                            "metaValue": "0"
                        },
                        {
                            "metaName": "valuenode_defaultvalue",
                            "metaType": "string",
                            "metaValue": "1"
                        },
                        {
                            "metaName": "valuenode_defaultvalue",
                            "metaType": "string",
                            "metaValue": "0"
                        }
                    ]
                },
                {
                    "nodeName": "construct_points",
                    "nodeType": "Geometry::Points::construct_points",
                    "metadata": [
                        {
                            "metaName": "DisplayMode",
                            "metaType": "string",
                            "metaValue": "2"
                        },
                        {
                            "metaName": "LayoutPos",
                            "metaType": "string",
                            "metaValue": "-162.64 689.801"
                        }
                    ]
                },
                {
                    "nodeName": "if",
                    "nodeType": "Core::Logic::if",
                    "metadata": [
                        {
                            "metaName": "DisplayMode",
                            "metaType": "string",
                            "metaValue": "2"
                        },
                        {
                            "metaName": "LayoutPos",
                            "metaType": "string",
                            "metaValue": "-156.903 842.959"
                        }
                    ]
                },
                {
                    "nodeName": "value",
                    "valueType": "Math::float3",
                    "metadata": [
                        {
                            "metaName": "DisplayMode",
                            "metaType": "string",
                            "metaValue": "0"
                        },
                        {
                            "metaName": "LayoutPos",
                            "metaType": "string",
                            "metaValue": "-433.942 1049.39"
                        },
                        {
                            "metaName": "valuenode_defaultvalue",
                            "metaType": "string",
                            "metaValue": "1"
                        },
                        {
                            "metaName": "valuenode_defaultvalue",
                            "metaType": "string",
                            "metaValue": "0"
                        },
                        {
                            "metaName": "valuenode_defaultvalue",
                            "metaType": "string",
                            "metaValue": "0"
                        }
                    ]
                },
                {
                    "nodeName": "point_scope",
                    "nodeType": "Diagnostic::Display::point_scope",
                    "metadata": [
                        {
                            "metaName": "DisplayMode",
                            "metaType": "string",
                            "metaValue": "2"
                        },
                        {
                            "metaName": "PortExpandedState",
                            "metadata": [
                                {
                                    "metaName": "Color",
                                    "metaType": "string",
                                    "metaValue": "1"
                                },
                                {
                                    "metaName": "Point Shape",
                                    "metaType": "string",
                                    "metaValue": "1"
                                }
                            ]
                        },
                        {
                            "metaName": "LayoutPos",
                            "metaType": "string",
                            "metaValue": "108.699 738.496"
                        }
                    ]
                },
                {
                    "nodeName": "build_array",
                    "nodeType": "Core::Array::build_array",
                    "multiInPortNames": [
                        "p",
                        "p1",
                        "intersection2"
                    ],
                    "metadata": [
                        {
                            "metaName": "DisplayMode",
                            "metaType": "string",
                            "metaValue": "2"
                        },
                        {
                            "metaName": "LayoutPos",
                            "metaType": "string",
                            "metaValue": "-397.13 688.413"
                        }
                    ]
                },
                {
                    "nodeName": "and",
                    "nodeType": "Core::Logic::and",
                    "metadata": [
                        {
                            "metaName": "DisplayMode",
                            "metaType": "string",
                            "metaValue": "2"
                        },
                        {
                            "metaName": "LayoutPos",
                            "metaType": "string",
                            "metaValue": "-666.486 866.155"
                        }
                    ]
                },
                {
                    "nodeName": "value2",
                    "valueType": "Math::float3",
                    "metadata": [
                        {
                            "metaName": "DisplayMode",
                            "metaType": "string",
                            "metaValue": "2"
                        },
                        {
                            "metaName": "LayoutPos",
                            "metaType": "string",
                            "metaValue": "-456.781 297.968"
                        },
                        {
                            "metaName": "valuenode_defaultvalue",
                            "metaType": "string",
                            "metaValue": "1"
                        },
                        {
                            "metaName": "valuenode_defaultvalue",
                            "metaType": "string",
                            "metaValue": "0"
                        },
                        {
                            "metaName": "valuenode_defaultvalue",
                            "metaType": "string",
                            "metaValue": "1"
                        }
                    ]
                },
                {
                    "nodeName": "value3",
                    "valueType": "Math::float3",
                    "metadata": [
                        {
                            "metaName": "DisplayMode",
                            "metaType": "string",
                            "metaValue": "2"
                        },
                        {
                            "metaName": "LayoutPos",
                            "metaType": "string",
                            "metaValue": "-460.468 162.796"
                        },
                        {
                            "metaName": "valuenode_defaultvalue",
                            "metaType": "string",
                            "metaValue": "1"
                        },
                        {
                            "metaName": "valuenode_defaultvalue",
                            "metaType": "string",
                            "metaValue": "0.5"
                        },
                        {
                            "metaName": "valuenode_defaultvalue",
                            "metaType": "string",
                            "metaValue": "0.5"
                        }
                    ]
                },
                {
                    "nodeName": "value4",
                    "valueType": "Math::float3",
                    "metadata": [
                        {
                            "metaName": "DisplayMode",
                            "metaType": "string",
                            "metaValue": "2"
                        },
                        {
                            "metaName": "LayoutPos",
                            "metaType": "string",
                            "metaValue": "-455.552 436.826"
                        },
                        {
                            "metaName": "valuenode_defaultvalue",
                            "metaType": "string",
                            "metaValue": "1"
                        },
                        {
                            "metaName": "valuenode_defaultvalue",
                            "metaType": "string",
                            "metaValue": "1"
                        },
                        {
                            "metaName": "valuenode_defaultvalue",
                            "metaType": "string",
                            "metaValue": "1"
                        }
                    ]
                },
                {
                    "nodeName": "if_show_extension_line",
                    "nodeType": "Core::Logic::if",
                    "metadata": [
                        {
                            "metaName": "DisplayMode",
                            "metaType": "string",
                            "metaValue": "2"
                        },
                        {
                            "metaName": "LayoutPos",
                            "metaType": "string",
                            "metaValue": "87.2994 -1071.13"
                        }
                    ]
                },
                {
                    "nodeName": "if_show_extension_line1",
                    "nodeType": "Core::Logic::if",
                    "metadata": [
                        {
                            "metaName": "DisplayMode",
                            "metaType": "string",
                            "metaValue": "2"
                        },
                        {
                            "metaName": "LayoutPos",
                            "metaType": "string",
                            "metaValue": "140.098 -691.011"
                        }
                    ]
                },
                {
                    "nodeName": "if_show_intersection_cross_line",
                    "nodeType": "Core::Logic::if",
                    "metadata": [
                        {
                            "metaName": "DisplayMode",
                            "metaType": "string",
                            "metaValue": "2"
                        },
                        {
                            "metaName": "LayoutPos",
                            "metaType": "string",
                            "metaValue": "954.286 -654.667"
                        }
                    ]
                },
                {
                    "nodeName": "build_array5",
                    "nodeType": "Core::Array::build_array",
                    "multiInPortNames": [
                        "output",
                        "intersection"
                    ],
                    "metadata": [
                        {
                            "metaName": "DisplayMode",
                            "metaType": "string",
                            "metaValue": "2"
                        },
                        {
                            "metaName": "LayoutPos",
                            "metaType": "string",
                            "metaValue": "647.604 -615.65"
                        }
                    ]
                },
                {
                    "nodeName": "if_show_intersection_cross_line1",
                    "nodeType": "Core::Logic::if",
                    "metadata": [
                        {
                            "metaName": "DisplayMode",
                            "metaType": "string",
                            "metaValue": "2"
                        },
                        {
                            "metaName": "LayoutPos",
                            "metaType": "string",
                            "metaValue": "952.108 -411.124"
                        }
                    ]
                },
                {
                    "nodeName": "build_array6",
                    "nodeType": "Core::Array::build_array",
                    "multiInPortNames": [
                        "output",
                        "intersection2"
                    ],
                    "metadata": [
                        {
                            "metaName": "DisplayMode",
                            "metaType": "string",
                            "metaValue": "2"
                        },
                        {
                            "metaName": "LayoutPos",
                            "metaType": "string",
                            "metaValue": "636.188 -401.042"
                        }
                    ]
                },
                {
                    "nodeName": "build_array7",
                    "nodeType": "Core::Array::build_array",
                    "multiInPortNames": [
                        "array1",
                        "intersection2",
                        "intersection"
                    ],
                    "metadata": [
                        {
                            "metaName": "DisplayMode",
                            "metaType": "string",
                            "metaValue": "2"
                        },
                        {
                            "metaName": "LayoutPos",
                            "metaType": "string",
                            "metaValue": "-104.884 -641.344"
                        }
                    ]
                },
                {
                    "nodeName": "build_array8",
                    "nodeType": "Core::Array::build_array",
                    "multiInPortNames": [
                        "array1",
                        "a_end",
                        "b_end"
                    ],
                    "metadata": [
                        {
                            "metaName": "DisplayMode",
                            "metaType": "string",
                            "metaValue": "2"
                        },
                        {
                            "metaName": "LayoutPos",
                            "metaType": "string",
                            "metaValue": "-158.792 -1024.3"
                        }
                    ]
                }
            ],
            "connections": [
                {
                    "source": ".a_start",
                    "target": "build_array2.first.a_start"
                },
                {
                    "source": ".b_start",
                    "target": "build_array2.first.b_start"
                },
                {
                    "source": ".a_end",
                    "target": "build_array3.first.a_end"
                },
                {
                    "source": ".b_end",
                    "target": "build_array3.first.b_end"
                },
                {
                    "source": ".a_color",
                    "target": "build_array4.first.a_color"
                },
                {
                    "source": ".b_color",
                    "target": "build_array4.first.b_color"
                },
                {
                    "source": "build_array4.array",
                    "target": "create_arrow_strands.colors"
                },
                {
                    "source": "create_arrow_strands.strands",
                    "target": "terminal.diagnostic.strands"
                },
                {
                    "source": ".arrowhead_size",
                    "target": "create_arrow_strands.arrowhead_size"
                },
                {
                    "source": ".stem_width_ratio",
                    "target": "create_arrow_strands.stem_width_ratio"
                },
                {
                    "source": "value1.output",
                    "target": "if.true_case"
                },
                {
                    "source": "construct_points.points",
                    "target": "point_scope.point_geo"
                },
                {
                    "source": "if.output",
                    "target": "point_scope.color"
                },
                {
                    "source": "value.output",
                    "target": "if.false_case"
                },
                {
                    "source": ".intersection",
                    "target": "build_array.first.p"
                },
                {
                    "source": "build_array.array",
                    "target": "construct_points.point_position"
                },
                {
                    "source": ".point_size",
                    "target": "point_scope.default_size"
                },
                {
                    "source": "point_scope.diagnostic_geo",
                    "target": "terminal.diagnostic.diagnostic_geo"
                },
                {
                    "source": ".intersection",
                    "target": "build_array.first.p1"
                },
                {
                    "source": ".in_same_plane",
                    "target": "and.first"
                },
                {
                    "source": ".not_parallel",
                    "target": "and.second"
                },
                {
                    "source": "and.output",
                    "target": "if.condition"
                },
                {
                    "source": "value3.output",
                    "target": "build_array4.first.output"
                },
                {
                    "source": "value2.output",
                    "target": "build_array4.first.output1"
                },
                {
                    "source": "value4.output",
                    "target": "build_array4.first.output2"
                },
                {
                    "source": ".intersection2",
                    "target": "build_array.first.intersection2"
                },
                {
                    "source": ".show_extension_line",
                    "target": "if_show_extension_line.condition"
                },
                {
                    "source": ".show_extension_line",
                    "target": "if_show_extension_line1.condition"
                },
                {
                    "source": ".show_intersection_cross_line",
                    "target": "if_show_intersection_cross_line.condition"
                },
                {
                    "source": "if_show_extension_line.output",
                    "target": "build_array5.first.output"
                },
                {
                    "source": ".intersection",
                    "target": "build_array5.first.intersection"
                },
                {
                    "source": "build_array5.array",
                    "target": "if_show_intersection_cross_line.true_case"
                },
                {
                    "source": ".show_intersection_cross_line",
                    "target": "if_show_intersection_cross_line1.condition"
                },
                {
                    "source": "if_show_extension_line1.output",
                    "target": "build_array6.first.output"
                },
                {
                    "source": "build_array6.array",
                    "target": "if_show_intersection_cross_line1.true_case"
                },
                {
                    "source": ".intersection2",
                    "target": "build_array6.first.intersection2"
                },
                {
                    "source": "if_show_extension_line1.output",
                    "target": "if_show_intersection_cross_line1.false_case"
                },
                {
                    "source": "if_show_extension_line.output",
                    "target": "if_show_intersection_cross_line.false_case"
                },
                {
                    "source": "if_show_intersection_cross_line.output",
                    "target": "create_arrow_strands.start_positions"
                },
                {
                    "source": "if_show_intersection_cross_line1.output",
                    "target": "create_arrow_strands.end_positions"
                },
                {
                    "source": "build_array3.array",
                    "target": "build_array7.first.array1"
                },
                {
                    "source": "build_array7.array",
                    "target": "if_show_extension_line1.true_case"
                },
                {
                    "source": ".intersection2",
                    "target": "build_array7.first.intersection2"
                },
                {
                    "source": ".intersection",
                    "target": "build_array7.first.intersection"
                },
                {
                    "source": "build_array3.array",
                    "target": "if_show_extension_line1.false_case"
                },
                {
                    "source": "build_array2.array",
                    "target": "build_array8.first.array1"
                },
                {
                    "source": "build_array8.array",
                    "target": "if_show_extension_line.true_case"
                },
                {
                    "source": ".a_end",
                    "target": "build_array8.first.a_end"
                },
                {
                    "source": ".b_end",
                    "target": "build_array8.first.b_end"
                },
                {
                    "source": "build_array2.array",
                    "target": "if_show_extension_line.false_case"
                }
            ],
            "values": [
                {
                    "valueName": "create_arrow_strands.arrowhead_size",
                    "valueType": "float",
                    "value": "0.100000001f"
                },
                {
                    "valueName": "create_arrow_strands.stem_width_ratio",
                    "valueType": "float",
                    "value": "0.25f"
                },
                {
                    "valueName": "value1.value",
                    "valueType": "Math::float3",
                    "value": {
                        "x": "0f",
                        "y": "1f",
                        "z": "0f"
                    }
                },
                {
                    "valueName": "value.value",
                    "valueType": "Math::float3",
                    "value": {
                        "x": "1f",
                        "y": "0f",
                        "z": "0f"
                    }
                },
                {
                    "valueName": "point_scope.shape",
                    "valueType": "Geometry::PointShapes",
                    "value": "Disk"
                },
                {
                    "valueName": "point_scope.default_size",
                    "valueType": "float",
                    "value": "0.1505f"
                },
                {
                    "valueName": "point_scope.cull_by_scalar_property",
                    "valueType": "bool",
                    "value": "false"
                },
                {
                    "valueName": "point_scope.cull_property",
                    "valueType": "string",
                    "value": "point_age"
                },
                {
                    "valueName": "point_scope.keep_max_value",
                    "valueType": "float",
                    "value": "3f"
                },
                {
                    "valueName": "point_scope.invert_range",
                    "valueType": "bool",
                    "value": "false"
                },
                {
                    "valueName": "point_scope.coloring_property",
                    "valueType": "string",
                    "value": "point_normal"
                },
                {
                    "valueName": "point_scope.coloring_mode",
                    "valueType": "Diagnostic::ColoringMode",
                    "value": "Color"
                },
                {
                    "valueName": "point_scope.color",
                    "valueType": "Math::float3",
                    "value": {
                        "x": "1f",
                        "y": "1f",
                        "z": "1f"
                    }
                },
                {
                    "valueName": "point_scope.heatmap_R",
                    "valueType": "Amino::FCurve",
                    "value": {
                        "version": "1",
                        "preExtrapolation": "0",
                        "postExtrapolation": "0",
                        "points": [
                            {
                                "point": {
                                    "locked": "1",
                                    "interpolation": "2",
                                    "pcn": {
                                        "xp": "-0.40000000000000002",
                                        "yp": "0.10000000000000001",
                                        "x": "0",
                                        "y": "0.10000000000000001",
                                        "xn": "0.40000000000000002",
                                        "yn": "0.10000000000000001"
                                    }
                                }
                            },
                            {
                                "point": {
                                    "locked": "1",
                                    "interpolation": "2",
                                    "pcn": {
                                        "xp": "9.5999999999999996",
                                        "yp": "1",
                                        "x": "10",
                                        "y": "1",
                                        "xn": "10.4",
                                        "yn": "1"
                                    }
                                }
                            }
                        ]
                    }
                },
                {
                    "valueName": "point_scope.heatmap_G",
                    "valueType": "Amino::FCurve",
                    "value": {
                        "version": "1",
                        "preExtrapolation": "0",
                        "postExtrapolation": "0",
                        "points": [
                            {
                                "point": {
                                    "locked": "1",
                                    "interpolation": "2",
                                    "pcn": {
                                        "xp": "-1.3999999999999999",
                                        "yp": "0",
                                        "x": "-1",
                                        "y": "0",
                                        "xn": "-0.59999999999999998",
                                        "yn": "0"
                                    }
                                }
                            },
                            {
                                "point": {
                                    "locked": "1",
                                    "interpolation": "2",
                                    "pcn": {
                                        "xp": "4.7000000000000002",
                                        "yp": "1",
                                        "x": "5",
                                        "y": "1",
                                        "xn": "5.2999999999999998",
                                        "yn": "1"
                                    }
                                }
                            },
                            {
                                "point": {
                                    "locked": "1",
                                    "interpolation": "2",
                                    "pcn": {
                                        "xp": "9.5999999999999996",
                                        "yp": "0",
                                        "x": "10",
                                        "y": "0",
                                        "xn": "10.4",
                                        "yn": "0"
                                    }
                                }
                            }
                        ]
                    }
                },
                {
                    "valueName": "point_scope.heatmap_B",
                    "valueType": "Amino::FCurve",
                    "value": {
                        "version": "1",
                        "preExtrapolation": "0",
                        "postExtrapolation": "0",
                        "points": [
                            {
                                "point": {
                                    "locked": "1",
                                    "interpolation": "2",
                                    "pcn": {
                                        "xp": "-0.40000000000000002",
                                        "yp": "1",
                                        "x": "0",
                                        "y": "1",
                                        "xn": "0.40000000000000002",
                                        "yn": "1"
                                    }
                                }
                            },
                            {
                                "point": {
                                    "locked": "1",
                                    "interpolation": "2",
                                    "pcn": {
                                        "xp": "9.5999999999999996",
                                        "yp": "0.10000000000000001",
                                        "x": "10",
                                        "y": "0.10000000000000001",
                                        "xn": "10.4",
                                        "yn": "0.10000000000000001"
                                    }
                                }
                            }
                        ]
                    }
                },
                {
                    "valueName": "point_scope.arrow_property",
                    "valueType": "string",
                    "value": "point_velocity"
                },
                {
                    "valueName": "point_scope.normalize_arrow",
                    "valueType": "bool",
                    "value": "false"
                },
                {
                    "valueName": "point_scope.enable_arrows",
                    "valueType": "bool",
                    "value": "false"
                },
                {
                    "valueName": "point_scope.length_scale",
                    "valueType": "float",
                    "value": "1f"
                },
                {
                    "valueName": "value2.value",
                    "valueType": "Math::float3",
                    "value": {
                        "x": "1f",
                        "y": "0f",
                        "z": "1f"
                    }
                },
                {
                    "valueName": "value3.value",
                    "valueType": "Math::float3",
                    "value": {
                        "x": "1f",
                        "y": "0.5f",
                        "z": "0.5f"
                    }
                },
                {
                    "valueName": "value4.value",
                    "valueType": "Math::float3",
                    "value": {
                        "x": "1f",
                        "y": "1f",
                        "z": "1f"
                    }
                }
            ],
            "reservedNodeNames": [
                {
                    "name": "input"
                },
                {
                    "name": "output"
                }
            ]
        }
    ]
}