{
    "header": {
        "metadata": [
            {
                "metaName": "adskFileFormatVersion",
                "metaValue": "100L"
            }
        ]
    },
    "namespaces": [],
    "types": [],
    "compounds": [
        {
            "name": "BPM::please_1::math::g2m_vector_plus",
            "uriImported": "stream:/bifrostGraphShape1",
            "metadata": [
                {
                    "metaName": "io_nodes",
                    "metadata": [
                        {
                            "metaName": "io_inodes",
                            "metadata": [
                                {
                                    "metaName": "input",
                                    "metadata": [
                                        {
                                            "metaName": "DisplayMode",
                                            "metaType": "string",
                                            "metaValue": "2"
                                        },
                                        {
                                            "metaName": "LayoutPos",
                                            "metaType": "string",
                                            "metaValue": "-375.084 147.212"
                                        },
                                        {
                                            "metaName": "io_ports",
                                            "metadata": [
                                                {
                                                    "metaName": "start"
                                                },
                                                {
                                                    "metaName": "end"
                                                },
                                                {
                                                    "metaName": "plus"
                                                }
                                            ]
                                        }
                                    ]
                                }
                            ]
                        },
                        {
                            "metaName": "io_onodes",
                            "metadata": [
                                {
                                    "metaName": "output",
                                    "metadata": [
                                        {
                                            "metaName": "DisplayMode",
                                            "metaType": "string",
                                            "metaValue": "2"
                                        },
                                        {
                                            "metaName": "LayoutPos",
                                            "metaType": "string",
                                            "metaValue": "1738.58 74.2278"
                                        },
                                        {
                                            "metaName": "io_ports",
                                            "metadata": [
                                                {
                                                    "metaName": "new_end"
                                                }
                                            ]
                                        }
                                    ]
                                }
                            ]
                        }
                    ]
                },
                {
                    "metaName": "_recentNode_",
                    "metaType": "string",
                    "metaValue": "BifrostGraph,Core::Graph,pass"
                },
                {
                    "metaName": "_recentNode_",
                    "metaType": "string",
                    "metaValue": "BifrostGraph,Core::Math,add"
                },
                {
                    "metaName": "_recentNode_",
                    "metaType": "string",
                    "metaValue": "BifrostGraph,Core::Math,subtract"
                },
                {
                    "metaName": "_recentNode_",
                    "metaType": "string",
                    "metaValue": "BifrostGraph,User::G2M,g2m_vector_magnitude"
                },
                {
                    "metaName": "_recentNode_",
                    "metaType": "string",
                    "metaValue": "BifrostGraph,Core::Math,length"
                },
                {
                    "metaName": "backdrop",
                    "metadata": [
                        {
                            "metaName": "type",
                            "metaType": "string",
                            "metaValue": "backdrop"
                        },
                        {
                            "metaName": "text",
                            "metaType": "string",
                            "metaValue": "\u7528\u5177\u9ad4\u7684\u503c\uff0c\u589e\u6e1b vector \u7684\u9577\u5ea6\u3002\n\nstart: \u77e2\u91cf\u8d77\u9ede\nend: \u77e2\u91cf\u7d42\u9ede\nplus: \u589e\u6e1b\u7684\u5177\u9ad4\u503c\n\n\u539f\u7406\u548c\u6b65\u9a5f\uff1a\n1. \u628a\u77e2\u91cf\u79fb\u5230\u539f\u9ede\n2. \u8a08\u7b97\u77e2\u91cf\u4e0e<1,0,0>\u7684\u593e\u89d2 A\n3. \u5728 X \u8ef8\u4e0a\u4ee5 plus \u503c\u65b0\u5efa\u4e00\u500b\u77e2\u91cf\n4. \u5c07\u6b64\u77e2\u91cf\u65cb\u8f49 A\n5. \u4e0e\u539f\u77e2\u91cf\u76f8\u52a0\n6. \u5c07\u6700\u7d42\u77e2\u91cf\u79fb\u56de\u539f\u4f86\u7684\u4f4d\u7f6e "
                        },
                        {
                            "metaName": "coords",
                            "metaType": "string",
                            "metaValue": "-549.425 91.0358 433.079 330.794"
                        }
                    ]
                },
                {
                    "metaName": "ViewportRect",
                    "metaType": "string",
                    "metaValue": "-634.846 -234.878 1302.26 988.188"
                },
                {
                    "metaName": "DisplayMode",
                    "metaType": "string",
                    "metaValue": "2"
                },
                {
                    "metaName": "LayoutPos",
                    "metaType": "string",
                    "metaValue": "1864.21 5.48264"
                }
            ],
            "ports": [
                {
                    "portName": "start",
                    "portDirection": "input",
                    "portType": "Math::float3",
                    "portDefault": {
                        "x": "0f",
                        "y": "0f",
                        "z": "0f"
                    }
                },
                {
                    "portName": "end",
                    "portDirection": "input",
                    "portType": "Math::float3",
                    "portDefault": {
                        "x": "1f",
                        "y": "0f",
                        "z": "0f"
                    }
                },
                {
                    "portName": "new_end",
                    "portDirection": "output"
                },
                {
                    "portName": "plus",
                    "portDirection": "input",
                    "portType": "float",
                    "portDefault": "0f"
                }
            ],
            "compoundNodes": [
                {
                    "nodeName": "rotate_by_quaternion",
                    "nodeType": "Core::Math::rotate_by_quaternion",
                    "metadata": [
                        {
                            "metaName": "DisplayMode",
                            "metaType": "string",
                            "metaValue": "2"
                        },
                        {
                            "metaName": "LayoutPos",
                            "metaType": "string",
                            "metaValue": "1143.99 -320.118"
                        }
                    ]
                },
                {
                    "nodeName": "rotation_between_vectors",
                    "nodeType": "Core::Math::rotation_between_vectors",
                    "metadata": [
                        {
                            "metaName": "DisplayMode",
                            "metaType": "string",
                            "metaValue": "2"
                        },
                        {
                            "metaName": "LayoutPos",
                            "metaType": "string",
                            "metaValue": "856.905 -159.928"
                        }
                    ]
                },
                {
                    "nodeName": "scalar_to_vector3",
                    "nodeType": "Core::Conversion::scalar_to_vector3",
                    "metadata": [
                        {
                            "metaName": "DisplayMode",
                            "metaType": "string",
                            "metaValue": "2"
                        },
                        {
                            "metaName": "LayoutPos",
                            "metaType": "string",
                            "metaValue": "590.976 -422.934"
                        }
                    ]
                },
                {
                    "nodeName": "value3",
                    "valueType": "Math::float3",
                    "metadata": [
                        {
                            "metaName": "DisplayMode",
                            "metaType": "string",
                            "metaValue": "2"
                        },
                        {
                            "metaName": "valuenode_defaultvalue",
                            "metaType": "string",
                            "metaValue": "0"
                        },
                        {
                            "metaName": "valuenode_defaultvalue",
                            "metaType": "string",
                            "metaValue": "0"
                        },
                        {
                            "metaName": "valuenode_defaultvalue",
                            "metaType": "string",
                            "metaValue": "0"
                        },
                        {
                            "metaName": "LayoutPos",
                            "metaType": "string",
                            "metaValue": "584.317 -190.361"
                        }
                    ]
                },
                {
                    "nodeName": "value4",
                    "valueType": "Math::float3",
                    "metadata": [
                        {
                            "metaName": "DisplayMode",
                            "metaType": "string",
                            "metaValue": "2"
                        },
                        {
                            "metaName": "valuenode_defaultvalue",
                            "metaType": "string",
                            "metaValue": "0"
                        },
                        {
                            "metaName": "valuenode_defaultvalue",
                            "metaType": "string",
                            "metaValue": "0"
                        },
                        {
                            "metaName": "valuenode_defaultvalue",
                            "metaType": "string",
                            "metaValue": "0"
                        },
                        {
                            "metaName": "LayoutPos",
                            "metaType": "string",
                            "metaValue": "850.156 -447.083"
                        }
                    ]
                },
                {
                    "nodeName": "start",
                    "nodeType": "Core::Graph::pass",
                    "metadata": [
                        {
                            "metaName": "DisplayMode",
                            "metaType": "string",
                            "metaValue": "2"
                        },
                        {
                            "metaName": "LayoutPos",
                            "metaType": "string",
                            "metaValue": "-70.9256 144.306"
                        }
                    ]
                },
                {
                    "nodeName": "end",
                    "nodeType": "Core::Graph::pass",
                    "metadata": [
                        {
                            "metaName": "DisplayMode",
                            "metaType": "string",
                            "metaValue": "2"
                        },
                        {
                            "metaName": "LayoutPos",
                            "metaType": "string",
                            "metaValue": "-72.5322 306.708"
                        }
                    ]
                },
                {
                    "nodeName": "move_vector_to_origin",
                    "nodeType": "Core::Math::subtract",
                    "multiInPortNames": [
                        "output1",
                        "output2"
                    ],
                    "metadata": [
                        {
                            "metaName": "DisplayMode",
                            "metaType": "string",
                            "metaValue": "2"
                        },
                        {
                            "metaName": "LayoutPos",
                            "metaType": "string",
                            "metaValue": "317.716 20.9811"
                        }
                    ]
                },
                {
                    "nodeName": "add1",
                    "nodeType": "Core::Math::add",
                    "multiInPortNames": [
                        "rotated_vector",
                        "output1",
                        "output2"
                    ],
                    "metadata": [
                        {
                            "metaName": "DisplayMode",
                            "metaType": "string",
                            "metaValue": "2"
                        },
                        {
                            "metaName": "LayoutPos",
                            "metaType": "string",
                            "metaValue": "1494.82 74.4071"
                        }
                    ]
                },
                {
                    "nodeName": "plus",
                    "nodeType": "Core::Graph::pass",
                    "metadata": [
                        {
                            "metaName": "DisplayMode",
                            "metaType": "string",
                            "metaValue": "2"
                        },
                        {
                            "metaName": "LayoutPos",
                            "metaType": "string",
                            "metaValue": "-68.3756 -20.338"
                        }
                    ]
                }
            ],
            "connections": [
                {
                    "source": "value4.output",
                    "target": "rotate_by_quaternion.vector"
                },
                {
                    "source": "rotation_between_vectors.quaternion",
                    "target": "rotate_by_quaternion.quaternion"
                },
                {
                    "source": "value3.output",
                    "target": "rotation_between_vectors.from"
                },
                {
                    "source": "scalar_to_vector3.vector3",
                    "target": "value4.value"
                },
                {
                    "source": ".start",
                    "target": "start.input"
                },
                {
                    "source": ".end",
                    "target": "end.input"
                },
                {
                    "source": "end.output",
                    "target": "move_vector_to_origin.first.output1"
                },
                {
                    "source": "start.output",
                    "target": "move_vector_to_origin.first.output2"
                },
                {
                    "source": "move_vector_to_origin.output",
                    "target": "rotation_between_vectors.to"
                },
                {
                    "source": "rotate_by_quaternion.rotated_vector",
                    "target": "add1.first.rotated_vector"
                },
                {
                    "source": "move_vector_to_origin.output",
                    "target": "add1.first.output1"
                },
                {
                    "source": "start.output",
                    "target": "add1.first.output2"
                },
                {
                    "source": "add1.output",
                    "target": ".new_end"
                },
                {
                    "source": ".plus",
                    "target": "plus.input"
                },
                {
                    "source": "plus.output",
                    "target": "scalar_to_vector3.x"
                }
            ],
            "values": [
                {
                    "valueName": "rotation_between_vectors.from",
                    "valueType": "Math::float3",
                    "value": {
                        "x": "1f",
                        "y": "0f",
                        "z": "0f"
                    }
                },
                {
                    "valueName": "value3.value",
                    "valueType": "Math::float3",
                    "value": {
                        "x": "1f",
                        "y": "0f",
                        "z": "0f"
                    }
                },
                {
                    "valueName": "value4.value",
                    "valueType": "Math::float3",
                    "value": {
                        "x": "1f",
                        "y": "0f",
                        "z": "0f"
                    }
                }
            ],
            "reservedNodeNames": [
                {
                    "name": "input"
                },
                {
                    "name": "output"
                }
            ]
        }
    ]
}