{
    "header": {
        "metadata": [
            {
                "metaName": "adskFileFormatVersion",
                "metaValue": "100L"
            }
        ]
    },
    "namespaces": [],
    "types": [],
    "compounds": [
        {
            "name": "BPM::please_1::diagnostic::g2m_print_2d_number_array",
            "uriImported": "stream:/bifrostGraphShape1",
            "metadata": [
                {
                    "metaName": "icon",
                    "metaType": "string",
                    "metaValue": "icons/LoopIterate.svg"
                },
                {
                    "metaName": "icon",
                    "metaType": "string",
                    "metaValue": "icons/LoopIterate.svg"
                },
                {
                    "metaName": "io_nodes",
                    "metadata": [
                        {
                            "metaName": "io_inodes",
                            "metadata": [
                                {
                                    "metaName": "input",
                                    "metadata": [
                                        {
                                            "metaName": "DisplayMode",
                                            "metaType": "string",
                                            "metaValue": "2"
                                        },
                                        {
                                            "metaName": "LayoutPos",
                                            "metaType": "string",
                                            "metaValue": "-1034 -60.5"
                                        },
                                        {
                                            "metaName": "io_ports",
                                            "metadata": [
                                                {
                                                    "metaName": "current_index"
                                                },
                                                {
                                                    "metaName": "in_2d_array"
                                                },
                                                {
                                                    "metaName": "string_pool"
                                                }
                                            ]
                                        }
                                    ]
                                }
                            ]
                        },
                        {
                            "metaName": "io_onodes",
                            "metadata": [
                                {
                                    "metaName": "output",
                                    "metadata": [
                                        {
                                            "metaName": "DisplayMode",
                                            "metaType": "string",
                                            "metaValue": "2"
                                        },
                                        {
                                            "metaName": "LayoutPos",
                                            "metaType": "string",
                                            "metaValue": "101 -34.5"
                                        },
                                        {
                                            "metaName": "io_ports",
                                            "metadata": [
                                                {
                                                    "metaName": "string"
                                                }
                                            ]
                                        }
                                    ]
                                }
                            ]
                        }
                    ]
                },
                {
                    "metaName": "_recentNode_",
                    "metaType": "string",
                    "metaValue": "BifrostGraph,Core::Constants,float"
                },
                {
                    "metaName": "_recentNode_",
                    "metaType": "string",
                    "metaValue": "BifrostGraph,Core::String,build_string"
                },
                {
                    "metaName": "_recentNode_",
                    "metaType": "string",
                    "metaValue": "BifrostGraph,Core::String,string_join"
                },
                {
                    "metaName": "_recentNode_",
                    "metaType": "string",
                    "metaValue": "BifrostGraph,G2M::diagnostic,g2m_print_number_array"
                },
                {
                    "metaName": "_recentNode_",
                    "metaType": "string",
                    "metaValue": "BifrostGraph,Core::Iterators,iterate"
                },
                {
                    "metaName": "ViewportRect",
                    "metaType": "string",
                    "metaValue": "-1310.59 -703.524 1990.14 1342.04"
                },
                {
                    "metaName": "DisplayMode",
                    "metaType": "string",
                    "metaValue": "2"
                },
                {
                    "metaName": "LayoutPos",
                    "metaType": "string",
                    "metaValue": "-205.961 -261.123"
                }
            ],
            "ports": [
                {
                    "portName": "current_index",
                    "portDirection": "input",
                    "portType": "long",
                    "portIterationCounter": "true"
                },
                {
                    "portName": "in_2d_array",
                    "portDirection": "input",
                    "portIterationTarget": "true"
                },
                {
                    "portName": "string_pool",
                    "portDirection": "input",
                    "portType": "string",
                    "portDefault": ""
                },
                {
                    "portName": "string",
                    "portDirection": "output"
                }
            ],
            "compoundNodes": [
                {
                    "nodeName": "g2m_print_number_array",
                    "nodeType": "BPM::please_1::diagnostic::g2m_print_number_array",
                    "metadata": [
                        {
                            "metaName": "DisplayMode",
                            "metaType": "string",
                            "metaValue": "2"
                        },
                        {
                            "metaName": "LayoutPos",
                            "metaType": "string",
                            "metaValue": "-607.5 -156"
                        }
                    ]
                },
                {
                    "nodeName": "build_string",
                    "nodeType": "Core::String::build_string",
                    "fanInPortNames": {
                        "strings": [
                            "forward_pool",
                            "output",
                            "number_string"
                        ]
                    },
                    "metadata": [
                        {
                            "metaName": "DisplayMode",
                            "metaType": "string",
                            "metaValue": "2"
                        },
                        {
                            "metaName": "PortExpandedState",
                            "metadata": [
                                {
                                    "metaName": "strings",
                                    "metaType": "string",
                                    "metaValue": "1"
                                }
                            ]
                        },
                        {
                            "metaName": "LayoutPos",
                            "metaType": "string",
                            "metaValue": "-191.5 -34"
                        }
                    ]
                },
                {
                    "nodeName": "value",
                    "valueType": "string",
                    "metadata": [
                        {
                            "metaName": "DisplayMode",
                            "metaType": "string",
                            "metaValue": "2"
                        },
                        {
                            "metaName": "valuenode_defaultvalue",
                            "metaType": "string",
                            "metaValue": " || "
                        },
                        {
                            "metaName": "LayoutPos",
                            "metaType": "string",
                            "metaValue": "-530.262 91.5325"
                        }
                    ]
                }
            ],
            "connections": [
                {
                    "source": ".in_2d_array",
                    "target": "g2m_print_number_array.numbers"
                },
                {
                    "source": ".string_pool",
                    "target": "build_string.strings.forward_pool"
                },
                {
                    "source": "value.output",
                    "target": "build_string.strings.output"
                },
                {
                    "source": "g2m_print_number_array.number_string",
                    "target": "build_string.strings.number_string"
                },
                {
                    "source": "build_string.joined",
                    "target": ".string"
                }
            ],
            "values": [
                {
                    "valueName": "value.value",
                    "valueType": "string",
                    "value": " || "
                }
            ],
            "reservedNodeNames": [
                {
                    "name": "input"
                },
                {
                    "name": "output"
                }
            ],
            "iterateCompound": {
                "ports": []
            }
        }
    ]
}