{
    "header": {
        "metadata": [
            {
                "metaName": "adskFileFormatVersion",
                "metaValue": "100L"
            }
        ]
    },
    "namespaces": [],
    "types": [],
    "compounds": [
        {
            "name": "BPM::please_1::array::g2m_random_array",
            "uriImported": "stream:/bifrostGraphShape3",
            "metadata": [
                {
                    "metaName": "documentation",
                    "metaType": "string",
                    "metaValue": "docs/g2m_random_array.md"
                },
                {
                    "metaName": "icon",
                    "metaType": "string",
                    "metaValue": "icons/g2m_default.png"
                },
                {
                    "metaName": "io_nodes",
                    "metadata": [
                        {
                            "metaName": "io_inodes",
                            "metadata": [
                                {
                                    "metaName": "input",
                                    "metadata": [
                                        {
                                            "metaName": "DisplayMode",
                                            "metaType": "string",
                                            "metaValue": "2"
                                        },
                                        {
                                            "metaName": "LayoutPos",
                                            "metaType": "string",
                                            "metaValue": "-798.248 106.773"
                                        },
                                        {
                                            "metaName": "io_ports",
                                            "metadata": [
                                                {
                                                    "metaName": "size"
                                                },
                                                {
                                                    "metaName": "min_value"
                                                },
                                                {
                                                    "metaName": "max_value"
                                                },
                                                {
                                                    "metaName": "seed"
                                                }
                                            ]
                                        }
                                    ]
                                }
                            ]
                        },
                        {
                            "metaName": "io_onodes",
                            "metadata": [
                                {
                                    "metaName": "output",
                                    "metadata": [
                                        {
                                            "metaName": "DisplayMode",
                                            "metaType": "string",
                                            "metaValue": "2"
                                        },
                                        {
                                            "metaName": "LayoutPos",
                                            "metaType": "string",
                                            "metaValue": "305.017 261.398"
                                        },
                                        {
                                            "metaName": "io_ports",
                                            "metadata": [
                                                {
                                                    "metaName": "random_value"
                                                }
                                            ]
                                        }
                                    ]
                                }
                            ]
                        }
                    ]
                },
                {
                    "metaName": "_recentNode_",
                    "metaType": "string",
                    "metaValue": "BifrostGraph,Core::Array,sequence_array"
                },
                {
                    "metaName": "_recentNode_",
                    "metaType": "string",
                    "metaValue": "BifrostGraph,Core::Type_Conversion,to_unsigned_int"
                },
                {
                    "metaName": "_recentNode_",
                    "metaType": "string",
                    "metaValue": "BifrostGraph,Core::Iterators,for_each"
                },
                {
                    "metaName": "_recentNode_",
                    "metaType": "string",
                    "metaValue": "BifrostGraph,User::G2M,print_number_array"
                },
                {
                    "metaName": "_recentNode_",
                    "metaType": "string",
                    "metaValue": "BifrostGraph,Core::Type_Conversion,to_long"
                },
                {
                    "metaName": "ViewportRect",
                    "metaType": "string",
                    "metaValue": "-1034 -213 1564 894"
                },
                {
                    "metaName": "DisplayMode",
                    "metaType": "string",
                    "metaValue": "2"
                },
                {
                    "metaName": "LayoutPos",
                    "metaType": "string",
                    "metaValue": "-332.483 472.773"
                }
            ],
            "ports": [
                {
                    "portName": "random_value",
                    "portDirection": "output"
                },
                {
                    "portName": "size",
                    "portDirection": "input",
                    "portType": "uint",
                    "portDefault": "9U"
                },
                {
                    "portName": "min_value",
                    "portDirection": "input"
                },
                {
                    "portName": "max_value",
                    "portDirection": "input"
                },
                {
                    "portName": "seed",
                    "portDirection": "input",
                    "portType": "long",
                    "portDefault": "1"
                }
            ],
            "compoundNodes": [
                {
                    "nodeName": "sequence_array",
                    "nodeType": "Core::Array::sequence_array",
                    "metadata": [
                        {
                            "metaName": "DisplayMode",
                            "metaType": "string",
                            "metaValue": "2"
                        },
                        {
                            "metaName": "LayoutPos",
                            "metaType": "string",
                            "metaValue": "-347.119 82.3009"
                        }
                    ]
                },
                {
                    "nodeName": "random_value",
                    "nodeType": "Core::Randomization::random_value",
                    "metadata": [
                        {
                            "metaName": "DisplayMode",
                            "metaType": "string",
                            "metaValue": "2"
                        },
                        {
                            "metaName": "LayoutPos",
                            "metaType": "string",
                            "metaValue": "39.9233 261.618"
                        }
                    ]
                }
            ],
            "connections": [
                {
                    "source": ".size",
                    "target": "sequence_array.size"
                },
                {
                    "source": "sequence_array.sequence",
                    "target": "random_value.index"
                },
                {
                    "source": ".seed",
                    "target": "random_value.seed"
                },
                {
                    "source": "random_value.random_value",
                    "target": ".random_value"
                },
                {
                    "source": ".min_value",
                    "target": "random_value.min"
                },
                {
                    "source": ".max_value",
                    "target": "random_value.max"
                }
            ],
            "values": [
                {
                    "valueName": "sequence_array.start",
                    "valueType": "long",
                    "value": "0"
                },
                {
                    "valueName": "sequence_array.step",
                    "valueType": "long",
                    "value": "1"
                },
                {
                    "valueName": "random_value.index",
                    "valueType": "long",
                    "value": "0"
                },
                {
                    "valueName": "random_value.seed",
                    "valueType": "long",
                    "value": "0"
                }
            ],
            "reservedNodeNames": [
                {
                    "name": "input"
                },
                {
                    "name": "output"
                }
            ]
        }
    ]
}