{
    "header": {
        "metadata": [
            {
                "metaName": "adskFileFormatVersion",
                "metaValue": "100L"
            }
        ]
    },
    "namespaces": [],
    "types": [],
    "compounds": [
        {
            "name": "BPM::please_1::array::g2m_array_repeat",
            "uriImported": "stream:/stream",
            "metadata": [
                {
                    "metaName": "documentation",
                    "metaType": "string",
                    "metaValue": "docs/g2m_array_repeat.md"
                },
                {
                    "metaName": "icon",
                    "metaType": "string",
                    "metaValue": "icons/g2m_default.png"
                },
                {
                    "metaName": "io_nodes",
                    "metadata": [
                        {
                            "metaName": "io_inodes",
                            "metadata": [
                                {
                                    "metaName": "input",
                                    "metadata": [
                                        {
                                            "metaName": "DisplayMode",
                                            "metaType": "string",
                                            "metaValue": "2"
                                        },
                                        {
                                            "metaName": "LayoutPos",
                                            "metaType": "string",
                                            "metaValue": "-895.825 -149.482"
                                        },
                                        {
                                            "metaName": "io_ports",
                                            "metadata": [
                                                {
                                                    "metaName": "in_array"
                                                },
                                                {
                                                    "metaName": "new_size"
                                                }
                                            ]
                                        }
                                    ]
                                }
                            ]
                        },
                        {
                            "metaName": "io_onodes",
                            "metadata": [
                                {
                                    "metaName": "output",
                                    "metadata": [
                                        {
                                            "metaName": "DisplayMode",
                                            "metaType": "string",
                                            "metaValue": "2"
                                        },
                                        {
                                            "metaName": "io_ports",
                                            "metadata": [
                                                {
                                                    "metaName": "repeat_array"
                                                },
                                                {
                                                    "metaName": "repeat_last"
                                                }
                                            ]
                                        },
                                        {
                                            "metaName": "LayoutPos",
                                            "metaType": "string",
                                            "metaValue": "2474.39 4.12643"
                                        }
                                    ]
                                }
                            ]
                        }
                    ]
                },
                {
                    "metaName": "backdrop2",
                    "metadata": [
                        {
                            "metaName": "type",
                            "metaType": "string",
                            "metaValue": "backdrop"
                        },
                        {
                            "metaName": "text",
                            "metaType": "string",
                            "metaValue": "\u91cd\u8907\u6700\u540e\u4e00\u500b\u5143\u7d20"
                        },
                        {
                            "metaName": "coords",
                            "metaType": "string",
                            "metaValue": "419.841 386.712 572.783 614.913"
                        }
                    ]
                },
                {
                    "metaName": "backdrop",
                    "metadata": [
                        {
                            "metaName": "type",
                            "metaType": "string",
                            "metaValue": "backdrop"
                        },
                        {
                            "metaName": "text",
                            "metaType": "string",
                            "metaValue": "\u91cd\u8907\u6574\u500b\u6578\u7d44"
                        },
                        {
                            "metaName": "coords",
                            "metaType": "string",
                            "metaValue": "383.907 -567.118 1722.94 816.92"
                        }
                    ]
                },
                {
                    "metaName": "backdrop3",
                    "metadata": [
                        {
                            "metaName": "type",
                            "metaType": "string",
                            "metaValue": "backdrop"
                        },
                        {
                            "metaName": "color",
                            "metaType": "string",
                            "metaValue": "#6d6c54"
                        },
                        {
                            "metaName": "text",
                            "metaType": "string",
                            "metaValue": "\u7528\u6578\u7d44\u5143\u7d20\u64f4\u5c55\u6578\u7d44\n\n\u5047\u8a2d\u539f\u6578\u7d44\u662f\uff1a\n[0,1,2,3]\n\nnew_size = 5\n\nrepeat (\u6574\u500b\u6578\u7d44)\uff1a\n[0,1,2,3,0]\n\nrepeat_last\uff1a\n[0,1,2,3,3]"
                        },
                        {
                            "metaName": "coords",
                            "metaType": "string",
                            "metaValue": "-1049.03 -166.604 427.492 257.983"
                        }
                    ]
                },
                {
                    "metaName": "_recentNode_",
                    "metaType": "string",
                    "metaValue": "BifrostGraph,Core::Graph,pass"
                },
                {
                    "metaName": "_recentNode_",
                    "metaType": "string",
                    "metaValue": "BifrostGraph,Core::Math,increment"
                },
                {
                    "metaName": "_recentNode_",
                    "metaType": "string",
                    "metaValue": "BifrostGraph,Core::Logic,if"
                },
                {
                    "metaName": "_recentNode_",
                    "metaType": "string",
                    "metaValue": "BifrostGraph,Core::Logic,greater"
                },
                {
                    "metaName": "_recentNode_",
                    "metaType": "string",
                    "metaValue": "BifrostGraph,Core::Math,divide"
                },
                {
                    "metaName": "ViewportRect",
                    "metaType": "string",
                    "metaValue": "-1112.33 -347.769 1180.92 787.283"
                },
                {
                    "metaName": "DisplayMode",
                    "metaType": "string",
                    "metaValue": "2"
                },
                {
                    "metaName": "LayoutPos",
                    "metaType": "string",
                    "metaValue": "400.531 68.6229"
                }
            ],
            "ports": [
                {
                    "portName": "in_array",
                    "portDirection": "input"
                },
                {
                    "portName": "new_size",
                    "portDirection": "input",
                    "portType": "long",
                    "portDefault": "3"
                },
                {
                    "portName": "repeat_array",
                    "portDirection": "output"
                },
                {
                    "portName": "repeat_last",
                    "portDirection": "output"
                }
            ],
            "compounds": [
                {
                    "name": "iterate",
                    "uriImported": "stream:/stream",
                    "metadata": [
                        {
                            "metaName": "icon",
                            "metaType": "string",
                            "metaValue": "<NATIVE>../icons/LoopIterate.svg"
                        },
                        {
                            "metaName": "icon",
                            "metaType": "string",
                            "metaValue": "<NATIVE>../icons/LoopIterate.svg"
                        },
                        {
                            "metaName": "icon",
                            "metaType": "string",
                            "metaValue": "<NATIVE>../icons/LoopIterate.svg"
                        },
                        {
                            "metaName": "io_nodes",
                            "metadata": [
                                {
                                    "metaName": "io_inodes",
                                    "metadata": [
                                        {
                                            "metaName": "input",
                                            "metadata": [
                                                {
                                                    "metaName": "DisplayMode",
                                                    "metaType": "string",
                                                    "metaValue": "2"
                                                },
                                                {
                                                    "metaName": "LayoutPos",
                                                    "metaType": "string",
                                                    "metaValue": "-835 -110.5"
                                                },
                                                {
                                                    "metaName": "io_ports",
                                                    "metadata": [
                                                        {
                                                            "metaName": "max_iterations"
                                                        },
                                                        {
                                                            "metaName": "current_index"
                                                        },
                                                        {
                                                            "metaName": "base_array"
                                                        },
                                                        {
                                                            "metaName": "in_array"
                                                        }
                                                    ]
                                                }
                                            ]
                                        }
                                    ]
                                },
                                {
                                    "metaName": "io_onodes",
                                    "metadata": [
                                        {
                                            "metaName": "output",
                                            "metadata": [
                                                {
                                                    "metaName": "DisplayMode",
                                                    "metaType": "string",
                                                    "metaValue": "2"
                                                },
                                                {
                                                    "metaName": "LayoutPos",
                                                    "metaType": "string",
                                                    "metaValue": "-323 -86.5"
                                                },
                                                {
                                                    "metaName": "io_ports",
                                                    "metadata": [
                                                        {
                                                            "metaName": "new_array"
                                                        }
                                                    ]
                                                }
                                            ]
                                        }
                                    ]
                                }
                            ]
                        },
                        {
                            "metaName": "_recentNode_",
                            "metaType": "string",
                            "metaValue": "BifrostGraph,Core::Array,build_array"
                        },
                        {
                            "metaName": "_recentNode_",
                            "metaType": "string",
                            "metaValue": "BifrostGraph,Core::Iterators,iterate"
                        },
                        {
                            "metaName": "_recentNode_",
                            "metaType": "string",
                            "metaValue": "BifrostGraph,Core::Iterators,for_each"
                        },
                        {
                            "metaName": "_recentNode_",
                            "metaType": "string",
                            "metaValue": "BifrostGraph,Core::Math,decrement"
                        },
                        {
                            "metaName": "_recentNode_",
                            "metaType": "string",
                            "metaValue": "BifrostGraph,Core::Math,modulo"
                        },
                        {
                            "metaName": "ViewportRect",
                            "metaType": "string",
                            "metaValue": "-915 -285.333 898 598.667"
                        }
                    ],
                    "ports": [
                        {
                            "portName": "max_iterations",
                            "portDirection": "input",
                            "portType": "long",
                            "portIterationLimit": "true"
                        },
                        {
                            "portName": "current_index",
                            "portDirection": "input",
                            "portType": "long",
                            "portIterationCounter": "true"
                        },
                        {
                            "portName": "new_array",
                            "portDirection": "output"
                        },
                        {
                            "portName": "base_array",
                            "portDirection": "input"
                        },
                        {
                            "portName": "in_array",
                            "portDirection": "input"
                        }
                    ],
                    "compoundNodes": [
                        {
                            "nodeName": "build_array",
                            "nodeType": "Core::Array::build_array",
                            "multiInPortNames": [
                                "base_array",
                                "in_array"
                            ],
                            "metadata": [
                                {
                                    "metaName": "DisplayMode",
                                    "metaType": "string",
                                    "metaValue": "2"
                                },
                                {
                                    "metaName": "LayoutPos",
                                    "metaType": "string",
                                    "metaValue": "-571.5 -87"
                                }
                            ]
                        }
                    ],
                    "connections": [
                        {
                            "source": ".base_array",
                            "target": "build_array.first.base_array"
                        },
                        {
                            "source": "build_array.array",
                            "target": ".new_array"
                        },
                        {
                            "source": ".in_array",
                            "target": "build_array.first.in_array"
                        }
                    ],
                    "values": [],
                    "reservedNodeNames": [
                        {
                            "name": "input"
                        },
                        {
                            "name": "output"
                        }
                    ],
                    "iterateCompound": {
                        "ports": [
                            {
                                "portKind": "state",
                                "inputPortName": "base_array",
                                "outputPortName": "new_array"
                            }
                        ]
                    }
                }
            ],
            "compoundNodes": [
                {
                    "nodeName": "build_array3",
                    "nodeType": "Core::Array::build_array",
                    "multiInPortNames": [
                        "in_array"
                    ],
                    "metadata": [
                        {
                            "metaName": "DisplayMode",
                            "metaType": "string",
                            "metaValue": "2"
                        },
                        {
                            "metaName": "LayoutPos",
                            "metaType": "string",
                            "metaValue": "-497.984 -359.826"
                        }
                    ]
                },
                {
                    "nodeName": "last_in_array1",
                    "nodeType": "Core::Array::last_in_array",
                    "metadata": [
                        {
                            "metaName": "DisplayMode",
                            "metaType": "string",
                            "metaValue": "2"
                        },
                        {
                            "metaName": "LayoutPos",
                            "metaType": "string",
                            "metaValue": "451.263 804.022"
                        }
                    ]
                },
                {
                    "nodeName": "resize_array1",
                    "nodeType": "Core::Array::resize_array",
                    "metadata": [
                        {
                            "metaName": "DisplayMode",
                            "metaType": "string",
                            "metaValue": "2"
                        },
                        {
                            "metaName": "LayoutPos",
                            "metaType": "string",
                            "metaValue": "739.609 577.052"
                        }
                    ]
                },
                {
                    "nodeName": "input_array",
                    "nodeType": "Core::Graph::pass",
                    "metadata": [
                        {
                            "metaName": "DisplayMode",
                            "metaType": "string",
                            "metaValue": "2"
                        },
                        {
                            "metaName": "LayoutPos",
                            "metaType": "string",
                            "metaValue": "452.006 434.542"
                        }
                    ]
                },
                {
                    "nodeName": "new_size2",
                    "nodeType": "Core::Graph::pass",
                    "metadata": [
                        {
                            "metaName": "DisplayMode",
                            "metaType": "string",
                            "metaValue": "2"
                        },
                        {
                            "metaName": "LayoutPos",
                            "metaType": "string",
                            "metaValue": "-507.178 189.389"
                        }
                    ]
                },
                {
                    "nodeName": "array_size",
                    "nodeType": "Core::Array::array_size",
                    "metadata": [
                        {
                            "metaName": "DisplayMode",
                            "metaType": "string",
                            "metaValue": "2"
                        },
                        {
                            "metaName": "LayoutPos",
                            "metaType": "string",
                            "metaValue": "450.355 -3.8382"
                        }
                    ]
                },
                {
                    "nodeName": "modulo",
                    "nodeType": "Core::Math::modulo",
                    "metadata": [
                        {
                            "metaName": "DisplayMode",
                            "metaType": "string",
                            "metaValue": "2"
                        },
                        {
                            "metaName": "LayoutPos",
                            "metaType": "string",
                            "metaValue": "894.881 -244.847"
                        }
                    ]
                },
                {
                    "nodeName": "iterate",
                    "nodeType": "iterate",
                    "metadata": [
                        {
                            "metaName": "DisplayMode",
                            "metaType": "string",
                            "metaValue": "2"
                        },
                        {
                            "metaName": "LayoutPos",
                            "metaType": "string",
                            "metaValue": "1676.97 -495.634"
                        }
                    ]
                },
                {
                    "nodeName": "resize_array2",
                    "nodeType": "Core::Array::resize_array",
                    "metadata": [
                        {
                            "metaName": "DisplayMode",
                            "metaType": "string",
                            "metaValue": "2"
                        },
                        {
                            "metaName": "LayoutPos",
                            "metaType": "string",
                            "metaValue": "1850.9 2.25719"
                        }
                    ]
                },
                {
                    "nodeName": "divide",
                    "nodeType": "Core::Math::divide",
                    "multiInPortNames": [
                        "output1",
                        "size"
                    ],
                    "metadata": [
                        {
                            "metaName": "DisplayMode",
                            "metaType": "string",
                            "metaValue": "2"
                        },
                        {
                            "metaName": "LayoutPos",
                            "metaType": "string",
                            "metaValue": "892.04 -50.9548"
                        }
                    ]
                },
                {
                    "nodeName": "greater1",
                    "nodeType": "Core::Logic::greater",
                    "metadata": [
                        {
                            "metaName": "DisplayMode",
                            "metaType": "string",
                            "metaValue": "2"
                        },
                        {
                            "metaName": "LayoutPos",
                            "metaType": "string",
                            "metaValue": "1185.49 -264.713"
                        }
                    ]
                },
                {
                    "nodeName": "if",
                    "nodeType": "Core::Logic::if",
                    "metadata": [
                        {
                            "metaName": "DisplayMode",
                            "metaType": "string",
                            "metaValue": "2"
                        },
                        {
                            "metaName": "LayoutPos",
                            "metaType": "string",
                            "metaValue": "1478.42 -125.706"
                        }
                    ]
                },
                {
                    "nodeName": "increment",
                    "nodeType": "Core::Math::increment",
                    "metadata": [
                        {
                            "metaName": "DisplayMode",
                            "metaType": "string",
                            "metaValue": "2"
                        },
                        {
                            "metaName": "LayoutPos",
                            "metaType": "string",
                            "metaValue": "1186.97 21.4412"
                        }
                    ]
                },
                {
                    "nodeName": "new_size3",
                    "nodeType": "Core::Graph::pass",
                    "metadata": [
                        {
                            "metaName": "DisplayMode",
                            "metaType": "string",
                            "metaValue": "2"
                        },
                        {
                            "metaName": "LayoutPos",
                            "metaType": "string",
                            "metaValue": "448.656 -270.725"
                        }
                    ]
                }
            ],
            "connections": [
                {
                    "source": ".in_array",
                    "target": "build_array3.first.in_array"
                },
                {
                    "source": "last_in_array1.last",
                    "target": "resize_array1.default"
                },
                {
                    "source": "input_array.output",
                    "target": "resize_array1.array"
                },
                {
                    "source": "input_array.output",
                    "target": "last_in_array1.array"
                },
                {
                    "source": ".new_size",
                    "target": "new_size2.input"
                },
                {
                    "source": "iterate.new_array",
                    "target": "resize_array2.array"
                },
                {
                    "source": "modulo.remainder",
                    "target": "greater1.first"
                },
                {
                    "source": "greater1.output",
                    "target": "if.condition"
                },
                {
                    "source": "divide.output",
                    "target": "increment.value"
                },
                {
                    "source": "increment.output",
                    "target": "if.true_case"
                },
                {
                    "source": "divide.output",
                    "target": "if.false_case"
                },
                {
                    "source": "if.output",
                    "target": "iterate.max_iterations"
                },
                {
                    "source": "new_size2.output",
                    "target": "new_size3.input"
                },
                {
                    "source": "new_size3.output",
                    "target": "modulo.value"
                },
                {
                    "source": "new_size3.output",
                    "target": "divide.first.output1"
                },
                {
                    "source": "new_size3.output",
                    "target": "resize_array2.new_size"
                },
                {
                    "source": "resize_array1.resized",
                    "target": ".repeat_last"
                },
                {
                    "source": "resize_array2.resized",
                    "target": ".repeat_array"
                },
                {
                    "source": "build_array3.array",
                    "target": "input_array.input"
                },
                {
                    "source": "build_array3.array",
                    "target": "array_size.array"
                },
                {
                    "source": "build_array3.array",
                    "target": "iterate.base_array"
                },
                {
                    "source": "build_array3.array",
                    "target": "iterate.in_array"
                },
                {
                    "source": "array_size.size",
                    "target": "modulo.divisor"
                },
                {
                    "source": "array_size.size",
                    "target": "divide.first.size"
                },
                {
                    "source": "new_size2.output",
                    "target": "resize_array1.new_size"
                }
            ],
            "values": [
                {
                    "valueName": "iterate.max_iterations",
                    "valueType": "long",
                    "value": "10"
                }
            ],
            "reservedNodeNames": [
                {
                    "name": "input"
                },
                {
                    "name": "output"
                }
            ]
        }
    ]
}