{
    "header": {
        "metadata": [
            {
                "metaName": "adskFileFormatVersion",
                "metaValue": "100L"
            }
        ]
    },
    "namespaces": [],
    "types": [],
    "compounds": [
        {
            "name": "BPM::please_1::array::g2m_array_row_to_column",
            "uriImported": "file:///g2m_array_row_to_column.json",
            "metadata": [
                {
                    "metaName": "io_nodes",
                    "metadata": [
                        {
                            "metaName": "io_inodes",
                            "metadata": [
                                {
                                    "metaName": "input",
                                    "metadata": [
                                        {
                                            "metaName": "DisplayMode",
                                            "metaType": "string",
                                            "metaValue": "2"
                                        },
                                        {
                                            "metaName": "LayoutPos",
                                            "metaType": "string",
                                            "metaValue": "-569 -61"
                                        },
                                        {
                                            "metaName": "io_ports",
                                            "metadata": [
                                                {
                                                    "metaName": "array_with_row_order"
                                                }
                                            ]
                                        }
                                    ]
                                }
                            ]
                        },
                        {
                            "metaName": "io_onodes",
                            "metadata": [
                                {
                                    "metaName": "output",
                                    "metadata": [
                                        {
                                            "metaName": "DisplayMode",
                                            "metaType": "string",
                                            "metaValue": "2"
                                        },
                                        {
                                            "metaName": "io_ports",
                                            "metadata": [
                                                {
                                                    "metaName": "array_with_column_order"
                                                }
                                            ]
                                        },
                                        {
                                            "metaName": "LayoutPos",
                                            "metaType": "string",
                                            "metaValue": "756.987 -159.013"
                                        }
                                    ]
                                }
                            ]
                        }
                    ]
                },
                {
                    "metaName": "backdrop",
                    "metadata": [
                        {
                            "metaName": "type",
                            "metaType": "string",
                            "metaValue": "backdrop"
                        },
                        {
                            "metaName": "text",
                            "metaType": "string",
                            "metaValue": "\u5c07\u6578\u7d44\u7684\u884c\u5217\u8b8a\u6210\u7e31\u5217\n\n\u8f38\u5165\uff1a\n[\n    [0,1,2,3,4]\n    [0,1,2,3,4]\n    [0,1,2,3,4]\n]\n\n\n\u8f38\u51fa\uff1a\n[\n    [0,0,0]\n    [1,1,1]\n    [2,2,2]\n    [3,3,3]\n    [4,4,4]\n] "
                        },
                        {
                            "metaName": "coords",
                            "metaType": "string",
                            "metaValue": "-677.831 -120.374 361.425 267.317"
                        }
                    ]
                },
                {
                    "metaName": "_recentNode_",
                    "metaType": "string",
                    "metaValue": "BifrostGraph,Core::Array,array_bounds"
                },
                {
                    "metaName": "_recentNode_",
                    "metaType": "string",
                    "metaValue": "BifrostGraph,ValHallen::Helpers,bounds"
                },
                {
                    "metaName": "_recentNode_",
                    "metaType": "string",
                    "metaValue": "BifrostGraph,Core::Math,min"
                },
                {
                    "metaName": "_recentNode_",
                    "metaType": "string",
                    "metaValue": "BifrostGraph,Core::Iterators,for_each"
                },
                {
                    "metaName": "_recentNode_",
                    "metaType": "string",
                    "metaValue": "BifrostGraph,Core::Array,array_size"
                },
                {
                    "metaName": "backdrop1",
                    "metadata": [
                        {
                            "metaName": "type",
                            "metaType": "string",
                            "metaValue": "backdrop"
                        },
                        {
                            "metaName": "coords",
                            "metaType": "string",
                            "metaValue": "-197.524 -328.192 614.271 314.371"
                        },
                        {
                            "metaName": "text",
                            "metaType": "string",
                            "metaValue": "\u7576\u5143\u7d20\u6578\u4e0d\u4e00\u81f4\u6642\uff0c\u53d6\u6700\u5c0f\u503c\u3002\u5982\uff1a\ninput: [[1,2], [3,4,5]]\noutput: [[1,3],[2,4]] # \u5ffd\u7565 5\n\ninput: [[1,2,3], [4,5]]\noutput: [[1,4],[2,5]] # \u5ffd\u7565 3"
                        }
                    ]
                },
                {
                    "metaName": "ViewportRect",
                    "metaType": "string",
                    "metaValue": "-390.907 -521.246 1080.32 790.797"
                },
                {
                    "metaName": "DisplayMode",
                    "metaType": "string",
                    "metaValue": "2"
                },
                {
                    "metaName": "LayoutPos",
                    "metaType": "string",
                    "metaValue": "292.257 162.218"
                }
            ],
            "ports": [
                {
                    "portName": "array_with_row_order",
                    "portDirection": "input",
                    "portDefaultType": "array<array<Math::float3>>",
                    "portDefault": []
                },
                {
                    "portName": "array_with_column_order",
                    "portDirection": "output"
                }
            ],
            "compounds": [
                {
                    "name": "for_each4",
                    "uriImported": "file:///g2m_array_row_to_column.json",
                    "metadata": [
                        {
                            "metaName": "icon",
                            "metaType": "string",
                            "metaValue": "<NATIVE>../icons/LoopForEach.svg"
                        },
                        {
                            "metaName": "icon",
                            "metaType": "string",
                            "metaValue": "<NATIVE>../icons/LoopForEach.svg"
                        },
                        {
                            "metaName": "icon",
                            "metaType": "string",
                            "metaValue": "<NATIVE>../icons/LoopForEach.svg"
                        },
                        {
                            "metaName": "ViewportRect",
                            "metaType": "string",
                            "metaValue": "-794 -421 1589 842"
                        },
                        {
                            "metaName": "io_nodes",
                            "metadata": [
                                {
                                    "metaName": "io_inodes",
                                    "metadata": [
                                        {
                                            "metaName": "input",
                                            "metadata": [
                                                {
                                                    "metaName": "DisplayMode",
                                                    "metaType": "string",
                                                    "metaValue": "2"
                                                },
                                                {
                                                    "metaName": "LayoutPos",
                                                    "metaType": "string",
                                                    "metaValue": "-569 -61"
                                                },
                                                {
                                                    "metaName": "io_ports",
                                                    "metadata": [
                                                        {
                                                            "metaName": "max_iterations"
                                                        },
                                                        {
                                                            "metaName": "current_index"
                                                        },
                                                        {
                                                            "metaName": "bevel_pos"
                                                        }
                                                    ]
                                                }
                                            ]
                                        }
                                    ]
                                },
                                {
                                    "metaName": "io_onodes",
                                    "metadata": [
                                        {
                                            "metaName": "output",
                                            "metadata": [
                                                {
                                                    "metaName": "DisplayMode",
                                                    "metaType": "string",
                                                    "metaValue": "2"
                                                },
                                                {
                                                    "metaName": "LayoutPos",
                                                    "metaType": "string",
                                                    "metaValue": "279 -59"
                                                },
                                                {
                                                    "metaName": "io_ports",
                                                    "metadata": [
                                                        {
                                                            "metaName": "value"
                                                        }
                                                    ]
                                                }
                                            ]
                                        }
                                    ]
                                }
                            ]
                        }
                    ],
                    "ports": [
                        {
                            "portName": "max_iterations",
                            "portDirection": "input",
                            "portType": "long",
                            "portIterationLimit": "true"
                        },
                        {
                            "portName": "current_index",
                            "portDirection": "input",
                            "portType": "long",
                            "portIterationCounter": "true"
                        },
                        {
                            "portName": "bevel_pos",
                            "portDirection": "input"
                        },
                        {
                            "portName": "value",
                            "portDirection": "output",
                            "portIterationTarget": "true"
                        }
                    ],
                    "compounds": [
                        {
                            "name": "for_each3",
                            "uriImported": "file:///g2m_array_row_to_column.json",
                            "metadata": [
                                {
                                    "metaName": "icon",
                                    "metaType": "string",
                                    "metaValue": "<NATIVE>../icons/LoopForEach.svg"
                                },
                                {
                                    "metaName": "icon",
                                    "metaType": "string",
                                    "metaValue": "<NATIVE>../icons/LoopForEach.svg"
                                },
                                {
                                    "metaName": "icon",
                                    "metaType": "string",
                                    "metaValue": "<NATIVE>../icons/LoopForEach.svg"
                                },
                                {
                                    "metaName": "_recentNode_",
                                    "metaType": "string",
                                    "metaValue": "BifrostGraph,Core::Iterators,for_each"
                                },
                                {
                                    "metaName": "_recentNode_",
                                    "metaType": "string",
                                    "metaValue": "BifrostGraph,G2M::utility,g2m_print_float3_array"
                                },
                                {
                                    "metaName": "_recentNode_",
                                    "metaType": "string",
                                    "metaValue": "BifrostGraph,Core::Array,array_size"
                                },
                                {
                                    "metaName": "_recentNode_",
                                    "metaType": "string",
                                    "metaValue": "BifrostGraph,Core::Array,get_from_array"
                                },
                                {
                                    "metaName": "_recentNode_",
                                    "metaType": "string",
                                    "metaValue": "BifrostGraph,Core::Graph,pass"
                                },
                                {
                                    "metaName": "ViewportRect",
                                    "metaType": "string",
                                    "metaValue": "-794 -421 1589 842"
                                },
                                {
                                    "metaName": "io_nodes",
                                    "metadata": [
                                        {
                                            "metaName": "io_inodes",
                                            "metadata": [
                                                {
                                                    "metaName": "input",
                                                    "metadata": [
                                                        {
                                                            "metaName": "DisplayMode",
                                                            "metaType": "string",
                                                            "metaValue": "2"
                                                        },
                                                        {
                                                            "metaName": "LayoutPos",
                                                            "metaType": "string",
                                                            "metaValue": "-705 -122"
                                                        },
                                                        {
                                                            "metaName": "io_ports",
                                                            "metadata": [
                                                                {
                                                                    "metaName": "current_index"
                                                                },
                                                                {
                                                                    "metaName": "bevel_pos"
                                                                },
                                                                {
                                                                    "metaName": "index_of_2nd_array"
                                                                }
                                                            ]
                                                        }
                                                    ]
                                                }
                                            ]
                                        },
                                        {
                                            "metaName": "io_onodes",
                                            "metadata": [
                                                {
                                                    "metaName": "output",
                                                    "metadata": [
                                                        {
                                                            "metaName": "DisplayMode",
                                                            "metaType": "string",
                                                            "metaValue": "2"
                                                        },
                                                        {
                                                            "metaName": "LayoutPos",
                                                            "metaType": "string",
                                                            "metaValue": "265.118 -120.602"
                                                        },
                                                        {
                                                            "metaName": "io_ports",
                                                            "metadata": [
                                                                {
                                                                    "metaName": "value"
                                                                }
                                                            ]
                                                        }
                                                    ]
                                                }
                                            ]
                                        }
                                    ]
                                }
                            ],
                            "ports": [
                                {
                                    "portName": "current_index",
                                    "portDirection": "input",
                                    "portType": "long",
                                    "portIterationCounter": "true"
                                },
                                {
                                    "portName": "bevel_pos",
                                    "portDirection": "input",
                                    "portIterationTarget": "true"
                                },
                                {
                                    "portName": "index_of_2nd_array",
                                    "portDirection": "input",
                                    "portType": "long"
                                },
                                {
                                    "portName": "value",
                                    "portDirection": "output",
                                    "portIterationTarget": "true"
                                }
                            ],
                            "compoundNodes": [
                                {
                                    "nodeName": "get_from_array",
                                    "nodeType": "Core::Array::get_from_array",
                                    "metadata": [
                                        {
                                            "metaName": "DisplayMode",
                                            "metaType": "string",
                                            "metaValue": "2"
                                        },
                                        {
                                            "metaName": "LayoutPos",
                                            "metaType": "string",
                                            "metaValue": "-386.646 -120.386"
                                        }
                                    ]
                                }
                            ],
                            "connections": [
                                {
                                    "source": "get_from_array.value",
                                    "target": ".value"
                                },
                                {
                                    "source": ".bevel_pos",
                                    "target": "get_from_array.array"
                                },
                                {
                                    "source": ".index_of_2nd_array",
                                    "target": "get_from_array.index"
                                }
                            ],
                            "values": [],
                            "reservedNodeNames": [
                                {
                                    "name": "input"
                                },
                                {
                                    "name": "output"
                                }
                            ],
                            "forEachCompound": {
                                "ports": []
                            }
                        }
                    ],
                    "compoundNodes": [
                        {
                            "nodeName": "for_each3",
                            "nodeType": "for_each3",
                            "metadata": [
                                {
                                    "metaName": "DisplayMode",
                                    "metaType": "string",
                                    "metaValue": "2"
                                },
                                {
                                    "metaName": "LayoutPos",
                                    "metaType": "string",
                                    "metaValue": "-213.5 -98"
                                }
                            ]
                        }
                    ],
                    "connections": [
                        {
                            "source": "for_each3.value",
                            "target": ".value"
                        },
                        {
                            "source": ".current_index",
                            "target": "for_each3.index_of_2nd_array"
                        },
                        {
                            "source": ".bevel_pos",
                            "target": "for_each3.bevel_pos"
                        }
                    ],
                    "values": [
                        {
                            "valueName": "for_each3.index_of_2nd_array",
                            "valueType": "long",
                            "value": "0"
                        }
                    ],
                    "reservedNodeNames": [
                        {
                            "name": "input"
                        },
                        {
                            "name": "output"
                        }
                    ],
                    "forEachCompound": {
                        "ports": []
                    }
                },
                {
                    "name": "get_sub_array_sizes",
                    "metadata": [
                        {
                            "metaName": "icon",
                            "metaType": "string",
                            "metaValue": "<NATIVE>../icons/LoopForEach.svg"
                        },
                        {
                            "metaName": "icon",
                            "metaType": "string",
                            "metaValue": "<NATIVE>../icons/LoopForEach.svg"
                        },
                        {
                            "metaName": "io_nodes",
                            "metadata": [
                                {
                                    "metaName": "io_inodes",
                                    "metadata": [
                                        {
                                            "metaName": "input",
                                            "metadata": [
                                                {
                                                    "metaName": "io_ports",
                                                    "metadata": [
                                                        {
                                                            "metaName": "current_index"
                                                        },
                                                        {
                                                            "metaName": "array_with_row_order"
                                                        }
                                                    ]
                                                },
                                                {
                                                    "metaName": "DisplayMode",
                                                    "metaType": "string",
                                                    "metaValue": "2"
                                                },
                                                {
                                                    "metaName": "LayoutPos",
                                                    "metaType": "string",
                                                    "metaValue": "-477.99 -87.2177"
                                                }
                                            ]
                                        }
                                    ]
                                },
                                {
                                    "metaName": "io_onodes",
                                    "metadata": [
                                        {
                                            "metaName": "output",
                                            "metadata": [
                                                {
                                                    "metaName": "DisplayMode",
                                                    "metaType": "string",
                                                    "metaValue": "2"
                                                },
                                                {
                                                    "metaName": "LayoutPos",
                                                    "metaType": "string",
                                                    "metaValue": "0.540456 -85.6631"
                                                },
                                                {
                                                    "metaName": "io_ports",
                                                    "metadata": [
                                                        {
                                                            "metaName": "sizes"
                                                        }
                                                    ]
                                                }
                                            ]
                                        }
                                    ]
                                }
                            ]
                        },
                        {
                            "metaName": "_recentNode_",
                            "metaType": "string",
                            "metaValue": "BifrostGraph,Core::Array,array_size"
                        },
                        {
                            "metaName": "_recentNode_",
                            "metaType": "string",
                            "metaValue": "BifrostGraph,Core::Iterators,for_each"
                        },
                        {
                            "metaName": "_recentNode_",
                            "metaType": "string",
                            "metaValue": "BifrostGraph,Core::Array,first_in_array"
                        },
                        {
                            "metaName": "_recentNode_",
                            "metaType": "string",
                            "metaValue": "BifrostGraph,Core::Type_Conversion,from_type_any"
                        },
                        {
                            "metaName": "_recentNode_",
                            "metaType": "string",
                            "metaValue": "BifrostGraph,Core::Math,increment"
                        },
                        {
                            "metaName": "ViewportRect",
                            "metaType": "string",
                            "metaValue": "-566.304 -361.206 954.203 698.477"
                        }
                    ],
                    "ports": [
                        {
                            "portName": "current_index",
                            "portDirection": "input",
                            "portType": "long",
                            "portIterationCounter": "true"
                        },
                        {
                            "portName": "array_with_row_order",
                            "portDirection": "input",
                            "portIterationTarget": "true"
                        },
                        {
                            "portName": "sizes",
                            "portDirection": "output",
                            "portIterationTarget": "true"
                        }
                    ],
                    "compoundNodes": [
                        {
                            "nodeName": "array_size",
                            "nodeType": "Core::Array::array_size",
                            "metadata": [
                                {
                                    "metaName": "DisplayMode",
                                    "metaType": "string",
                                    "metaValue": "2"
                                },
                                {
                                    "metaName": "LayoutPos",
                                    "metaType": "string",
                                    "metaValue": "-234.509 -86.1274"
                                }
                            ]
                        }
                    ],
                    "connections": [
                        {
                            "source": ".array_with_row_order",
                            "target": "array_size.array"
                        },
                        {
                            "source": "array_size.size",
                            "target": ".sizes"
                        }
                    ],
                    "values": [],
                    "reservedNodeNames": [
                        {
                            "name": "input"
                        },
                        {
                            "name": "output"
                        }
                    ],
                    "forEachCompound": {
                        "ports": []
                    }
                }
            ],
            "compoundNodes": [
                {
                    "nodeName": "for_each4",
                    "nodeType": "for_each4",
                    "metadata": [
                        {
                            "metaName": "DisplayMode",
                            "metaType": "string",
                            "metaValue": "2"
                        },
                        {
                            "metaName": "LayoutPos",
                            "metaType": "string",
                            "metaValue": "499.29 -159.692"
                        }
                    ]
                },
                {
                    "nodeName": "get_sub_array_sizes",
                    "nodeType": "get_sub_array_sizes",
                    "metadata": [
                        {
                            "metaName": "DisplayMode",
                            "metaType": "string",
                            "metaValue": "2"
                        },
                        {
                            "metaName": "LayoutPos",
                            "metaType": "string",
                            "metaValue": "-78.7468 -273.821"
                        }
                    ]
                },
                {
                    "nodeName": "array_bounds",
                    "nodeType": "Core::Array::array_bounds",
                    "metadata": [
                        {
                            "metaName": "DisplayMode",
                            "metaType": "string",
                            "metaValue": "2"
                        },
                        {
                            "metaName": "LayoutPos",
                            "metaType": "string",
                            "metaValue": "164.572 -273.822"
                        }
                    ]
                }
            ],
            "connections": [
                {
                    "source": ".array_with_row_order",
                    "target": "for_each4.bevel_pos"
                },
                {
                    "source": "for_each4.value",
                    "target": ".array_with_column_order"
                },
                {
                    "source": ".array_with_row_order",
                    "target": "get_sub_array_sizes.array_with_row_order"
                },
                {
                    "source": "get_sub_array_sizes.sizes",
                    "target": "array_bounds.array"
                },
                {
                    "source": "array_bounds.min_bound",
                    "target": "for_each4.max_iterations"
                }
            ],
            "values": [
                {
                    "valueName": "for_each4.max_iterations",
                    "valueType": "long",
                    "value": "10"
                }
            ],
            "reservedNodeNames": [
                {
                    "name": "input"
                },
                {
                    "name": "output"
                }
            ]
        }
    ]
}