{
    "header": {
        "metadata": [
            {
                "metaName": "adskFileFormatVersion",
                "metaValue": "100L"
            }
        ]
    },
    "namespaces": [],
    "types": [],
    "compounds": [
        {
            "name": "BPM::please_1::strand::g2m_check_orientation_2d",
            "uriImported": "stream:/stream",
            "metadata": [
                {
                    "metaName": "io_nodes",
                    "metadata": [
                        {
                            "metaName": "io_inodes",
                            "metadata": [
                                {
                                    "metaName": "input",
                                    "metadata": [
                                        {
                                            "metaName": "io_ports",
                                            "metadata": [
                                                {
                                                    "metaName": "point_a"
                                                },
                                                {
                                                    "metaName": "point_b"
                                                },
                                                {
                                                    "metaName": "point_c"
                                                }
                                            ]
                                        },
                                        {
                                            "metaName": "DisplayMode",
                                            "metaType": "string",
                                            "metaValue": "2"
                                        },
                                        {
                                            "metaName": "LayoutPos",
                                            "metaType": "string",
                                            "metaValue": "-439.617 -118.568"
                                        }
                                    ]
                                }
                            ]
                        },
                        {
                            "metaName": "io_onodes",
                            "metadata": [
                                {
                                    "metaName": "output",
                                    "metadata": [
                                        {
                                            "metaName": "DisplayMode",
                                            "metaType": "string",
                                            "metaValue": "2"
                                        },
                                        {
                                            "metaName": "LayoutPos",
                                            "metaType": "string",
                                            "metaValue": "1946.13 -224.531"
                                        },
                                        {
                                            "metaName": "io_ports",
                                            "metadata": [
                                                {
                                                    "metaName": "result"
                                                }
                                            ]
                                        }
                                    ]
                                }
                            ]
                        }
                    ]
                },
                {
                    "metaName": "backdrop",
                    "metadata": [
                        {
                            "metaName": "type",
                            "metaType": "string",
                            "metaValue": "backdrop"
                        },
                        {
                            "metaName": "text",
                            "metaType": "string",
                            "metaValue": "\u5224\u65b7 3 \u500b\u9ede\u570d\u6210\u9762\u7684\u74b0\u7e5e\u65b9\u5411\u3002\n\u7d50\u679c\u5982\u679c\u7232\u300c\u6b63\u300d\u52473\u9ede\u9006\u6642\u91dd\u74b0\u7e5e\uff1b\u7232\u300c\u8ca0\u300d\u5247\u9806\u6642\u91dd\u74b0\u7e5e\u3002\n\n* \u50c5\u652f\u6301 2D \u74b0\u5883\uff0c3\u9ede\u540c\u5728 XZ \u5e73\u9762\u4e0a\u3002\n\n\u53c3\u8003\uff1aOrientation of a simple polygon\nhttps://en.wikipedia.org/wiki/Curve_orientation"
                        },
                        {
                            "metaName": "coords",
                            "metaType": "string",
                            "metaValue": "-459.041 -268.215 337.001 392.141"
                        }
                    ]
                },
                {
                    "metaName": "ViewportRect",
                    "metaType": "string",
                    "metaValue": "-650.342 -721.021 1988.9 1325.93"
                },
                {
                    "metaName": "DisplayMode",
                    "metaType": "string",
                    "metaValue": "2"
                },
                {
                    "metaName": "LayoutPos",
                    "metaType": "string",
                    "metaValue": "1457.98 -1220.57"
                }
            ],
            "ports": [
                {
                    "portName": "point_a",
                    "portDirection": "input",
                    "portType": "Math::float3",
                    "portDefault": {
                        "x": "0f",
                        "y": "0f",
                        "z": "0f"
                    }
                },
                {
                    "portName": "point_b",
                    "portDirection": "input",
                    "portType": "Math::float3",
                    "portDefault": {
                        "x": "0f",
                        "y": "0f",
                        "z": "0f"
                    }
                },
                {
                    "portName": "point_c",
                    "portDirection": "input",
                    "portType": "Math::float3",
                    "portDefault": {
                        "x": "0f",
                        "y": "0f",
                        "z": "0f"
                    }
                },
                {
                    "portName": "result",
                    "portDirection": "output"
                }
            ],
            "compoundNodes": [
                {
                    "nodeName": "A1",
                    "nodeType": "Core::Conversion::vector3_to_scalar",
                    "metadata": [
                        {
                            "metaName": "DisplayMode",
                            "metaType": "string",
                            "metaValue": "2"
                        },
                        {
                            "metaName": "LayoutPos",
                            "metaType": "string",
                            "metaValue": "5.46565 -399.104"
                        }
                    ]
                },
                {
                    "nodeName": "B1",
                    "nodeType": "Core::Conversion::vector3_to_scalar",
                    "metadata": [
                        {
                            "metaName": "DisplayMode",
                            "metaType": "string",
                            "metaValue": "2"
                        },
                        {
                            "metaName": "LayoutPos",
                            "metaType": "string",
                            "metaValue": "3.64541 -165.547"
                        }
                    ]
                },
                {
                    "nodeName": "C1",
                    "nodeType": "Core::Conversion::vector3_to_scalar",
                    "metadata": [
                        {
                            "metaName": "DisplayMode",
                            "metaType": "string",
                            "metaValue": "2"
                        },
                        {
                            "metaName": "LayoutPos",
                            "metaType": "string",
                            "metaValue": "9.24446 83.2124"
                        }
                    ]
                },
                {
                    "nodeName": "add",
                    "nodeType": "Core::Math::add",
                    "multiInPortNames": [
                        "output1",
                        "output2",
                        "output3"
                    ],
                    "metadata": [
                        {
                            "metaName": "DisplayMode",
                            "metaType": "string",
                            "metaValue": "2"
                        },
                        {
                            "metaName": "LayoutPos",
                            "metaType": "string",
                            "metaValue": "1068.69 -658.643"
                        }
                    ]
                },
                {
                    "nodeName": "add1",
                    "nodeType": "Core::Math::add",
                    "multiInPortNames": [
                        "output1",
                        "output2",
                        "output3"
                    ],
                    "metadata": [
                        {
                            "metaName": "DisplayMode",
                            "metaType": "string",
                            "metaValue": "2"
                        },
                        {
                            "metaName": "LayoutPos",
                            "metaType": "string",
                            "metaValue": "1067.83 167.636"
                        }
                    ]
                },
                {
                    "nodeName": "multiply",
                    "nodeType": "Core::Math::multiply",
                    "multiInPortNames": [
                        "x",
                        "z"
                    ],
                    "metadata": [
                        {
                            "metaName": "DisplayMode",
                            "metaType": "string",
                            "metaValue": "2"
                        },
                        {
                            "metaName": "LayoutPos",
                            "metaType": "string",
                            "metaValue": "800.566 -853.762"
                        }
                    ]
                },
                {
                    "nodeName": "multiply1",
                    "nodeType": "Core::Math::multiply",
                    "multiInPortNames": [
                        "x",
                        "z"
                    ],
                    "metadata": [
                        {
                            "metaName": "DisplayMode",
                            "metaType": "string",
                            "metaValue": "2"
                        },
                        {
                            "metaName": "LayoutPos",
                            "metaType": "string",
                            "metaValue": "793.446 -611.922"
                        }
                    ]
                },
                {
                    "nodeName": "multiply2",
                    "nodeType": "Core::Math::multiply",
                    "multiInPortNames": [
                        "x",
                        "z"
                    ],
                    "metadata": [
                        {
                            "metaName": "DisplayMode",
                            "metaType": "string",
                            "metaValue": "2"
                        },
                        {
                            "metaName": "LayoutPos",
                            "metaType": "string",
                            "metaValue": "787.859 -386.496"
                        }
                    ]
                },
                {
                    "nodeName": "multiply3",
                    "nodeType": "Core::Math::multiply",
                    "multiInPortNames": [
                        "x",
                        "z"
                    ],
                    "metadata": [
                        {
                            "metaName": "DisplayMode",
                            "metaType": "string",
                            "metaValue": "2"
                        },
                        {
                            "metaName": "LayoutPos",
                            "metaType": "string",
                            "metaValue": "761.476 434.418"
                        }
                    ]
                },
                {
                    "nodeName": "multiply4",
                    "nodeType": "Core::Math::multiply",
                    "multiInPortNames": [
                        "x",
                        "z"
                    ],
                    "metadata": [
                        {
                            "metaName": "DisplayMode",
                            "metaType": "string",
                            "metaValue": "2"
                        },
                        {
                            "metaName": "LayoutPos",
                            "metaType": "string",
                            "metaValue": "775.826 212.042"
                        }
                    ]
                },
                {
                    "nodeName": "multiply5",
                    "nodeType": "Core::Math::multiply",
                    "multiInPortNames": [
                        "x",
                        "z"
                    ],
                    "metadata": [
                        {
                            "metaName": "DisplayMode",
                            "metaType": "string",
                            "metaValue": "2"
                        },
                        {
                            "metaName": "LayoutPos",
                            "metaType": "string",
                            "metaValue": "786.546 -72.3176"
                        }
                    ]
                },
                {
                    "nodeName": "subtract",
                    "nodeType": "Core::Math::subtract",
                    "multiInPortNames": [
                        "output1",
                        "output2"
                    ],
                    "metadata": [
                        {
                            "metaName": "DisplayMode",
                            "metaType": "string",
                            "metaValue": "2"
                        },
                        {
                            "metaName": "LayoutPos",
                            "metaType": "string",
                            "metaValue": "1406.34 -225.005"
                        }
                    ]
                }
            ],
            "connections": [
                {
                    "source": "A1.x",
                    "target": "multiply1.first.x"
                },
                {
                    "source": "A1.x",
                    "target": "multiply5.first.x"
                },
                {
                    "source": "B1.x",
                    "target": "multiply.first.x"
                },
                {
                    "source": "B1.x",
                    "target": "multiply3.first.x"
                },
                {
                    "source": "B1.z",
                    "target": "multiply4.first.z"
                },
                {
                    "source": "C1.x",
                    "target": "multiply2.first.x"
                },
                {
                    "source": "C1.x",
                    "target": "multiply4.first.x"
                },
                {
                    "source": "C1.z",
                    "target": "multiply.first.z"
                },
                {
                    "source": "C1.z",
                    "target": "multiply5.first.z"
                },
                {
                    "source": "multiply.output",
                    "target": "add.first.output1"
                },
                {
                    "source": "multiply1.output",
                    "target": "add.first.output2"
                },
                {
                    "source": "multiply2.output",
                    "target": "add.first.output3"
                },
                {
                    "source": "add.output",
                    "target": "subtract.first.output1"
                },
                {
                    "source": "add1.output",
                    "target": "subtract.first.output2"
                },
                {
                    "source": "subtract.output",
                    "target": ".result"
                },
                {
                    "source": ".point_a",
                    "target": "A1.vector3"
                },
                {
                    "source": ".point_b",
                    "target": "B1.vector3"
                },
                {
                    "source": ".point_c",
                    "target": "C1.vector3"
                },
                {
                    "source": "A1.z",
                    "target": "multiply2.first.z"
                },
                {
                    "source": "B1.z",
                    "target": "multiply1.first.z"
                },
                {
                    "source": "A1.z",
                    "target": "multiply3.first.z"
                },
                {
                    "source": "multiply5.output",
                    "target": "add1.first.output1"
                },
                {
                    "source": "multiply4.output",
                    "target": "add1.first.output2"
                },
                {
                    "source": "multiply3.output",
                    "target": "add1.first.output3"
                }
            ],
            "values": [],
            "reservedNodeNames": [
                {
                    "name": "input"
                },
                {
                    "name": "output"
                }
            ]
        }
    ]
}