{
    "header": {
        "metadata": [
            {
                "metaName": "adskFileFormatVersion",
                "metaValue": "100L"
            }
        ]
    },
    "namespaces": [],
    "types": [],
    "compounds": [
        {
            "name": "BPM::please_1::math::g2m_triangle_solver_SAS",
            "uriImported": "stream:/bifrostGraphShape2",
            "metadata": [
                {
                    "metaName": "documentation",
                    "metaType": "string",
                    "metaValue": "docs/g2m_triangle_solver_SAS.md"
                },
                {
                    "metaName": "icon",
                    "metaType": "string",
                    "metaValue": "icons/g2m_default.png"
                },
                {
                    "metaName": "io_nodes",
                    "metadata": [
                        {
                            "metaName": "io_inodes",
                            "metadata": [
                                {
                                    "metaName": "input",
                                    "metadata": [
                                        {
                                            "metaName": "DisplayMode",
                                            "metaType": "string",
                                            "metaValue": "2"
                                        },
                                        {
                                            "metaName": "LayoutPos",
                                            "metaType": "string",
                                            "metaValue": "-831.659 106.612"
                                        },
                                        {
                                            "metaName": "io_ports",
                                            "metadata": [
                                                {
                                                    "metaName": "side_a"
                                                },
                                                {
                                                    "metaName": "angle_B"
                                                },
                                                {
                                                    "metaName": "side_c"
                                                }
                                            ]
                                        }
                                    ]
                                }
                            ]
                        },
                        {
                            "metaName": "io_onodes",
                            "metadata": [
                                {
                                    "metaName": "output",
                                    "metadata": [
                                        {
                                            "metaName": "DisplayMode",
                                            "metaType": "string",
                                            "metaValue": "2"
                                        },
                                        {
                                            "metaName": "io_ports",
                                            "metadata": [
                                                {
                                                    "metaName": "angle_A"
                                                },
                                                {
                                                    "metaName": "side_b"
                                                },
                                                {
                                                    "metaName": "angle_C"
                                                }
                                            ]
                                        },
                                        {
                                            "metaName": "LayoutPos",
                                            "metaType": "string",
                                            "metaValue": "3785.21 69.8366"
                                        }
                                    ]
                                }
                            ]
                        }
                    ]
                },
                {
                    "metaName": "backdrop",
                    "metadata": [
                        {
                            "metaName": "type",
                            "metaType": "string",
                            "metaValue": "backdrop"
                        },
                        {
                            "metaName": "text",
                            "metaType": "string",
                            "metaValue": "\u4e0b\u4e00\u6b65\u9700\u8981\u89e3 angle_A, angle_C\uff0c\u4f46\u9700\u8981\u5148\u89e3\u76f8\u5c0d\u5c0f\u7684\u89d2\u3002\u89d2\u7684\u5927\u5c0f\u8207\u908a\u5c0d\u61c9\uff0c\u77ed\u908a\u5c0d\u61c9\u5c0f\u89d2\u3002"
                        },
                        {
                            "metaName": "coords",
                            "metaType": "string",
                            "metaValue": "945.945 -396.59 2127.46 1163.65"
                        }
                    ]
                },
                {
                    "metaName": "backdrop1",
                    "metadata": [
                        {
                            "metaName": "type",
                            "metaType": "string",
                            "metaValue": "backdrop"
                        },
                        {
                            "metaName": "text",
                            "metaType": "string",
                            "metaValue": "the law of cos\na2 = b2 + c2 ? 2bc cosA\n\nhttps://www.mathsisfun.com/algebra/trig-solving-sas-triangles.html\n"
                        },
                        {
                            "metaName": "coords",
                            "metaType": "string",
                            "metaValue": "-542.5 -543.368 1393.78 1050.12"
                        }
                    ]
                },
                {
                    "metaName": "backdrop2",
                    "metadata": [
                        {
                            "metaName": "type",
                            "metaType": "string",
                            "metaValue": "backdrop"
                        },
                        {
                            "metaName": "text",
                            "metaType": "string",
                            "metaValue": "\u9632\u6b62\u8f38\u51fa NaN \u7121\u6548\u503c\u3002"
                        },
                        {
                            "metaName": "coords",
                            "metaType": "string",
                            "metaValue": "2357.71 908.057 712.218 314.767"
                        }
                    ]
                },
                {
                    "metaName": "_recentNode_",
                    "metaType": "string",
                    "metaValue": "BifrostGraph,Core::Graph,pass"
                },
                {
                    "metaName": "_recentNode_",
                    "metaType": "string",
                    "metaValue": "BifrostGraph,Core::Logic,if"
                },
                {
                    "metaName": "_recentNode_",
                    "metaType": "string",
                    "metaValue": "BifrostGraph,Core::Array,build_array"
                },
                {
                    "metaName": "_recentNode_",
                    "metaType": "string",
                    "metaValue": "BifrostGraph,Core::Math,subtract"
                },
                {
                    "metaName": "_recentNode_",
                    "metaType": "string",
                    "metaValue": "BifrostGraph,Core::Constants,pi"
                },
                {
                    "metaName": "ViewportRect",
                    "metaType": "string",
                    "metaValue": "2090.09 7.98682 1869.77 1211.28"
                },
                {
                    "metaName": "DisplayMode",
                    "metaType": "string",
                    "metaValue": "2"
                },
                {
                    "metaName": "LayoutPos",
                    "metaType": "string",
                    "metaValue": "868.804 -82.8771"
                }
            ],
            "ports": [
                {
                    "portName": "side_a",
                    "portDirection": "input",
                    "portType": "float",
                    "portDefault": "0f"
                },
                {
                    "portName": "angle_B",
                    "portDirection": "input",
                    "portType": "float",
                    "portDefault": "0f"
                },
                {
                    "portName": "side_c",
                    "portDirection": "input",
                    "portType": "float",
                    "portDefault": "0f"
                },
                {
                    "portName": "angle_A",
                    "portDirection": "output"
                },
                {
                    "portName": "side_b",
                    "portDirection": "output"
                },
                {
                    "portName": "angle_C",
                    "portDirection": "output"
                }
            ],
            "compoundNodes": [
                {
                    "nodeName": "power",
                    "nodeType": "Core::Math::power",
                    "metadata": [
                        {
                            "metaName": "DisplayMode",
                            "metaType": "string",
                            "metaValue": "2"
                        },
                        {
                            "metaName": "LayoutPos",
                            "metaType": "string",
                            "metaValue": "-205.444 -355.266"
                        }
                    ]
                },
                {
                    "nodeName": "value",
                    "valueType": "float",
                    "metadata": [
                        {
                            "metaName": "DisplayMode",
                            "metaType": "string",
                            "metaValue": "2"
                        },
                        {
                            "metaName": "LayoutPos",
                            "metaType": "string",
                            "metaValue": "-523.444 -306.266"
                        },
                        {
                            "metaName": "valuenode_defaultvalue",
                            "metaType": "string",
                            "metaValue": "2"
                        }
                    ]
                },
                {
                    "nodeName": "power1",
                    "nodeType": "Core::Math::power",
                    "metadata": [
                        {
                            "metaName": "DisplayMode",
                            "metaType": "string",
                            "metaValue": "2"
                        },
                        {
                            "metaName": "LayoutPos",
                            "metaType": "string",
                            "metaValue": "-208.444 -171.266"
                        }
                    ]
                },
                {
                    "nodeName": "multiply",
                    "nodeType": "Core::Math::multiply",
                    "multiInPortNames": [
                        "output1",
                        "side_a",
                        "side_c",
                        "cosine"
                    ],
                    "metadata": [
                        {
                            "metaName": "DisplayMode",
                            "metaType": "string",
                            "metaValue": "2"
                        },
                        {
                            "metaName": "LayoutPos",
                            "metaType": "string",
                            "metaValue": "-213.444 57.7345"
                        }
                    ]
                },
                {
                    "nodeName": "cos",
                    "nodeType": "Core::Math::cos",
                    "metadata": [
                        {
                            "metaName": "DisplayMode",
                            "metaType": "string",
                            "metaValue": "2"
                        },
                        {
                            "metaName": "LayoutPos",
                            "metaType": "string",
                            "metaValue": "-502.444 238.734"
                        }
                    ]
                },
                {
                    "nodeName": "add",
                    "nodeType": "Core::Math::add",
                    "multiInPortNames": [
                        "power",
                        "power1"
                    ],
                    "metadata": [
                        {
                            "metaName": "DisplayMode",
                            "metaType": "string",
                            "metaValue": "2"
                        },
                        {
                            "metaName": "LayoutPos",
                            "metaType": "string",
                            "metaValue": "69.5561 -219.266"
                        }
                    ]
                },
                {
                    "nodeName": "subtract",
                    "nodeType": "Core::Math::subtract",
                    "multiInPortNames": [
                        "output1",
                        "output2"
                    ],
                    "metadata": [
                        {
                            "metaName": "DisplayMode",
                            "metaType": "string",
                            "metaValue": "2"
                        },
                        {
                            "metaName": "LayoutPos",
                            "metaType": "string",
                            "metaValue": "345.556 9.73448"
                        }
                    ]
                },
                {
                    "nodeName": "side_b",
                    "nodeType": "Core::Math::square_root",
                    "metadata": [
                        {
                            "metaName": "DisplayMode",
                            "metaType": "string",
                            "metaValue": "2"
                        },
                        {
                            "metaName": "LayoutPos",
                            "metaType": "string",
                            "metaValue": "612.038 -57.1397"
                        }
                    ]
                },
                {
                    "nodeName": "greater",
                    "nodeType": "Core::Logic::greater",
                    "metadata": [
                        {
                            "metaName": "DisplayMode",
                            "metaType": "string",
                            "metaValue": "2"
                        },
                        {
                            "metaName": "LayoutPos",
                            "metaType": "string",
                            "metaValue": "2304.89 131.132"
                        }
                    ]
                },
                {
                    "nodeName": "angle_A3",
                    "nodeType": "Core::Logic::if",
                    "metadata": [
                        {
                            "metaName": "DisplayMode",
                            "metaType": "string",
                            "metaValue": "2"
                        },
                        {
                            "metaName": "LayoutPos",
                            "metaType": "string",
                            "metaValue": "2793.97 -74.8109"
                        }
                    ]
                },
                {
                    "nodeName": "sin_angle_B",
                    "nodeType": "Core::Math::sin",
                    "metadata": [
                        {
                            "metaName": "DisplayMode",
                            "metaType": "string",
                            "metaValue": "2"
                        },
                        {
                            "metaName": "LayoutPos",
                            "metaType": "string",
                            "metaValue": "999.077 -184.183"
                        }
                    ]
                },
                {
                    "nodeName": "divide",
                    "nodeType": "Core::Math::divide",
                    "multiInPortNames": [
                        "sine",
                        "root"
                    ],
                    "metadata": [
                        {
                            "metaName": "DisplayMode",
                            "metaType": "string",
                            "metaValue": "2"
                        },
                        {
                            "metaName": "LayoutPos",
                            "metaType": "string",
                            "metaValue": "1268.25 -126.52"
                        }
                    ]
                },
                {
                    "nodeName": "multiply_side_a",
                    "nodeType": "Core::Math::multiply",
                    "multiInPortNames": [
                        "output1",
                        "side_a"
                    ],
                    "metadata": [
                        {
                            "metaName": "DisplayMode",
                            "metaType": "string",
                            "metaValue": "2"
                        },
                        {
                            "metaName": "LayoutPos",
                            "metaType": "string",
                            "metaValue": "1538.95 -44.898"
                        }
                    ]
                },
                {
                    "nodeName": "angle_A",
                    "nodeType": "Core::Math::asin",
                    "metadata": [
                        {
                            "metaName": "DisplayMode",
                            "metaType": "string",
                            "metaValue": "2"
                        },
                        {
                            "metaName": "LayoutPos",
                            "metaType": "string",
                            "metaValue": "1806.01 -49.795"
                        }
                    ]
                },
                {
                    "nodeName": "sin_angle_B1",
                    "nodeType": "Core::Math::sin",
                    "metadata": [
                        {
                            "metaName": "DisplayMode",
                            "metaType": "string",
                            "metaValue": "2"
                        },
                        {
                            "metaName": "LayoutPos",
                            "metaType": "string",
                            "metaValue": "967.218 372.32"
                        }
                    ]
                },
                {
                    "nodeName": "divide1",
                    "nodeType": "Core::Math::divide",
                    "multiInPortNames": [
                        "sine",
                        "root"
                    ],
                    "metadata": [
                        {
                            "metaName": "DisplayMode",
                            "metaType": "string",
                            "metaValue": "2"
                        },
                        {
                            "metaName": "LayoutPos",
                            "metaType": "string",
                            "metaValue": "1236.4 429.983"
                        }
                    ]
                },
                {
                    "nodeName": "multiply_side_c",
                    "nodeType": "Core::Math::multiply",
                    "multiInPortNames": [
                        "output1",
                        "side_c"
                    ],
                    "metadata": [
                        {
                            "metaName": "DisplayMode",
                            "metaType": "string",
                            "metaValue": "2"
                        },
                        {
                            "metaName": "LayoutPos",
                            "metaType": "string",
                            "metaValue": "1507.1 511.605"
                        }
                    ]
                },
                {
                    "nodeName": "angle_C2",
                    "nodeType": "Core::Math::asin",
                    "metadata": [
                        {
                            "metaName": "DisplayMode",
                            "metaType": "string",
                            "metaValue": "2"
                        },
                        {
                            "metaName": "LayoutPos",
                            "metaType": "string",
                            "metaValue": "1763.13 484.653"
                        }
                    ]
                },
                {
                    "nodeName": "pi",
                    "nodeType": "Core::Constants::pi",
                    "metadata": [
                        {
                            "metaName": "DisplayMode",
                            "metaType": "string",
                            "metaValue": "2"
                        },
                        {
                            "metaName": "LayoutPos",
                            "metaType": "string",
                            "metaValue": "2036.7 370.086"
                        }
                    ]
                },
                {
                    "nodeName": "angle_A2",
                    "nodeType": "Core::Math::subtract",
                    "multiInPortNames": [
                        "pi",
                        "arcsine",
                        "angle_B"
                    ],
                    "metadata": [
                        {
                            "metaName": "DisplayMode",
                            "metaType": "string",
                            "metaValue": "2"
                        },
                        {
                            "metaName": "LayoutPos",
                            "metaType": "string",
                            "metaValue": "2320.09 452.043"
                        }
                    ]
                },
                {
                    "nodeName": "pi1",
                    "nodeType": "Core::Constants::pi",
                    "metadata": [
                        {
                            "metaName": "DisplayMode",
                            "metaType": "string",
                            "metaValue": "2"
                        },
                        {
                            "metaName": "LayoutPos",
                            "metaType": "string",
                            "metaValue": "1994.81 -262.138"
                        }
                    ]
                },
                {
                    "nodeName": "angle_C",
                    "nodeType": "Core::Math::subtract",
                    "multiInPortNames": [
                        "pi",
                        "arcsine",
                        "angle_B"
                    ],
                    "metadata": [
                        {
                            "metaName": "DisplayMode",
                            "metaType": "string",
                            "metaValue": "2"
                        },
                        {
                            "metaName": "LayoutPos",
                            "metaType": "string",
                            "metaValue": "2274.17 -199.65"
                        }
                    ]
                },
                {
                    "nodeName": "angle_C3",
                    "nodeType": "Core::Logic::if",
                    "metadata": [
                        {
                            "metaName": "DisplayMode",
                            "metaType": "string",
                            "metaValue": "2"
                        },
                        {
                            "metaName": "LayoutPos",
                            "metaType": "string",
                            "metaValue": "2798.52 313.444"
                        }
                    ]
                },
                {
                    "nodeName": "greater1",
                    "nodeType": "Core::Logic::greater",
                    "metadata": [
                        {
                            "metaName": "DisplayMode",
                            "metaType": "string",
                            "metaValue": "2"
                        },
                        {
                            "metaName": "LayoutPos",
                            "metaType": "string",
                            "metaValue": "2617.19 951.897"
                        }
                    ]
                },
                {
                    "nodeName": "all_true_in_array",
                    "nodeType": "Core::Array::all_true_in_array",
                    "metadata": [
                        {
                            "metaName": "DisplayMode",
                            "metaType": "string",
                            "metaValue": "2"
                        },
                        {
                            "metaName": "LayoutPos",
                            "metaType": "string",
                            "metaValue": "2839.56 928.277"
                        }
                    ]
                },
                {
                    "nodeName": "build_array",
                    "nodeType": "Core::Array::build_array",
                    "multiInPortNames": [
                        "side_a",
                        "angle_B",
                        "side_c"
                    ],
                    "metadata": [
                        {
                            "metaName": "DisplayMode",
                            "metaType": "string",
                            "metaValue": "2"
                        },
                        {
                            "metaName": "LayoutPos",
                            "metaType": "string",
                            "metaValue": "2380.16 975.412"
                        }
                    ]
                },
                {
                    "nodeName": "if3",
                    "nodeType": "Core::Logic::if",
                    "metadata": [
                        {
                            "metaName": "DisplayMode",
                            "metaType": "string",
                            "metaValue": "2"
                        },
                        {
                            "metaName": "LayoutPos",
                            "metaType": "string",
                            "metaValue": "3467.73 -158.574"
                        }
                    ]
                },
                {
                    "nodeName": "if4",
                    "nodeType": "Core::Logic::if",
                    "metadata": [
                        {
                            "metaName": "DisplayMode",
                            "metaType": "string",
                            "metaValue": "2"
                        },
                        {
                            "metaName": "LayoutPos",
                            "metaType": "string",
                            "metaValue": "3473.56 95.1563"
                        }
                    ]
                },
                {
                    "nodeName": "if5",
                    "nodeType": "Core::Logic::if",
                    "metadata": [
                        {
                            "metaName": "DisplayMode",
                            "metaType": "string",
                            "metaValue": "2"
                        },
                        {
                            "metaName": "LayoutPos",
                            "metaType": "string",
                            "metaValue": "3476.19 324.711"
                        }
                    ]
                },
                {
                    "nodeName": "side_b1",
                    "nodeType": "Core::Graph::pass",
                    "metadata": [
                        {
                            "metaName": "DisplayMode",
                            "metaType": "string",
                            "metaValue": "2"
                        },
                        {
                            "metaName": "LayoutPos",
                            "metaType": "string",
                            "metaValue": "2791.05 137.361"
                        }
                    ]
                }
            ],
            "connections": [
                {
                    "source": ".side_a",
                    "target": "power.base"
                },
                {
                    "source": "value.output",
                    "target": "power.exponent"
                },
                {
                    "source": "value.output",
                    "target": "power1.exponent"
                },
                {
                    "source": ".side_c",
                    "target": "power1.base"
                },
                {
                    "source": "value.output",
                    "target": "multiply.first.output1"
                },
                {
                    "source": ".side_a",
                    "target": "multiply.first.side_a"
                },
                {
                    "source": ".side_c",
                    "target": "multiply.first.side_c"
                },
                {
                    "source": ".angle_B",
                    "target": "cos.value"
                },
                {
                    "source": "cos.cosine",
                    "target": "multiply.first.cosine"
                },
                {
                    "source": "power.power",
                    "target": "add.first.power"
                },
                {
                    "source": "power1.power",
                    "target": "add.first.power1"
                },
                {
                    "source": "add.output",
                    "target": "subtract.first.output1"
                },
                {
                    "source": "multiply.output",
                    "target": "subtract.first.output2"
                },
                {
                    "source": "subtract.output",
                    "target": "side_b.value"
                },
                {
                    "source": ".side_a",
                    "target": "greater.first"
                },
                {
                    "source": ".side_c",
                    "target": "greater.second"
                },
                {
                    "source": "greater.output",
                    "target": "angle_A3.condition"
                },
                {
                    "source": ".angle_B",
                    "target": "sin_angle_B.value"
                },
                {
                    "source": "sin_angle_B.sine",
                    "target": "divide.first.sine"
                },
                {
                    "source": "side_b.root",
                    "target": "divide.first.root"
                },
                {
                    "source": "divide.output",
                    "target": "multiply_side_a.first.output1"
                },
                {
                    "source": ".side_a",
                    "target": "multiply_side_a.first.side_a"
                },
                {
                    "source": "multiply_side_a.output",
                    "target": "angle_A.value"
                },
                {
                    "source": "sin_angle_B1.sine",
                    "target": "divide1.first.sine"
                },
                {
                    "source": "divide1.output",
                    "target": "multiply_side_c.first.output1"
                },
                {
                    "source": "multiply_side_c.output",
                    "target": "angle_C2.value"
                },
                {
                    "source": ".angle_B",
                    "target": "sin_angle_B1.value"
                },
                {
                    "source": "side_b.root",
                    "target": "divide1.first.root"
                },
                {
                    "source": ".side_c",
                    "target": "multiply_side_c.first.side_c"
                },
                {
                    "source": "pi.pi",
                    "target": "angle_A2.first.pi"
                },
                {
                    "source": "angle_C2.arcsine",
                    "target": "angle_A2.first.arcsine"
                },
                {
                    "source": ".angle_B",
                    "target": "angle_A2.first.angle_B"
                },
                {
                    "source": "pi1.pi",
                    "target": "angle_C.first.pi"
                },
                {
                    "source": "angle_A.arcsine",
                    "target": "angle_C.first.arcsine"
                },
                {
                    "source": ".angle_B",
                    "target": "angle_C.first.angle_B"
                },
                {
                    "source": "greater.output",
                    "target": "angle_C3.condition"
                },
                {
                    "source": "angle_A2.output",
                    "target": "angle_A3.true_case"
                },
                {
                    "source": "angle_C2.arcsine",
                    "target": "angle_C3.true_case"
                },
                {
                    "source": "angle_A.arcsine",
                    "target": "angle_A3.false_case"
                },
                {
                    "source": "angle_C.output",
                    "target": "angle_C3.false_case"
                },
                {
                    "source": "greater1.output",
                    "target": "all_true_in_array.array"
                },
                {
                    "source": ".side_a",
                    "target": "build_array.first.side_a"
                },
                {
                    "source": ".angle_B",
                    "target": "build_array.first.angle_B"
                },
                {
                    "source": ".side_c",
                    "target": "build_array.first.side_c"
                },
                {
                    "source": "build_array.array",
                    "target": "greater1.first"
                },
                {
                    "source": "all_true_in_array.all_true",
                    "target": "if3.condition"
                },
                {
                    "source": "all_true_in_array.all_true",
                    "target": "if4.condition"
                },
                {
                    "source": "all_true_in_array.all_true",
                    "target": "if5.condition"
                },
                {
                    "source": "angle_A3.output",
                    "target": "if3.true_case"
                },
                {
                    "source": "if3.output",
                    "target": ".angle_A"
                },
                {
                    "source": "side_b.root",
                    "target": "side_b1.input"
                },
                {
                    "source": "side_b1.output",
                    "target": "if4.true_case"
                },
                {
                    "source": "if4.output",
                    "target": ".side_b"
                },
                {
                    "source": "angle_C3.output",
                    "target": "if5.true_case"
                },
                {
                    "source": "if5.output",
                    "target": ".angle_C"
                }
            ],
            "values": [
                {
                    "valueName": "value.value",
                    "valueType": "float",
                    "value": "2f"
                }
            ],
            "reservedNodeNames": [
                {
                    "name": "input"
                },
                {
                    "name": "output"
                }
            ]
        }
    ]
}