{
    "header": {
        "metadata": [
            {
                "metaName": "adskFileFormatVersion",
                "metaValue": "100L"
            }
        ]
    },
    "namespaces": [],
    "types": [],
    "compounds": [
        {
            "name": "BPM::please_1::math::g2m_triangle_circumradius_SA",
            "uriImported": "file:///g2m_triangle_circumradius_SA.json",
            "metadata": [
                {
                    "metaName": "documentation",
                    "metaType": "string",
                    "metaValue": "docs/g2m_triangle_circumradius_SA.md"
                },
                {
                    "metaName": "icon",
                    "metaType": "string",
                    "metaValue": "icons/g2m_default.png"
                },
                {
                    "metaName": "io_nodes",
                    "metadata": [
                        {
                            "metaName": "io_inodes",
                            "metadata": [
                                {
                                    "metaName": "input",
                                    "metadata": [
                                        {
                                            "metaName": "DisplayMode",
                                            "metaType": "string",
                                            "metaValue": "2"
                                        },
                                        {
                                            "metaName": "LayoutPos",
                                            "metaType": "string",
                                            "metaValue": "-701 -68"
                                        },
                                        {
                                            "metaName": "io_ports",
                                            "metadata": [
                                                {
                                                    "metaName": "side_a"
                                                },
                                                {
                                                    "metaName": "angle_A"
                                                }
                                            ]
                                        }
                                    ]
                                }
                            ]
                        },
                        {
                            "metaName": "io_onodes",
                            "metadata": [
                                {
                                    "metaName": "output",
                                    "metadata": [
                                        {
                                            "metaName": "DisplayMode",
                                            "metaType": "string",
                                            "metaValue": "2"
                                        },
                                        {
                                            "metaName": "io_ports",
                                            "metadata": [
                                                {
                                                    "metaName": "circumradius_R"
                                                }
                                            ]
                                        },
                                        {
                                            "metaName": "LayoutPos",
                                            "metaType": "string",
                                            "metaValue": "928.929 -137.146"
                                        }
                                    ]
                                }
                            ]
                        }
                    ]
                },
                {
                    "metaName": "backdrop",
                    "metadata": [
                        {
                            "metaName": "type",
                            "metaType": "string",
                            "metaValue": "backdrop"
                        },
                        {
                            "metaName": "coords",
                            "metaType": "string",
                            "metaValue": "-673.992 -259 704 165"
                        },
                        {
                            "metaName": "text",
                            "metaType": "string",
                            "metaValue": "\u8a08\u7b97\u4e09\u89d2\u5f62\u5916\u63a5\u5713\u534a\u5f91\n\n\u53c3\u8003\uff1ahttps://www.calculator.net/triangle-calculator.html?vc=&vx=2.23607&vy=3.60555&va=&vz=4&vb=&angleunits=d&x=61&y=18\n\n\u516c\u5f0f\uff1a\nCircumradius R = a / 2 sin(A)\n"
                        }
                    ]
                },
                {
                    "metaName": "backdrop1",
                    "metadata": [
                        {
                            "metaName": "type",
                            "metaType": "string",
                            "metaValue": "backdrop"
                        },
                        {
                            "metaName": "text",
                            "metaType": "string",
                            "metaValue": "\u9632\u6b62\u8f38\u51fa NaN \u7121\u6548\u503c\u3002\n\u5982\u679c\u8f38\u5165\u7121\u6548\u503c\uff0c\u5247\u76f4\u63a5\u8f38\u51fa 0 ."
                        },
                        {
                            "metaName": "coords",
                            "metaType": "string",
                            "metaValue": "-135.695 303.171 712.218 314.767"
                        }
                    ]
                },
                {
                    "metaName": "_recentNode_",
                    "metaType": "string",
                    "metaValue": "BifrostGraph,Core::Logic,if"
                },
                {
                    "metaName": "_recentNode_",
                    "metaType": "string",
                    "metaValue": "BifrostGraph,Core::Array,build_array"
                },
                {
                    "metaName": "_recentNode_",
                    "metaType": "string",
                    "metaValue": "BifrostGraph,Core::Math,divide"
                },
                {
                    "metaName": "_recentNode_",
                    "metaType": "string",
                    "metaValue": "BifrostGraph,Core::Math,twice_of"
                },
                {
                    "metaName": "_recentNode_",
                    "metaType": "string",
                    "metaValue": "BifrostGraph,Core::Math,multiply"
                },
                {
                    "metaName": "ViewportRect",
                    "metaType": "string",
                    "metaValue": "-766.586 -345.467 1846.09 1195.94"
                },
                {
                    "metaName": "DisplayMode",
                    "metaType": "string",
                    "metaValue": "2"
                },
                {
                    "metaName": "LayoutPos",
                    "metaType": "string",
                    "metaValue": "1878.97 282.02"
                }
            ],
            "ports": [
                {
                    "portName": "side_a",
                    "portDirection": "input",
                    "portType": "float"
                },
                {
                    "portName": "angle_A",
                    "portDirection": "input",
                    "portType": "float"
                },
                {
                    "portName": "circumradius_R",
                    "portDirection": "output",
                    "portType": "float"
                }
            ],
            "compoundNodes": [
                {
                    "nodeName": "sin",
                    "nodeType": "Core::Math::sin",
                    "metadata": [
                        {
                            "metaName": "DisplayMode",
                            "metaType": "string",
                            "metaValue": "2"
                        },
                        {
                            "metaName": "LayoutPos",
                            "metaType": "string",
                            "metaValue": "-422.5 106"
                        }
                    ]
                },
                {
                    "nodeName": "twice_of",
                    "nodeType": "Core::Math::twice_of",
                    "metadata": [
                        {
                            "metaName": "DisplayMode",
                            "metaType": "string",
                            "metaValue": "2"
                        },
                        {
                            "metaName": "LayoutPos",
                            "metaType": "string",
                            "metaValue": "-165.5 82"
                        }
                    ]
                },
                {
                    "nodeName": "divide",
                    "nodeType": "Core::Math::divide",
                    "multiInPortNames": [
                        "side_a",
                        "double_value"
                    ],
                    "metadata": [
                        {
                            "metaName": "DisplayMode",
                            "metaType": "string",
                            "metaValue": "2"
                        },
                        {
                            "metaName": "LayoutPos",
                            "metaType": "string",
                            "metaValue": "162.5 -91"
                        }
                    ]
                },
                {
                    "nodeName": "greater",
                    "nodeType": "Core::Logic::greater",
                    "metadata": [
                        {
                            "metaName": "DisplayMode",
                            "metaType": "string",
                            "metaValue": "2"
                        },
                        {
                            "metaName": "LayoutPos",
                            "metaType": "string",
                            "metaValue": "121.161 344.686"
                        }
                    ]
                },
                {
                    "nodeName": "all_true_in_array",
                    "nodeType": "Core::Array::all_true_in_array",
                    "metadata": [
                        {
                            "metaName": "DisplayMode",
                            "metaType": "string",
                            "metaValue": "2"
                        },
                        {
                            "metaName": "LayoutPos",
                            "metaType": "string",
                            "metaValue": "349.511 321.063"
                        }
                    ]
                },
                {
                    "nodeName": "build_array",
                    "nodeType": "Core::Array::build_array",
                    "multiInPortNames": [
                        "side_a",
                        "angle_A"
                    ],
                    "metadata": [
                        {
                            "metaName": "DisplayMode",
                            "metaType": "string",
                            "metaValue": "2"
                        },
                        {
                            "metaName": "LayoutPos",
                            "metaType": "string",
                            "metaValue": "-116.228 367.875"
                        }
                    ]
                },
                {
                    "nodeName": "if",
                    "nodeType": "Core::Logic::if",
                    "metadata": [
                        {
                            "metaName": "DisplayMode",
                            "metaType": "string",
                            "metaValue": "2"
                        },
                        {
                            "metaName": "LayoutPos",
                            "metaType": "string",
                            "metaValue": "681.921 -138.017"
                        }
                    ]
                }
            ],
            "connections": [
                {
                    "source": "sin.sine",
                    "target": "twice_of.value"
                },
                {
                    "source": "twice_of.double_value",
                    "target": "divide.first.double_value"
                },
                {
                    "source": ".side_a",
                    "target": "divide.first.side_a"
                },
                {
                    "source": ".angle_A",
                    "target": "sin.value"
                },
                {
                    "source": "greater.output",
                    "target": "all_true_in_array.array"
                },
                {
                    "source": ".side_a",
                    "target": "build_array.first.side_a"
                },
                {
                    "source": ".angle_A",
                    "target": "build_array.first.angle_A"
                },
                {
                    "source": "build_array.array",
                    "target": "greater.first"
                },
                {
                    "source": "all_true_in_array.all_true",
                    "target": "if.condition"
                },
                {
                    "source": "divide.output",
                    "target": "if.true_case"
                },
                {
                    "source": "if.output",
                    "target": ".circumradius_R"
                }
            ],
            "values": [],
            "reservedNodeNames": [
                {
                    "name": "input"
                },
                {
                    "name": "output"
                }
            ]
        }
    ]
}