{
    "header": {
        "metadata": [
            {
                "metaName": "adskFileFormatVersion",
                "metaValue": "100L"
            }
        ]
    },
    "namespaces": [],
    "types": [],
    "compounds": [
        {
            "name": "BPM::please_1::math::g2m_rebound_number",
            "uriImported": "stream:/bifrostGraphShape1",
            "metadata": [
                {
                    "metaName": "io_nodes",
                    "metadata": [
                        {
                            "metaName": "io_inodes",
                            "metadata": [
                                {
                                    "metaName": "input",
                                    "metadata": [
                                        {
                                            "metaName": "DisplayMode",
                                            "metaType": "string",
                                            "metaValue": "2"
                                        },
                                        {
                                            "metaName": "LayoutPos",
                                            "metaType": "string",
                                            "metaValue": "-551.561 53.4486"
                                        },
                                        {
                                            "metaName": "io_ports",
                                            "metadata": [
                                                {
                                                    "metaName": "number"
                                                }
                                            ]
                                        }
                                    ]
                                }
                            ]
                        },
                        {
                            "metaName": "io_onodes",
                            "metadata": [
                                {
                                    "metaName": "output",
                                    "metadata": [
                                        {
                                            "metaName": "DisplayMode",
                                            "metaType": "string",
                                            "metaValue": "2"
                                        },
                                        {
                                            "metaName": "LayoutPos",
                                            "metaType": "string",
                                            "metaValue": "1786.47 -60.5356"
                                        },
                                        {
                                            "metaName": "io_ports",
                                            "metadata": [
                                                {
                                                    "metaName": "rebound"
                                                }
                                            ]
                                        }
                                    ]
                                }
                            ]
                        }
                    ]
                },
                {
                    "metaName": "backdrop",
                    "metadata": [
                        {
                            "metaName": "type",
                            "metaType": "string",
                            "metaValue": "backdrop"
                        },
                        {
                            "metaName": "color",
                            "metaType": "string",
                            "metaValue": "#53556d"
                        },
                        {
                            "metaName": "text",
                            "metaType": "string",
                            "metaValue": "\u628a\u8f38\u5165\u7684\u503c\u9650\u5236\u5230 0~1\u3002\n\u4e0e clamp \u7684\u5340\u5225\u662f\uff0c\u8d85\u51fa\u7684\u503c\u662f\u300c\u53cd\u5f48\u300d\u5230\u503c\u7bc4\u570d\u5167\u3002\n\n\u4f8b\uff1a\ninput: 1.4\noutput: 1 - mod(1.4) = 1 - 0.4 = 0.6\n# \u8d85\u904e1\u6642\u6298\u8fd4\u54110\n\ninput: 2.4\noutput: mod(2.4) = 0.4\n# \u6574\u6578\u90e8\u5206\u53ef\u770b\u4f5c\u6298\u8fd4\u6b21\u6578\u30022.4 \u6298\u8fd4\u5169\u6b21\uff0c\u7b49\u65bc\u518d\u6b21\u5f9e0\u958b\u59cb\u8a08\u6578\u3002\n\ninput: -0.2\nout: abs(-0.2) = 0.2\n# \u5c0f\u65bc0\u6298\u8fd4\uff0c\u5411 1 \u7684\u65b9\u5411\u524d\u9032\u3002\n\ninput: -1.6\nout: 0.4\n# \u56e0\u662f\u8ca0\u6578\uff0c\u9ed8\u8a8d\u6298\u8fd41\u6b21\uff0c\u8b8a\u62101.6\u3002\u56e0\u8d85\u904e1\u518d\u6b21\u6298\u8fd4\uff0c\u8b8a\u6210 1-0.6 = 0.4"
                        },
                        {
                            "metaName": "coords",
                            "metaType": "string",
                            "metaValue": "-532.17 -252.56 465.021 273.171"
                        }
                    ]
                },
                {
                    "metaName": "_recentNode_",
                    "metaType": "string",
                    "metaValue": "BifrostGraph,Core::Math,absolute_value"
                },
                {
                    "metaName": "_recentNode_",
                    "metaType": "string",
                    "metaValue": "BifrostGraph,Core::Logic,if"
                },
                {
                    "metaName": "_recentNode_",
                    "metaType": "string",
                    "metaValue": "BifrostGraph,Core::Logic,less"
                },
                {
                    "metaName": "_recentNode_",
                    "metaType": "string",
                    "metaValue": "BifrostGraph,Core::Graph,pass"
                },
                {
                    "metaName": "_recentNode_",
                    "metaType": "string",
                    "metaValue": "BifrostGraph,Core::Constants,float"
                },
                {
                    "metaName": "ViewportRect",
                    "metaType": "string",
                    "metaValue": "-532.168 -438.226 1211.29 919.159"
                },
                {
                    "metaName": "DisplayMode",
                    "metaType": "string",
                    "metaValue": "2"
                },
                {
                    "metaName": "LayoutPos",
                    "metaType": "string",
                    "metaValue": "-181.5 -132"
                }
            ],
            "ports": [
                {
                    "portName": "rebound",
                    "portDirection": "output"
                },
                {
                    "portName": "number",
                    "portDirection": "input",
                    "portDefaultType": "float",
                    "portDefault": "-1.60000002f"
                }
            ],
            "compoundNodes": [
                {
                    "nodeName": "greater",
                    "nodeType": "Core::Logic::greater",
                    "metadata": [
                        {
                            "metaName": "DisplayMode",
                            "metaType": "string",
                            "metaValue": "2"
                        },
                        {
                            "metaName": "LayoutPos",
                            "metaType": "string",
                            "metaValue": "1171.62 -394.129"
                        }
                    ]
                },
                {
                    "nodeName": "if",
                    "nodeType": "Core::Logic::if",
                    "metadata": [
                        {
                            "metaName": "DisplayMode",
                            "metaType": "string",
                            "metaValue": "2"
                        },
                        {
                            "metaName": "LayoutPos",
                            "metaType": "string",
                            "metaValue": "1519.47 -61.0701"
                        }
                    ]
                },
                {
                    "nodeName": "modulo",
                    "nodeType": "Core::Math::modulo",
                    "metadata": [
                        {
                            "metaName": "DisplayMode",
                            "metaType": "string",
                            "metaValue": "2"
                        },
                        {
                            "metaName": "LayoutPos",
                            "metaType": "string",
                            "metaValue": "840.872 8.71471"
                        }
                    ]
                },
                {
                    "nodeName": "modulo1",
                    "nodeType": "Core::Math::modulo",
                    "metadata": [
                        {
                            "metaName": "DisplayMode",
                            "metaType": "string",
                            "metaValue": "2"
                        },
                        {
                            "metaName": "LayoutPos",
                            "metaType": "string",
                            "metaValue": "844.925 -371.865"
                        }
                    ]
                },
                {
                    "nodeName": "subtract1",
                    "nodeType": "Core::Math::subtract",
                    "multiInPortNames": [
                        "output1",
                        "remainder"
                    ],
                    "metadata": [
                        {
                            "metaName": "DisplayMode",
                            "metaType": "string",
                            "metaValue": "2"
                        },
                        {
                            "metaName": "LayoutPos",
                            "metaType": "string",
                            "metaValue": "1171.31 -126.516"
                        }
                    ]
                },
                {
                    "nodeName": "truncate",
                    "nodeType": "Core::Math::truncate",
                    "metadata": [
                        {
                            "metaName": "DisplayMode",
                            "metaType": "string",
                            "metaValue": "2"
                        },
                        {
                            "metaName": "LayoutPos",
                            "metaType": "string",
                            "metaValue": "119.569 -346.359"
                        }
                    ]
                },
                {
                    "nodeName": "value10",
                    "valueType": "float",
                    "metadata": [
                        {
                            "metaName": "DisplayMode",
                            "metaType": "string",
                            "metaValue": "2"
                        },
                        {
                            "metaName": "LayoutPos",
                            "metaType": "string",
                            "metaValue": "471.279 -266.013"
                        },
                        {
                            "metaName": "valuenode_defaultvalue",
                            "metaType": "string",
                            "metaValue": "2"
                        }
                    ]
                },
                {
                    "nodeName": "value9",
                    "valueType": "float",
                    "metadata": [
                        {
                            "metaName": "DisplayMode",
                            "metaType": "string",
                            "metaValue": "2"
                        },
                        {
                            "metaName": "LayoutPos",
                            "metaType": "string",
                            "metaValue": "466.816 -104.133"
                        },
                        {
                            "metaName": "valuenode_defaultvalue",
                            "metaType": "string",
                            "metaValue": "1"
                        }
                    ]
                },
                {
                    "nodeName": "absolute_value",
                    "nodeType": "Core::Math::absolute_value",
                    "metadata": [
                        {
                            "metaName": "DisplayMode",
                            "metaType": "string",
                            "metaValue": "2"
                        },
                        {
                            "metaName": "LayoutPos",
                            "metaType": "string",
                            "metaValue": "-288.578 30.5"
                        }
                    ]
                }
            ],
            "connections": [
                {
                    "source": "modulo1.remainder",
                    "target": "greater.first"
                },
                {
                    "source": "greater.output",
                    "target": "if.condition"
                },
                {
                    "source": "subtract1.output",
                    "target": "if.true_case"
                },
                {
                    "source": "modulo.remainder",
                    "target": "if.false_case"
                },
                {
                    "source": "if.output",
                    "target": ".rebound"
                },
                {
                    "source": "value9.output",
                    "target": "modulo.divisor"
                },
                {
                    "source": "modulo.remainder",
                    "target": "subtract1.first.remainder"
                },
                {
                    "source": "truncate.truncated",
                    "target": "modulo1.value"
                },
                {
                    "source": "value10.output",
                    "target": "modulo1.divisor"
                },
                {
                    "source": "value9.output",
                    "target": "subtract1.first.output1"
                },
                {
                    "source": ".number",
                    "target": "absolute_value.value"
                },
                {
                    "source": "absolute_value.absolute_value",
                    "target": "modulo.value"
                },
                {
                    "source": "absolute_value.absolute_value",
                    "target": "truncate.value"
                }
            ],
            "values": [
                {
                    "valueName": "modulo.divisor",
                    "valueType": "long",
                    "value": "1"
                },
                {
                    "valueName": "modulo1.divisor",
                    "valueType": "long",
                    "value": "2"
                },
                {
                    "valueName": "value10.value",
                    "valueType": "float",
                    "value": "2f"
                },
                {
                    "valueName": "value9.value",
                    "valueType": "float",
                    "value": "1f"
                }
            ],
            "reservedNodeNames": [
                {
                    "name": "input"
                },
                {
                    "name": "output"
                }
            ]
        }
    ]
}