{
    "header": {
        "metadata": [
            {
                "metaName": "adskFileFormatVersion",
                "metaValue": "100L"
            }
        ]
    },
    "namespaces": [],
    "types": [],
    "compounds": [
        {
            "name": "BPM::please_1::math::g2m_triangle_incircle",
            "uriImported": "stream:/bifrostGraphShape1",
            "metadata": [
                {
                    "metaName": "documentation",
                    "metaType": "string",
                    "metaValue": "docs/g2m_triangle_incircle.md"
                },
                {
                    "metaName": "icon",
                    "metaType": "string",
                    "metaValue": "icons/g2m_default.png"
                },
                {
                    "metaName": "io_nodes",
                    "metadata": [
                        {
                            "metaName": "io_inodes",
                            "metadata": [
                                {
                                    "metaName": "input",
                                    "metadata": [
                                        {
                                            "metaName": "DisplayMode",
                                            "metaType": "string",
                                            "metaValue": "2"
                                        },
                                        {
                                            "metaName": "LayoutPos",
                                            "metaType": "string",
                                            "metaValue": "-897 -168"
                                        },
                                        {
                                            "metaName": "io_ports",
                                            "metadata": [
                                                {
                                                    "metaName": "point_a"
                                                },
                                                {
                                                    "metaName": "point_b"
                                                },
                                                {
                                                    "metaName": "point_c"
                                                }
                                            ]
                                        }
                                    ]
                                }
                            ]
                        },
                        {
                            "metaName": "io_onodes",
                            "metadata": [
                                {
                                    "metaName": "output",
                                    "metadata": [
                                        {
                                            "metaName": "DisplayMode",
                                            "metaType": "string",
                                            "metaValue": "2"
                                        },
                                        {
                                            "metaName": "io_ports",
                                            "metadata": [
                                                {
                                                    "metaName": "incenter"
                                                },
                                                {
                                                    "metaName": "inradius"
                                                }
                                            ]
                                        },
                                        {
                                            "metaName": "LayoutPos",
                                            "metaType": "string",
                                            "metaValue": "1073.86 -286.235"
                                        }
                                    ]
                                }
                            ]
                        }
                    ]
                },
                {
                    "metaName": "backdrop",
                    "metadata": [
                        {
                            "metaName": "type",
                            "metaType": "string",
                            "metaValue": "backdrop"
                        },
                        {
                            "metaName": "text",
                            "metaType": "string",
                            "metaValue": "\u5167\u63a5\u5713\u534a\u5f91 = \u9762\u7a4d/\u534a\u9031\u9577"
                        },
                        {
                            "metaName": "coords",
                            "metaType": "string",
                            "metaValue": "40.9389 120.231 886.081 350.245"
                        }
                    ]
                },
                {
                    "metaName": "ViewportRect",
                    "metaType": "string",
                    "metaValue": "-947.818 -666.058 2169.88 1151.54"
                },
                {
                    "metaName": "DisplayMode",
                    "metaType": "string",
                    "metaValue": "2"
                },
                {
                    "metaName": "LayoutPos",
                    "metaType": "string",
                    "metaValue": "-161.301 -340.052"
                }
            ],
            "ports": [
                {
                    "portName": "point_a",
                    "portDirection": "input",
                    "portType": "Math::float3"
                },
                {
                    "portName": "point_b",
                    "portDirection": "input",
                    "portType": "Math::float3",
                    "portDefault": {
                        "x": "2f",
                        "y": "0f",
                        "z": "0f"
                    }
                },
                {
                    "portName": "point_c",
                    "portDirection": "input",
                    "portType": "Math::float3",
                    "portDefault": {
                        "x": "0f",
                        "y": "0f",
                        "z": "-1f"
                    }
                },
                {
                    "portName": "incenter",
                    "portDirection": "output",
                    "portType": "Math::float3"
                },
                {
                    "portName": "inradius",
                    "portDirection": "output",
                    "portType": "float"
                }
            ],
            "compoundNodes": [
                {
                    "nodeName": "multiply",
                    "nodeType": "Core::Math::multiply",
                    "multiInPortNames": [
                        "side_a",
                        "triangle_vertex_A"
                    ],
                    "metadata": [
                        {
                            "metaName": "DisplayMode",
                            "metaType": "string",
                            "metaValue": "2"
                        },
                        {
                            "metaName": "LayoutPos",
                            "metaType": "string",
                            "metaValue": "74 -851"
                        }
                    ]
                },
                {
                    "nodeName": "multiply1",
                    "nodeType": "Core::Math::multiply",
                    "multiInPortNames": [
                        "side_b",
                        "triangle_vertex_B"
                    ],
                    "metadata": [
                        {
                            "metaName": "DisplayMode",
                            "metaType": "string",
                            "metaValue": "2"
                        },
                        {
                            "metaName": "LayoutPos",
                            "metaType": "string",
                            "metaValue": "72 -628"
                        }
                    ]
                },
                {
                    "nodeName": "multiply2",
                    "nodeType": "Core::Math::multiply",
                    "multiInPortNames": [
                        "side_c",
                        "triangle_vertex_C"
                    ],
                    "metadata": [
                        {
                            "metaName": "DisplayMode",
                            "metaType": "string",
                            "metaValue": "2"
                        },
                        {
                            "metaName": "LayoutPos",
                            "metaType": "string",
                            "metaValue": "68 -409"
                        }
                    ]
                },
                {
                    "nodeName": "add",
                    "nodeType": "Core::Math::add",
                    "multiInPortNames": [
                        "output1",
                        "output2",
                        "output3"
                    ],
                    "metadata": [
                        {
                            "metaName": "DisplayMode",
                            "metaType": "string",
                            "metaValue": "2"
                        },
                        {
                            "metaName": "LayoutPos",
                            "metaType": "string",
                            "metaValue": "351 -675"
                        }
                    ]
                },
                {
                    "nodeName": "Incenter",
                    "nodeType": "Core::Math::divide",
                    "multiInPortNames": [
                        "output1",
                        "output2"
                    ],
                    "metadata": [
                        {
                            "metaName": "DisplayMode",
                            "metaType": "string",
                            "metaValue": "2"
                        },
                        {
                            "metaName": "LayoutPos",
                            "metaType": "string",
                            "metaValue": "660 -286"
                        }
                    ]
                },
                {
                    "nodeName": "Perimeter_p",
                    "nodeType": "Core::Math::add",
                    "multiInPortNames": [
                        "side_a",
                        "side_b",
                        "side_c"
                    ],
                    "metadata": [
                        {
                            "metaName": "DisplayMode",
                            "metaType": "string",
                            "metaValue": "2"
                        },
                        {
                            "metaName": "LayoutPos",
                            "metaType": "string",
                            "metaValue": "45 -139"
                        }
                    ]
                },
                {
                    "nodeName": "half_of",
                    "nodeType": "Core::Math::half_of",
                    "metadata": [
                        {
                            "metaName": "DisplayMode",
                            "metaType": "string",
                            "metaValue": "2"
                        },
                        {
                            "metaName": "LayoutPos",
                            "metaType": "string",
                            "metaValue": "385.439 280.533"
                        }
                    ]
                },
                {
                    "nodeName": "Inradius_r",
                    "nodeType": "Core::Math::divide",
                    "multiInPortNames": [
                        "triangle_area",
                        "half_value"
                    ],
                    "metadata": [
                        {
                            "metaName": "DisplayMode",
                            "metaType": "string",
                            "metaValue": "2"
                        },
                        {
                            "metaName": "LayoutPos",
                            "metaType": "string",
                            "metaValue": "689.439 186.533"
                        }
                    ]
                },
                {
                    "nodeName": "g2m_triangle_area",
                    "nodeType": "BPM::please_1::math::g2m_triangle_area",
                    "metadata": [
                        {
                            "metaName": "DisplayMode",
                            "metaType": "string",
                            "metaValue": "2"
                        },
                        {
                            "metaName": "LayoutPos",
                            "metaType": "string",
                            "metaValue": "63.4389 206.533"
                        }
                    ]
                },
                {
                    "nodeName": "g2m_triangle_sides_length",
                    "nodeType": "BPM::please_1::math::g2m_triangle_sides_length",
                    "metadata": [
                        {
                            "metaName": "DisplayMode",
                            "metaType": "string",
                            "metaValue": "2"
                        },
                        {
                            "metaName": "LayoutPos",
                            "metaType": "string",
                            "metaValue": "-340.036 -243.188"
                        }
                    ]
                }
            ],
            "connections": [
                {
                    "source": "multiply.output",
                    "target": "add.first.output1"
                },
                {
                    "source": "multiply1.output",
                    "target": "add.first.output2"
                },
                {
                    "source": "multiply2.output",
                    "target": "add.first.output3"
                },
                {
                    "source": "add.output",
                    "target": "Incenter.first.output1"
                },
                {
                    "source": "Perimeter_p.output",
                    "target": "Incenter.first.output2"
                },
                {
                    "source": ".point_a",
                    "target": "multiply.first.triangle_vertex_A"
                },
                {
                    "source": ".point_b",
                    "target": "multiply1.first.triangle_vertex_B"
                },
                {
                    "source": ".point_c",
                    "target": "multiply2.first.triangle_vertex_C"
                },
                {
                    "source": "Perimeter_p.output",
                    "target": "half_of.value"
                },
                {
                    "source": "half_of.half_value",
                    "target": "Inradius_r.first.half_value"
                },
                {
                    "source": "Incenter.output",
                    "target": ".incenter"
                },
                {
                    "source": "Inradius_r.output",
                    "target": ".inradius"
                },
                {
                    "source": ".point_a",
                    "target": "g2m_triangle_area.point_a"
                },
                {
                    "source": ".point_b",
                    "target": "g2m_triangle_area.point_b"
                },
                {
                    "source": ".point_c",
                    "target": "g2m_triangle_area.point_c"
                },
                {
                    "source": "g2m_triangle_area.area",
                    "target": "Inradius_r.first.triangle_area"
                },
                {
                    "source": "g2m_triangle_sides_length.side_a",
                    "target": "Perimeter_p.first.side_a"
                },
                {
                    "source": "g2m_triangle_sides_length.side_a",
                    "target": "multiply.first.side_a"
                },
                {
                    "source": "g2m_triangle_sides_length.side_b",
                    "target": "Perimeter_p.first.side_b"
                },
                {
                    "source": "g2m_triangle_sides_length.side_b",
                    "target": "multiply1.first.side_b"
                },
                {
                    "source": "g2m_triangle_sides_length.side_c",
                    "target": "Perimeter_p.first.side_c"
                },
                {
                    "source": "g2m_triangle_sides_length.side_c",
                    "target": "multiply2.first.side_c"
                },
                {
                    "source": ".point_a",
                    "target": "g2m_triangle_sides_length.point_a"
                },
                {
                    "source": ".point_b",
                    "target": "g2m_triangle_sides_length.point_b"
                },
                {
                    "source": ".point_c",
                    "target": "g2m_triangle_sides_length.point_c"
                }
            ],
            "values": [],
            "reservedNodeNames": [
                {
                    "name": "input"
                },
                {
                    "name": "output"
                }
            ]
        }
    ]
}