{
    "header": {
        "metadata": [
            {
                "metaName": "adskFileFormatVersion",
                "metaValue": "100L"
            }
        ]
    },
    "dependencies": [
        {
            "uri": "file:///Math_types.json"
        },
        {
            "uri": "file:///Math_float.json"
        },
        {
            "uri": "file:///Math_double.json"
        },
        {
            "uri": "file:///Math_conversion.json"
        },
        {
            "uri": "file:///Math_long.json"
        },
        {
            "uri": "file:///Math_char.json"
        },
        {
            "uri": "file:///Math_int.json"
        },
        {
            "uri": "file:///Math_short.json"
        },
        {
            "uri": "file:///Math_uchar.json"
        },
        {
            "uri": "file:///Math_uint.json"
        },
        {
            "uri": "file:///Math_ulong.json"
        },
        {
            "uri": "file:///Math_ushort.json"
        },
        {
            "uri": "file:///Math_multiply_quaternions.json"
        },
        {
            "uri": "file:///Math_rotate_by_quaternion.json"
        },
        {
            "uri": "file:///Math_axis_angle_to_quaternion.json"
        },
        {
            "uri": "file:///Math_length_squared.json"
        },
        {
            "uri": "file:///Math_almost_equal.json"
        },
        {
            "uri": "file:///Math_vector3_to_vector4.json"
        },
        {
            "uri": "file:///bifrost_object_i.json"
        },
        {
            "uri": "file:///riv_types.json"
        },
        {
            "uri": "file:///point_types.json"
        },
        {
            "uri": "file:///FCurve.json"
        },
        {
            "uri": "file:///riv_ops.json"
        },
        {
            "uri": "file:///rotation_between_vectors.json"
        },
        {
            "uri": "file:///bifrost_geometry_query_types.json"
        },
        {
            "uri": "file:///geometry_types.json"
        },
        {
            "uri": "file:///set_property_any.json"
        },
        {
            "uri": "file:///set_property.json"
        },
        {
            "uri": "file:///has_property.json"
        },
        {
            "uri": "file:///get_property_any.json"
        },
        {
            "uri": "file:///get_property.json"
        },
        {
            "uri": "file:///get_property_keys.json"
        },
        {
            "uri": "file:///is_empty.json"
        },
        {
            "uri": "file:///materials.json"
        },
        {
            "uri": "file:///validate_mesh.json"
        },
        {
            "uri": "file:///create_object_from_schema.json"
        },
        {
            "uri": "file:///set_sub_object_property.json"
        },
        {
            "uri": "file:///construct_mesh.json"
        },
        {
            "uri": "file:///Math_array.json"
        },
        {
            "uri": "file:///g2m_basic_triangle.json"
        },
        {
            "uri": "file:///g2m_enum_axis_plane.json"
        },
        {
            "uri": "file:///g2m_data_axis_plane.json"
        },
        {
            "uri": "file:///object_terminal.json"
        },
        {
            "uri": "file:///g2m_axis_plane_switch.json"
        },
        {
            "uri": "file:///Math_bool.json"
        },
        {
            "uri": "file:///Core_Array_array_is_empty.json"
        }
    ],
    "namespaces": [],
    "types": [],
    "compounds": [
        {
            "name": "BPM::please_1::mesh::g2m_face_align_axis_plane",
            "uriImported": "stream:/my_compound_testShape",
            "metadata": [
                {
                    "metaName": "documentation",
                    "metaType": "string",
                    "metaValue": "docs/g2m_face_align_axis_plane.md"
                },
                {
                    "metaName": "icon",
                    "metaType": "string",
                    "metaValue": "icons/g2m_default.png"
                },
                {
                    "metaName": "io_nodes",
                    "metadata": [
                        {
                            "metaName": "io_inodes",
                            "metadata": [
                                {
                                    "metaName": "input",
                                    "metadata": [
                                        {
                                            "metaName": "DisplayMode",
                                            "metaType": "string",
                                            "metaValue": "2"
                                        },
                                        {
                                            "metaName": "LayoutPos",
                                            "metaType": "string",
                                            "metaValue": "-4389.19 121.681"
                                        },
                                        {
                                            "metaName": "io_ports",
                                            "metadata": [
                                                {
                                                    "metaName": "point_position"
                                                },
                                                {
                                                    "metaName": "vertex_indexes"
                                                },
                                                {
                                                    "metaName": "axis_plane"
                                                }
                                            ]
                                        }
                                    ]
                                }
                            ]
                        },
                        {
                            "metaName": "io_onodes",
                            "metadata": [
                                {
                                    "metaName": "output",
                                    "metadata": [
                                        {
                                            "metaName": "DisplayMode",
                                            "metaType": "string",
                                            "metaValue": "2"
                                        },
                                        {
                                            "metaName": "LayoutPos",
                                            "metaType": "string",
                                            "metaValue": "5517.8 -258.69"
                                        },
                                        {
                                            "metaName": "io_ports",
                                            "metadata": [
                                                {
                                                    "metaName": "aligned_point_position"
                                                },
                                                {
                                                    "metaName": "quaternion"
                                                }
                                            ]
                                        }
                                    ]
                                }
                            ]
                        }
                    ]
                },
                {
                    "metaName": "backdrop1",
                    "metadata": [
                        {
                            "metaName": "type",
                            "metaType": "string",
                            "metaValue": "backdrop"
                        },
                        {
                            "metaName": "text",
                            "metaType": "string",
                            "metaValue": "Default point_position"
                        },
                        {
                            "metaName": "coords",
                            "metaType": "string",
                            "metaValue": "-3976.53 -728.738 800.694 912.638"
                        }
                    ]
                },
                {
                    "metaName": "backdrop2",
                    "metadata": [
                        {
                            "metaName": "type",
                            "metaType": "string",
                            "metaValue": "backdrop"
                        },
                        {
                            "metaName": "coords",
                            "metaType": "string",
                            "metaValue": "-960.36 -221.342 532.127 297.005"
                        },
                        {
                            "metaName": "text",
                            "metaType": "string",
                            "metaValue": "\u4f7f\u7b2c\u4e00\u9ede\u8207\u539f\u9ede(origin)\u91cd\u5408\uff0c\u4fbf\u65bc\u5f8c\u7e8c\u8a08\u7b97\u3002"
                        }
                    ]
                },
                {
                    "metaName": "backdrop",
                    "metadata": [
                        {
                            "metaName": "type",
                            "metaType": "string",
                            "metaValue": "backdrop"
                        },
                        {
                            "metaName": "text",
                            "metaType": "string",
                            "metaValue": "\u53d6\u7b2c\u4e00\u6b21\u65cb\u8f49\u6240\u9700\u7684\u593e\u89d2\n\u4ee5 XZ \u5e73\u9762\u70ba\u4f8b\uff1a\n\u593e\u89d2 = \u7b2c\u4e8c\u9ede\uff08\u4f5c\u70ba\u77e2\u91cf\uff09\u8207 -Z \u8ef8\u7684\u593e\u89d2\u3002"
                        },
                        {
                            "metaName": "coords",
                            "metaType": "string",
                            "metaValue": "-325.382 4.0203 827.978 312.452"
                        }
                    ]
                },
                {
                    "metaName": "backdrop6",
                    "metadata": [
                        {
                            "metaName": "type",
                            "metaType": "string",
                            "metaValue": "backdrop"
                        },
                        {
                            "metaName": "text",
                            "metaType": "string",
                            "metaValue": "\u5982\u679c\u5c0d\u9f4a\u5230 XZ \u5e73\u9762\uff0c\u82e5\u8a08\u7b97\u5230 Z \u8ef8\u65cb\u8f49\u91cf\uff0c\u5148\u53bb\u6389 point \u5728 Z \u8ef8\u4e0a\u7684\u504f\u79fb\u3002"
                        },
                        {
                            "metaName": "coords",
                            "metaType": "string",
                            "metaValue": "1448.61 557.451 1143.24 369.135"
                        }
                    ]
                },
                {
                    "metaName": "backdrop3",
                    "metadata": [
                        {
                            "metaName": "type",
                            "metaType": "string",
                            "metaValue": "backdrop"
                        },
                        {
                            "metaName": "coords",
                            "metaType": "string",
                            "metaValue": "-1645 618.722 618.44 982.108"
                        }
                    ]
                },
                {
                    "metaName": "backdrop4",
                    "metadata": [
                        {
                            "metaName": "type",
                            "metaType": "string",
                            "metaValue": "backdrop"
                        },
                        {
                            "metaName": "coords",
                            "metaType": "string",
                            "metaValue": "1641.31 1036.74 1143.24 369.14"
                        }
                    ]
                },
                {
                    "metaName": "backdrop5",
                    "metadata": [
                        {
                            "metaName": "type",
                            "metaType": "string",
                            "metaValue": "backdrop"
                        },
                        {
                            "metaName": "text",
                            "metaType": "string",
                            "metaValue": "\u4ee5\u54ea\u4e9b\u9ede\u7d44\u6210\u7684\u9762\u4f5c\u70ba\u5c0d\u9f4a\u5c0d\u8c61\u3002\n\u9ed8\u8a8d\u524d\u4e09\u500b\u9ede\uff1a[0,1,2]"
                        },
                        {
                            "metaName": "coords",
                            "metaType": "string",
                            "metaValue": "-2735.7 5.43584 947.854 884.487"
                        }
                    ]
                },
                {
                    "metaName": "_recentNode_",
                    "metaType": "string",
                    "metaValue": "BifrostGraph,Core::Math,multiply_quaternions"
                },
                {
                    "metaName": "_recentNode_",
                    "metaType": "string",
                    "metaValue": "BifrostGraph,Core::Array,resize_array"
                },
                {
                    "metaName": "_recentNode_",
                    "metaType": "string",
                    "metaValue": "BifrostGraph,Core::Math,quaternion_to_rotation_vector"
                },
                {
                    "metaName": "_recentNode_",
                    "metaType": "string",
                    "metaValue": "BifrostGraph,Core::Math,quaternion_to_matrix"
                },
                {
                    "metaName": "_recentNode_",
                    "metaType": "string",
                    "metaValue": "BifrostGraph,Core::Math,quaternion_to_euler"
                },
                {
                    "metaName": "backdrop7",
                    "metadata": [
                        {
                            "metaName": "type",
                            "metaType": "string",
                            "metaValue": "backdrop"
                        },
                        {
                            "metaName": "coords",
                            "metaType": "string",
                            "metaValue": "4869.73 -47.7473 557.789 262.508"
                        },
                        {
                            "metaName": "text",
                            "metaType": "string",
                            "metaValue": "\u5408\u4f75\u5169\u6b21\u56db\u5143\u6578\u65cb\u8f49\n\u56db\u5143\u6578\u4e58\u6cd5\u7684\u9806\u5e8f\u5f88\u91cd\u8981\uff01\u5047\u8a2d\u65cb\u8f49\u5169\u6b21\u5206\u5225\u662f 1 \u548c 2\uff0c\u5408\u4f75\u6642\u8981\u7528 2 \u4e58 1\uff0c\u5012\u5e8f\u4e58\u3002 "
                        }
                    ]
                },
                {
                    "metaName": "ViewportRect",
                    "metaType": "string",
                    "metaValue": "-4650.8 -607.068 2245.51 1191.29"
                },
                {
                    "metaName": "DisplayMode",
                    "metaType": "string",
                    "metaValue": "2"
                },
                {
                    "metaName": "LayoutPos",
                    "metaType": "string",
                    "metaValue": "-218.077 16.1069"
                },
                {
                    "metaName": "terminal_node_disabled_flags",
                    "metaType": "string",
                    "metaValue": "Core::Graph::terminal::diagnostic"
                }
            ],
            "ports": [
                {
                    "portName": "aligned_point_position",
                    "portDirection": "output"
                },
                {
                    "portName": "point_position",
                    "portDirection": "input",
                    "portType": "array<Math::float3>",
                    "portDefault": []
                },
                {
                    "portName": "vertex_indexes",
                    "portDirection": "input",
                    "portType": "array<uint>",
                    "portDefault": []
                },
                {
                    "portName": "axis_plane",
                    "portDirection": "input",
                    "portType": "BPM::please_1::enum::enum_axis_plane"
                },
                {
                    "portName": "quaternion",
                    "portDirection": "output"
                }
            ],
            "compounds": [
                {
                    "name": "g2m_find_valid_axis",
                    "uriImported": "stream:/my_compound_testShape",
                    "metadata": [
                        {
                            "metaName": "io_nodes",
                            "metadata": [
                                {
                                    "metaName": "io_inodes",
                                    "metadata": [
                                        {
                                            "metaName": "input",
                                            "metadata": [
                                                {
                                                    "metaName": "DisplayMode",
                                                    "metaType": "string",
                                                    "metaValue": "2"
                                                },
                                                {
                                                    "metaName": "io_ports",
                                                    "metadata": [
                                                        {
                                                            "metaName": "vector_plane"
                                                        }
                                                    ]
                                                },
                                                {
                                                    "metaName": "LayoutPos",
                                                    "metaType": "string",
                                                    "metaValue": "-989.753 -24.0159"
                                                }
                                            ]
                                        }
                                    ]
                                },
                                {
                                    "metaName": "io_onodes",
                                    "metadata": [
                                        {
                                            "metaName": "output",
                                            "metadata": [
                                                {
                                                    "metaName": "DisplayMode",
                                                    "metaType": "string",
                                                    "metaValue": "2"
                                                },
                                                {
                                                    "metaName": "LayoutPos",
                                                    "metaType": "string",
                                                    "metaValue": "2461.54 -155.034"
                                                },
                                                {
                                                    "metaName": "io_ports",
                                                    "metadata": [
                                                        {
                                                            "metaName": "first_axis"
                                                        },
                                                        {
                                                            "metaName": "second_axis"
                                                        }
                                                    ]
                                                }
                                            ]
                                        }
                                    ]
                                }
                            ]
                        },
                        {
                            "metaName": "_recentNode_",
                            "metaType": "string",
                            "metaValue": "BifrostGraph,Core::Logic,if"
                        },
                        {
                            "metaName": "_recentNode_",
                            "metaType": "string",
                            "metaValue": "BifrostGraph,Core::Logic,or"
                        },
                        {
                            "metaName": "_recentNode_",
                            "metaType": "string",
                            "metaValue": "BifrostGraph,Core::Logic,and"
                        },
                        {
                            "metaName": "_recentNode_",
                            "metaType": "string",
                            "metaValue": "BifrostGraph,Core::Graph,pass"
                        },
                        {
                            "metaName": "_recentNode_",
                            "metaType": "string",
                            "metaValue": "BifrostGraph,Core::Math,get_member"
                        },
                        {
                            "metaName": "backdrop",
                            "metadata": [
                                {
                                    "metaName": "type",
                                    "metaType": "string",
                                    "metaValue": "backdrop"
                                },
                                {
                                    "metaName": "coords",
                                    "metaType": "string",
                                    "metaValue": "-967.546 228.603 768.21 364.961"
                                },
                                {
                                    "metaName": "text",
                                    "metaType": "string",
                                    "metaValue": "\u8f38\u5165\uff1a\n\u7528 vector \u63cf\u8ff0\u7684\u5e73\u9762\uff0c\u5982 XZ \u5e73\u9762\u7232 <1,0,-1>\uff0c\u76ee\u6a19\u662f\u7b2c\u4e00\u8c61\u9650\u3002\n\n\u8f38\u51fa\uff1a\n\u5206\u89e3\u5f8c\u7684\u76ee\u6a19\u8ef8\u7dda\u3002\u53ea\u53d6\u5169\u689d\u975e\u96f6\u7684\u8ef8\u7dda\uff0c\u7528\u65bc\u4f5c\u70ba\u5c0d\u9f4a\u7684\u76ee\u6a19\u7dab\u3002\n\u5982 XZ \u5e73\u9762 <1,0,-1>\uff0c\u5206\u89e3\u7232 X <1,0,0>, Z <0,0,-1>\u3002\n\u518d\u5982 XY \u5e73\u9762 <1,1,0>\uff0c\u5206\u89e3\u7232 X <1,0,0> \u548c Y <0,1,0>\n"
                                }
                            ]
                        },
                        {
                            "metaName": "ViewportRect",
                            "metaType": "string",
                            "metaValue": "-1532.39 -538.152 3054.29 1612.68"
                        }
                    ],
                    "ports": [
                        {
                            "portName": "vector_plane",
                            "portDirection": "input"
                        },
                        {
                            "portName": "first_axis",
                            "portDirection": "output"
                        },
                        {
                            "portName": "second_axis",
                            "portDirection": "output"
                        }
                    ],
                    "compoundNodes": [
                        {
                            "nodeName": "not_equal3",
                            "nodeType": "Core::Logic::not_equal",
                            "metadata": [
                                {
                                    "metaName": "DisplayMode",
                                    "metaType": "string",
                                    "metaValue": "2"
                                },
                                {
                                    "metaName": "LayoutPos",
                                    "metaType": "string",
                                    "metaValue": "376.481 -110.669"
                                }
                            ]
                        },
                        {
                            "nodeName": "if1",
                            "nodeType": "Core::Logic::if",
                            "metadata": [
                                {
                                    "metaName": "DisplayMode",
                                    "metaType": "string",
                                    "metaValue": "2"
                                },
                                {
                                    "metaName": "LayoutPos",
                                    "metaType": "string",
                                    "metaValue": "918.991 -135.002"
                                }
                            ]
                        },
                        {
                            "nodeName": "scalar_to_vector4",
                            "nodeType": "Core::Conversion::scalar_to_vector3",
                            "metadata": [
                                {
                                    "metaName": "DisplayMode",
                                    "metaType": "string",
                                    "metaValue": "2"
                                },
                                {
                                    "metaName": "LayoutPos",
                                    "metaType": "string",
                                    "metaValue": "526.78 48.2204"
                                }
                            ]
                        },
                        {
                            "nodeName": "the_first_axis",
                            "nodeType": "Core::Graph::pass",
                            "metadata": [
                                {
                                    "metaName": "DisplayMode",
                                    "metaType": "string",
                                    "metaValue": "2"
                                },
                                {
                                    "metaName": "LayoutPos",
                                    "metaType": "string",
                                    "metaValue": "2048.08 -154.855"
                                }
                            ]
                        },
                        {
                            "nodeName": "vector3_to_scalar1",
                            "nodeType": "Core::Conversion::vector3_to_scalar",
                            "metadata": [
                                {
                                    "metaName": "DisplayMode",
                                    "metaType": "string",
                                    "metaValue": "2"
                                },
                                {
                                    "metaName": "LayoutPos",
                                    "metaType": "string",
                                    "metaValue": "-445.204 -94.5286"
                                }
                            ]
                        },
                        {
                            "nodeName": "not_equal4",
                            "nodeType": "Core::Logic::not_equal",
                            "metadata": [
                                {
                                    "metaName": "DisplayMode",
                                    "metaType": "string",
                                    "metaValue": "2"
                                },
                                {
                                    "metaName": "LayoutPos",
                                    "metaType": "string",
                                    "metaValue": "367.876 368.654"
                                }
                            ]
                        },
                        {
                            "nodeName": "if2",
                            "nodeType": "Core::Logic::if",
                            "metadata": [
                                {
                                    "metaName": "DisplayMode",
                                    "metaType": "string",
                                    "metaValue": "2"
                                },
                                {
                                    "metaName": "LayoutPos",
                                    "metaType": "string",
                                    "metaValue": "914.231 344.275"
                                }
                            ]
                        },
                        {
                            "nodeName": "scalar_to_vector5",
                            "nodeType": "Core::Conversion::scalar_to_vector3",
                            "metadata": [
                                {
                                    "metaName": "DisplayMode",
                                    "metaType": "string",
                                    "metaValue": "2"
                                },
                                {
                                    "metaName": "LayoutPos",
                                    "metaType": "string",
                                    "metaValue": "511.276 526.389"
                                }
                            ]
                        },
                        {
                            "nodeName": "not_equal5",
                            "nodeType": "Core::Logic::not_equal",
                            "metadata": [
                                {
                                    "metaName": "DisplayMode",
                                    "metaType": "string",
                                    "metaValue": "2"
                                },
                                {
                                    "metaName": "LayoutPos",
                                    "metaType": "string",
                                    "metaValue": "362.14 843.309"
                                }
                            ]
                        },
                        {
                            "nodeName": "scalar_to_vector6",
                            "nodeType": "Core::Conversion::scalar_to_vector3",
                            "metadata": [
                                {
                                    "metaName": "DisplayMode",
                                    "metaType": "string",
                                    "metaValue": "2"
                                },
                                {
                                    "metaName": "LayoutPos",
                                    "metaType": "string",
                                    "metaValue": "505.54 1001.05"
                                }
                            ]
                        },
                        {
                            "nodeName": "if3",
                            "nodeType": "Core::Logic::if",
                            "metadata": [
                                {
                                    "metaName": "DisplayMode",
                                    "metaType": "string",
                                    "metaValue": "2"
                                },
                                {
                                    "metaName": "LayoutPos",
                                    "metaType": "string",
                                    "metaValue": "908.494 818.929"
                                }
                            ]
                        },
                        {
                            "nodeName": "the_second_axis",
                            "nodeType": "Core::Graph::pass",
                            "metadata": [
                                {
                                    "metaName": "DisplayMode",
                                    "metaType": "string",
                                    "metaValue": "2"
                                },
                                {
                                    "metaName": "LayoutPos",
                                    "metaType": "string",
                                    "metaValue": "2051.46 270.24"
                                }
                            ]
                        },
                        {
                            "nodeName": "and",
                            "nodeType": "Core::Logic::and",
                            "metadata": [
                                {
                                    "metaName": "DisplayMode",
                                    "metaType": "string",
                                    "metaValue": "2"
                                },
                                {
                                    "metaName": "LayoutPos",
                                    "metaType": "string",
                                    "metaValue": "1295.71 257.301"
                                }
                            ]
                        },
                        {
                            "nodeName": "if4",
                            "nodeType": "Core::Logic::if",
                            "metadata": [
                                {
                                    "metaName": "DisplayMode",
                                    "metaType": "string",
                                    "metaValue": "2"
                                },
                                {
                                    "metaName": "LayoutPos",
                                    "metaType": "string",
                                    "metaValue": "1663.06 294.52"
                                }
                            ]
                        },
                        {
                            "nodeName": "or",
                            "nodeType": "Core::Logic::or",
                            "metadata": [
                                {
                                    "metaName": "DisplayMode",
                                    "metaType": "string",
                                    "metaValue": "2"
                                },
                                {
                                    "metaName": "LayoutPos",
                                    "metaType": "string",
                                    "metaValue": "1305.41 731.459"
                                }
                            ]
                        },
                        {
                            "nodeName": "if5",
                            "nodeType": "Core::Logic::if",
                            "metadata": [
                                {
                                    "metaName": "DisplayMode",
                                    "metaType": "string",
                                    "metaValue": "2"
                                },
                                {
                                    "metaName": "LayoutPos",
                                    "metaType": "string",
                                    "metaValue": "1646.88 768.679"
                                }
                            ]
                        },
                        {
                            "nodeName": "clamp",
                            "nodeType": "Core::Math::clamp",
                            "metadata": [
                                {
                                    "metaName": "DisplayMode",
                                    "metaType": "string",
                                    "metaValue": "2"
                                },
                                {
                                    "metaName": "LayoutPos",
                                    "metaType": "string",
                                    "metaValue": "-712.5 -48"
                                }
                            ]
                        }
                    ],
                    "connections": [
                        {
                            "source": "not_equal3.output",
                            "target": "if1.condition"
                        },
                        {
                            "source": "scalar_to_vector4.vector3",
                            "target": "if1.true_case"
                        },
                        {
                            "source": "if1.output",
                            "target": "the_first_axis.input"
                        },
                        {
                            "source": "vector3_to_scalar1.x",
                            "target": "not_equal3.first"
                        },
                        {
                            "source": "vector3_to_scalar1.x",
                            "target": "scalar_to_vector4.x"
                        },
                        {
                            "source": "vector3_to_scalar1.y",
                            "target": "not_equal4.first"
                        },
                        {
                            "source": "not_equal4.output",
                            "target": "if2.condition"
                        },
                        {
                            "source": "vector3_to_scalar1.y",
                            "target": "scalar_to_vector5.y"
                        },
                        {
                            "source": "scalar_to_vector5.vector3",
                            "target": "if2.true_case"
                        },
                        {
                            "source": "if2.output",
                            "target": "if1.false_case"
                        },
                        {
                            "source": "not_equal5.output",
                            "target": "if3.condition"
                        },
                        {
                            "source": "scalar_to_vector6.vector3",
                            "target": "if3.true_case"
                        },
                        {
                            "source": "vector3_to_scalar1.z",
                            "target": "not_equal5.first"
                        },
                        {
                            "source": "vector3_to_scalar1.z",
                            "target": "scalar_to_vector6.z"
                        },
                        {
                            "source": "if3.output",
                            "target": "if2.false_case"
                        },
                        {
                            "source": "not_equal3.output",
                            "target": "and.first"
                        },
                        {
                            "source": "not_equal4.output",
                            "target": "and.second"
                        },
                        {
                            "source": "and.output",
                            "target": "if4.condition"
                        },
                        {
                            "source": "if2.output",
                            "target": "if4.true_case"
                        },
                        {
                            "source": "if4.output",
                            "target": "the_second_axis.input"
                        },
                        {
                            "source": "not_equal3.output",
                            "target": "or.first"
                        },
                        {
                            "source": "not_equal4.output",
                            "target": "or.second"
                        },
                        {
                            "source": "or.output",
                            "target": "if5.condition"
                        },
                        {
                            "source": "if3.output",
                            "target": "if5.true_case"
                        },
                        {
                            "source": "if5.output",
                            "target": "if4.false_case"
                        },
                        {
                            "source": "the_first_axis.output",
                            "target": ".first_axis"
                        },
                        {
                            "source": "the_second_axis.output",
                            "target": ".second_axis"
                        },
                        {
                            "source": ".vector_plane",
                            "target": "clamp.value"
                        },
                        {
                            "source": "clamp.clamped",
                            "target": "vector3_to_scalar1.vector3"
                        }
                    ],
                    "values": [
                        {
                            "valueName": "clamp.min",
                            "valueType": "Math::float3",
                            "value": {
                                "x": "-1f",
                                "y": "-1f",
                                "z": "-1f"
                            }
                        },
                        {
                            "valueName": "clamp.max",
                            "valueType": "Math::float3",
                            "value": {
                                "x": "1f",
                                "y": "1f",
                                "z": "1f"
                            }
                        }
                    ],
                    "reservedNodeNames": [
                        {
                            "name": "input"
                        },
                        {
                            "name": "output"
                        }
                    ]
                }
            ],
            "compoundNodes": [
                {
                    "nodeName": "rotate_by_quaternion",
                    "nodeType": "Core::Math::rotate_by_quaternion",
                    "metadata": [
                        {
                            "metaName": "DisplayMode",
                            "metaType": "string",
                            "metaValue": "2"
                        },
                        {
                            "metaName": "LayoutPos",
                            "metaType": "string",
                            "metaValue": "719.894 -237.023"
                        }
                    ]
                },
                {
                    "nodeName": "rotate_by_quaternion1",
                    "nodeType": "Core::Math::rotate_by_quaternion",
                    "metadata": [
                        {
                            "metaName": "DisplayMode",
                            "metaType": "string",
                            "metaValue": "2"
                        },
                        {
                            "metaName": "LayoutPos",
                            "metaType": "string",
                            "metaValue": "3637.22 -265.722"
                        }
                    ]
                },
                {
                    "nodeName": "rotation_between_vectors",
                    "nodeType": "Core::Math::rotation_between_vectors",
                    "metadata": [
                        {
                            "metaName": "DisplayMode",
                            "metaType": "string",
                            "metaValue": "2"
                        },
                        {
                            "metaName": "LayoutPos",
                            "metaType": "string",
                            "metaValue": "217.448 51.2941"
                        }
                    ]
                },
                {
                    "nodeName": "value",
                    "valueType": "Math::float3",
                    "metadata": [
                        {
                            "metaName": "DisplayMode",
                            "metaType": "string",
                            "metaValue": "2"
                        },
                        {
                            "metaName": "LayoutPos",
                            "metaType": "string",
                            "metaValue": "-3961.53 -665.846"
                        },
                        {
                            "metaName": "valuenode_defaultvalue",
                            "metaType": "string",
                            "metaValue": "0"
                        },
                        {
                            "metaName": "valuenode_defaultvalue",
                            "metaType": "string",
                            "metaValue": "0"
                        },
                        {
                            "metaName": "valuenode_defaultvalue",
                            "metaType": "string",
                            "metaValue": "0"
                        }
                    ]
                },
                {
                    "nodeName": "value1",
                    "valueType": "Math::float3",
                    "metadata": [
                        {
                            "metaName": "DisplayMode",
                            "metaType": "string",
                            "metaValue": "2"
                        },
                        {
                            "metaName": "LayoutPos",
                            "metaType": "string",
                            "metaValue": "-3966.53 -485.846"
                        },
                        {
                            "metaName": "valuenode_defaultvalue",
                            "metaType": "string",
                            "metaValue": "1.157"
                        },
                        {
                            "metaName": "valuenode_defaultvalue",
                            "metaType": "string",
                            "metaValue": "0.466"
                        },
                        {
                            "metaName": "valuenode_defaultvalue",
                            "metaType": "string",
                            "metaValue": "0.095"
                        }
                    ]
                },
                {
                    "nodeName": "value2",
                    "valueType": "Math::float3",
                    "metadata": [
                        {
                            "metaName": "DisplayMode",
                            "metaType": "string",
                            "metaValue": "2"
                        },
                        {
                            "metaName": "LayoutPos",
                            "metaType": "string",
                            "metaValue": "-3961.88 -304.318"
                        },
                        {
                            "metaName": "valuenode_defaultvalue",
                            "metaType": "string",
                            "metaValue": "-0.3"
                        },
                        {
                            "metaName": "valuenode_defaultvalue",
                            "metaType": "string",
                            "metaValue": "0.734"
                        },
                        {
                            "metaName": "valuenode_defaultvalue",
                            "metaType": "string",
                            "metaValue": "-0.553"
                        }
                    ]
                },
                {
                    "nodeName": "origin_triangle",
                    "nodeType": "User::G2M::g2m_basic_triangle",
                    "metadata": [
                        {
                            "metaName": "DisplayMode",
                            "metaType": "string",
                            "metaValue": "2"
                        },
                        {
                            "metaName": "LayoutPos",
                            "metaType": "string",
                            "metaValue": "39.6385 -1096.44"
                        }
                    ]
                },
                {
                    "nodeName": "first_rotate_triangle",
                    "nodeType": "User::G2M::g2m_basic_triangle",
                    "metadata": [
                        {
                            "metaName": "DisplayMode",
                            "metaType": "string",
                            "metaValue": "2"
                        },
                        {
                            "metaName": "LayoutPos",
                            "metaType": "string",
                            "metaValue": "1174.81 -1017.01"
                        }
                    ]
                },
                {
                    "nodeName": "second_rotate_triangle",
                    "nodeType": "User::G2M::g2m_basic_triangle",
                    "metadata": [
                        {
                            "metaName": "DisplayMode",
                            "metaType": "string",
                            "metaValue": "2"
                        },
                        {
                            "metaName": "LayoutPos",
                            "metaType": "string",
                            "metaValue": "4009.65 -1024.32"
                        }
                    ]
                },
                {
                    "nodeName": "build_array1",
                    "nodeType": "Core::Array::build_array",
                    "multiInPortNames": [
                        "output",
                        "output1",
                        "output2"
                    ],
                    "metadata": [
                        {
                            "metaName": "DisplayMode",
                            "metaType": "string",
                            "metaValue": "2"
                        },
                        {
                            "metaName": "LayoutPos",
                            "metaType": "string",
                            "metaValue": "-3628.58 -540.686"
                        }
                    ]
                },
                {
                    "nodeName": "first_in_array",
                    "nodeType": "Core::Array::first_in_array",
                    "metadata": [
                        {
                            "metaName": "DisplayMode",
                            "metaType": "string",
                            "metaValue": "2"
                        },
                        {
                            "metaName": "LayoutPos",
                            "metaType": "string",
                            "metaValue": "-950.36 -109.337"
                        }
                    ]
                },
                {
                    "nodeName": "subtract1",
                    "nodeType": "Core::Math::subtract",
                    "multiInPortNames": [
                        "array",
                        "first1"
                    ],
                    "metadata": [
                        {
                            "metaName": "DisplayMode",
                            "metaType": "string",
                            "metaValue": "2"
                        },
                        {
                            "metaName": "LayoutPos",
                            "metaType": "string",
                            "metaValue": "-663.233 -211.342"
                        }
                    ]
                },
                {
                    "nodeName": "get_second_point",
                    "nodeType": "Core::Array::get_from_array",
                    "metadata": [
                        {
                            "metaName": "DisplayMode",
                            "metaType": "string",
                            "metaValue": "2"
                        },
                        {
                            "metaName": "LayoutPos",
                            "metaType": "string",
                            "metaValue": "-224.247 76.0448"
                        }
                    ]
                },
                {
                    "nodeName": "terminal",
                    "nodeType": "Core::Graph::terminal",
                    "fanInPortNames": {
                        "final": [],
                        "proxy": [],
                        "diagnostic": [
                            "basic_triangle",
                            "basic_triangle1",
                            "basic_triangle2"
                        ]
                    },
                    "deactivatedTerminals": [
                        "Core::Graph::terminal::final",
                        "Core::Graph::terminal::proxy"
                    ],
                    "metadata": [
                        {
                            "metaName": "DisplayMode",
                            "metaType": "string",
                            "metaValue": "2"
                        },
                        {
                            "metaName": "PortExpandedState",
                            "metadata": [
                                {
                                    "metaName": "diagnostic",
                                    "metaType": "string",
                                    "metaValue": "0"
                                }
                            ]
                        },
                        {
                            "metaName": "LayoutPos",
                            "metaType": "string",
                            "metaValue": "5534.31 -879.178"
                        }
                    ]
                },
                {
                    "nodeName": "get_third_point",
                    "nodeType": "Core::Array::get_from_array",
                    "metadata": [
                        {
                            "metaName": "DisplayMode",
                            "metaType": "string",
                            "metaValue": "2"
                        },
                        {
                            "metaName": "LayoutPos",
                            "metaType": "string",
                            "metaValue": "839.266 1022.03"
                        }
                    ]
                },
                {
                    "nodeName": "vector3_to_scalar1",
                    "nodeType": "Core::Conversion::vector3_to_scalar",
                    "metadata": [
                        {
                            "metaName": "DisplayMode",
                            "metaType": "string",
                            "metaValue": "2"
                        },
                        {
                            "metaName": "LayoutPos",
                            "metaType": "string",
                            "metaValue": "1106.42 949.746"
                        }
                    ]
                },
                {
                    "nodeName": "rotation_between_vectors4",
                    "nodeType": "Core::Math::rotation_between_vectors",
                    "metadata": [
                        {
                            "metaName": "DisplayMode",
                            "metaType": "string",
                            "metaValue": "2"
                        },
                        {
                            "metaName": "LayoutPos",
                            "metaType": "string",
                            "metaValue": "3245.13 133.958"
                        }
                    ]
                },
                {
                    "nodeName": "value13",
                    "valueType": "float",
                    "metadata": [
                        {
                            "metaName": "DisplayMode",
                            "metaType": "string",
                            "metaValue": "2"
                        },
                        {
                            "metaName": "LayoutPos",
                            "metaType": "string",
                            "metaValue": "1464.52 604.558"
                        },
                        {
                            "metaName": "valuenode_defaultvalue",
                            "metaType": "string",
                            "metaValue": "0"
                        }
                    ]
                },
                {
                    "nodeName": "subtract2",
                    "nodeType": "Core::Math::subtract",
                    "multiInPortNames": [
                        "output1",
                        "x"
                    ],
                    "metadata": [
                        {
                            "metaName": "DisplayMode",
                            "metaType": "string",
                            "metaValue": "2"
                        },
                        {
                            "metaName": "LayoutPos",
                            "metaType": "string",
                            "metaValue": "1761.29 582.865"
                        }
                    ]
                },
                {
                    "nodeName": "add1",
                    "nodeType": "Core::Math::add",
                    "multiInPortNames": [
                        "output1",
                        "x"
                    ],
                    "metadata": [
                        {
                            "metaName": "DisplayMode",
                            "metaType": "string",
                            "metaValue": "2"
                        },
                        {
                            "metaName": "LayoutPos",
                            "metaType": "string",
                            "metaValue": "2098.08 558.215"
                        }
                    ]
                },
                {
                    "nodeName": "scalar_to_vector5",
                    "nodeType": "Core::Conversion::scalar_to_vector3",
                    "metadata": [
                        {
                            "metaName": "DisplayMode",
                            "metaType": "string",
                            "metaValue": "2"
                        },
                        {
                            "metaName": "LayoutPos",
                            "metaType": "string",
                            "metaValue": "2345.04 691.459"
                        }
                    ]
                },
                {
                    "nodeName": "value15",
                    "valueType": "Math::float3",
                    "metadata": [
                        {
                            "metaName": "DisplayMode",
                            "metaType": "string",
                            "metaValue": "2"
                        },
                        {
                            "metaName": "LayoutPos",
                            "metaType": "string",
                            "metaValue": "-1634.05 816.499"
                        },
                        {
                            "metaName": "valuenode_defaultvalue",
                            "metaType": "string",
                            "metaValue": "1"
                        },
                        {
                            "metaName": "valuenode_defaultvalue",
                            "metaType": "string",
                            "metaValue": "0"
                        },
                        {
                            "metaName": "valuenode_defaultvalue",
                            "metaType": "string",
                            "metaValue": "-1"
                        }
                    ]
                },
                {
                    "nodeName": "clamp",
                    "nodeType": "Core::Math::clamp",
                    "metadata": [
                        {
                            "metaName": "DisplayMode",
                            "metaType": "string",
                            "metaValue": "2"
                        },
                        {
                            "metaName": "LayoutPos",
                            "metaType": "string",
                            "metaValue": "-1274.21 1367.83"
                        }
                    ]
                },
                {
                    "nodeName": "g2m_axis_plane_switch",
                    "nodeType": "BPM::please_1::logic::g2m_axis_plane_switch",
                    "metadata": [
                        {
                            "metaName": "DisplayMode",
                            "metaType": "string",
                            "metaValue": "2"
                        },
                        {
                            "metaName": "LayoutPos",
                            "metaType": "string",
                            "metaValue": "-1280.46 769.15"
                        }
                    ]
                },
                {
                    "nodeName": "value19",
                    "valueType": "Math::float3",
                    "metadata": [
                        {
                            "metaName": "DisplayMode",
                            "metaType": "string",
                            "metaValue": "2"
                        },
                        {
                            "metaName": "LayoutPos",
                            "metaType": "string",
                            "metaValue": "-1632.53 998.375"
                        },
                        {
                            "metaName": "valuenode_defaultvalue",
                            "metaType": "string",
                            "metaValue": "1"
                        },
                        {
                            "metaName": "valuenode_defaultvalue",
                            "metaType": "string",
                            "metaValue": "1"
                        },
                        {
                            "metaName": "valuenode_defaultvalue",
                            "metaType": "string",
                            "metaValue": "0"
                        }
                    ]
                },
                {
                    "nodeName": "value20",
                    "valueType": "Math::float3",
                    "metadata": [
                        {
                            "metaName": "DisplayMode",
                            "metaType": "string",
                            "metaValue": "2"
                        },
                        {
                            "metaName": "LayoutPos",
                            "metaType": "string",
                            "metaValue": "-1632.53 1174.43"
                        },
                        {
                            "metaName": "valuenode_defaultvalue",
                            "metaType": "string",
                            "metaValue": "0"
                        },
                        {
                            "metaName": "valuenode_defaultvalue",
                            "metaType": "string",
                            "metaValue": "1"
                        },
                        {
                            "metaName": "valuenode_defaultvalue",
                            "metaType": "string",
                            "metaValue": "-1"
                        }
                    ]
                },
                {
                    "nodeName": "value21",
                    "valueType": "Math::float3",
                    "metadata": [
                        {
                            "metaName": "DisplayMode",
                            "metaType": "string",
                            "metaValue": "2"
                        },
                        {
                            "metaName": "LayoutPos",
                            "metaType": "string",
                            "metaValue": "-1631.32 1392.05"
                        },
                        {
                            "metaName": "valuenode_defaultvalue",
                            "metaType": "string",
                            "metaValue": "1"
                        },
                        {
                            "metaName": "valuenode_defaultvalue",
                            "metaType": "string",
                            "metaValue": "0"
                        },
                        {
                            "metaName": "valuenode_defaultvalue",
                            "metaType": "string",
                            "metaValue": "-1"
                        }
                    ]
                },
                {
                    "nodeName": "g2m_find_valid_axis",
                    "nodeType": "g2m_find_valid_axis",
                    "metadata": [
                        {
                            "metaName": "DisplayMode",
                            "metaType": "string",
                            "metaValue": "2"
                        },
                        {
                            "metaName": "LayoutPos",
                            "metaType": "string",
                            "metaValue": "-977.345 697.684"
                        }
                    ]
                },
                {
                    "nodeName": "g2m_axis_plane_switch3",
                    "nodeType": "BPM::please_1::logic::g2m_axis_plane_switch",
                    "metadata": [
                        {
                            "metaName": "DisplayMode",
                            "metaType": "string",
                            "metaValue": "2"
                        },
                        {
                            "metaName": "LayoutPos",
                            "metaType": "string",
                            "metaValue": "2953.08 418.572"
                        }
                    ]
                },
                {
                    "nodeName": "input_point_position",
                    "nodeType": "Core::Graph::pass",
                    "metadata": [
                        {
                            "metaName": "DisplayMode",
                            "metaType": "string",
                            "metaValue": "2"
                        },
                        {
                            "metaName": "LayoutPos",
                            "metaType": "string",
                            "metaValue": "-1276.35 -186.589"
                        }
                    ]
                },
                {
                    "nodeName": "value23",
                    "valueType": "float",
                    "metadata": [
                        {
                            "metaName": "DisplayMode",
                            "metaType": "string",
                            "metaValue": "2"
                        },
                        {
                            "metaName": "LayoutPos",
                            "metaType": "string",
                            "metaValue": "1717.74 1199"
                        },
                        {
                            "metaName": "valuenode_defaultvalue",
                            "metaType": "string",
                            "metaValue": "0"
                        }
                    ]
                },
                {
                    "nodeName": "subtract4",
                    "nodeType": "Core::Math::subtract",
                    "multiInPortNames": [
                        "output1",
                        "y"
                    ],
                    "metadata": [
                        {
                            "metaName": "DisplayMode",
                            "metaType": "string",
                            "metaValue": "2"
                        },
                        {
                            "metaName": "LayoutPos",
                            "metaType": "string",
                            "metaValue": "1990.9 1187.64"
                        }
                    ]
                },
                {
                    "nodeName": "add3",
                    "nodeType": "Core::Math::add",
                    "multiInPortNames": [
                        "output1",
                        "y"
                    ],
                    "metadata": [
                        {
                            "metaName": "DisplayMode",
                            "metaType": "string",
                            "metaValue": "2"
                        },
                        {
                            "metaName": "LayoutPos",
                            "metaType": "string",
                            "metaValue": "2259.73 1164.88"
                        }
                    ]
                },
                {
                    "nodeName": "scalar_to_vector7",
                    "nodeType": "Core::Conversion::scalar_to_vector3",
                    "metadata": [
                        {
                            "metaName": "DisplayMode",
                            "metaType": "string",
                            "metaValue": "2"
                        },
                        {
                            "metaName": "LayoutPos",
                            "metaType": "string",
                            "metaValue": "2534.79 1045.26"
                        }
                    ]
                },
                {
                    "nodeName": "array_is_empty",
                    "nodeType": "Core::Array::array_is_empty",
                    "metadata": [
                        {
                            "metaName": "DisplayMode",
                            "metaType": "string",
                            "metaValue": "2"
                        },
                        {
                            "metaName": "LayoutPos",
                            "metaType": "string",
                            "metaValue": "-3783.85 -45.045"
                        }
                    ]
                },
                {
                    "nodeName": "if",
                    "nodeType": "Core::Logic::if",
                    "metadata": [
                        {
                            "metaName": "DisplayMode",
                            "metaType": "string",
                            "metaValue": "2"
                        },
                        {
                            "metaName": "LayoutPos",
                            "metaType": "string",
                            "metaValue": "-3440.46 -68.1087"
                        }
                    ]
                },
                {
                    "nodeName": "get_from_array",
                    "nodeType": "Core::Array::get_from_array",
                    "metadata": [
                        {
                            "metaName": "DisplayMode",
                            "metaType": "string",
                            "metaValue": "2"
                        },
                        {
                            "metaName": "LayoutPos",
                            "metaType": "string",
                            "metaValue": "-2060.85 83.4379"
                        }
                    ]
                },
                {
                    "nodeName": "array_is_empty1",
                    "nodeType": "Core::Array::array_is_empty",
                    "metadata": [
                        {
                            "metaName": "DisplayMode",
                            "metaType": "string",
                            "metaValue": "2"
                        },
                        {
                            "metaName": "LayoutPos",
                            "metaType": "string",
                            "metaValue": "-2678.86 209.046"
                        }
                    ]
                },
                {
                    "nodeName": "if1",
                    "nodeType": "Core::Logic::if",
                    "metadata": [
                        {
                            "metaName": "DisplayMode",
                            "metaType": "string",
                            "metaValue": "2"
                        },
                        {
                            "metaName": "LayoutPos",
                            "metaType": "string",
                            "metaValue": "-2336.53 219.61"
                        }
                    ]
                },
                {
                    "nodeName": "sequence_array",
                    "nodeType": "Core::Array::sequence_array",
                    "metadata": [
                        {
                            "metaName": "DisplayMode",
                            "metaType": "string",
                            "metaValue": "2"
                        },
                        {
                            "metaName": "LayoutPos",
                            "metaType": "string",
                            "metaValue": "-2682.23 394.38"
                        }
                    ]
                },
                {
                    "nodeName": "subtract",
                    "nodeType": "Core::Math::subtract",
                    "multiInPortNames": [
                        "value",
                        "first1"
                    ],
                    "metadata": [
                        {
                            "metaName": "DisplayMode",
                            "metaType": "string",
                            "metaValue": "2"
                        },
                        {
                            "metaName": "LayoutPos",
                            "metaType": "string",
                            "metaValue": "-641.492 -836.689"
                        }
                    ]
                },
                {
                    "nodeName": "rotate_by_quaternion2",
                    "nodeType": "Core::Math::rotate_by_quaternion",
                    "metadata": [
                        {
                            "metaName": "DisplayMode",
                            "metaType": "string",
                            "metaValue": "2"
                        },
                        {
                            "metaName": "LayoutPos",
                            "metaType": "string",
                            "metaValue": "733.497 -859.212"
                        }
                    ]
                },
                {
                    "nodeName": "rotate_by_quaternion3",
                    "nodeType": "Core::Math::rotate_by_quaternion",
                    "metadata": [
                        {
                            "metaName": "DisplayMode",
                            "metaType": "string",
                            "metaValue": "2"
                        },
                        {
                            "metaName": "LayoutPos",
                            "metaType": "string",
                            "metaValue": "3643.88 -885.318"
                        }
                    ]
                },
                {
                    "nodeName": "resize_array",
                    "nodeType": "Core::Array::resize_array",
                    "metadata": [
                        {
                            "metaName": "DisplayMode",
                            "metaType": "string",
                            "metaValue": "2"
                        },
                        {
                            "metaName": "LayoutPos",
                            "metaType": "string",
                            "metaValue": "-2673.5 637"
                        }
                    ]
                },
                {
                    "nodeName": "multiply_quaternions",
                    "nodeType": "Core::Math::multiply_quaternions",
                    "metadata": [
                        {
                            "metaName": "DisplayMode",
                            "metaType": "string",
                            "metaValue": "2"
                        },
                        {
                            "metaName": "LayoutPos",
                            "metaType": "string",
                            "metaValue": "5165.47 4.585"
                        }
                    ]
                },
                {
                    "nodeName": "value9",
                    "valueType": "BPM::please_1::enum::enum_axis_plane",
                    "metadata": [
                        {
                            "metaName": "DisplayMode",
                            "metaType": "string",
                            "metaValue": "2"
                        },
                        {
                            "metaName": "LayoutPos",
                            "metaType": "string",
                            "metaValue": "-1635 627.302"
                        },
                        {
                            "metaName": "valuenode_defaultvalue",
                            "metaType": "string",
                            "metaValue": "0"
                        }
                    ]
                }
            ],
            "connections": [
                {
                    "source": "rotation_between_vectors.quaternion",
                    "target": "rotate_by_quaternion.quaternion"
                },
                {
                    "source": "rotate_by_quaternion.rotated_vector",
                    "target": "rotate_by_quaternion1.vector"
                },
                {
                    "source": "value.output",
                    "target": "build_array1.first.output"
                },
                {
                    "source": "value1.output",
                    "target": "build_array1.first.output1"
                },
                {
                    "source": "value2.output",
                    "target": "build_array1.first.output2"
                },
                {
                    "source": "first_in_array.first",
                    "target": "subtract1.first.first1"
                },
                {
                    "source": "subtract1.output",
                    "target": "rotate_by_quaternion.vector"
                },
                {
                    "source": "get_second_point.value",
                    "target": "rotation_between_vectors.from"
                },
                {
                    "source": "origin_triangle.basic_triangle",
                    "target": "terminal.diagnostic.basic_triangle"
                },
                {
                    "source": "first_rotate_triangle.basic_triangle",
                    "target": "terminal.diagnostic.basic_triangle1"
                },
                {
                    "source": "second_rotate_triangle.basic_triangle",
                    "target": "terminal.diagnostic.basic_triangle2"
                },
                {
                    "source": "get_third_point.value",
                    "target": "vector3_to_scalar1.vector3"
                },
                {
                    "source": "value13.output",
                    "target": "subtract2.first.output1"
                },
                {
                    "source": "subtract2.output",
                    "target": "add1.first.output1"
                },
                {
                    "source": "vector3_to_scalar1.y",
                    "target": "scalar_to_vector5.y"
                },
                {
                    "source": "value15.output",
                    "target": "g2m_axis_plane_switch.XZ_case"
                },
                {
                    "source": "value19.output",
                    "target": "g2m_axis_plane_switch.XY_case"
                },
                {
                    "source": "value20.output",
                    "target": "g2m_axis_plane_switch.YZ_case"
                },
                {
                    "source": "value21.output",
                    "target": "clamp.value"
                },
                {
                    "source": "g2m_axis_plane_switch.output",
                    "target": "g2m_find_valid_axis.vector_plane"
                },
                {
                    "source": "g2m_find_valid_axis.first_axis",
                    "target": "rotation_between_vectors.to"
                },
                {
                    "source": "g2m_find_valid_axis.second_axis",
                    "target": "rotation_between_vectors4.to"
                },
                {
                    "source": "input_point_position.output",
                    "target": "subtract1.first.array"
                },
                {
                    "source": "scalar_to_vector5.vector3",
                    "target": "g2m_axis_plane_switch3.XZ_case"
                },
                {
                    "source": "g2m_axis_plane_switch3.output",
                    "target": "rotation_between_vectors4.from"
                },
                {
                    "source": "value23.output",
                    "target": "subtract4.first.output1"
                },
                {
                    "source": "subtract4.output",
                    "target": "add3.first.output1"
                },
                {
                    "source": "vector3_to_scalar1.x",
                    "target": "scalar_to_vector7.x"
                },
                {
                    "source": "vector3_to_scalar1.z",
                    "target": "scalar_to_vector5.z"
                },
                {
                    "source": "vector3_to_scalar1.x",
                    "target": "subtract2.first.x"
                },
                {
                    "source": "vector3_to_scalar1.x",
                    "target": "add1.first.x"
                },
                {
                    "source": "add1.output",
                    "target": "scalar_to_vector5.x"
                },
                {
                    "source": "scalar_to_vector7.vector3",
                    "target": "g2m_axis_plane_switch3.YZ_case"
                },
                {
                    "source": "scalar_to_vector5.vector3",
                    "target": "g2m_axis_plane_switch3.XY_case"
                },
                {
                    "source": "vector3_to_scalar1.z",
                    "target": "scalar_to_vector7.z"
                },
                {
                    "source": "vector3_to_scalar1.y",
                    "target": "subtract4.first.y"
                },
                {
                    "source": "vector3_to_scalar1.y",
                    "target": "add3.first.y"
                },
                {
                    "source": "add3.output",
                    "target": "scalar_to_vector7.y"
                },
                {
                    "source": ".point_position",
                    "target": "array_is_empty.array"
                },
                {
                    "source": "array_is_empty.empty",
                    "target": "if.condition"
                },
                {
                    "source": "build_array1.array",
                    "target": "if.true_case"
                },
                {
                    "source": ".point_position",
                    "target": "if.false_case"
                },
                {
                    "source": "if.output",
                    "target": "get_from_array.array"
                },
                {
                    "source": "array_is_empty1.empty",
                    "target": "if1.condition"
                },
                {
                    "source": ".vertex_indexes",
                    "target": "array_is_empty1.array"
                },
                {
                    "source": "if1.output",
                    "target": "get_from_array.index"
                },
                {
                    "source": "sequence_array.sequence",
                    "target": "if1.true_case"
                },
                {
                    "source": "if.output",
                    "target": "input_point_position.input"
                },
                {
                    "source": "get_from_array.value",
                    "target": "first_in_array.array"
                },
                {
                    "source": "get_from_array.value",
                    "target": "subtract.first.value"
                },
                {
                    "source": "first_in_array.first",
                    "target": "subtract.first.first1"
                },
                {
                    "source": "subtract.output",
                    "target": "origin_triangle.three_point_position"
                },
                {
                    "source": "subtract.output",
                    "target": "get_second_point.array"
                },
                {
                    "source": "rotation_between_vectors.quaternion",
                    "target": "rotate_by_quaternion2.quaternion"
                },
                {
                    "source": "subtract.output",
                    "target": "rotate_by_quaternion2.vector"
                },
                {
                    "source": "rotate_by_quaternion2.rotated_vector",
                    "target": "first_rotate_triangle.three_point_position"
                },
                {
                    "source": "rotation_between_vectors4.quaternion",
                    "target": "rotate_by_quaternion1.quaternion"
                },
                {
                    "source": "rotation_between_vectors4.quaternion",
                    "target": "rotate_by_quaternion3.quaternion"
                },
                {
                    "source": "rotate_by_quaternion2.rotated_vector",
                    "target": "get_third_point.array"
                },
                {
                    "source": "rotate_by_quaternion2.rotated_vector",
                    "target": "rotate_by_quaternion3.vector"
                },
                {
                    "source": "rotate_by_quaternion3.rotated_vector",
                    "target": "second_rotate_triangle.three_point_position"
                },
                {
                    "source": "rotate_by_quaternion1.rotated_vector",
                    "target": ".aligned_point_position"
                },
                {
                    "source": ".vertex_indexes",
                    "target": "resize_array.array"
                },
                {
                    "source": "resize_array.resized",
                    "target": "if1.false_case"
                },
                {
                    "source": "rotation_between_vectors4.quaternion",
                    "target": "multiply_quaternions.first"
                },
                {
                    "source": "rotation_between_vectors.quaternion",
                    "target": "multiply_quaternions.second"
                },
                {
                    "source": "multiply_quaternions.quaternion",
                    "target": ".quaternion"
                },
                {
                    "source": "value9.output",
                    "target": "g2m_axis_plane_switch.axis_plane"
                },
                {
                    "source": "value9.output",
                    "target": "g2m_axis_plane_switch3.axis_plane"
                },
                {
                    "source": ".axis_plane",
                    "target": "value9.value"
                }
            ],
            "values": [
                {
                    "valueName": "value.value",
                    "valueType": "Math::float3",
                    "value": {
                        "x": "0f",
                        "y": "0f",
                        "z": "0f"
                    }
                },
                {
                    "valueName": "value1.value",
                    "valueType": "Math::float3",
                    "value": {
                        "x": "1.15699995f",
                        "y": "0.465999991f",
                        "z": "0.0949999988f"
                    }
                },
                {
                    "valueName": "value2.value",
                    "valueType": "Math::float3",
                    "value": {
                        "x": "-0.300000012f",
                        "y": "0.734000027f",
                        "z": "-0.552999973f"
                    }
                },
                {
                    "valueName": "first_rotate_triangle.three_point_position",
                    "valueType": "array<Math::float3>",
                    "value": []
                },
                {
                    "valueName": "first_rotate_triangle.rgb_color",
                    "valueType": "Math::float3",
                    "value": {
                        "x": "1f",
                        "y": "1f",
                        "z": "0f"
                    }
                },
                {
                    "valueName": "second_rotate_triangle.three_point_position",
                    "valueType": "array<Math::float3>",
                    "value": []
                },
                {
                    "valueName": "second_rotate_triangle.rgb_color",
                    "valueType": "Math::float3",
                    "value": {
                        "x": "0f",
                        "y": "1f",
                        "z": "0f"
                    }
                },
                {
                    "valueName": "get_second_point.index",
                    "valueType": "long",
                    "value": "1"
                },
                {
                    "valueName": "get_third_point.index",
                    "valueType": "long",
                    "value": "2"
                },
                {
                    "valueName": "value13.value",
                    "valueType": "float",
                    "value": "0f"
                },
                {
                    "valueName": "value15.value",
                    "valueType": "Math::float3",
                    "value": {
                        "x": "1f",
                        "y": "0f",
                        "z": "-1f"
                    }
                },
                {
                    "valueName": "clamp.min",
                    "valueType": "Math::float3",
                    "value": {
                        "x": "-1f",
                        "y": "-1f",
                        "z": "-1f"
                    }
                },
                {
                    "valueName": "clamp.max",
                    "valueType": "Math::float3",
                    "value": {
                        "x": "1f",
                        "y": "1f",
                        "z": "1f"
                    }
                },
                {
                    "valueName": "value19.value",
                    "valueType": "Math::float3",
                    "value": {
                        "x": "1f",
                        "y": "1f",
                        "z": "0f"
                    }
                },
                {
                    "valueName": "value20.value",
                    "valueType": "Math::float3",
                    "value": {
                        "x": "0f",
                        "y": "1f",
                        "z": "-1f"
                    }
                },
                {
                    "valueName": "value21.value",
                    "valueType": "Math::float3",
                    "value": {
                        "x": "1f",
                        "y": "0f",
                        "z": "-1f"
                    }
                },
                {
                    "valueName": "value23.value",
                    "valueType": "float",
                    "value": "0f"
                },
                {
                    "valueName": "sequence_array.size",
                    "valueType": "long",
                    "value": "3"
                },
                {
                    "valueName": "sequence_array.start",
                    "valueType": "uint",
                    "value": "0U"
                },
                {
                    "valueName": "sequence_array.step",
                    "valueType": "uint",
                    "value": "1U"
                },
                {
                    "valueName": "resize_array.new_size",
                    "valueType": "long",
                    "value": "3"
                },
                {
                    "valueName": "value9.value",
                    "valueType": "BPM::please_1::enum::enum_axis_plane",
                    "value": "XZ"
                }
            ],
            "reservedNodeNames": [
                {
                    "name": "input"
                },
                {
                    "name": "output"
                }
            ]
        }
    ]
}