{
    "header": {
        "metadata": [
            {
                "metaName": "adskFileFormatVersion",
                "metaValue": "100L"
            }
        ]
    },
    "namespaces": [],
    "types": [],
    "compounds": [
        {
            "name": "BPM::please_1::math::g2m_right_triangle_solver",
            "uriImported": "stream:/bifrostGraphShape1",
            "metadata": [
                {
                    "metaName": "io_nodes",
                    "metadata": [
                        {
                            "metaName": "io_inodes",
                            "metadata": [
                                {
                                    "metaName": "input",
                                    "metadata": [
                                        {
                                            "metaName": "DisplayMode",
                                            "metaType": "string",
                                            "metaValue": "2"
                                        },
                                        {
                                            "metaName": "LayoutPos",
                                            "metaType": "string",
                                            "metaValue": "-3945.39 209.225"
                                        },
                                        {
                                            "metaName": "io_ports",
                                            "metadata": [
                                                {
                                                    "metaName": "side_b"
                                                },
                                                {
                                                    "metaName": "side_c"
                                                }
                                            ]
                                        }
                                    ]
                                }
                            ]
                        },
                        {
                            "metaName": "io_onodes",
                            "metadata": [
                                {
                                    "metaName": "output",
                                    "metadata": [
                                        {
                                            "metaName": "DisplayMode",
                                            "metaType": "string",
                                            "metaValue": "2"
                                        },
                                        {
                                            "metaName": "io_ports",
                                            "metadata": [
                                                {
                                                    "metaName": "angle_A"
                                                },
                                                {
                                                    "metaName": "angle_B"
                                                },
                                                {
                                                    "metaName": "side_a"
                                                }
                                            ]
                                        },
                                        {
                                            "metaName": "LayoutPos",
                                            "metaType": "string",
                                            "metaValue": "-1455.96 8.81714"
                                        }
                                    ]
                                }
                            ]
                        }
                    ]
                },
                {
                    "metaName": "backdrop",
                    "metadata": [
                        {
                            "metaName": "type",
                            "metaType": "string",
                            "metaValue": "backdrop"
                        },
                        {
                            "metaName": "coords",
                            "metaType": "string",
                            "metaValue": "-4041.77 136.173 360.19 315.257"
                        },
                        {
                            "metaName": "text",
                            "metaType": "string",
                            "metaValue": "side_c \u662f\u6700\u9577\u908a\nangle_C \u662f\u76f4\u89d2(right angle)\n\n\u8f38\u51fa\u7684\u55ae\u4f4d\u662f\u5f27\u5ea6(radians)"
                        }
                    ]
                },
                {
                    "metaName": "_recentNode_",
                    "metaType": "string",
                    "metaValue": "BifrostGraph,Core::Conversion,radians_to_degrees"
                },
                {
                    "metaName": "_recentNode_",
                    "metaType": "string",
                    "metaValue": "BifrostGraph,Core::Math,subtract"
                },
                {
                    "metaName": "_recentNode_",
                    "metaType": "string",
                    "metaValue": "BifrostGraph,Core::Math,divide"
                },
                {
                    "metaName": "_recentNode_",
                    "metaType": "string",
                    "metaValue": "BifrostGraph,Core::Math,multiply"
                },
                {
                    "metaName": "_recentNode_",
                    "metaType": "string",
                    "metaValue": "BifrostGraph,Core::Math,sin"
                },
                {
                    "metaName": "ViewportRect",
                    "metaType": "string",
                    "metaValue": "-4362.66 -444.417 2095.75 1607.24"
                },
                {
                    "metaName": "DisplayMode",
                    "metaType": "string",
                    "metaValue": "2"
                },
                {
                    "metaName": "LayoutPos",
                    "metaType": "string",
                    "metaValue": "-132.394 4605.62"
                }
            ],
            "ports": [
                {
                    "portName": "angle_A",
                    "portDirection": "output"
                },
                {
                    "portName": "side_b",
                    "portDirection": "input",
                    "portType": "float",
                    "portDefault": "0f"
                },
                {
                    "portName": "side_c",
                    "portDirection": "input",
                    "portType": "float",
                    "portDefault": "0f"
                },
                {
                    "portName": "angle_B",
                    "portDirection": "output"
                },
                {
                    "portName": "side_a",
                    "portDirection": "output"
                }
            ],
            "compoundNodes": [
                {
                    "nodeName": "A",
                    "nodeType": "Core::Math::subtract",
                    "multiInPortNames": [
                        "pi",
                        "half_value",
                        "arcsine"
                    ],
                    "metadata": [
                        {
                            "metaName": "DisplayMode",
                            "metaType": "string",
                            "metaValue": "2"
                        },
                        {
                            "metaName": "LayoutPos",
                            "metaType": "string",
                            "metaValue": "-1789.72 -268.079"
                        }
                    ]
                },
                {
                    "nodeName": "B",
                    "nodeType": "Core::Math::asin",
                    "metadata": [
                        {
                            "metaName": "DisplayMode",
                            "metaType": "string",
                            "metaValue": "2"
                        },
                        {
                            "metaName": "LayoutPos",
                            "metaType": "string",
                            "metaValue": "-2051.78 36.0699"
                        }
                    ]
                },
                {
                    "nodeName": "C",
                    "nodeType": "Core::Math::half_of",
                    "metadata": [
                        {
                            "metaName": "DisplayMode",
                            "metaType": "string",
                            "metaValue": "2"
                        },
                        {
                            "metaName": "LayoutPos",
                            "metaType": "string",
                            "metaValue": "-3101.46 -25.2648"
                        }
                    ]
                },
                {
                    "nodeName": "a",
                    "nodeType": "Core::Math::square_root",
                    "metadata": [
                        {
                            "metaName": "DisplayMode",
                            "metaType": "string",
                            "metaValue": "2"
                        },
                        {
                            "metaName": "LayoutPos",
                            "metaType": "string",
                            "metaValue": "-2566.61 521.841"
                        }
                    ]
                },
                {
                    "nodeName": "b",
                    "nodeType": "Core::Graph::pass",
                    "metadata": [
                        {
                            "metaName": "DisplayMode",
                            "metaType": "string",
                            "metaValue": "2"
                        },
                        {
                            "metaName": "LayoutPos",
                            "metaType": "string",
                            "metaValue": "-3601.26 150.137"
                        }
                    ]
                },
                {
                    "nodeName": "c",
                    "nodeType": "Core::Graph::pass",
                    "metadata": [
                        {
                            "metaName": "DisplayMode",
                            "metaType": "string",
                            "metaValue": "2"
                        },
                        {
                            "metaName": "LayoutPos",
                            "metaType": "string",
                            "metaValue": "-3603.25 324.876"
                        }
                    ]
                },
                {
                    "nodeName": "divide",
                    "nodeType": "Core::Math::divide",
                    "multiInPortNames": [
                        "output1",
                        "output2"
                    ],
                    "metadata": [
                        {
                            "metaName": "DisplayMode",
                            "metaType": "string",
                            "metaValue": "2"
                        },
                        {
                            "metaName": "LayoutPos",
                            "metaType": "string",
                            "metaValue": "-2308.86 60.42"
                        }
                    ]
                },
                {
                    "nodeName": "multiply",
                    "nodeType": "Core::Math::multiply",
                    "multiInPortNames": [
                        "sine",
                        "output1"
                    ],
                    "metadata": [
                        {
                            "metaName": "DisplayMode",
                            "metaType": "string",
                            "metaValue": "2"
                        },
                        {
                            "metaName": "LayoutPos",
                            "metaType": "string",
                            "metaValue": "-2563.76 -56.842"
                        }
                    ]
                },
                {
                    "nodeName": "pi",
                    "nodeType": "Core::Constants::pi",
                    "metadata": [
                        {
                            "metaName": "DisplayMode",
                            "metaType": "string",
                            "metaValue": "2"
                        },
                        {
                            "metaName": "LayoutPos",
                            "metaType": "string",
                            "metaValue": "-3366.07 -218.089"
                        }
                    ]
                },
                {
                    "nodeName": "power2",
                    "nodeType": "Core::Math::power",
                    "metadata": [
                        {
                            "metaName": "DisplayMode",
                            "metaType": "string",
                            "metaValue": "2"
                        },
                        {
                            "metaName": "LayoutPos",
                            "metaType": "string",
                            "metaValue": "-3059.95 448.381"
                        }
                    ]
                },
                {
                    "nodeName": "power3",
                    "nodeType": "Core::Math::power",
                    "metadata": [
                        {
                            "metaName": "DisplayMode",
                            "metaType": "string",
                            "metaValue": "2"
                        },
                        {
                            "metaName": "LayoutPos",
                            "metaType": "string",
                            "metaValue": "-3063.45 690.381"
                        }
                    ]
                },
                {
                    "nodeName": "sin",
                    "nodeType": "Core::Math::sin",
                    "metadata": [
                        {
                            "metaName": "DisplayMode",
                            "metaType": "string",
                            "metaValue": "2"
                        },
                        {
                            "metaName": "LayoutPos",
                            "metaType": "string",
                            "metaValue": "-2834.21 -139.761"
                        }
                    ]
                },
                {
                    "nodeName": "subtract1",
                    "nodeType": "Core::Math::subtract",
                    "multiInPortNames": [
                        "power",
                        "power1"
                    ],
                    "metadata": [
                        {
                            "metaName": "DisplayMode",
                            "metaType": "string",
                            "metaValue": "2"
                        },
                        {
                            "metaName": "LayoutPos",
                            "metaType": "string",
                            "metaValue": "-2805.85 548.101"
                        }
                    ]
                },
                {
                    "nodeName": "value16",
                    "valueType": "float",
                    "metadata": [
                        {
                            "metaName": "valuenode_defaultvalue",
                            "metaType": "string",
                            "metaValue": "0"
                        },
                        {
                            "metaName": "DisplayMode",
                            "metaType": "string",
                            "metaValue": "0"
                        },
                        {
                            "metaName": "LayoutPos",
                            "metaType": "string",
                            "metaValue": "-3319.11 613.812"
                        }
                    ]
                }
            ],
            "connections": [
                {
                    "source": "pi.pi",
                    "target": "A.first.pi"
                },
                {
                    "source": "C.half_value",
                    "target": "A.first.half_value"
                },
                {
                    "source": "B.arcsine",
                    "target": "A.first.arcsine"
                },
                {
                    "source": "A.output",
                    "target": ".angle_A"
                },
                {
                    "source": "divide.output",
                    "target": "B.value"
                },
                {
                    "source": "pi.pi",
                    "target": "C.value"
                },
                {
                    "source": "C.half_value",
                    "target": "sin.value"
                },
                {
                    "source": "subtract1.output",
                    "target": "a.value"
                },
                {
                    "source": ".side_b",
                    "target": "b.input"
                },
                {
                    "source": "b.output",
                    "target": "multiply.first.output1"
                },
                {
                    "source": "b.output",
                    "target": "power3.base"
                },
                {
                    "source": ".side_c",
                    "target": "c.input"
                },
                {
                    "source": "c.output",
                    "target": "divide.first.output2"
                },
                {
                    "source": "c.output",
                    "target": "power2.base"
                },
                {
                    "source": "multiply.output",
                    "target": "divide.first.output1"
                },
                {
                    "source": "sin.sine",
                    "target": "multiply.first.sine"
                },
                {
                    "source": "value16.output",
                    "target": "power2.exponent"
                },
                {
                    "source": "power2.power",
                    "target": "subtract1.first.power"
                },
                {
                    "source": "power3.power",
                    "target": "subtract1.first.power1"
                },
                {
                    "source": "value16.output",
                    "target": "power3.exponent"
                },
                {
                    "source": "a.root",
                    "target": ".side_a"
                },
                {
                    "source": "B.arcsine",
                    "target": ".angle_B"
                }
            ],
            "values": [
                {
                    "valueName": "value16.value",
                    "valueType": "float",
                    "value": "2f"
                }
            ],
            "reservedNodeNames": [
                {
                    "name": "input"
                },
                {
                    "name": "output"
                }
            ]
        }
    ]
}