{
    "header": {
        "metadata": [
            {
                "metaName": "adskFileFormatVersion",
                "metaValue": "100L"
            }
        ]
    },
    "namespaces": [],
    "types": [],
    "compounds": [
        {
            "name": "BPM::please_1::mesh::g2m_transform_1_2",
            "uriImported": "stream:/bifrostGraphShape1",
            "metadata": [
                {
                    "metaName": "documentation",
                    "metaType": "string",
                    "metaValue": "docs/g2m_transform.md"
                },
                {
                    "metaName": "icon",
                    "metaType": "string",
                    "metaValue": "icons/g2m_default.png"
                },
                {
                    "metaName": "io_nodes",
                    "metadata": [
                        {
                            "metaName": "io_inodes",
                            "metadata": [
                                {
                                    "metaName": "input",
                                    "metadata": [
                                        {
                                            "metaName": "DisplayMode",
                                            "metaType": "string",
                                            "metaValue": "2"
                                        },
                                        {
                                            "metaName": "LayoutPos",
                                            "metaType": "string",
                                            "metaValue": "-808.134 -87.5655"
                                        },
                                        {
                                            "metaName": "io_ports",
                                            "metadata": [
                                                {
                                                    "metaName": "geometry"
                                                },
                                                {
                                                    "metaName": "geo_worldMatrix"
                                                },
                                                {
                                                    "metaName": "translate"
                                                },
                                                {
                                                    "metaName": "rotate"
                                                },
                                                {
                                                    "metaName": "unity_scale"
                                                }
                                            ]
                                        }
                                    ]
                                }
                            ]
                        },
                        {
                            "metaName": "io_onodes",
                            "metadata": [
                                {
                                    "metaName": "output",
                                    "metadata": [
                                        {
                                            "metaName": "DisplayMode",
                                            "metaType": "string",
                                            "metaValue": "2"
                                        },
                                        {
                                            "metaName": "LayoutPos",
                                            "metaType": "string",
                                            "metaValue": "2782.18 -277.31"
                                        },
                                        {
                                            "metaName": "io_ports",
                                            "metadata": [
                                                {
                                                    "metaName": "out_geometry"
                                                }
                                            ]
                                        }
                                    ]
                                }
                            ]
                        }
                    ]
                },
                {
                    "metaName": "_recentNode_",
                    "metaType": "string",
                    "metaValue": "BifrostGraph,Core::Graph,pass"
                },
                {
                    "metaName": "_recentNode_",
                    "metaType": "string",
                    "metaValue": "BifrostGraph,Core::Constants,float"
                },
                {
                    "metaName": "_recentNode_",
                    "metaType": "string",
                    "metaValue": "BifrostGraph,Core::Math,multiply_quaternions"
                },
                {
                    "metaName": "_recentNode_",
                    "metaType": "string",
                    "metaValue": "output"
                },
                {
                    "metaName": "_recentNode_",
                    "metaType": "string",
                    "metaValue": "BifrostGraph,Core::Array,first_in_array"
                },
                {
                    "metaName": "backdrop",
                    "metadata": [
                        {
                            "metaName": "type",
                            "metaType": "string",
                            "metaValue": "backdrop"
                        },
                        {
                            "metaName": "text",
                            "metaType": "string",
                            "metaValue": "TODO:\n\n1. \u5617\u8a66\u7528\u7d14 Matrix \u8a08\u7b97\u7c21\u5316\u6d41\u7a0b\u3002\n2. xyz \u65b9\u5411\u7684\u7368\u7acb\u7e2e\u653e\u3002"
                        },
                        {
                            "metaName": "coords",
                            "metaType": "string",
                            "metaValue": "-975.231 -114.519 407.944 316.625"
                        }
                    ]
                },
                {
                    "metaName": "ViewportRect",
                    "metaType": "string",
                    "metaValue": "-1170.91 -426.229 868.059 782.676"
                },
                {
                    "metaName": "DisplayMode",
                    "metaType": "string",
                    "metaValue": "2"
                },
                {
                    "metaName": "LayoutPos",
                    "metaType": "string",
                    "metaValue": "-369.839 699.857"
                },
                {
                    "metaName": "PortExpandedState",
                    "metadata": [
                        {
                            "metaName": "meshes",
                            "metaType": "string",
                            "metaValue": "0"
                        }
                    ]
                }
            ],
            "ports": [
                {
                    "portName": "geometry",
                    "portDirection": "input",
                    "portType": "Amino::Object",
                    "portDefault": {}
                },
                {
                    "portName": "geo_worldMatrix",
                    "portDirection": "input",
                    "portType": "Math::float4x4",
                    "portDefault": {
                        "c0": {
                            "x": "0f",
                            "y": "0f",
                            "z": "0f",
                            "w": "0f"
                        },
                        "c1": {
                            "x": "0f",
                            "y": "0f",
                            "z": "0f",
                            "w": "0f"
                        },
                        "c2": {
                            "x": "0f",
                            "y": "0f",
                            "z": "0f",
                            "w": "0f"
                        },
                        "c3": {
                            "x": "0f",
                            "y": "0f",
                            "z": "0f",
                            "w": "0f"
                        }
                    }
                },
                {
                    "portName": "translate",
                    "portDirection": "input",
                    "portType": "Math::float3",
                    "portDefault": {
                        "x": "0f",
                        "y": "3f",
                        "z": "0f"
                    }
                },
                {
                    "portName": "rotate",
                    "portDirection": "input",
                    "portType": "Math::float3",
                    "portDefault": {
                        "x": "0f",
                        "y": "0f",
                        "z": "0f"
                    }
                },
                {
                    "portName": "unity_scale",
                    "portDirection": "input",
                    "portType": "float",
                    "portDefault": "1f"
                },
                {
                    "portName": "out_geometry",
                    "portDirection": "output"
                }
            ],
            "compoundNodes": [
                {
                    "nodeName": "degrees_to_radians",
                    "nodeType": "Core::Conversion::degrees_to_radians",
                    "metadata": [
                        {
                            "metaName": "DisplayMode",
                            "metaType": "string",
                            "metaValue": "2"
                        },
                        {
                            "metaName": "LayoutPos",
                            "metaType": "string",
                            "metaValue": "-457.878 146.702"
                        }
                    ]
                },
                {
                    "nodeName": "geo",
                    "nodeType": "Core::Graph::pass",
                    "metadata": [
                        {
                            "metaName": "DisplayMode",
                            "metaType": "string",
                            "metaValue": "2"
                        },
                        {
                            "metaName": "LayoutPos",
                            "metaType": "string",
                            "metaValue": "-214.015 -534.667"
                        }
                    ]
                },
                {
                    "nodeName": "translate",
                    "nodeType": "Core::Graph::pass",
                    "metadata": [
                        {
                            "metaName": "DisplayMode",
                            "metaType": "string",
                            "metaValue": "2"
                        },
                        {
                            "metaName": "LayoutPos",
                            "metaType": "string",
                            "metaValue": "-214.482 -53.1507"
                        }
                    ]
                },
                {
                    "nodeName": "get_point_position",
                    "nodeType": "Geometry::Properties::get_point_position",
                    "metadata": [
                        {
                            "metaName": "DisplayMode",
                            "metaType": "string",
                            "metaValue": "2"
                        },
                        {
                            "metaName": "LayoutPos",
                            "metaType": "string",
                            "metaValue": "359.602 21.393"
                        }
                    ]
                },
                {
                    "nodeName": "rotate",
                    "nodeType": "Core::Graph::pass",
                    "metadata": [
                        {
                            "metaName": "DisplayMode",
                            "metaType": "string",
                            "metaValue": "2"
                        },
                        {
                            "metaName": "LayoutPos",
                            "metaType": "string",
                            "metaValue": "-211.89 122.563"
                        }
                    ]
                },
                {
                    "nodeName": "matrix_to_SRT",
                    "nodeType": "Core::Math::matrix_to_SRT",
                    "metadata": [
                        {
                            "metaName": "DisplayMode",
                            "metaType": "string",
                            "metaValue": "2"
                        },
                        {
                            "metaName": "LayoutPos",
                            "metaType": "string",
                            "metaValue": "357.067 -297.174"
                        }
                    ]
                },
                {
                    "nodeName": "get_point_normal",
                    "nodeType": "Geometry::Properties::get_point_normal",
                    "metadata": [
                        {
                            "metaName": "DisplayMode",
                            "metaType": "string",
                            "metaValue": "2"
                        },
                        {
                            "metaName": "LayoutPos",
                            "metaType": "string",
                            "metaValue": "355.398 288.146"
                        }
                    ]
                },
                {
                    "nodeName": "unity_scale",
                    "nodeType": "Core::Graph::pass",
                    "metadata": [
                        {
                            "metaName": "DisplayMode",
                            "metaType": "string",
                            "metaValue": "2"
                        },
                        {
                            "metaName": "LayoutPos",
                            "metaType": "string",
                            "metaValue": "-213.336 310.76"
                        }
                    ]
                },
                {
                    "nodeName": "lerp",
                    "nodeType": "Core::Math::lerp",
                    "metadata": [
                        {
                            "metaName": "DisplayMode",
                            "metaType": "string",
                            "metaValue": "2"
                        },
                        {
                            "metaName": "LayoutPos",
                            "metaType": "string",
                            "metaValue": "762.035 -28.4142"
                        }
                    ]
                },
                {
                    "nodeName": "get_geo_property",
                    "nodeType": "Geometry::Properties::get_geo_property",
                    "metadata": [
                        {
                            "metaName": "DisplayMode",
                            "metaType": "string",
                            "metaValue": "2"
                        },
                        {
                            "metaName": "LayoutPos",
                            "metaType": "string",
                            "metaValue": "358.88 515.896"
                        }
                    ]
                },
                {
                    "nodeName": "euler_to_quaternion",
                    "nodeType": "Core::Math::euler_to_quaternion",
                    "metadata": [
                        {
                            "metaName": "DisplayMode",
                            "metaType": "string",
                            "metaValue": "2"
                        },
                        {
                            "metaName": "LayoutPos",
                            "metaType": "string",
                            "metaValue": "1057.86 197.261"
                        }
                    ]
                },
                {
                    "nodeName": "subtract",
                    "nodeType": "Core::Math::subtract",
                    "multiInPortNames": [
                        "point_position",
                        "translation"
                    ],
                    "metadata": [
                        {
                            "metaName": "DisplayMode",
                            "metaType": "string",
                            "metaValue": "2"
                        },
                        {
                            "metaName": "LayoutPos",
                            "metaType": "string",
                            "metaValue": "1056.05 -48.8943"
                        }
                    ]
                },
                {
                    "nodeName": "rotate_by_quaternion1",
                    "nodeType": "Core::Math::rotate_by_quaternion",
                    "metadata": [
                        {
                            "metaName": "DisplayMode",
                            "metaType": "string",
                            "metaValue": "2"
                        },
                        {
                            "metaName": "LayoutPos",
                            "metaType": "string",
                            "metaValue": "1323.78 262.009"
                        }
                    ]
                },
                {
                    "nodeName": "rotate_by_quaternion2",
                    "nodeType": "Core::Math::rotate_by_quaternion",
                    "metadata": [
                        {
                            "metaName": "DisplayMode",
                            "metaType": "string",
                            "metaValue": "2"
                        },
                        {
                            "metaName": "LayoutPos",
                            "metaType": "string",
                            "metaValue": "1323.44 487.833"
                        }
                    ]
                },
                {
                    "nodeName": "rotate_by_quaternion",
                    "nodeType": "Core::Math::rotate_by_quaternion",
                    "metadata": [
                        {
                            "metaName": "DisplayMode",
                            "metaType": "string",
                            "metaValue": "2"
                        },
                        {
                            "metaName": "LayoutPos",
                            "metaType": "string",
                            "metaValue": "1321.34 45.4857"
                        }
                    ]
                },
                {
                    "nodeName": "add",
                    "nodeType": "Core::Math::add",
                    "multiInPortNames": [
                        "translation_form_maya",
                        "translate",
                        "rotated_vector"
                    ],
                    "metadata": [
                        {
                            "metaName": "DisplayMode",
                            "metaType": "string",
                            "metaValue": "2"
                        },
                        {
                            "metaName": "LayoutPos",
                            "metaType": "string",
                            "metaValue": "1643.78 -272.94"
                        }
                    ]
                },
                {
                    "nodeName": "set_point_position",
                    "nodeType": "Geometry::Properties::set_point_position",
                    "metadata": [
                        {
                            "metaName": "DisplayMode",
                            "metaType": "string",
                            "metaValue": "2"
                        },
                        {
                            "metaName": "LayoutPos",
                            "metaType": "string",
                            "metaValue": "1920.82 -415.963"
                        }
                    ]
                },
                {
                    "nodeName": "set_point_normal",
                    "nodeType": "Geometry::Properties::set_point_normal",
                    "metadata": [
                        {
                            "metaName": "DisplayMode",
                            "metaType": "string",
                            "metaValue": "2"
                        },
                        {
                            "metaName": "LayoutPos",
                            "metaType": "string",
                            "metaValue": "2230.03 -349.528"
                        }
                    ]
                },
                {
                    "nodeName": "set_geo_property",
                    "nodeType": "Geometry::Properties::set_geo_property",
                    "metadata": [
                        {
                            "metaName": "DisplayMode",
                            "metaType": "string",
                            "metaValue": "2"
                        },
                        {
                            "metaName": "LayoutPos",
                            "metaType": "string",
                            "metaValue": "2525.97 -277.361"
                        }
                    ]
                },
                {
                    "nodeName": "geo_worldMatrix",
                    "nodeType": "Core::Graph::pass",
                    "metadata": [
                        {
                            "metaName": "DisplayMode",
                            "metaType": "string",
                            "metaValue": "2"
                        },
                        {
                            "metaName": "LayoutPos",
                            "metaType": "string",
                            "metaValue": "-217.774 -226.932"
                        }
                    ]
                }
            ],
            "connections": [
                {
                    "source": ".rotate",
                    "target": "degrees_to_radians.degrees"
                },
                {
                    "source": "geo.output",
                    "target": "get_geo_property.geometry"
                },
                {
                    "source": "geo.output",
                    "target": "get_point_normal.geometry"
                },
                {
                    "source": "geo.output",
                    "target": "get_point_position.geometry"
                },
                {
                    "source": "geo.output",
                    "target": "set_point_position.geometry"
                },
                {
                    "source": "get_point_position.point_position",
                    "target": "lerp.second"
                },
                {
                    "source": "rotate.output",
                    "target": "euler_to_quaternion.euler_radians"
                },
                {
                    "source": "matrix_to_SRT.translation",
                    "target": "subtract.first.translation"
                },
                {
                    "source": "matrix_to_SRT.translation",
                    "target": "lerp.first"
                },
                {
                    "source": "get_point_normal.point_normal",
                    "target": "rotate_by_quaternion1.vector"
                },
                {
                    "source": "unity_scale.output",
                    "target": "lerp.fraction"
                },
                {
                    "source": "lerp.interpolated",
                    "target": "subtract.first.point_position"
                },
                {
                    "source": "get_geo_property.data",
                    "target": "rotate_by_quaternion2.vector"
                },
                {
                    "source": "euler_to_quaternion.quaternion",
                    "target": "rotate_by_quaternion1.quaternion"
                },
                {
                    "source": "euler_to_quaternion.quaternion",
                    "target": "rotate_by_quaternion2.quaternion"
                },
                {
                    "source": "subtract.output",
                    "target": "rotate_by_quaternion.vector"
                },
                {
                    "source": "rotate_by_quaternion1.rotated_vector",
                    "target": "set_point_normal.normals"
                },
                {
                    "source": "rotate_by_quaternion2.rotated_vector",
                    "target": "set_geo_property.data"
                },
                {
                    "source": "add.output",
                    "target": "set_point_position.positions"
                },
                {
                    "source": "set_point_position.out_geometry",
                    "target": "set_point_normal.geometry"
                },
                {
                    "source": "set_point_normal.out_geometry",
                    "target": "set_geo_property.geometry"
                },
                {
                    "source": "set_geo_property.out_geometry",
                    "target": ".out_geometry"
                },
                {
                    "source": "degrees_to_radians.radians",
                    "target": "rotate.input"
                },
                {
                    "source": ".translate",
                    "target": "translate.input"
                },
                {
                    "source": ".unity_scale",
                    "target": "unity_scale.input"
                },
                {
                    "source": "rotate_by_quaternion.rotated_vector",
                    "target": "add.first.rotated_vector"
                },
                {
                    "source": "matrix_to_SRT.translation",
                    "target": "add.first.translation_form_maya"
                },
                {
                    "source": "translate.output",
                    "target": "add.first.translate"
                },
                {
                    "source": "euler_to_quaternion.quaternion",
                    "target": "rotate_by_quaternion.quaternion"
                },
                {
                    "source": "geo_worldMatrix.output",
                    "target": "matrix_to_SRT.transform"
                },
                {
                    "source": ".geometry",
                    "target": "geo.input"
                },
                {
                    "source": ".geo_worldMatrix",
                    "target": "geo_worldMatrix.input"
                }
            ],
            "values": [
                {
                    "valueName": "get_geo_property.property",
                    "valueType": "string",
                    "value": "face_vertex_normal"
                },
                {
                    "valueName": "get_geo_property.type",
                    "valueType": "array<Math::float3>",
                    "value": []
                },
                {
                    "valueName": "set_geo_property.property",
                    "valueType": "string",
                    "value": "face_vertex_normal"
                },
                {
                    "valueName": "set_geo_property.data",
                    "valueType": "array<Math::float3>",
                    "value": []
                },
                {
                    "valueName": "set_geo_property.target",
                    "valueType": "string",
                    "value": "face_vertex_component"
                }
            ],
            "reservedNodeNames": [
                {
                    "name": "input"
                },
                {
                    "name": "output"
                }
            ]
        }
    ]
}