{
    "header": {
        "metadata": [
            {
                "metaName": "adskFileFormatVersion",
                "metaValue": "100L"
            }
        ]
    },
    "namespaces": [],
    "types": [],
    "compounds": [
        {
            "name": "BPM::please_1::shading::g2m_12_color_pattern",
            "uriImported": "stream:/stream",
            "metadata": [
                {
                    "metaName": "io_nodes",
                    "metadata": [
                        {
                            "metaName": "io_inodes"
                        },
                        {
                            "metaName": "io_onodes",
                            "metadata": [
                                {
                                    "metaName": "output",
                                    "metadata": [
                                        {
                                            "metaName": "DisplayMode",
                                            "metaType": "string",
                                            "metaValue": "2"
                                        },
                                        {
                                            "metaName": "io_ports",
                                            "metadata": [
                                                {
                                                    "metaName": "rgb_colors"
                                                }
                                            ]
                                        },
                                        {
                                            "metaName": "LayoutPos",
                                            "metaType": "string",
                                            "metaValue": "1178.01 206.898"
                                        }
                                    ]
                                }
                            ]
                        }
                    ]
                },
                {
                    "metaName": "_recentNode_",
                    "metaType": "string",
                    "metaValue": "BifrostGraph,Core::Constants,float"
                },
                {
                    "metaName": "_recentNode_",
                    "metaType": "string",
                    "metaValue": "BifrostGraph,G2M::utility,g2m_hex_to_rgb"
                },
                {
                    "metaName": "_recentNode_",
                    "metaType": "string",
                    "metaValue": "BifrostGraph,Core::Math,divide"
                },
                {
                    "metaName": "_recentNode_",
                    "metaType": "string",
                    "metaValue": "BifrostGraph,Core::Array,build_array"
                },
                {
                    "metaName": "_recentNode_",
                    "metaType": "string",
                    "metaValue": "BifrostGraph,G2M::shading,g2m_show_color_samples"
                },
                {
                    "metaName": "ViewportRect",
                    "metaType": "string",
                    "metaValue": "-1043.35 -643.849 1753.88 1861.14"
                },
                {
                    "metaName": "DisplayMode",
                    "metaType": "string",
                    "metaValue": "2"
                },
                {
                    "metaName": "LayoutPos",
                    "metaType": "string",
                    "metaValue": "-212.453 -251.233"
                }
            ],
            "ports": [
                {
                    "portName": "rgb_colors",
                    "portDirection": "output",
                    "portType": "array<Math::float3>"
                }
            ],
            "compoundNodes": [
                {
                    "nodeName": "build_array",
                    "nodeType": "Core::Array::build_array",
                    "multiInPortNames": [
                        "output",
                        "output1",
                        "output2",
                        "output3",
                        "output4",
                        "output5",
                        "output6",
                        "output7",
                        "output8",
                        "output9",
                        "output10",
                        "output11"
                    ],
                    "metadata": [
                        {
                            "metaName": "DisplayMode",
                            "metaType": "string",
                            "metaValue": "2"
                        },
                        {
                            "metaName": "LayoutPos",
                            "metaType": "string",
                            "metaValue": "933.313 207.02"
                        }
                    ]
                },
                {
                    "nodeName": "value",
                    "valueType": "Math::float3",
                    "metadata": [
                        {
                            "metaName": "DisplayMode",
                            "metaType": "string",
                            "metaValue": "2"
                        },
                        {
                            "metaName": "valuenode_defaultvalue",
                            "metaType": "string",
                            "metaValue": "0"
                        },
                        {
                            "metaName": "valuenode_defaultvalue",
                            "metaType": "string",
                            "metaValue": "0"
                        },
                        {
                            "metaName": "valuenode_defaultvalue",
                            "metaType": "string",
                            "metaValue": "0"
                        },
                        {
                            "metaName": "LayoutPos",
                            "metaType": "string",
                            "metaValue": "285.804 -864.983"
                        }
                    ]
                },
                {
                    "nodeName": "value15",
                    "valueType": "Math::float3",
                    "metadata": [
                        {
                            "metaName": "DisplayMode",
                            "metaType": "string",
                            "metaValue": "2"
                        },
                        {
                            "metaName": "valuenode_defaultvalue",
                            "metaType": "string",
                            "metaValue": "0"
                        },
                        {
                            "metaName": "valuenode_defaultvalue",
                            "metaType": "string",
                            "metaValue": "0"
                        },
                        {
                            "metaName": "valuenode_defaultvalue",
                            "metaType": "string",
                            "metaValue": "0"
                        },
                        {
                            "metaName": "LayoutPos",
                            "metaType": "string",
                            "metaValue": "285.782 -692.686"
                        }
                    ]
                },
                {
                    "nodeName": "value16",
                    "valueType": "Math::float3",
                    "metadata": [
                        {
                            "metaName": "DisplayMode",
                            "metaType": "string",
                            "metaValue": "2"
                        },
                        {
                            "metaName": "valuenode_defaultvalue",
                            "metaType": "string",
                            "metaValue": "0"
                        },
                        {
                            "metaName": "valuenode_defaultvalue",
                            "metaType": "string",
                            "metaValue": "0"
                        },
                        {
                            "metaName": "valuenode_defaultvalue",
                            "metaType": "string",
                            "metaValue": "0"
                        },
                        {
                            "metaName": "LayoutPos",
                            "metaType": "string",
                            "metaValue": "289.554 -516.65"
                        }
                    ]
                },
                {
                    "nodeName": "value17",
                    "valueType": "Math::float3",
                    "metadata": [
                        {
                            "metaName": "DisplayMode",
                            "metaType": "string",
                            "metaValue": "2"
                        },
                        {
                            "metaName": "valuenode_defaultvalue",
                            "metaType": "string",
                            "metaValue": "0"
                        },
                        {
                            "metaName": "valuenode_defaultvalue",
                            "metaType": "string",
                            "metaValue": "0"
                        },
                        {
                            "metaName": "valuenode_defaultvalue",
                            "metaType": "string",
                            "metaValue": "0"
                        },
                        {
                            "metaName": "LayoutPos",
                            "metaType": "string",
                            "metaValue": "287.837 -339.738"
                        }
                    ]
                },
                {
                    "nodeName": "value19",
                    "valueType": "Math::float3",
                    "metadata": [
                        {
                            "metaName": "DisplayMode",
                            "metaType": "string",
                            "metaValue": "2"
                        },
                        {
                            "metaName": "valuenode_defaultvalue",
                            "metaType": "string",
                            "metaValue": "0"
                        },
                        {
                            "metaName": "valuenode_defaultvalue",
                            "metaType": "string",
                            "metaValue": "0"
                        },
                        {
                            "metaName": "valuenode_defaultvalue",
                            "metaType": "string",
                            "metaValue": "0"
                        },
                        {
                            "metaName": "LayoutPos",
                            "metaType": "string",
                            "metaValue": "278.678 -124.099"
                        }
                    ]
                },
                {
                    "nodeName": "value20",
                    "valueType": "Math::float3",
                    "metadata": [
                        {
                            "metaName": "DisplayMode",
                            "metaType": "string",
                            "metaValue": "2"
                        },
                        {
                            "metaName": "valuenode_defaultvalue",
                            "metaType": "string",
                            "metaValue": "0"
                        },
                        {
                            "metaName": "valuenode_defaultvalue",
                            "metaType": "string",
                            "metaValue": "0"
                        },
                        {
                            "metaName": "valuenode_defaultvalue",
                            "metaType": "string",
                            "metaValue": "0"
                        },
                        {
                            "metaName": "LayoutPos",
                            "metaType": "string",
                            "metaValue": "282.45 51.9367"
                        }
                    ]
                },
                {
                    "nodeName": "value21",
                    "valueType": "Math::float3",
                    "metadata": [
                        {
                            "metaName": "DisplayMode",
                            "metaType": "string",
                            "metaValue": "2"
                        },
                        {
                            "metaName": "valuenode_defaultvalue",
                            "metaType": "string",
                            "metaValue": "0"
                        },
                        {
                            "metaName": "valuenode_defaultvalue",
                            "metaType": "string",
                            "metaValue": "0"
                        },
                        {
                            "metaName": "valuenode_defaultvalue",
                            "metaType": "string",
                            "metaValue": "0"
                        },
                        {
                            "metaName": "LayoutPos",
                            "metaType": "string",
                            "metaValue": "280.625 224.368"
                        }
                    ]
                },
                {
                    "nodeName": "value22",
                    "valueType": "Math::float3",
                    "metadata": [
                        {
                            "metaName": "DisplayMode",
                            "metaType": "string",
                            "metaValue": "2"
                        },
                        {
                            "metaName": "valuenode_defaultvalue",
                            "metaType": "string",
                            "metaValue": "0"
                        },
                        {
                            "metaName": "valuenode_defaultvalue",
                            "metaType": "string",
                            "metaValue": "0"
                        },
                        {
                            "metaName": "valuenode_defaultvalue",
                            "metaType": "string",
                            "metaValue": "0"
                        },
                        {
                            "metaName": "LayoutPos",
                            "metaType": "string",
                            "metaValue": "284.397 400.403"
                        }
                    ]
                },
                {
                    "nodeName": "value23",
                    "valueType": "Math::float3",
                    "metadata": [
                        {
                            "metaName": "DisplayMode",
                            "metaType": "string",
                            "metaValue": "2"
                        },
                        {
                            "metaName": "valuenode_defaultvalue",
                            "metaType": "string",
                            "metaValue": "0"
                        },
                        {
                            "metaName": "valuenode_defaultvalue",
                            "metaType": "string",
                            "metaValue": "0"
                        },
                        {
                            "metaName": "valuenode_defaultvalue",
                            "metaType": "string",
                            "metaValue": "0"
                        },
                        {
                            "metaName": "LayoutPos",
                            "metaType": "string",
                            "metaValue": "270.157 579.259"
                        }
                    ]
                },
                {
                    "nodeName": "value24",
                    "valueType": "Math::float3",
                    "metadata": [
                        {
                            "metaName": "DisplayMode",
                            "metaType": "string",
                            "metaValue": "2"
                        },
                        {
                            "metaName": "valuenode_defaultvalue",
                            "metaType": "string",
                            "metaValue": "0"
                        },
                        {
                            "metaName": "valuenode_defaultvalue",
                            "metaType": "string",
                            "metaValue": "0"
                        },
                        {
                            "metaName": "valuenode_defaultvalue",
                            "metaType": "string",
                            "metaValue": "0"
                        },
                        {
                            "metaName": "LayoutPos",
                            "metaType": "string",
                            "metaValue": "273.929 755.295"
                        }
                    ]
                },
                {
                    "nodeName": "value25",
                    "valueType": "Math::float3",
                    "metadata": [
                        {
                            "metaName": "DisplayMode",
                            "metaType": "string",
                            "metaValue": "2"
                        },
                        {
                            "metaName": "valuenode_defaultvalue",
                            "metaType": "string",
                            "metaValue": "0"
                        },
                        {
                            "metaName": "valuenode_defaultvalue",
                            "metaType": "string",
                            "metaValue": "0"
                        },
                        {
                            "metaName": "valuenode_defaultvalue",
                            "metaType": "string",
                            "metaValue": "0"
                        },
                        {
                            "metaName": "LayoutPos",
                            "metaType": "string",
                            "metaValue": "276.001 939.407"
                        }
                    ]
                },
                {
                    "nodeName": "value26",
                    "valueType": "Math::float3",
                    "metadata": [
                        {
                            "metaName": "DisplayMode",
                            "metaType": "string",
                            "metaValue": "2"
                        },
                        {
                            "metaName": "valuenode_defaultvalue",
                            "metaType": "string",
                            "metaValue": "0"
                        },
                        {
                            "metaName": "valuenode_defaultvalue",
                            "metaType": "string",
                            "metaValue": "0"
                        },
                        {
                            "metaName": "valuenode_defaultvalue",
                            "metaType": "string",
                            "metaValue": "0"
                        },
                        {
                            "metaName": "LayoutPos",
                            "metaType": "string",
                            "metaValue": "279.771 1115.44"
                        }
                    ]
                }
            ],
            "connections": [
                {
                    "source": "build_array.array",
                    "target": ".rgb_colors"
                },
                {
                    "source": "value.output",
                    "target": "build_array.first.output"
                },
                {
                    "source": "value15.output",
                    "target": "build_array.first.output1"
                },
                {
                    "source": "value16.output",
                    "target": "build_array.first.output2"
                },
                {
                    "source": "value17.output",
                    "target": "build_array.first.output3"
                },
                {
                    "source": "value19.output",
                    "target": "build_array.first.output4"
                },
                {
                    "source": "value20.output",
                    "target": "build_array.first.output5"
                },
                {
                    "source": "value21.output",
                    "target": "build_array.first.output6"
                },
                {
                    "source": "value22.output",
                    "target": "build_array.first.output7"
                },
                {
                    "source": "value23.output",
                    "target": "build_array.first.output8"
                },
                {
                    "source": "value24.output",
                    "target": "build_array.first.output9"
                },
                {
                    "source": "value25.output",
                    "target": "build_array.first.output10"
                },
                {
                    "source": "value26.output",
                    "target": "build_array.first.output11"
                }
            ],
            "values": [
                {
                    "valueName": "value.value",
                    "valueType": "Math::float3",
                    "value": {
                        "x": "0.231372997f",
                        "y": "0.627451003f",
                        "z": "0.905882001f"
                    }
                },
                {
                    "valueName": "value15.value",
                    "valueType": "Math::float3",
                    "value": {
                        "x": "0f",
                        "y": "0.568627f",
                        "z": "0.50980401f"
                    }
                },
                {
                    "valueName": "value16.value",
                    "valueType": "Math::float3",
                    "value": {
                        "x": "0.0745100006f",
                        "y": "0.752941012f",
                        "z": "0.44313699f"
                    }
                },
                {
                    "valueName": "value17.value",
                    "valueType": "Math::float3",
                    "value": {
                        "x": "0.474510014f",
                        "y": "0.643136978f",
                        "z": "0.0862749964f"
                    }
                },
                {
                    "valueName": "value19.value",
                    "valueType": "Math::float3",
                    "value": {
                        "x": "0.850979984f",
                        "y": "0.725489974f",
                        "z": "0.145098001f"
                    }
                },
                {
                    "valueName": "value20.value",
                    "valueType": "Math::float3",
                    "value": {
                        "x": "1f",
                        "y": "0.592157006f",
                        "z": "0.231372997f"
                    }
                },
                {
                    "valueName": "value21.value",
                    "valueType": "Math::float3",
                    "value": {
                        "x": "0.850979984f",
                        "y": "0.384314001f",
                        "z": "0.258823991f"
                    }
                },
                {
                    "valueName": "value22.value",
                    "valueType": "Math::float3",
                    "value": {
                        "x": "0.607842982f",
                        "y": "0.180391997f",
                        "z": "0.294117987f"
                    }
                },
                {
                    "valueName": "value23.value",
                    "valueType": "Math::float3",
                    "value": {
                        "x": "0.525489986f",
                        "y": "0.133332998f",
                        "z": "0.462745011f"
                    }
                },
                {
                    "valueName": "value24.value",
                    "valueType": "Math::float3",
                    "value": {
                        "x": "0.807843029f",
                        "y": "0.333332986f",
                        "z": "0.462745011f"
                    }
                },
                {
                    "valueName": "value25.value",
                    "valueType": "Math::float3",
                    "value": {
                        "x": "0.337255001f",
                        "y": "0.392156988f",
                        "z": "0.294117987f"
                    }
                },
                {
                    "valueName": "value26.value",
                    "valueType": "Math::float3",
                    "value": {
                        "x": "0.580392003f",
                        "y": "0.549019992f",
                        "z": "0.298038989f"
                    }
                }
            ],
            "reservedNodeNames": [
                {
                    "name": "output"
                }
            ]
        }
    ]
}