{
    "header": {
        "metadata": [
            {
                "metaName": "adskFileFormatVersion",
                "metaValue": "100L"
            }
        ]
    },
    "namespaces": [],
    "types": [],
    "compounds": [
        {
            "name": "BPM::please_1::mesh::g2m_transform",
            "uriImported": "file:///g2m_transform.json",
            "metadata": [
                {
                    "metaName": "documentation",
                    "metaType": "string",
                    "metaValue": "docs/g2m_transform.md"
                },
                {
                    "metaName": "icon",
                    "metaType": "string",
                    "metaValue": "icons/g2m_default.png"
                },
                {
                    "metaName": "io_nodes",
                    "metadata": [
                        {
                            "metaName": "io_inodes",
                            "metadata": [
                                {
                                    "metaName": "input",
                                    "metadata": [
                                        {
                                            "metaName": "DisplayMode",
                                            "metaType": "string",
                                            "metaValue": "2"
                                        },
                                        {
                                            "metaName": "LayoutPos",
                                            "metaType": "string",
                                            "metaValue": "-784.381 -94.8741"
                                        },
                                        {
                                            "metaName": "io_ports",
                                            "metadata": [
                                                {
                                                    "metaName": "meshes"
                                                },
                                                {
                                                    "metaName": "mesh_transforms"
                                                },
                                                {
                                                    "metaName": "translate"
                                                },
                                                {
                                                    "metaName": "rotate"
                                                },
                                                {
                                                    "metaName": "unity_scale"
                                                }
                                            ]
                                        }
                                    ]
                                }
                            ]
                        },
                        {
                            "metaName": "io_onodes",
                            "metadata": [
                                {
                                    "metaName": "output",
                                    "metadata": [
                                        {
                                            "metaName": "DisplayMode",
                                            "metaType": "string",
                                            "metaValue": "2"
                                        },
                                        {
                                            "metaName": "LayoutPos",
                                            "metaType": "string",
                                            "metaValue": "987.458 -168.091"
                                        },
                                        {
                                            "metaName": "io_ports",
                                            "metadata": [
                                                {
                                                    "metaName": "out_geometry"
                                                }
                                            ]
                                        }
                                    ]
                                }
                            ]
                        }
                    ]
                },
                {
                    "metaName": "_recentNode_",
                    "metaType": "string",
                    "metaValue": "BifrostGraph,Core::Conversion,degrees_to_radians"
                },
                {
                    "metaName": "_recentNode_",
                    "metaType": "string",
                    "metaValue": "BifrostGraph,Core::Array,build_array"
                },
                {
                    "metaName": "_recentNode_",
                    "metaType": "string",
                    "metaValue": "BifrostGraph,G2M::utility,g2m_default_transform"
                },
                {
                    "metaName": "_recentNode_",
                    "metaType": "string",
                    "metaValue": "BifrostGraph,Core::Logic,if"
                },
                {
                    "metaName": "_recentNode_",
                    "metaType": "string",
                    "metaValue": "BifrostGraph,Core::Array,array_is_empty"
                },
                {
                    "metaName": "ViewportRect",
                    "metaType": "string",
                    "metaValue": "-893.954 -787.917 1879.21 1358.74"
                },
                {
                    "metaName": "DisplayMode",
                    "metaType": "string",
                    "metaValue": "2"
                },
                {
                    "metaName": "LayoutPos",
                    "metaType": "string",
                    "metaValue": "3114.21 2319.27"
                }
            ],
            "ports": [
                {
                    "portName": "meshes",
                    "portDirection": "input",
                    "portType": "array<Amino::Object>",
                    "portDefault": [],
                    "isDefaultFanIn": "true"
                },
                {
                    "portName": "mesh_transforms",
                    "portDirection": "input",
                    "portType": "array<Math::float4x4>",
                    "portDefault": [],
                    "isDefaultFanIn": "true"
                },
                {
                    "portName": "translate",
                    "portDirection": "input",
                    "portType": "Math::float3",
                    "portDefault": {
                        "x": "0f",
                        "y": "0f",
                        "z": "0f"
                    }
                },
                {
                    "portName": "rotate",
                    "portDirection": "input",
                    "portType": "Math::float3",
                    "portDefault": {
                        "x": "0f",
                        "y": "0f",
                        "z": "0f"
                    }
                },
                {
                    "portName": "unity_scale",
                    "portDirection": "input",
                    "portType": "float",
                    "portDefault": "1f"
                },
                {
                    "portName": "out_geometry",
                    "portDirection": "output"
                }
            ],
            "compounds": [
                {
                    "name": "for_each",
                    "uriImported": "file:///g2m_transform.json",
                    "metadata": [
                        {
                            "metaName": "icon",
                            "metaType": "string",
                            "metaValue": "<NATIVE>../icons/LoopForEach.svg"
                        },
                        {
                            "metaName": "icon",
                            "metaType": "string",
                            "metaValue": "<NATIVE>../icons/LoopForEach.svg"
                        },
                        {
                            "metaName": "icon",
                            "metaType": "string",
                            "metaValue": "<NATIVE>../icons/LoopForEach.svg"
                        },
                        {
                            "metaName": "io_nodes",
                            "metadata": [
                                {
                                    "metaName": "io_inodes",
                                    "metadata": [
                                        {
                                            "metaName": "input",
                                            "metadata": [
                                                {
                                                    "metaName": "DisplayMode",
                                                    "metaType": "string",
                                                    "metaValue": "2"
                                                },
                                                {
                                                    "metaName": "LayoutPos",
                                                    "metaType": "string",
                                                    "metaValue": "-655 -77.5"
                                                },
                                                {
                                                    "metaName": "io_ports",
                                                    "metadata": [
                                                        {
                                                            "metaName": "current_index"
                                                        },
                                                        {
                                                            "metaName": "meshes"
                                                        },
                                                        {
                                                            "metaName": "mesh_transforms"
                                                        },
                                                        {
                                                            "metaName": "translate"
                                                        },
                                                        {
                                                            "metaName": "rotate"
                                                        },
                                                        {
                                                            "metaName": "unity_scale"
                                                        }
                                                    ]
                                                }
                                            ]
                                        }
                                    ]
                                },
                                {
                                    "metaName": "io_onodes",
                                    "metadata": [
                                        {
                                            "metaName": "output",
                                            "metadata": [
                                                {
                                                    "metaName": "DisplayMode",
                                                    "metaType": "string",
                                                    "metaValue": "2"
                                                },
                                                {
                                                    "metaName": "LayoutPos",
                                                    "metaType": "string",
                                                    "metaValue": "2799.69 -79.1945"
                                                },
                                                {
                                                    "metaName": "io_ports",
                                                    "metadata": [
                                                        {
                                                            "metaName": "out_geometry"
                                                        }
                                                    ]
                                                }
                                            ]
                                        }
                                    ]
                                }
                            ]
                        },
                        {
                            "metaName": "_recentNode_",
                            "metaType": "string",
                            "metaValue": "BifrostGraph,Core::Math,lerp"
                        },
                        {
                            "metaName": "_recentNode_",
                            "metaType": "string",
                            "metaValue": "BifrostGraph,Core::Math,add"
                        },
                        {
                            "metaName": "_recentNode_",
                            "metaType": "string",
                            "metaValue": "BifrostGraph,Core::Math,subtract"
                        },
                        {
                            "metaName": "_recentNode_",
                            "metaType": "string",
                            "metaValue": "BifrostGraph,Core::Math,matrix_to_SRT"
                        },
                        {
                            "metaName": "_recentNode_",
                            "metaType": "string",
                            "metaValue": "BifrostGraph,Core::Array,get_from_array"
                        },
                        {
                            "metaName": "ViewportRect",
                            "metaType": "string",
                            "metaValue": "1522.11 -474.835 1486.07 1074.48"
                        }
                    ],
                    "ports": [
                        {
                            "portName": "current_index",
                            "portDirection": "input",
                            "portType": "long",
                            "portIterationCounter": "true"
                        },
                        {
                            "portName": "meshes",
                            "portDirection": "input",
                            "portType": "array<Amino::Object>",
                            "portIterationTarget": "true"
                        },
                        {
                            "portName": "mesh_transforms",
                            "portDirection": "input",
                            "portType": "array<Math::float4x4>"
                        },
                        {
                            "portName": "translate",
                            "portDirection": "input",
                            "portType": "Math::float3"
                        },
                        {
                            "portName": "rotate",
                            "portDirection": "input",
                            "portType": "Math::float3"
                        },
                        {
                            "portName": "unity_scale",
                            "portDirection": "input",
                            "portType": "float"
                        },
                        {
                            "portName": "out_geometry",
                            "portDirection": "output",
                            "portIterationTarget": "true"
                        }
                    ],
                    "compoundNodes": [
                        {
                            "nodeName": "get_point_position",
                            "nodeType": "Geometry::Properties::get_point_position",
                            "metadata": [
                                {
                                    "metaName": "DisplayMode",
                                    "metaType": "string",
                                    "metaValue": "2"
                                },
                                {
                                    "metaName": "LayoutPos",
                                    "metaType": "string",
                                    "metaValue": "52.069 145.554"
                                }
                            ]
                        },
                        {
                            "nodeName": "rotate_by_quaternion",
                            "nodeType": "Core::Math::rotate_by_quaternion",
                            "metadata": [
                                {
                                    "metaName": "DisplayMode",
                                    "metaType": "string",
                                    "metaValue": "2"
                                },
                                {
                                    "metaName": "LayoutPos",
                                    "metaType": "string",
                                    "metaValue": "1665.67 202.43"
                                }
                            ]
                        },
                        {
                            "nodeName": "euler_to_quaternion",
                            "nodeType": "Core::Math::euler_to_quaternion",
                            "metadata": [
                                {
                                    "metaName": "DisplayMode",
                                    "metaType": "string",
                                    "metaValue": "2"
                                },
                                {
                                    "metaName": "LayoutPos",
                                    "metaType": "string",
                                    "metaValue": "1404.24 358.763"
                                }
                            ]
                        },
                        {
                            "nodeName": "add",
                            "nodeType": "Core::Math::add",
                            "multiInPortNames": [
                                "point_position",
                                "translate",
                                "translation"
                            ],
                            "metadata": [
                                {
                                    "metaName": "DisplayMode",
                                    "metaType": "string",
                                    "metaValue": "2"
                                },
                                {
                                    "metaName": "LayoutPos",
                                    "metaType": "string",
                                    "metaValue": "2206.67 17.7373"
                                }
                            ]
                        },
                        {
                            "nodeName": "set_point_position",
                            "nodeType": "Geometry::Properties::set_point_position",
                            "metadata": [
                                {
                                    "metaName": "DisplayMode",
                                    "metaType": "string",
                                    "metaValue": "2"
                                },
                                {
                                    "metaName": "LayoutPos",
                                    "metaType": "string",
                                    "metaValue": "2513.28 -79.0576"
                                }
                            ]
                        },
                        {
                            "nodeName": "get_from_array",
                            "nodeType": "Core::Array::get_from_array",
                            "metadata": [
                                {
                                    "metaName": "DisplayMode",
                                    "metaType": "string",
                                    "metaValue": "2"
                                },
                                {
                                    "metaName": "LayoutPos",
                                    "metaType": "string",
                                    "metaValue": "-47.5 -309"
                                }
                            ]
                        },
                        {
                            "nodeName": "matrix_to_SRT",
                            "nodeType": "Core::Math::matrix_to_SRT",
                            "metadata": [
                                {
                                    "metaName": "DisplayMode",
                                    "metaType": "string",
                                    "metaValue": "2"
                                },
                                {
                                    "metaName": "LayoutPos",
                                    "metaType": "string",
                                    "metaValue": "195.5 -328"
                                }
                            ]
                        },
                        {
                            "nodeName": "subtract",
                            "nodeType": "Core::Math::subtract",
                            "multiInPortNames": [
                                "point_position",
                                "translation"
                            ],
                            "metadata": [
                                {
                                    "metaName": "DisplayMode",
                                    "metaType": "string",
                                    "metaValue": "2"
                                },
                                {
                                    "metaName": "LayoutPos",
                                    "metaType": "string",
                                    "metaValue": "1400.38 129.037"
                                }
                            ]
                        },
                        {
                            "nodeName": "lerp",
                            "nodeType": "Core::Math::lerp",
                            "metadata": [
                                {
                                    "metaName": "DisplayMode",
                                    "metaType": "string",
                                    "metaValue": "2"
                                },
                                {
                                    "metaName": "LayoutPos",
                                    "metaType": "string",
                                    "metaValue": "702.792 149.054"
                                }
                            ]
                        }
                    ],
                    "connections": [
                        {
                            "source": "rotate_by_quaternion.rotated_vector",
                            "target": "add.first.point_position"
                        },
                        {
                            "source": "euler_to_quaternion.quaternion",
                            "target": "rotate_by_quaternion.quaternion"
                        },
                        {
                            "source": "add.output",
                            "target": "set_point_position.positions"
                        },
                        {
                            "source": ".meshes",
                            "target": "get_point_position.geometry"
                        },
                        {
                            "source": ".meshes",
                            "target": "set_point_position.geometry"
                        },
                        {
                            "source": ".rotate",
                            "target": "euler_to_quaternion.euler_radians"
                        },
                        {
                            "source": ".translate",
                            "target": "add.first.translate"
                        },
                        {
                            "source": "set_point_position.out_geometry",
                            "target": ".out_geometry"
                        },
                        {
                            "source": ".mesh_transforms",
                            "target": "get_from_array.array"
                        },
                        {
                            "source": ".current_index",
                            "target": "get_from_array.index"
                        },
                        {
                            "source": "get_from_array.value",
                            "target": "matrix_to_SRT.transform"
                        },
                        {
                            "source": "matrix_to_SRT.translation",
                            "target": "subtract.first.translation"
                        },
                        {
                            "source": "subtract.output",
                            "target": "rotate_by_quaternion.vector"
                        },
                        {
                            "source": "matrix_to_SRT.translation",
                            "target": "add.first.translation"
                        },
                        {
                            "source": "matrix_to_SRT.translation",
                            "target": "lerp.first"
                        },
                        {
                            "source": "get_point_position.point_position",
                            "target": "lerp.second"
                        },
                        {
                            "source": ".unity_scale",
                            "target": "lerp.fraction"
                        },
                        {
                            "source": "lerp.interpolated",
                            "target": "subtract.first.point_position"
                        }
                    ],
                    "values": [],
                    "reservedNodeNames": [
                        {
                            "name": "input"
                        },
                        {
                            "name": "output"
                        }
                    ],
                    "forEachCompound": {
                        "ports": []
                    }
                }
            ],
            "compoundNodes": [
                {
                    "nodeName": "for_each",
                    "nodeType": "for_each",
                    "metadata": [
                        {
                            "metaName": "DisplayMode",
                            "metaType": "string",
                            "metaValue": "2"
                        },
                        {
                            "metaName": "LayoutPos",
                            "metaType": "string",
                            "metaValue": "736.45 -167.808"
                        }
                    ]
                },
                {
                    "nodeName": "array_is_empty",
                    "nodeType": "Core::Array::array_is_empty",
                    "metadata": [
                        {
                            "metaName": "DisplayMode",
                            "metaType": "string",
                            "metaValue": "2"
                        },
                        {
                            "metaName": "LayoutPos",
                            "metaType": "string",
                            "metaValue": "-477.5 -441"
                        }
                    ]
                },
                {
                    "nodeName": "if",
                    "nodeType": "Core::Logic::if",
                    "metadata": [
                        {
                            "metaName": "DisplayMode",
                            "metaType": "string",
                            "metaValue": "2"
                        },
                        {
                            "metaName": "LayoutPos",
                            "metaType": "string",
                            "metaValue": "208.292 -464"
                        }
                    ]
                },
                {
                    "nodeName": "g2m_default_transform",
                    "nodeType": "BPM::please_1::utility::g2m_default_transform",
                    "metadata": [
                        {
                            "metaName": "DisplayMode",
                            "metaType": "string",
                            "metaValue": "2"
                        },
                        {
                            "metaName": "LayoutPos",
                            "metaType": "string",
                            "metaValue": "-479.5 -254"
                        }
                    ]
                },
                {
                    "nodeName": "build_array",
                    "nodeType": "Core::Array::build_array",
                    "multiInPortNames": [
                        "transform"
                    ],
                    "metadata": [
                        {
                            "metaName": "DisplayMode",
                            "metaType": "string",
                            "metaValue": "2"
                        },
                        {
                            "metaName": "LayoutPos",
                            "metaType": "string",
                            "metaValue": "-233.549 -279.694"
                        }
                    ]
                },
                {
                    "nodeName": "degrees_to_radians",
                    "nodeType": "Core::Conversion::degrees_to_radians",
                    "metadata": [
                        {
                            "metaName": "DisplayMode",
                            "metaType": "string",
                            "metaValue": "2"
                        },
                        {
                            "metaName": "LayoutPos",
                            "metaType": "string",
                            "metaValue": "-65.5 135"
                        }
                    ]
                }
            ],
            "connections": [
                {
                    "source": ".meshes",
                    "target": "for_each.meshes"
                },
                {
                    "source": ".translate",
                    "target": "for_each.translate"
                },
                {
                    "source": ".unity_scale",
                    "target": "for_each.unity_scale"
                },
                {
                    "source": "for_each.out_geometry",
                    "target": ".out_geometry"
                },
                {
                    "source": ".mesh_transforms",
                    "target": "array_is_empty.array"
                },
                {
                    "source": "array_is_empty.empty",
                    "target": "if.condition"
                },
                {
                    "source": "g2m_default_transform.transform",
                    "target": "build_array.first.transform"
                },
                {
                    "source": "build_array.array",
                    "target": "if.true_case"
                },
                {
                    "source": ".mesh_transforms",
                    "target": "if.false_case"
                },
                {
                    "source": "if.output",
                    "target": "for_each.mesh_transforms"
                },
                {
                    "source": ".rotate",
                    "target": "degrees_to_radians.degrees"
                },
                {
                    "source": "degrees_to_radians.radians",
                    "target": "for_each.rotate"
                }
            ],
            "values": [],
            "reservedNodeNames": [
                {
                    "name": "input"
                },
                {
                    "name": "output"
                }
            ]
        }
    ]
}