{
    "header": {
        "metadata": [
            {
                "metaName": "adskFileFormatVersion",
                "metaValue": "100L"
            }
        ]
    },
    "namespaces": [],
    "types": [],
    "compounds": [
        {
            "name": "BPM::please_1::math::g2m_triangle_solver_AAA",
            "uriImported": "stream:/bifrostGraphShape1",
            "metadata": [
                {
                    "metaName": "documentation",
                    "metaType": "string",
                    "metaValue": "docs/g2m_triangle_solver_AAA.md"
                },
                {
                    "metaName": "icon",
                    "metaType": "string",
                    "metaValue": "icons/g2m_default.png"
                },
                {
                    "metaName": "io_nodes",
                    "metadata": [
                        {
                            "metaName": "io_inodes",
                            "metadata": [
                                {
                                    "metaName": "input",
                                    "metadata": [
                                        {
                                            "metaName": "DisplayMode",
                                            "metaType": "string",
                                            "metaValue": "2"
                                        },
                                        {
                                            "metaName": "LayoutPos",
                                            "metaType": "string",
                                            "metaValue": "-1005 -63.5"
                                        },
                                        {
                                            "metaName": "io_ports",
                                            "metadata": [
                                                {
                                                    "metaName": "angle_A"
                                                },
                                                {
                                                    "metaName": "angle_B"
                                                },
                                                {
                                                    "metaName": "angle_C"
                                                }
                                            ]
                                        }
                                    ]
                                }
                            ]
                        },
                        {
                            "metaName": "io_onodes",
                            "metadata": [
                                {
                                    "metaName": "output",
                                    "metadata": [
                                        {
                                            "metaName": "DisplayMode",
                                            "metaType": "string",
                                            "metaValue": "2"
                                        },
                                        {
                                            "metaName": "io_ports",
                                            "metadata": [
                                                {
                                                    "metaName": "side_a"
                                                },
                                                {
                                                    "metaName": "side_b"
                                                },
                                                {
                                                    "metaName": "side_c"
                                                }
                                            ]
                                        },
                                        {
                                            "metaName": "LayoutPos",
                                            "metaType": "string",
                                            "metaValue": "2394.35 -508.1"
                                        }
                                    ]
                                }
                            ]
                        }
                    ]
                },
                {
                    "metaName": "backdrop",
                    "metadata": [
                        {
                            "metaName": "type",
                            "metaType": "string",
                            "metaValue": "backdrop"
                        },
                        {
                            "metaName": "coords",
                            "metaType": "string",
                            "metaValue": "-594.975 -861.998 1297.28 593.701"
                        },
                        {
                            "metaName": "text",
                            "metaType": "string",
                            "metaValue": "A \u6700\u5927\uff0c\u8a2d\u6700\u5927\u908a\u7232 1"
                        }
                    ]
                },
                {
                    "metaName": "_recentNode_",
                    "metaType": "string",
                    "metaValue": "BifrostGraph,Core::Logic,if"
                },
                {
                    "metaName": "_recentNode_",
                    "metaType": "string",
                    "metaValue": "BifrostGraph,G2M::math,g2m_triangle_solver_AAS"
                },
                {
                    "metaName": "_recentNode_",
                    "metaType": "string",
                    "metaValue": "BifrostGraph,Core::Graph,pass"
                },
                {
                    "metaName": "_recentNode_",
                    "metaType": "string",
                    "metaValue": "BifrostGraph,Core::Constants,float"
                },
                {
                    "metaName": "_recentNode_",
                    "metaType": "string",
                    "metaValue": "BifrostGraph,Core::Logic,and"
                },
                {
                    "metaName": "backdrop1",
                    "metadata": [
                        {
                            "metaName": "type",
                            "metaType": "string",
                            "metaValue": "backdrop"
                        },
                        {
                            "metaName": "coords",
                            "metaType": "string",
                            "metaValue": "-564.342 -73.1738 1288.76 650.136"
                        }
                    ]
                },
                {
                    "metaName": "backdrop2",
                    "metadata": [
                        {
                            "metaName": "type",
                            "metaType": "string",
                            "metaValue": "backdrop"
                        },
                        {
                            "metaName": "coords",
                            "metaType": "string",
                            "metaValue": "-77.4575 704.971 803.362 373.989"
                        }
                    ]
                },
                {
                    "metaName": "ViewportRect",
                    "metaType": "string",
                    "metaValue": "-1143.14 -707.95 2872.8 1573.24"
                },
                {
                    "metaName": "DisplayMode",
                    "metaType": "string",
                    "metaValue": "2"
                },
                {
                    "metaName": "LayoutPos",
                    "metaType": "string",
                    "metaValue": "1195.55 640.423"
                }
            ],
            "ports": [
                {
                    "portName": "angle_A",
                    "portDirection": "input",
                    "portType": "float",
                    "portDefault": "0f"
                },
                {
                    "portName": "angle_B",
                    "portDirection": "input",
                    "portType": "float",
                    "portDefault": "0f"
                },
                {
                    "portName": "angle_C",
                    "portDirection": "input",
                    "portType": "float",
                    "portDefault": "0f"
                },
                {
                    "portName": "side_a",
                    "portDirection": "output"
                },
                {
                    "portName": "side_b",
                    "portDirection": "output"
                },
                {
                    "portName": "side_c",
                    "portDirection": "output"
                }
            ],
            "compoundNodes": [
                {
                    "nodeName": "greater_or_equal",
                    "nodeType": "Core::Logic::greater_or_equal",
                    "metadata": [
                        {
                            "metaName": "DisplayMode",
                            "metaType": "string",
                            "metaValue": "2"
                        },
                        {
                            "metaName": "LayoutPos",
                            "metaType": "string",
                            "metaValue": "-475.387 -851.998"
                        }
                    ]
                },
                {
                    "nodeName": "greater_or_equal1",
                    "nodeType": "Core::Logic::greater_or_equal",
                    "metadata": [
                        {
                            "metaName": "DisplayMode",
                            "metaType": "string",
                            "metaValue": "2"
                        },
                        {
                            "metaName": "LayoutPos",
                            "metaType": "string",
                            "metaValue": "-469.387 -662.998"
                        }
                    ]
                },
                {
                    "nodeName": "and",
                    "nodeType": "Core::Logic::and",
                    "metadata": [
                        {
                            "metaName": "DisplayMode",
                            "metaType": "string",
                            "metaValue": "2"
                        },
                        {
                            "metaName": "LayoutPos",
                            "metaType": "string",
                            "metaValue": "-219.387 -781.998"
                        }
                    ]
                },
                {
                    "nodeName": "if",
                    "nodeType": "Core::Logic::if",
                    "metadata": [
                        {
                            "metaName": "DisplayMode",
                            "metaType": "string",
                            "metaValue": "2"
                        },
                        {
                            "metaName": "LayoutPos",
                            "metaType": "string",
                            "metaValue": "1253.01 -799.211"
                        }
                    ]
                },
                {
                    "nodeName": "value",
                    "valueType": "float",
                    "metadata": [
                        {
                            "metaName": "valuenode_defaultvalue",
                            "metaType": "string",
                            "metaValue": "0"
                        },
                        {
                            "metaName": "DisplayMode",
                            "metaType": "string",
                            "metaValue": "2"
                        },
                        {
                            "metaName": "LayoutPos",
                            "metaType": "string",
                            "metaValue": "-330.716 -487.768"
                        }
                    ]
                },
                {
                    "nodeName": "g2m_triangle_solver_AAS",
                    "nodeType": "BPM::please_1::math::g2m_triangle_solver_AAS",
                    "metadata": [
                        {
                            "metaName": "DisplayMode",
                            "metaType": "string",
                            "metaValue": "2"
                        },
                        {
                            "metaName": "LayoutPos",
                            "metaType": "string",
                            "metaValue": "240.133 -549.297"
                        }
                    ]
                },
                {
                    "nodeName": "greater_or_equal2",
                    "nodeType": "Core::Logic::greater_or_equal",
                    "metadata": [
                        {
                            "metaName": "DisplayMode",
                            "metaType": "string",
                            "metaValue": "2"
                        },
                        {
                            "metaName": "LayoutPos",
                            "metaType": "string",
                            "metaValue": "-554.342 -63.1738"
                        }
                    ]
                },
                {
                    "nodeName": "and1",
                    "nodeType": "Core::Logic::and",
                    "metadata": [
                        {
                            "metaName": "DisplayMode",
                            "metaType": "string",
                            "metaValue": "2"
                        },
                        {
                            "metaName": "LayoutPos",
                            "metaType": "string",
                            "metaValue": "-298.342 6.82621"
                        }
                    ]
                },
                {
                    "nodeName": "greater_or_equal3",
                    "nodeType": "Core::Logic::greater_or_equal",
                    "metadata": [
                        {
                            "metaName": "DisplayMode",
                            "metaType": "string",
                            "metaValue": "2"
                        },
                        {
                            "metaName": "LayoutPos",
                            "metaType": "string",
                            "metaValue": "-548.342 125.827"
                        }
                    ]
                },
                {
                    "nodeName": "if1",
                    "nodeType": "Core::Logic::if",
                    "metadata": [
                        {
                            "metaName": "DisplayMode",
                            "metaType": "string",
                            "metaValue": "2"
                        },
                        {
                            "metaName": "LayoutPos",
                            "metaType": "string",
                            "metaValue": "963.266 -275.78"
                        }
                    ]
                },
                {
                    "nodeName": "side_b",
                    "nodeType": "Core::Graph::pass",
                    "metadata": [
                        {
                            "metaName": "DisplayMode",
                            "metaType": "string",
                            "metaValue": "2"
                        },
                        {
                            "metaName": "LayoutPos",
                            "metaType": "string",
                            "metaValue": "-65.2622 247.366"
                        }
                    ]
                },
                {
                    "nodeName": "g2m_triangle_solver_AAS1",
                    "nodeType": "BPM::please_1::math::g2m_triangle_solver_AAS",
                    "metadata": [
                        {
                            "metaName": "DisplayMode",
                            "metaType": "string",
                            "metaValue": "2"
                        },
                        {
                            "metaName": "LayoutPos",
                            "metaType": "string",
                            "metaValue": "200.213 291.034"
                        }
                    ]
                },
                {
                    "nodeName": "side_c",
                    "nodeType": "Core::Graph::pass",
                    "metadata": [
                        {
                            "metaName": "DisplayMode",
                            "metaType": "string",
                            "metaValue": "2"
                        },
                        {
                            "metaName": "LayoutPos",
                            "metaType": "string",
                            "metaValue": "489.423 391.962"
                        }
                    ]
                },
                {
                    "nodeName": "side_a1",
                    "nodeType": "Core::Graph::pass",
                    "metadata": [
                        {
                            "metaName": "DisplayMode",
                            "metaType": "string",
                            "metaValue": "2"
                        },
                        {
                            "metaName": "LayoutPos",
                            "metaType": "string",
                            "metaValue": "488.307 222.248"
                        }
                    ]
                },
                {
                    "nodeName": "side_c1",
                    "nodeType": "Core::Graph::pass",
                    "metadata": [
                        {
                            "metaName": "DisplayMode",
                            "metaType": "string",
                            "metaValue": "2"
                        },
                        {
                            "metaName": "LayoutPos",
                            "metaType": "string",
                            "metaValue": "-67.4575 714.971"
                        }
                    ]
                },
                {
                    "nodeName": "g2m_triangle_solver_AAS2",
                    "nodeType": "BPM::please_1::math::g2m_triangle_solver_AAS",
                    "metadata": [
                        {
                            "metaName": "DisplayMode",
                            "metaType": "string",
                            "metaValue": "2"
                        },
                        {
                            "metaName": "LayoutPos",
                            "metaType": "string",
                            "metaValue": "196.44 797.96"
                        }
                    ]
                },
                {
                    "nodeName": "side_a2",
                    "nodeType": "Core::Graph::pass",
                    "metadata": [
                        {
                            "metaName": "DisplayMode",
                            "metaType": "string",
                            "metaValue": "2"
                        },
                        {
                            "metaName": "LayoutPos",
                            "metaType": "string",
                            "metaValue": "490.905 839.141"
                        }
                    ]
                },
                {
                    "nodeName": "if3",
                    "nodeType": "Core::Logic::if",
                    "metadata": [
                        {
                            "metaName": "DisplayMode",
                            "metaType": "string",
                            "metaValue": "2"
                        },
                        {
                            "metaName": "LayoutPos",
                            "metaType": "string",
                            "metaValue": "1638.98 -482.193"
                        }
                    ]
                },
                {
                    "nodeName": "if4",
                    "nodeType": "Core::Logic::if",
                    "metadata": [
                        {
                            "metaName": "DisplayMode",
                            "metaType": "string",
                            "metaValue": "2"
                        },
                        {
                            "metaName": "LayoutPos",
                            "metaType": "string",
                            "metaValue": "1972.32 -259.307"
                        }
                    ]
                },
                {
                    "nodeName": "if5",
                    "nodeType": "Core::Logic::if",
                    "metadata": [
                        {
                            "metaName": "DisplayMode",
                            "metaType": "string",
                            "metaValue": "2"
                        },
                        {
                            "metaName": "LayoutPos",
                            "metaType": "string",
                            "metaValue": "1295.3 -64.4234"
                        }
                    ]
                },
                {
                    "nodeName": "if6",
                    "nodeType": "Core::Logic::if",
                    "metadata": [
                        {
                            "metaName": "DisplayMode",
                            "metaType": "string",
                            "metaValue": "2"
                        },
                        {
                            "metaName": "LayoutPos",
                            "metaType": "string",
                            "metaValue": "1629.15 136.779"
                        }
                    ]
                }
            ],
            "connections": [
                {
                    "source": ".angle_A",
                    "target": "greater_or_equal.first"
                },
                {
                    "source": ".angle_B",
                    "target": "greater_or_equal.second"
                },
                {
                    "source": ".angle_A",
                    "target": "greater_or_equal1.first"
                },
                {
                    "source": ".angle_C",
                    "target": "greater_or_equal1.second"
                },
                {
                    "source": "greater_or_equal.output",
                    "target": "and.first"
                },
                {
                    "source": "greater_or_equal1.output",
                    "target": "and.second"
                },
                {
                    "source": "and.output",
                    "target": "if.condition"
                },
                {
                    "source": ".angle_A",
                    "target": "g2m_triangle_solver_AAS.angle_A"
                },
                {
                    "source": ".angle_B",
                    "target": "g2m_triangle_solver_AAS.angle_B"
                },
                {
                    "source": "greater_or_equal2.output",
                    "target": "and1.first"
                },
                {
                    "source": "and1.output",
                    "target": "if1.condition"
                },
                {
                    "source": "greater_or_equal3.output",
                    "target": "and1.second"
                },
                {
                    "source": ".angle_B",
                    "target": "greater_or_equal2.first"
                },
                {
                    "source": ".angle_A",
                    "target": "greater_or_equal2.second"
                },
                {
                    "source": ".angle_B",
                    "target": "greater_or_equal3.first"
                },
                {
                    "source": ".angle_C",
                    "target": "greater_or_equal3.second"
                },
                {
                    "source": "value.output",
                    "target": "side_b.input"
                },
                {
                    "source": "side_b.output",
                    "target": "g2m_triangle_solver_AAS1.side_a"
                },
                {
                    "source": ".angle_B",
                    "target": "g2m_triangle_solver_AAS1.angle_A"
                },
                {
                    "source": "value.output",
                    "target": "side_c1.input"
                },
                {
                    "source": "side_c1.output",
                    "target": "g2m_triangle_solver_AAS2.side_a"
                },
                {
                    "source": ".angle_C",
                    "target": "g2m_triangle_solver_AAS2.angle_A"
                },
                {
                    "source": ".angle_B",
                    "target": "g2m_triangle_solver_AAS2.angle_B"
                },
                {
                    "source": "g2m_triangle_solver_AAS2.side_c",
                    "target": "side_a2.input"
                },
                {
                    "source": "and.output",
                    "target": "if3.condition"
                },
                {
                    "source": "and.output",
                    "target": "if4.condition"
                },
                {
                    "source": "if.output",
                    "target": ".side_a"
                },
                {
                    "source": "if3.output",
                    "target": ".side_b"
                },
                {
                    "source": "if4.output",
                    "target": ".side_c"
                },
                {
                    "source": "g2m_triangle_solver_AAS.side_b",
                    "target": "if3.true_case"
                },
                {
                    "source": "g2m_triangle_solver_AAS.side_c",
                    "target": "if4.true_case"
                },
                {
                    "source": ".angle_A",
                    "target": "g2m_triangle_solver_AAS1.angle_B"
                },
                {
                    "source": "g2m_triangle_solver_AAS1.side_b",
                    "target": "side_a1.input"
                },
                {
                    "source": "g2m_triangle_solver_AAS1.side_c",
                    "target": "side_c.input"
                },
                {
                    "source": "and1.output",
                    "target": "if5.condition"
                },
                {
                    "source": "and1.output",
                    "target": "if6.condition"
                },
                {
                    "source": "value.output",
                    "target": "g2m_triangle_solver_AAS.side_a"
                },
                {
                    "source": "value.output",
                    "target": "if.true_case"
                },
                {
                    "source": "if1.output",
                    "target": "if.false_case"
                },
                {
                    "source": "value.output",
                    "target": "if5.true_case"
                },
                {
                    "source": "if5.output",
                    "target": "if3.false_case"
                },
                {
                    "source": "if6.output",
                    "target": "if4.false_case"
                },
                {
                    "source": "value.output",
                    "target": "if6.false_case"
                },
                {
                    "source": "side_a1.output",
                    "target": "if1.true_case"
                },
                {
                    "source": "side_c.output",
                    "target": "if6.true_case"
                },
                {
                    "source": "side_a2.output",
                    "target": "if1.false_case"
                },
                {
                    "source": "g2m_triangle_solver_AAS2.side_b",
                    "target": "if5.false_case"
                }
            ],
            "values": [
                {
                    "valueName": "value.value",
                    "valueType": "float",
                    "value": "1f"
                }
            ],
            "reservedNodeNames": [
                {
                    "name": "input"
                },
                {
                    "name": "output"
                }
            ]
        }
    ]
}