{
    "header": {
        "metadata": [
            {
                "metaName": "adskFileFormatVersion",
                "metaValue": "100L"
            }
        ]
    },
    "dependencies": [
        {
            "uri": "file:///bifrost_object_i.json"
        },
        {
            "uri": "file:///bifrost_geometry_query_types.json"
        },
        {
            "uri": "file:///Math_types.json"
        },
        {
            "uri": "file:///geometry_types.json"
        },
        {
            "uri": "file:///generate_sample_locations.json"
        },
        {
            "uri": "file:///Math_long.json"
        },
        {
            "uri": "file:///Math_float.json"
        },
        {
            "uri": "file:///Math_double.json"
        },
        {
            "uri": "file:///Math_char.json"
        },
        {
            "uri": "file:///Math_int.json"
        },
        {
            "uri": "file:///Math_short.json"
        },
        {
            "uri": "file:///Math_uchar.json"
        },
        {
            "uri": "file:///Math_uint.json"
        },
        {
            "uri": "file:///Math_ulong.json"
        },
        {
            "uri": "file:///Math_ushort.json"
        },
        {
            "uri": "file:///get_indexer_element.json"
        },
        {
            "uri": "file:///math_util.json"
        },
        {
            "uri": "file:///get_loc_element.json"
        },
        {
            "uri": "file:///invalid_index.json"
        },
        {
            "uri": "file:///get_mesh_geo_loc_data.json"
        },
        {
            "uri": "file:///Math_constants.json"
        },
        {
            "uri": "file:///max_weight.json"
        },
        {
            "uri": "file:///mesh_v_interp.json"
        },
        {
            "uri": "file:///CoreArrayOps.json"
        },
        {
            "uri": "file:///get_property_any.json"
        },
        {
            "uri": "file:///get_property.json"
        },
        {
            "uri": "file:///get_geo_property.json"
        },
        {
            "uri": "file:///create_object_from_schema.json"
        },
        {
            "uri": "file:///is_a.json"
        },
        {
            "uri": "file:///is_a_range_geo_property.json"
        },
        {
            "uri": "file:///get_range_geo_property.json"
        },
        {
            "uri": "file:///mesh_fv_interp.json"
        },
        {
            "uri": "file:///mesh_f_interp.json"
        },
        {
            "uri": "file:///Core_Array_empty_array.json"
        },
        {
            "uri": "file:///choose_mesh_values.json"
        },
        {
            "uri": "file:///get_sub_object.json"
        },
        {
            "uri": "file:///get_point_count.json"
        },
        {
            "uri": "file:///get_geo_component_count.json"
        },
        {
            "uri": "file:///get_mesh_structure.json"
        },
        {
            "uri": "file:///Math_bool.json"
        },
        {
            "uri": "file:///has_property.json"
        },
        {
            "uri": "file:///get_point_geo_loc_data.json"
        },
        {
            "uri": "file:///point_p_interp.json"
        },
        {
            "uri": "file:///sample_volume_property.json"
        },
        {
            "uri": "file:///Math_conversion.json"
        },
        {
            "uri": "file:///get_strands_structure.json"
        },
        {
            "uri": "file:///get_strand_geo_loc_data.json"
        },
        {
            "uri": "file:///Core_Constants_default_value.json"
        },
        {
            "uri": "file:///strand_p_interp.json"
        },
        {
            "uri": "file:///strand_s_interp.json"
        },
        {
            "uri": "file:///choose_strand_values.json"
        },
        {
            "uri": "file:///get_geo_schema_type.json"
        },
        {
            "uri": "file:///switch_is_a.json"
        },
        {
            "uri": "file:///sample_property.json"
        },
        {
            "uri": "file:///Math_vector4_to_vector3.json"
        },
        {
            "uri": "file:///riv_types.json"
        },
        {
            "uri": "file:///point_types.json"
        },
        {
            "uri": "file:///FCurve.json"
        },
        {
            "uri": "file:///riv_ops.json"
        },
        {
            "uri": "file:///increment_decrement.json"
        },
        {
            "uri": "file:///Math_array.json"
        },
        {
            "uri": "file:///set_property_any.json"
        },
        {
            "uri": "file:///set_property.json"
        },
        {
            "uri": "file:///set_sub_object_property.json"
        },
        {
            "uri": "file:///validate_mesh.json"
        },
        {
            "uri": "file:///construct_mesh.json"
        },
        {
            "uri": "file:///Core_Array_slice_array.json"
        },
        {
            "uri": "file:///get_point_position.json"
        },
        {
            "uri": "file:///create_volume_geo_prop.json"
        },
        {
            "uri": "file:///is_a_mesh.json"
        },
        {
            "uri": "file:///is_a_strands.json"
        },
        {
            "uri": "file:///is_a_points.json"
        },
        {
            "uri": "file:///is_a_volume.json"
        },
        {
            "uri": "file:///get_target_component.json"
        },
        {
            "uri": "file:///create_data_geo_prop.json"
        },
        {
            "uri": "file:///set_geo_property.array.json"
        },
        {
            "uri": "file:///set_geo_property.scalar.json"
        },
        {
            "uri": "file:///erase_property.json"
        },
        {
            "uri": "file:///update_mesh_normals.json"
        },
        {
            "uri": "file:///Math_quaternion_to_matrix.json"
        },
        {
            "uri": "file:///Math_compose_transform_matrix.json"
        },
        {
            "uri": "file:///Math_vector3_to_vector4.json"
        },
        {
            "uri": "file:///Math_axis_angle_to_quaternion.json"
        },
        {
            "uri": "file:///Math_length_squared.json"
        },
        {
            "uri": "file:///Math_almost_equal.json"
        },
        {
            "uri": "file:///rotation_between_vectors.json"
        },
        {
            "uri": "file:///Math_multiply_quaternions.json"
        },
        {
            "uri": "file:///Math_rotate_by_quaternion.json"
        },
        {
            "uri": "file:///set_point_normal.json"
        },
        {
            "uri": "file:///create_mesh_sphere.json"
        }
    ],
    "namespaces": [],
    "types": [],
    "compounds": [
        {
            "name": "BPM::please_1::mesh::g2m_get_mesh_color",
            "uriImported": "stream",
            "metadata": [
                {
                    "metaName": "documentation",
                    "metaType": "string",
                    "metaValue": "docs/g2m_get_mesh_color.md"
                },
                {
                    "metaName": "icon",
                    "metaType": "string",
                    "metaValue": "icons/g2m_default.png"
                },
                {
                    "metaName": "io_nodes",
                    "metadata": [
                        {
                            "metaName": "io_inodes",
                            "metadata": [
                                {
                                    "metaName": "input",
                                    "metadata": [
                                        {
                                            "metaName": "io_metadata",
                                            "metadata": [
                                                {
                                                    "metaName": "DisplayMode",
                                                    "metaType": "string",
                                                    "metaValue": "2"
                                                },
                                                {
                                                    "metaName": "LayoutPos",
                                                    "metaType": "string",
                                                    "metaValue": "-1001.26 -143.956"
                                                }
                                            ]
                                        },
                                        {
                                            "metaName": "io_ports",
                                            "metadata": [
                                                {
                                                    "metaName": "In_Mesh"
                                                },
                                                {
                                                    "metaName": "Current_Color_Set"
                                                },
                                                {
                                                    "metaName": "is_clamp_value"
                                                },
                                                {
                                                    "metaName": "is_show_location"
                                                },
                                                {
                                                    "metaName": "location_seed"
                                                }
                                            ]
                                        }
                                    ]
                                }
                            ]
                        },
                        {
                            "metaName": "io_onodes"
                        }
                    ]
                },
                {
                    "metaName": "backdrop",
                    "metadata": [
                        {
                            "metaName": "type",
                            "metaType": "string",
                            "metaValue": "backdrop"
                        },
                        {
                            "metaName": "text",
                            "metaType": "string",
                            "metaValue": "\u986f\u793a\u4e00\u500b mesh ball \u5728\u63a1\u6a23\u4f4d\u7f6e\u3002"
                        },
                        {
                            "metaName": "coords",
                            "metaType": "string",
                            "metaValue": "-129.68 459.433 1085.68 523.776"
                        }
                    ]
                },
                {
                    "metaName": "_recentNode_",
                    "metaType": "string",
                    "metaValue": "BifrostGraph,Modeling::Strands,create_strands_along_normals"
                },
                {
                    "metaName": "_recentNode_",
                    "metaType": "string",
                    "metaValue": "BifrostGraph,Modeling::Strands,create_arrow_strands"
                },
                {
                    "metaName": "_recentNode_",
                    "metaType": "string",
                    "metaValue": "BifrostGraph,Core::Logic,if"
                },
                {
                    "metaName": "_recentNode_",
                    "metaType": "string",
                    "metaValue": "output"
                },
                {
                    "metaName": "_recentNode_",
                    "metaType": "string",
                    "metaValue": "BifrostGraph,Geometry::Query,sample_property"
                },
                {
                    "metaName": "ViewportRect",
                    "metaType": "string",
                    "metaValue": "-1112.8 -307.496 2372.58 1623.35"
                },
                {
                    "metaName": "DisplayMode",
                    "metaType": "string",
                    "metaValue": "2"
                },
                {
                    "metaName": "LayoutPos",
                    "metaType": "string",
                    "metaValue": "-447.068 -445.085"
                }
            ],
            "ports": [
                {
                    "portName": "In_Mesh",
                    "portDirection": "input",
                    "portType": "Amino::Object"
                },
                {
                    "portName": "Current_Color_Set",
                    "portDirection": "input",
                    "portType": "string"
                },
                {
                    "portName": "is_clamp_value",
                    "portDirection": "input",
                    "portType": "bool",
                    "portDefault": "true"
                },
                {
                    "portName": "RGB_float3",
                    "portDirection": "output",
                    "portType": "Math::float3"
                },
                {
                    "portName": "Alpha_float",
                    "portDirection": "output",
                    "portType": "float"
                },
                {
                    "portName": "sphere_on_sample_location",
                    "portDirection": "output"
                },
                {
                    "portName": "is_show_location",
                    "portDirection": "input",
                    "portType": "bool",
                    "portDefault": "true"
                },
                {
                    "portName": "location_seed",
                    "portDirection": "input",
                    "portType": "long",
                    "portDefault": "154"
                }
            ],
            "compoundNodes": [
                {
                    "nodeName": "generate_sample_locations",
                    "nodeType": "Geometry::Query::generate_sample_locations",
                    "metadata": [
                        {
                            "metaName": "DisplayMode",
                            "metaType": "string",
                            "metaValue": "2"
                        },
                        {
                            "metaName": "LayoutPos",
                            "metaType": "string",
                            "metaValue": "-675.605 15.3997"
                        }
                    ]
                },
                {
                    "nodeName": "get_from_array",
                    "nodeType": "Core::Array::get_from_array",
                    "metadata": [
                        {
                            "metaName": "DisplayMode",
                            "metaType": "string",
                            "metaValue": "2"
                        },
                        {
                            "metaName": "LayoutPos",
                            "metaType": "string",
                            "metaValue": "-220 -270.274"
                        }
                    ]
                },
                {
                    "nodeName": "sample_property",
                    "nodeType": "Geometry::Query::sample_property",
                    "metadata": [
                        {
                            "metaName": "DisplayMode",
                            "metaType": "string",
                            "metaValue": "2"
                        },
                        {
                            "metaName": "LayoutPos",
                            "metaType": "string",
                            "metaValue": "-492 -293"
                        }
                    ]
                },
                {
                    "nodeName": "vector4_to_vector3",
                    "nodeType": "Core::Conversion::vector4_to_vector3",
                    "metadata": [
                        {
                            "metaName": "DisplayMode",
                            "metaType": "string",
                            "metaValue": "2"
                        },
                        {
                            "metaName": "LayoutPos",
                            "metaType": "string",
                            "metaValue": "594.209 -28.49"
                        }
                    ]
                },
                {
                    "nodeName": "clamp",
                    "nodeType": "Core::Math::clamp",
                    "metadata": [
                        {
                            "metaName": "DisplayMode",
                            "metaType": "string",
                            "metaValue": "2"
                        },
                        {
                            "metaName": "LayoutPos",
                            "metaType": "string",
                            "metaValue": "56.043 -290.828"
                        }
                    ]
                },
                {
                    "nodeName": "if_clamp_values",
                    "nodeType": "Core::Logic::if",
                    "metadata": [
                        {
                            "metaName": "DisplayMode",
                            "metaType": "string",
                            "metaValue": "2"
                        },
                        {
                            "metaName": "LayoutPos",
                            "metaType": "string",
                            "metaValue": "344.032 19.695"
                        }
                    ]
                },
                {
                    "nodeName": "create_mesh_sphere",
                    "nodeType": "Modeling::Primitive::create_mesh_sphere",
                    "metadata": [
                        {
                            "metaName": "DisplayMode",
                            "metaType": "string",
                            "metaValue": "2"
                        },
                        {
                            "metaName": "PortExpandedState",
                            "metadata": [
                                {
                                    "metaName": "Transform",
                                    "metaType": "string",
                                    "metaValue": "1"
                                }
                            ]
                        },
                        {
                            "metaName": "LayoutPos",
                            "metaType": "string",
                            "metaValue": "435.835 529.923"
                        }
                    ]
                },
                {
                    "nodeName": "position_of_the_location",
                    "nodeType": "Geometry::Query::sample_property",
                    "metadata": [
                        {
                            "metaName": "DisplayMode",
                            "metaType": "string",
                            "metaValue": "2"
                        },
                        {
                            "metaName": "LayoutPos",
                            "metaType": "string",
                            "metaValue": "-115.359 655.165"
                        }
                    ]
                },
                {
                    "nodeName": "get_from_array1",
                    "nodeType": "Core::Array::get_from_array",
                    "metadata": [
                        {
                            "metaName": "DisplayMode",
                            "metaType": "string",
                            "metaValue": "2"
                        },
                        {
                            "metaName": "LayoutPos",
                            "metaType": "string",
                            "metaValue": "166.362 626.844"
                        }
                    ]
                },
                {
                    "nodeName": "if_show_location",
                    "nodeType": "Core::Logic::if",
                    "metadata": [
                        {
                            "metaName": "DisplayMode",
                            "metaType": "string",
                            "metaValue": "2"
                        },
                        {
                            "metaName": "LayoutPos",
                            "metaType": "string",
                            "metaValue": "708.619 475.105"
                        }
                    ]
                }
            ],
            "connections": [
                {
                    "source": ".In_Mesh",
                    "target": "generate_sample_locations.geometry"
                },
                {
                    "source": "sample_property.sampled_data",
                    "target": "get_from_array.array"
                },
                {
                    "source": ".In_Mesh",
                    "target": "sample_property.geometry"
                },
                {
                    "source": "generate_sample_locations.sample_locations",
                    "target": "sample_property.locations"
                },
                {
                    "source": ".Current_Color_Set",
                    "target": "sample_property.property"
                },
                {
                    "source": "get_from_array.value",
                    "target": "clamp.value"
                },
                {
                    "source": "clamp.clamped",
                    "target": "if_clamp_values.true_case"
                },
                {
                    "source": "if_clamp_values.output",
                    "target": "vector4_to_vector3.vector4"
                },
                {
                    "source": "get_from_array.value",
                    "target": "if_clamp_values.false_case"
                },
                {
                    "source": ".is_clamp_value",
                    "target": "if_clamp_values.condition"
                },
                {
                    "source": "vector4_to_vector3.vector3",
                    "target": ".RGB_float3"
                },
                {
                    "source": "vector4_to_vector3.w",
                    "target": ".Alpha_float"
                },
                {
                    "source": "position_of_the_location.sampled_data",
                    "target": "get_from_array1.array"
                },
                {
                    "source": "get_from_array1.value",
                    "target": "create_mesh_sphere.position"
                },
                {
                    "source": ".In_Mesh",
                    "target": "position_of_the_location.geometry"
                },
                {
                    "source": "generate_sample_locations.sample_locations",
                    "target": "position_of_the_location.locations"
                },
                {
                    "source": "create_mesh_sphere.sphere_mesh",
                    "target": "if_show_location.true_case"
                },
                {
                    "source": "if_show_location.output",
                    "target": ".sphere_on_sample_location"
                },
                {
                    "source": ".is_show_location",
                    "target": "if_show_location.condition"
                },
                {
                    "source": ".location_seed",
                    "target": "generate_sample_locations.seed"
                }
            ],
            "values": [
                {
                    "valueName": "generate_sample_locations.amount",
                    "valueType": "double",
                    "value": "1"
                },
                {
                    "valueName": "generate_sample_locations.seed",
                    "valueType": "long",
                    "value": "0"
                },
                {
                    "valueName": "sample_property.default",
                    "valueType": "Math::float4",
                    "value": {
                        "x": "0f",
                        "y": "0f",
                        "z": "0f",
                        "w": "0f"
                    }
                },
                {
                    "valueName": "sample_property.property",
                    "valueType": "string",
                    "value": "colorSet1"
                },
                {
                    "valueName": "sample_property.method",
                    "valueType": "BifrostExp::Geometry::SampleMethod",
                    "value": "interpolated"
                },
                {
                    "valueName": "clamp.max",
                    "valueType": "Math::float4",
                    "value": {
                        "x": "1f",
                        "y": "1f",
                        "z": "1f",
                        "w": "1f"
                    }
                },
                {
                    "valueName": "create_mesh_sphere.radius",
                    "valueType": "float",
                    "value": "0.0199999996f"
                },
                {
                    "valueName": "create_mesh_sphere.height_segments",
                    "valueType": "int",
                    "value": "6L"
                },
                {
                    "valueName": "create_mesh_sphere.axis_segments",
                    "valueType": "int",
                    "value": "6L"
                },
                {
                    "valueName": "create_mesh_sphere.position",
                    "valueType": "Math::float3",
                    "value": {
                        "x": "0f",
                        "y": "0f",
                        "z": "0f"
                    }
                },
                {
                    "valueName": "create_mesh_sphere.up_axis",
                    "valueType": "Math::float3",
                    "value": {
                        "x": "0f",
                        "y": "1f",
                        "z": "0f"
                    }
                },
                {
                    "valueName": "create_mesh_sphere.base_to_pivot",
                    "valueType": "bool",
                    "value": "false"
                },
                {
                    "valueName": "position_of_the_location.default",
                    "valueType": "Math::float3",
                    "value": {
                        "x": "0f",
                        "y": "0f",
                        "z": "0f"
                    }
                },
                {
                    "valueName": "position_of_the_location.property",
                    "valueType": "string",
                    "value": "point_position"
                },
                {
                    "valueName": "position_of_the_location.method",
                    "valueType": "BifrostExp::Geometry::SampleMethod",
                    "value": "interpolated"
                }
            ]
        }
    ]
}