{
    "header": {
        "metadata": [
            {
                "metaName": "adskFileFormatVersion",
                "metaValue": "100L"
            }
        ]
    },
    "namespaces": [],
    "types": [],
    "compounds": [
        {
            "name": "BPM::please_1::fx::mj_record_particles_position",
            "uriImported": "stream:/bifrostGraphShape1",
            "metadata": [
                {
                    "metaName": "io_nodes",
                    "metadata": [
                        {
                            "metaName": "io_inodes",
                            "metadata": [
                                {
                                    "metaName": "input",
                                    "metadata": [
                                        {
                                            "metaName": "DisplayMode",
                                            "metaType": "string",
                                            "metaValue": "2"
                                        },
                                        {
                                            "metaName": "LayoutPos",
                                            "metaType": "string",
                                            "metaValue": "-844 -55"
                                        },
                                        {
                                            "metaName": "io_ports",
                                            "metadata": [
                                                {
                                                    "metaName": "particles"
                                                },
                                                {
                                                    "metaName": "feedback_positions"
                                                },
                                                {
                                                    "metaName": "feedback_offset"
                                                },
                                                {
                                                    "metaName": "feedback_point_id"
                                                },
                                                {
                                                    "metaName": "start_frame"
                                                }
                                            ]
                                        }
                                    ]
                                }
                            ]
                        },
                        {
                            "metaName": "io_onodes",
                            "metadata": [
                                {
                                    "metaName": "output",
                                    "metadata": [
                                        {
                                            "metaName": "DisplayMode",
                                            "metaType": "string",
                                            "metaValue": "2"
                                        },
                                        {
                                            "metaName": "LayoutPos",
                                            "metaType": "string",
                                            "metaValue": "1037.83 -264.154"
                                        },
                                        {
                                            "metaName": "io_ports",
                                            "metadata": [
                                                {
                                                    "metaName": "positions"
                                                },
                                                {
                                                    "metaName": "offsets"
                                                },
                                                {
                                                    "metaName": "point_id"
                                                }
                                            ]
                                        }
                                    ]
                                }
                            ]
                        }
                    ]
                },
                {
                    "metaName": "_recentNode_",
                    "metaType": "string",
                    "metaValue": "BifrostGraph,Simulation::Common,should_simulate"
                },
                {
                    "metaName": "_recentNode_",
                    "metaType": "string",
                    "metaValue": "BifrostGraph,Core::Constants,float"
                },
                {
                    "metaName": "_recentNode_",
                    "metaType": "string",
                    "metaValue": "BifrostGraph,Core::Array,build_array"
                },
                {
                    "metaName": "_recentNode_",
                    "metaType": "string",
                    "metaValue": "BifrostGraph,Geometry::Properties,get_point_count"
                },
                {
                    "metaName": "_recentNode_",
                    "metaType": "string",
                    "metaValue": "BifrostGraph,Core::Array,empty_array"
                },
                {
                    "metaName": "ViewportRect",
                    "metaType": "string",
                    "metaValue": "-1053.32 -679.44 2243.29 1190.49"
                },
                {
                    "metaName": "DisplayMode",
                    "metaType": "string",
                    "metaValue": "2"
                },
                {
                    "metaName": "LayoutPos",
                    "metaType": "string",
                    "metaValue": "927.306 -31.7972"
                }
            ],
            "ports": [
                {
                    "portName": "particles",
                    "portDirection": "input",
                    "portType": "Amino::Object",
                    "portDefault": {}
                },
                {
                    "portName": "feedback_positions",
                    "portDirection": "input",
                    "portType": "array<Math::float3>",
                    "portDefault": [],
                    "linkedFeedbackPort": "positions",
                    "metadata": [
                        {
                            "metaName": "TypeWranglingSuggestedTypes",
                            "metaType": "string",
                            "metaValue": "float, long, uint, bool, string, Math::float2, Math::float3, Math::float4, Math::float3x3, Math::float4x4, Amino::Object"
                        }
                    ]
                },
                {
                    "portName": "feedback_offset",
                    "portDirection": "input",
                    "portType": "array<uint>",
                    "portDefault": [],
                    "linkedFeedbackPort": "offsets"
                },
                {
                    "portName": "positions",
                    "portDirection": "output"
                },
                {
                    "portName": "offsets",
                    "portDirection": "output"
                },
                {
                    "portName": "feedback_point_id",
                    "portDirection": "input",
                    "portType": "array<long>",
                    "portDefault": [],
                    "linkedFeedbackPort": "point_id"
                },
                {
                    "portName": "start_frame",
                    "portDirection": "input",
                    "portType": "float",
                    "portDefault": "1f"
                },
                {
                    "portName": "point_id",
                    "portDirection": "output"
                }
            ],
            "compounds": [
                {
                    "name": "reset_at_start",
                    "uriImported": "stream:/bifrostGraphShape1",
                    "metadata": [
                        {
                            "metaName": "io_nodes",
                            "metadata": [
                                {
                                    "metaName": "io_inodes",
                                    "metadata": [
                                        {
                                            "metaName": "input",
                                            "metadata": [
                                                {
                                                    "metaName": "DisplayMode",
                                                    "metaType": "string",
                                                    "metaValue": "2"
                                                },
                                                {
                                                    "metaName": "io_ports",
                                                    "metadata": [
                                                        {
                                                            "metaName": "feedback_positions"
                                                        },
                                                        {
                                                            "metaName": "feedback_offset"
                                                        },
                                                        {
                                                            "metaName": "feedback_point_id"
                                                        },
                                                        {
                                                            "metaName": "start_frame"
                                                        }
                                                    ]
                                                },
                                                {
                                                    "metaName": "LayoutPos",
                                                    "metaType": "string",
                                                    "metaValue": "-298.016 349.722"
                                                }
                                            ]
                                        }
                                    ]
                                },
                                {
                                    "metaName": "io_onodes",
                                    "metadata": [
                                        {
                                            "metaName": "output",
                                            "metadata": [
                                                {
                                                    "metaName": "DisplayMode",
                                                    "metaType": "string",
                                                    "metaValue": "2"
                                                },
                                                {
                                                    "metaName": "LayoutPos",
                                                    "metaType": "string",
                                                    "metaValue": "1299.07 598.345"
                                                },
                                                {
                                                    "metaName": "io_ports",
                                                    "metadata": [
                                                        {
                                                            "metaName": "positions"
                                                        },
                                                        {
                                                            "metaName": "offset"
                                                        },
                                                        {
                                                            "metaName": "point_id"
                                                        }
                                                    ]
                                                }
                                            ]
                                        }
                                    ]
                                }
                            ]
                        },
                        {
                            "metaName": "_recentNode_",
                            "metaType": "string",
                            "metaValue": "BifrostGraph,Core::Logic,if"
                        },
                        {
                            "metaName": "_recentNode_",
                            "metaType": "string",
                            "metaValue": "BifrostGraph,Core::Constants,float"
                        },
                        {
                            "metaName": "_recentNode_",
                            "metaType": "string",
                            "metaValue": "BifrostGraph,Core::Logic,less_or_equal"
                        },
                        {
                            "metaName": "_recentNode_",
                            "metaType": "string",
                            "metaValue": "BifrostGraph,Core::Time,time"
                        },
                        {
                            "metaName": "_recentNode_",
                            "metaType": "string",
                            "metaValue": "BifrostGraph,Core::Array,build_array"
                        },
                        {
                            "metaName": "ViewportRect",
                            "metaType": "string",
                            "metaValue": "-404.777 218.577 1765.01 936.674"
                        }
                    ],
                    "ports": [
                        {
                            "portName": "feedback_positions",
                            "portDirection": "input",
                            "portType": "array<Math::float3>"
                        },
                        {
                            "portName": "feedback_offset",
                            "portDirection": "input",
                            "portType": "array<uint>"
                        },
                        {
                            "portName": "feedback_point_id",
                            "portDirection": "input",
                            "portType": "array<long>"
                        },
                        {
                            "portName": "start_frame",
                            "portDirection": "input",
                            "portType": "float"
                        },
                        {
                            "portName": "positions",
                            "portDirection": "output"
                        },
                        {
                            "portName": "offset",
                            "portDirection": "output"
                        },
                        {
                            "portName": "point_id",
                            "portDirection": "output"
                        }
                    ],
                    "compoundNodes": [
                        {
                            "nodeName": "time",
                            "nodeType": "Core::Time::time",
                            "metadata": [
                                {
                                    "metaName": "DisplayMode",
                                    "metaType": "string",
                                    "metaValue": "2"
                                },
                                {
                                    "metaName": "LayoutPos",
                                    "metaType": "string",
                                    "metaValue": "-0.4109 55.4608"
                                }
                            ]
                        },
                        {
                            "nodeName": "less_or_equal",
                            "nodeType": "Core::Logic::less_or_equal",
                            "metadata": [
                                {
                                    "metaName": "DisplayMode",
                                    "metaType": "string",
                                    "metaValue": "2"
                                },
                                {
                                    "metaName": "LayoutPos",
                                    "metaType": "string",
                                    "metaValue": "270.228 93.4264"
                                }
                            ]
                        },
                        {
                            "nodeName": "if",
                            "nodeType": "Core::Logic::if",
                            "metadata": [
                                {
                                    "metaName": "DisplayMode",
                                    "metaType": "string",
                                    "metaValue": "2"
                                },
                                {
                                    "metaName": "LayoutPos",
                                    "metaType": "string",
                                    "metaValue": "928.137 275.336"
                                }
                            ]
                        },
                        {
                            "nodeName": "value",
                            "valueType": "array<Math::float3>",
                            "metadata": [
                                {
                                    "metaName": "DisplayMode",
                                    "metaType": "string",
                                    "metaValue": "2"
                                },
                                {
                                    "metaName": "valuenode_defaultvalue",
                                    "metaType": "string",
                                    "metaValue": "0"
                                },
                                {
                                    "metaName": "valuenode_defaultvalue",
                                    "metaType": "string",
                                    "metaValue": "0"
                                },
                                {
                                    "metaName": "valuenode_defaultvalue",
                                    "metaType": "string",
                                    "metaValue": "0"
                                },
                                {
                                    "metaName": "LayoutPos",
                                    "metaType": "string",
                                    "metaValue": "687.981 317.479"
                                }
                            ]
                        },
                        {
                            "nodeName": "value1",
                            "valueType": "array<uint>",
                            "metadata": [
                                {
                                    "metaName": "DisplayMode",
                                    "metaType": "string",
                                    "metaValue": "2"
                                },
                                {
                                    "metaName": "valuenode_defaultvalue",
                                    "metaType": "string",
                                    "metaValue": "0"
                                },
                                {
                                    "metaName": "LayoutPos",
                                    "metaType": "string",
                                    "metaValue": "692.487 667.418"
                                }
                            ]
                        },
                        {
                            "nodeName": "if1",
                            "nodeType": "Core::Logic::if",
                            "metadata": [
                                {
                                    "metaName": "DisplayMode",
                                    "metaType": "string",
                                    "metaValue": "2"
                                },
                                {
                                    "metaName": "LayoutPos",
                                    "metaType": "string",
                                    "metaValue": "940.54 620.762"
                                }
                            ]
                        },
                        {
                            "nodeName": "value2",
                            "valueType": "array<long>",
                            "metadata": [
                                {
                                    "metaName": "DisplayMode",
                                    "metaType": "string",
                                    "metaValue": "2"
                                },
                                {
                                    "metaName": "valuenode_defaultvalue",
                                    "metaType": "string",
                                    "metaValue": "0"
                                },
                                {
                                    "metaName": "LayoutPos",
                                    "metaType": "string",
                                    "metaValue": "677.42 975.853"
                                }
                            ]
                        },
                        {
                            "nodeName": "if2",
                            "nodeType": "Core::Logic::if",
                            "metadata": [
                                {
                                    "metaName": "DisplayMode",
                                    "metaType": "string",
                                    "metaValue": "2"
                                },
                                {
                                    "metaName": "LayoutPos",
                                    "metaType": "string",
                                    "metaValue": "940.992 930.014"
                                }
                            ]
                        }
                    ],
                    "connections": [
                        {
                            "source": "time.frame",
                            "target": "less_or_equal.first"
                        },
                        {
                            "source": ".start_frame",
                            "target": "less_or_equal.second"
                        },
                        {
                            "source": "less_or_equal.output",
                            "target": "if.condition"
                        },
                        {
                            "source": "value.output",
                            "target": "if.true_case"
                        },
                        {
                            "source": ".feedback_positions",
                            "target": "if.false_case"
                        },
                        {
                            "source": "if.output",
                            "target": ".positions"
                        },
                        {
                            "source": "value1.output",
                            "target": "if1.true_case"
                        },
                        {
                            "source": ".feedback_offset",
                            "target": "if1.false_case"
                        },
                        {
                            "source": "less_or_equal.output",
                            "target": "if1.condition"
                        },
                        {
                            "source": "less_or_equal.output",
                            "target": "if2.condition"
                        },
                        {
                            "source": "value2.output",
                            "target": "if2.true_case"
                        },
                        {
                            "source": ".feedback_point_id",
                            "target": "if2.false_case"
                        },
                        {
                            "source": "if1.output",
                            "target": ".offset"
                        },
                        {
                            "source": "if2.output",
                            "target": ".point_id"
                        }
                    ],
                    "values": [
                        {
                            "valueName": "value.value",
                            "valueType": "array<Math::float3>",
                            "value": []
                        },
                        {
                            "valueName": "value1.value",
                            "valueType": "array<uint>",
                            "value": []
                        },
                        {
                            "valueName": "value2.value",
                            "valueType": "array<long>",
                            "value": []
                        }
                    ],
                    "reservedNodeNames": [
                        {
                            "name": "input"
                        },
                        {
                            "name": "output"
                        }
                    ]
                }
            ],
            "compoundNodes": [
                {
                    "nodeName": "get_point_position",
                    "nodeType": "Geometry::Properties::get_point_position",
                    "metadata": [
                        {
                            "metaName": "DisplayMode",
                            "metaType": "string",
                            "metaValue": "2"
                        },
                        {
                            "metaName": "LayoutPos",
                            "metaType": "string",
                            "metaValue": "-12.4242 -612.986"
                        }
                    ]
                },
                {
                    "nodeName": "should_simulate",
                    "nodeType": "Simulation::Common::should_simulate",
                    "metadata": [
                        {
                            "metaName": "DisplayMode",
                            "metaType": "string",
                            "metaValue": "2"
                        },
                        {
                            "metaName": "LayoutPos",
                            "metaType": "string",
                            "metaValue": "591.995 -671.956"
                        }
                    ]
                },
                {
                    "nodeName": "build_array",
                    "nodeType": "Core::Array::build_array",
                    "multiInPortNames": [
                        "positions",
                        "point_position"
                    ],
                    "metadata": [
                        {
                            "metaName": "DisplayMode",
                            "metaType": "string",
                            "metaValue": "2"
                        },
                        {
                            "metaName": "LayoutPos",
                            "metaType": "string",
                            "metaValue": "233.978 -662.801"
                        }
                    ]
                },
                {
                    "nodeName": "get_point_count",
                    "nodeType": "Geometry::Properties::get_point_count",
                    "metadata": [
                        {
                            "metaName": "DisplayMode",
                            "metaType": "string",
                            "metaValue": "2"
                        },
                        {
                            "metaName": "LayoutPos",
                            "metaType": "string",
                            "metaValue": "-5.23829 -196.902"
                        }
                    ]
                },
                {
                    "nodeName": "build_array1",
                    "nodeType": "Core::Array::build_array",
                    "multiInPortNames": [
                        "feedback_offset",
                        "count"
                    ],
                    "metadata": [
                        {
                            "metaName": "DisplayMode",
                            "metaType": "string",
                            "metaValue": "2"
                        },
                        {
                            "metaName": "LayoutPos",
                            "metaType": "string",
                            "metaValue": "258.822 -244.209"
                        }
                    ]
                },
                {
                    "nodeName": "reset_at_start",
                    "nodeType": "reset_at_start",
                    "metadata": [
                        {
                            "metaName": "DisplayMode",
                            "metaType": "string",
                            "metaValue": "2"
                        },
                        {
                            "metaName": "LayoutPos",
                            "metaType": "string",
                            "metaValue": "-387.824 -58.9003"
                        }
                    ]
                },
                {
                    "nodeName": "get_geo_property",
                    "nodeType": "Geometry::Properties::get_geo_property",
                    "metadata": [
                        {
                            "metaName": "DisplayMode",
                            "metaType": "string",
                            "metaValue": "2"
                        },
                        {
                            "metaName": "LayoutPos",
                            "metaType": "string",
                            "metaValue": "-0.512612 198.301"
                        }
                    ]
                },
                {
                    "nodeName": "build_array2",
                    "nodeType": "Core::Array::build_array",
                    "multiInPortNames": [
                        "point_id",
                        "data"
                    ],
                    "metadata": [
                        {
                            "metaName": "DisplayMode",
                            "metaType": "string",
                            "metaValue": "2"
                        },
                        {
                            "metaName": "LayoutPos",
                            "metaType": "string",
                            "metaValue": "265.983 118.268"
                        }
                    ]
                },
                {
                    "nodeName": "should_simulate1",
                    "nodeType": "Simulation::Common::should_simulate",
                    "metadata": [
                        {
                            "metaName": "DisplayMode",
                            "metaType": "string",
                            "metaValue": "2"
                        },
                        {
                            "metaName": "LayoutPos",
                            "metaType": "string",
                            "metaValue": "590.745 -247.741"
                        }
                    ]
                },
                {
                    "nodeName": "should_simulate2",
                    "nodeType": "Simulation::Common::should_simulate",
                    "metadata": [
                        {
                            "metaName": "DisplayMode",
                            "metaType": "string",
                            "metaValue": "2"
                        },
                        {
                            "metaName": "LayoutPos",
                            "metaType": "string",
                            "metaValue": "583.483 95.0586"
                        }
                    ]
                }
            ],
            "connections": [
                {
                    "source": "build_array.array",
                    "target": "should_simulate.object"
                },
                {
                    "source": ".feedback_positions",
                    "target": "should_simulate.prev_object"
                },
                {
                    "source": ".particles",
                    "target": "get_point_position.geometry"
                },
                {
                    "source": ".particles",
                    "target": "get_point_count.geometry"
                },
                {
                    "source": ".feedback_positions",
                    "target": "reset_at_start.feedback_positions"
                },
                {
                    "source": ".start_frame",
                    "target": "reset_at_start.start_frame"
                },
                {
                    "source": "get_point_count.count",
                    "target": "build_array1.first.count"
                },
                {
                    "source": "reset_at_start.positions",
                    "target": "build_array.first.positions"
                },
                {
                    "source": "get_point_position.point_position",
                    "target": "build_array.first.point_position"
                },
                {
                    "source": "should_simulate.out_object",
                    "target": ".positions"
                },
                {
                    "source": ".particles",
                    "target": "get_geo_property.geometry"
                },
                {
                    "source": ".feedback_offset",
                    "target": "reset_at_start.feedback_offset"
                },
                {
                    "source": ".feedback_point_id",
                    "target": "reset_at_start.feedback_point_id"
                },
                {
                    "source": "reset_at_start.offset",
                    "target": "build_array1.first.feedback_offset"
                },
                {
                    "source": "reset_at_start.point_id",
                    "target": "build_array2.first.point_id"
                },
                {
                    "source": "get_geo_property.data",
                    "target": "build_array2.first.data"
                },
                {
                    "source": "build_array1.array",
                    "target": "should_simulate1.object"
                },
                {
                    "source": "should_simulate1.out_object",
                    "target": ".offsets"
                },
                {
                    "source": "build_array2.array",
                    "target": "should_simulate2.object"
                },
                {
                    "source": ".feedback_point_id",
                    "target": "should_simulate2.prev_object"
                },
                {
                    "source": "should_simulate2.out_object",
                    "target": ".point_id"
                },
                {
                    "source": ".start_frame",
                    "target": "should_simulate.start_frame"
                },
                {
                    "source": ".feedback_offset",
                    "target": "should_simulate1.prev_object"
                },
                {
                    "source": ".start_frame",
                    "target": "should_simulate1.start_frame"
                },
                {
                    "source": ".start_frame",
                    "target": "should_simulate2.start_frame"
                }
            ],
            "values": [
                {
                    "valueName": "should_simulate.start_frame",
                    "valueType": "float",
                    "value": "1f"
                },
                {
                    "valueName": "get_geo_property.property",
                    "valueType": "string",
                    "value": "point_id"
                },
                {
                    "valueName": "get_geo_property.type",
                    "valueType": "array<long>",
                    "value": []
                },
                {
                    "valueName": "should_simulate1.start_frame",
                    "valueType": "float",
                    "value": "1f"
                },
                {
                    "valueName": "should_simulate2.start_frame",
                    "valueType": "float",
                    "value": "1f"
                }
            ],
            "reservedNodeNames": [
                {
                    "name": "input"
                },
                {
                    "name": "output"
                }
            ]
        }
    ]
}