{
    "header": {
        "metadata": [
            {
                "metaName": "adskFileFormatVersion",
                "metaValue": "100L"
            }
        ]
    },
    "dependencies": [
        {
            "uri": "file:///Math_types.json"
        },
        {
            "uri": "file:///Math_long.json"
        },
        {
            "uri": "file:///Math_float.json"
        },
        {
            "uri": "file:///Math_double.json"
        },
        {
            "uri": "file:///Math_char.json"
        },
        {
            "uri": "file:///Math_int.json"
        },
        {
            "uri": "file:///Math_short.json"
        },
        {
            "uri": "file:///Math_uchar.json"
        },
        {
            "uri": "file:///Math_uint.json"
        },
        {
            "uri": "file:///Math_ulong.json"
        },
        {
            "uri": "file:///Math_ushort.json"
        },
        {
            "uri": "file:///bifrost_object_i.json"
        },
        {
            "uri": "file:///riv_types.json"
        },
        {
            "uri": "file:///point_types.json"
        },
        {
            "uri": "file:///FCurve.json"
        },
        {
            "uri": "file:///riv_ops.json"
        },
        {
            "uri": "file:///Core_Array_sum_array_impl.json"
        },
        {
            "uri": "file:///Core_Array_sum_array.json"
        },
        {
            "uri": "file:///Math_conversion.json"
        },
        {
            "uri": "file:///bifrost_geometry_query_types.json"
        },
        {
            "uri": "file:///geometry_types.json"
        },
        {
            "uri": "file:///set_property_any.json"
        },
        {
            "uri": "file:///set_property.json"
        },
        {
            "uri": "file:///update_mesh_adjacency.json"
        },
        {
            "uri": "file:///CoreArrayOps.json"
        },
        {
            "uri": "file:///get_property_any.json"
        },
        {
            "uri": "file:///get_property.json"
        },
        {
            "uri": "file:///get_geo_property.json"
        },
        {
            "uri": "file:///get_geo_component_count.json"
        },
        {
            "uri": "file:///get_mesh_structure.json"
        },
        {
            "uri": "file:///access_offset_array.json"
        },
        {
            "uri": "file:///Math_array.json"
        }
    ],
    "namespaces": [],
    "types": [],
    "compounds": [
        {
            "name": "BPM::please_1::kmdani::Converters::promote_face_vertex_property_to_point",
            "uriImported": "stream:/bifrostGraphShape1",
            "metadata": [
                {
                    "metaName": "io_nodes",
                    "metadata": [
                        {
                            "metaName": "io_inodes",
                            "metadata": [
                                {
                                    "metaName": "input",
                                    "metadata": [
                                        {
                                            "metaName": "DisplayMode",
                                            "metaType": "string",
                                            "metaValue": "2"
                                        },
                                        {
                                            "metaName": "LayoutPos",
                                            "metaType": "string",
                                            "metaValue": "-1886.68 -330.338"
                                        },
                                        {
                                            "metaName": "io_ports",
                                            "metadata": [
                                                {
                                                    "metaName": "cube_mesh"
                                                },
                                                {
                                                    "metaName": "property"
                                                },
                                                {
                                                    "metaName": "type"
                                                }
                                            ]
                                        }
                                    ]
                                }
                            ]
                        },
                        {
                            "metaName": "io_onodes",
                            "metadata": [
                                {
                                    "metaName": "output",
                                    "metadata": [
                                        {
                                            "metaName": "DisplayMode",
                                            "metaType": "string",
                                            "metaValue": "2"
                                        },
                                        {
                                            "metaName": "LayoutPos",
                                            "metaType": "string",
                                            "metaValue": "893.11 -495.642"
                                        },
                                        {
                                            "metaName": "io_ports",
                                            "metadata": [
                                                {
                                                    "metaName": "output"
                                                },
                                                {
                                                    "metaName": "per_point_values1"
                                                }
                                            ]
                                        }
                                    ]
                                }
                            ]
                        }
                    ]
                },
                {
                    "metaName": "backdrop",
                    "metadata": [
                        {
                            "metaName": "type",
                            "metaType": "string",
                            "metaValue": "backdrop"
                        },
                        {
                            "metaName": "text",
                            "metaType": "string",
                            "metaValue": "This node generates an array of point data.\nEach element in an array of face_vertex indices that \nreference that particular point. \n"
                        },
                        {
                            "metaName": "coords",
                            "metaType": "string",
                            "metaValue": "-789.065 -483.127 284.256 411.842"
                        }
                    ]
                },
                {
                    "metaName": "_recentNode_",
                    "metaType": "string",
                    "metaValue": "BifrostGraph,Core::Conversion,vector4_to_scalar"
                },
                {
                    "metaName": "_recentNode_",
                    "metaType": "string",
                    "metaValue": "BifrostGraph,Geometry::Mesh,get_mesh_UVs"
                },
                {
                    "metaName": "_recentNode_",
                    "metaType": "string",
                    "metaValue": "BifrostGraph,Core::Conversion,scalar_to_vector4"
                },
                {
                    "metaName": "_recentNode_",
                    "metaType": "string",
                    "metaValue": "BifrostGraph,User::kmdani::Geometry,set_point_color"
                },
                {
                    "metaName": "_recentNode_",
                    "metaType": "string",
                    "metaValue": "BifrostGraph,Geometry::Properties,get_geo_property"
                },
                {
                    "metaName": "ViewportRect",
                    "metaType": "string",
                    "metaValue": "-2094.47 -870.904 2920.47 1743.4"
                },
                {
                    "metaName": "DisplayMode",
                    "metaType": "string",
                    "metaValue": "2"
                },
                {
                    "metaName": "LayoutPos",
                    "metaType": "string",
                    "metaValue": "-439.499 302.43"
                }
            ],
            "ports": [
                {
                    "portName": "cube_mesh",
                    "portDirection": "input",
                    "portType": "Amino::Object",
                    "portDefault": {}
                },
                {
                    "portName": "output",
                    "portDirection": "output"
                },
                {
                    "portName": "property",
                    "portDirection": "input",
                    "portType": "string",
                    "portDefault": "jaw"
                },
                {
                    "portName": "type",
                    "portDirection": "input",
                    "portType": "array<Math::float4>",
                    "portDefault": [],
                    "metadata": [
                        {
                            "metaName": "TypeWranglingSuggestedTypes",
                            "metaType": "string",
                            "metaValue": "array<float>, array<long>, array<uint>, array<bool>, array<string>, array<Math::float2>, array<Math::float3>, array<Math::float4>, array<Math::float3x3>, array<Math::float4x4>"
                        }
                    ]
                },
                {
                    "portName": "per_point_values1",
                    "portDirection": "output"
                }
            ],
            "compounds": [
                {
                    "name": "for_each_point",
                    "uriImported": "stream:/bifrostGraphShape1",
                    "metadata": [
                        {
                            "metaName": "icon",
                            "metaType": "string",
                            "metaValue": "<NATIVE>../icons/LoopForEach.svg"
                        },
                        {
                            "metaName": "icon",
                            "metaType": "string",
                            "metaValue": "<NATIVE>../icons/LoopForEach.svg"
                        },
                        {
                            "metaName": "_recentNode_",
                            "metaType": "string",
                            "metaValue": "BifrostGraph,Core::Type_Conversion,to_float"
                        },
                        {
                            "metaName": "_recentNode_",
                            "metaType": "string",
                            "metaValue": "BifrostGraph,Core::Type_Conversion,to_unsigned_int"
                        },
                        {
                            "metaName": "_recentNode_",
                            "metaType": "string",
                            "metaValue": "BifrostGraph,Core::Array,array_size"
                        },
                        {
                            "metaName": "_recentNode_",
                            "metaType": "string",
                            "metaValue": "BifrostGraph,Core::Math,divide"
                        },
                        {
                            "metaName": "_recentNode_",
                            "metaType": "string",
                            "metaValue": "BifrostGraph,Core::Array,sum_array"
                        },
                        {
                            "metaName": "io_nodes",
                            "metadata": [
                                {
                                    "metaName": "io_inodes",
                                    "metadata": [
                                        {
                                            "metaName": "input",
                                            "metadata": [
                                                {
                                                    "metaName": "DisplayMode",
                                                    "metaType": "string",
                                                    "metaValue": "2"
                                                },
                                                {
                                                    "metaName": "io_ports",
                                                    "metadata": [
                                                        {
                                                            "metaName": "max_iterations"
                                                        },
                                                        {
                                                            "metaName": "current_index"
                                                        },
                                                        {
                                                            "metaName": "adjacent_face_vertices"
                                                        },
                                                        {
                                                            "metaName": "face_vertex_values"
                                                        }
                                                    ]
                                                },
                                                {
                                                    "metaName": "LayoutPos",
                                                    "metaType": "string",
                                                    "metaValue": "-495.49 -65.0342"
                                                }
                                            ]
                                        }
                                    ]
                                },
                                {
                                    "metaName": "io_onodes",
                                    "metadata": [
                                        {
                                            "metaName": "output",
                                            "metadata": [
                                                {
                                                    "metaName": "DisplayMode",
                                                    "metaType": "string",
                                                    "metaValue": "2"
                                                },
                                                {
                                                    "metaName": "LayoutPos",
                                                    "metaType": "string",
                                                    "metaValue": "1391.53 -243.213"
                                                },
                                                {
                                                    "metaName": "io_ports",
                                                    "metadata": [
                                                        {
                                                            "metaName": "per_point_values"
                                                        }
                                                    ]
                                                }
                                            ]
                                        }
                                    ]
                                }
                            ]
                        },
                        {
                            "metaName": "backdrop",
                            "metadata": [
                                {
                                    "metaName": "type",
                                    "metaType": "string",
                                    "metaValue": "backdrop"
                                },
                                {
                                    "metaName": "coords",
                                    "metaType": "string",
                                    "metaValue": "-227.987 -297.054 428.213 185.693"
                                },
                                {
                                    "metaName": "text",
                                    "metaType": "string",
                                    "metaValue": "Get the face_vertex values that correspond to this point"
                                }
                            ]
                        },
                        {
                            "metaName": "backdrop1",
                            "metadata": [
                                {
                                    "metaName": "type",
                                    "metaType": "string",
                                    "metaValue": "backdrop"
                                },
                                {
                                    "metaName": "coords",
                                    "metaType": "string",
                                    "metaValue": "323.685 -266.131 476.058 243"
                                },
                                {
                                    "metaName": "text",
                                    "metaType": "string",
                                    "metaValue": "Take the average of all of the face_vertex values, and set that as the per-point value."
                                }
                            ]
                        },
                        {
                            "metaName": "ViewportRect",
                            "metaType": "string",
                            "metaValue": "-322.581 -589.029 1751.66 1045.67"
                        }
                    ],
                    "ports": [
                        {
                            "portName": "max_iterations",
                            "portDirection": "input",
                            "portType": "long",
                            "portIterationLimit": "true"
                        },
                        {
                            "portName": "current_index",
                            "portDirection": "input",
                            "portType": "long",
                            "portIterationCounter": "true"
                        },
                        {
                            "portName": "adjacent_face_vertices",
                            "portDirection": "input",
                            "portIterationTarget": "true"
                        },
                        {
                            "portName": "face_vertex_values",
                            "portDirection": "input"
                        },
                        {
                            "portName": "per_point_values",
                            "portDirection": "output",
                            "portIterationTarget": "true"
                        }
                    ],
                    "compoundNodes": [
                        {
                            "nodeName": "get_from_array",
                            "nodeType": "Core::Array::get_from_array",
                            "metadata": [
                                {
                                    "metaName": "DisplayMode",
                                    "metaType": "string",
                                    "metaValue": "2"
                                },
                                {
                                    "metaName": "LayoutPos",
                                    "metaType": "string",
                                    "metaValue": "-97.115 -276.321"
                                }
                            ]
                        },
                        {
                            "nodeName": "sum_array",
                            "nodeType": "Core::Array::sum_array",
                            "metadata": [
                                {
                                    "metaName": "DisplayMode",
                                    "metaType": "string",
                                    "metaValue": "2"
                                },
                                {
                                    "metaName": "LayoutPos",
                                    "metaType": "string",
                                    "metaValue": "331.307 -204.335"
                                }
                            ]
                        },
                        {
                            "nodeName": "divide",
                            "nodeType": "Core::Math::divide",
                            "multiInPortNames": [
                                "sum",
                                "size"
                            ],
                            "metadata": [
                                {
                                    "metaName": "DisplayMode",
                                    "metaType": "string",
                                    "metaValue": "2"
                                },
                                {
                                    "metaName": "LayoutPos",
                                    "metaType": "string",
                                    "metaValue": "577.033 -190.15"
                                }
                            ]
                        },
                        {
                            "nodeName": "array_size",
                            "nodeType": "Core::Array::array_size",
                            "metadata": [
                                {
                                    "metaName": "DisplayMode",
                                    "metaType": "string",
                                    "metaValue": "2"
                                },
                                {
                                    "metaName": "LayoutPos",
                                    "metaType": "string",
                                    "metaValue": "35.295 292.178"
                                }
                            ]
                        },
                        {
                            "nodeName": "to_float",
                            "nodeType": "Core::Type_Conversion::to_float",
                            "metadata": [
                                {
                                    "metaName": "DisplayMode",
                                    "metaType": "string",
                                    "metaValue": "2"
                                },
                                {
                                    "metaName": "LayoutPos",
                                    "metaType": "string",
                                    "metaValue": "857.404 -61.4812"
                                }
                            ]
                        }
                    ],
                    "connections": [
                        {
                            "source": "get_from_array.value",
                            "target": "sum_array.array"
                        },
                        {
                            "source": "sum_array.sum",
                            "target": "divide.first.sum"
                        },
                        {
                            "source": "divide.output",
                            "target": "to_float.from"
                        },
                        {
                            "source": "array_size.size",
                            "target": "divide.first.size"
                        },
                        {
                            "source": "to_float.float",
                            "target": ".per_point_values"
                        },
                        {
                            "source": ".adjacent_face_vertices",
                            "target": "get_from_array.index"
                        },
                        {
                            "source": ".adjacent_face_vertices",
                            "target": "array_size.array"
                        },
                        {
                            "source": ".face_vertex_values",
                            "target": "get_from_array.array"
                        }
                    ],
                    "values": [],
                    "reservedNodeNames": [
                        {
                            "name": "input"
                        },
                        {
                            "name": "output"
                        }
                    ],
                    "forEachCompound": {
                        "ports": [],
                        "grainSize": "1"
                    }
                },
                {
                    "name": "update_point_adjacent_face_vertices",
                    "uriImported": "stream:/bifrostGraphShape1",
                    "metadata": [
                        {
                            "metaName": "icon",
                            "metaType": "string",
                            "metaValue": "../icons/rebelPack.svg"
                        },
                        {
                            "metaName": "_recentNode_",
                            "metaType": "string",
                            "metaValue": "BifrostGraph,Core::Array,array_size"
                        },
                        {
                            "metaName": "_recentNode_",
                            "metaType": "string",
                            "metaValue": "BifrostGraph,Core::Iterators,for_each"
                        },
                        {
                            "metaName": "_recentNode_",
                            "metaType": "string",
                            "metaValue": "BifrostGraph,Geometry::Mesh,get_mesh_structure"
                        },
                        {
                            "metaName": "_recentNode_",
                            "metaType": "string",
                            "metaValue": "BifrostBoard,Geometry::Properties,get_point_position"
                        },
                        {
                            "metaName": "_recentNode_",
                            "metaType": "string",
                            "metaValue": "BifrostBoard,Core::Object,set_property"
                        },
                        {
                            "metaName": "DisplayMode",
                            "metaType": "string",
                            "metaValue": "2"
                        },
                        {
                            "metaName": "LayoutPos",
                            "metaType": "string",
                            "metaValue": "138.5 -312"
                        },
                        {
                            "metaName": "ViewportRect",
                            "metaType": "string",
                            "metaValue": "246.832 -33.8803 1027.43 875.034"
                        },
                        {
                            "metaName": "io_nodes",
                            "metadata": [
                                {
                                    "metaName": "io_inodes",
                                    "metadata": [
                                        {
                                            "metaName": "input",
                                            "metadata": [
                                                {
                                                    "metaName": "DisplayMode",
                                                    "metaType": "string",
                                                    "metaValue": "2"
                                                },
                                                {
                                                    "metaName": "LayoutPos",
                                                    "metaType": "string",
                                                    "metaValue": "-517.552 372.176"
                                                },
                                                {
                                                    "metaName": "io_ports",
                                                    "metadata": [
                                                        {
                                                            "metaName": "mesh"
                                                        }
                                                    ]
                                                }
                                            ]
                                        }
                                    ]
                                },
                                {
                                    "metaName": "io_onodes",
                                    "metadata": [
                                        {
                                            "metaName": "output",
                                            "metadata": [
                                                {
                                                    "metaName": "DisplayMode",
                                                    "metaType": "string",
                                                    "metaValue": "2"
                                                },
                                                {
                                                    "metaName": "LayoutPos",
                                                    "metaType": "string",
                                                    "metaValue": "1053.53 263.642"
                                                },
                                                {
                                                    "metaName": "io_ports",
                                                    "metadata": [
                                                        {
                                                            "metaName": "out_mesh"
                                                        },
                                                        {
                                                            "metaName": "out_adjacent_face_vertices"
                                                        }
                                                    ]
                                                }
                                            ]
                                        }
                                    ]
                                }
                            ]
                        }
                    ],
                    "ports": [
                        {
                            "portName": "mesh",
                            "portDirection": "input",
                            "portType": "Amino::Object"
                        },
                        {
                            "portName": "out_mesh",
                            "portDirection": "output",
                            "portType": "Amino::Object"
                        },
                        {
                            "portName": "out_adjacent_face_vertices",
                            "portDirection": "output",
                            "portType": "array<array<uint>>"
                        }
                    ],
                    "compounds": [
                        {
                            "name": "for_each",
                            "uriImported": "stream:/bifrostGraphShape1",
                            "metadata": [
                                {
                                    "metaName": "icon",
                                    "metaType": "string",
                                    "metaValue": "<NATIVE>../icons/LoopForEach.svg"
                                },
                                {
                                    "metaName": "icon",
                                    "metaType": "string",
                                    "metaValue": "<NATIVE>../icons/LoopForEach.svg"
                                },
                                {
                                    "metaName": "_recentNode_",
                                    "metaType": "string",
                                    "metaValue": "BifrostGraph,Diagnostic::Profiling,profiler_end"
                                },
                                {
                                    "metaName": "_recentNode_",
                                    "metaType": "string",
                                    "metaValue": "BifrostGraph,Diagnostic::Profiling,profiler_start"
                                },
                                {
                                    "metaName": "_recentNode_",
                                    "metaType": "string",
                                    "metaValue": "BifrostGraph,Core::Array,small_slice"
                                },
                                {
                                    "metaName": "_recentNode_",
                                    "metaType": "string",
                                    "metaValue": "BifrostGraph,Core::Array,get_from_array"
                                },
                                {
                                    "metaName": "_recentNode_",
                                    "metaType": "string",
                                    "metaValue": "BifrostGraph,Core::Math,modulo"
                                },
                                {
                                    "metaName": "ViewportRect",
                                    "metaType": "string",
                                    "metaValue": "-206 -384 1199 1066"
                                },
                                {
                                    "metaName": "io_nodes",
                                    "metadata": [
                                        {
                                            "metaName": "io_inodes",
                                            "metadata": [
                                                {
                                                    "metaName": "input",
                                                    "metadata": [
                                                        {
                                                            "metaName": "DisplayMode",
                                                            "metaType": "string",
                                                            "metaValue": "2"
                                                        },
                                                        {
                                                            "metaName": "LayoutPos",
                                                            "metaType": "string",
                                                            "metaValue": "10 35"
                                                        },
                                                        {
                                                            "metaName": "io_ports",
                                                            "metadata": [
                                                                {
                                                                    "metaName": "max_iterations"
                                                                },
                                                                {
                                                                    "metaName": "current_index"
                                                                },
                                                                {
                                                                    "metaName": "face_vertex"
                                                                },
                                                                {
                                                                    "metaName": "face_offset"
                                                                },
                                                                {
                                                                    "metaName": "face_vertex_adjacent_edge"
                                                                },
                                                                {
                                                                    "metaName": "point_face_adjacency"
                                                                },
                                                                {
                                                                    "metaName": "point_face_adjacency_index"
                                                                }
                                                            ]
                                                        }
                                                    ]
                                                }
                                            ]
                                        },
                                        {
                                            "metaName": "io_onodes",
                                            "metadata": [
                                                {
                                                    "metaName": "output",
                                                    "metadata": [
                                                        {
                                                            "metaName": "DisplayMode",
                                                            "metaType": "string",
                                                            "metaValue": "2"
                                                        },
                                                        {
                                                            "metaName": "LayoutPos",
                                                            "metaType": "string",
                                                            "metaValue": "620 11"
                                                        },
                                                        {
                                                            "metaName": "io_ports",
                                                            "metadata": [
                                                                {
                                                                    "metaName": "value"
                                                                }
                                                            ]
                                                        }
                                                    ]
                                                }
                                            ]
                                        }
                                    ]
                                }
                            ],
                            "ports": [
                                {
                                    "portName": "max_iterations",
                                    "portDirection": "input",
                                    "portType": "long",
                                    "portIterationLimit": "true"
                                },
                                {
                                    "portName": "current_index",
                                    "portDirection": "input",
                                    "portType": "long",
                                    "portIterationCounter": "true"
                                },
                                {
                                    "portName": "face_vertex",
                                    "portDirection": "input"
                                },
                                {
                                    "portName": "face_offset",
                                    "portDirection": "input"
                                },
                                {
                                    "portName": "face_vertex_adjacent_edge",
                                    "portDirection": "input"
                                },
                                {
                                    "portName": "point_face_adjacency",
                                    "portDirection": "input"
                                },
                                {
                                    "portName": "point_face_adjacency_index",
                                    "portDirection": "input"
                                },
                                {
                                    "portName": "value",
                                    "portDirection": "output",
                                    "portIterationTarget": "true"
                                }
                            ],
                            "compounds": [
                                {
                                    "name": "point_face_vertices_from_adjancency_info",
                                    "uriImported": "stream:/bifrostGraphShape1",
                                    "metadata": [
                                        {
                                            "metaName": "ViewportRect",
                                            "metaType": "string",
                                            "metaValue": "-142.433 -228.011 1307.52 1162.48"
                                        },
                                        {
                                            "metaName": "io_nodes",
                                            "metadata": [
                                                {
                                                    "metaName": "io_inodes",
                                                    "metadata": [
                                                        {
                                                            "metaName": "input",
                                                            "metadata": [
                                                                {
                                                                    "metaName": "DisplayMode",
                                                                    "metaType": "string",
                                                                    "metaValue": "2"
                                                                },
                                                                {
                                                                    "metaName": "LayoutPos",
                                                                    "metaType": "string",
                                                                    "metaValue": "10 299"
                                                                },
                                                                {
                                                                    "metaName": "io_ports",
                                                                    "metadata": [
                                                                        {
                                                                            "metaName": "point_index"
                                                                        },
                                                                        {
                                                                            "metaName": "face_vertex"
                                                                        },
                                                                        {
                                                                            "metaName": "face_offset"
                                                                        },
                                                                        {
                                                                            "metaName": "face_vertex_adjacent_edge"
                                                                        },
                                                                        {
                                                                            "metaName": "point_face_adjacency"
                                                                        },
                                                                        {
                                                                            "metaName": "point_face_adjacency_index"
                                                                        }
                                                                    ]
                                                                }
                                                            ]
                                                        }
                                                    ]
                                                },
                                                {
                                                    "metaName": "io_onodes",
                                                    "metadata": [
                                                        {
                                                            "metaName": "output",
                                                            "metadata": [
                                                                {
                                                                    "metaName": "DisplayMode",
                                                                    "metaType": "string",
                                                                    "metaValue": "2"
                                                                },
                                                                {
                                                                    "metaName": "LayoutPos",
                                                                    "metaType": "string",
                                                                    "metaValue": "957.878 256.669"
                                                                },
                                                                {
                                                                    "metaName": "io_ports",
                                                                    "metadata": [
                                                                        {
                                                                            "metaName": "point_neighbours"
                                                                        }
                                                                    ]
                                                                }
                                                            ]
                                                        }
                                                    ]
                                                }
                                            ]
                                        }
                                    ],
                                    "ports": [
                                        {
                                            "portName": "point_index",
                                            "portDirection": "input",
                                            "portType": "long"
                                        },
                                        {
                                            "portName": "face_vertex",
                                            "portDirection": "input"
                                        },
                                        {
                                            "portName": "face_offset",
                                            "portDirection": "input"
                                        },
                                        {
                                            "portName": "face_vertex_adjacent_edge",
                                            "portDirection": "input"
                                        },
                                        {
                                            "portName": "point_face_adjacency",
                                            "portDirection": "input"
                                        },
                                        {
                                            "portName": "point_face_adjacency_index",
                                            "portDirection": "input"
                                        },
                                        {
                                            "portName": "point_neighbours",
                                            "portDirection": "output",
                                            "portType": "array<uint>"
                                        }
                                    ],
                                    "compounds": [
                                        {
                                            "name": "iterate_adjacent_face_points",
                                            "uriImported": "stream:/bifrostGraphShape1",
                                            "metadata": [
                                                {
                                                    "metaName": "icon",
                                                    "metaType": "string",
                                                    "metaValue": "<NATIVE>../icons/LoopIterate.svg"
                                                },
                                                {
                                                    "metaName": "icon",
                                                    "metaType": "string",
                                                    "metaValue": "<NATIVE>../icons/LoopIterate.svg"
                                                },
                                                {
                                                    "metaName": "_recentNode_",
                                                    "metaType": "string",
                                                    "metaValue": "BifrostGraph,Core::Type_Conversion,to_unsigned_int"
                                                },
                                                {
                                                    "metaName": "_recentNode_",
                                                    "metaType": "string",
                                                    "metaValue": "BifrostGraph,Core::Math,add"
                                                },
                                                {
                                                    "metaName": "_recentNode_",
                                                    "metaType": "string",
                                                    "metaValue": "BifrostGraph,Geometry::Common,access_offset_array"
                                                },
                                                {
                                                    "metaName": "_recentNode_",
                                                    "metaType": "string",
                                                    "metaValue": "input"
                                                },
                                                {
                                                    "metaName": "_recentNode_",
                                                    "metaType": "string",
                                                    "metaValue": "BifrostGraph,Core::Graph,pass"
                                                },
                                                {
                                                    "metaName": "ViewportRect",
                                                    "metaType": "string",
                                                    "metaValue": "1027.42 -534.441 1654.05 1470.57"
                                                },
                                                {
                                                    "metaName": "io_nodes",
                                                    "metadata": [
                                                        {
                                                            "metaName": "io_inodes",
                                                            "metadata": [
                                                                {
                                                                    "metaName": "input",
                                                                    "metadata": [
                                                                        {
                                                                            "metaName": "DisplayMode",
                                                                            "metaType": "string",
                                                                            "metaValue": "2"
                                                                        },
                                                                        {
                                                                            "metaName": "LayoutPos",
                                                                            "metaType": "string",
                                                                            "metaValue": "10 82"
                                                                        },
                                                                        {
                                                                            "metaName": "io_ports",
                                                                            "metadata": [
                                                                                {
                                                                                    "metaName": "max_iterations"
                                                                                },
                                                                                {
                                                                                    "metaName": "current_fv_index"
                                                                                },
                                                                                {
                                                                                    "metaName": "point_neighbours_state"
                                                                                },
                                                                                {
                                                                                    "metaName": "face_offset"
                                                                                },
                                                                                {
                                                                                    "metaName": "face_vertex_adjacent_edge"
                                                                                },
                                                                                {
                                                                                    "metaName": "point_face_adjacency"
                                                                                }
                                                                            ]
                                                                        }
                                                                    ]
                                                                }
                                                            ]
                                                        },
                                                        {
                                                            "metaName": "io_onodes",
                                                            "metadata": [
                                                                {
                                                                    "metaName": "output",
                                                                    "metadata": [
                                                                        {
                                                                            "metaName": "DisplayMode",
                                                                            "metaType": "string",
                                                                            "metaValue": "2"
                                                                        },
                                                                        {
                                                                            "metaName": "LayoutPos",
                                                                            "metaType": "string",
                                                                            "metaValue": "2145 51"
                                                                        },
                                                                        {
                                                                            "metaName": "io_ports",
                                                                            "metadata": [
                                                                                {
                                                                                    "metaName": "point_adjacent_face_vertex"
                                                                                }
                                                                            ]
                                                                        }
                                                                    ]
                                                                }
                                                            ]
                                                        }
                                                    ]
                                                }
                                            ],
                                            "ports": [
                                                {
                                                    "portName": "max_iterations",
                                                    "portDirection": "input",
                                                    "portType": "long",
                                                    "portIterationLimit": "true"
                                                },
                                                {
                                                    "portName": "current_fv_index",
                                                    "portDirection": "input",
                                                    "portType": "long",
                                                    "portIterationCounter": "true"
                                                },
                                                {
                                                    "portName": "point_neighbours_state",
                                                    "portDirection": "input",
                                                    "portType": "array<uint>"
                                                },
                                                {
                                                    "portName": "face_offset",
                                                    "portDirection": "input"
                                                },
                                                {
                                                    "portName": "face_vertex_adjacent_edge",
                                                    "portDirection": "input"
                                                },
                                                {
                                                    "portName": "point_face_adjacency",
                                                    "portDirection": "input"
                                                },
                                                {
                                                    "portName": "point_adjacent_face_vertex",
                                                    "portDirection": "output",
                                                    "portType": "array<uint>"
                                                }
                                            ],
                                            "compoundNodes": [
                                                {
                                                    "nodeName": "value2",
                                                    "valueType": "Geometry::Mesh::FaceEdge",
                                                    "metadata": [
                                                        {
                                                            "metaName": "DisplayMode",
                                                            "metaType": "string",
                                                            "metaValue": "2"
                                                        },
                                                        {
                                                            "metaName": "LayoutPos",
                                                            "metaType": "string",
                                                            "metaValue": "611.723 193.627"
                                                        },
                                                        {
                                                            "metaName": "valuenode_defaultvalue",
                                                            "metaType": "string",
                                                            "metaValue": "0"
                                                        },
                                                        {
                                                            "metaName": "valuenode_defaultvalue",
                                                            "metaType": "string",
                                                            "metaValue": "0"
                                                        },
                                                        {
                                                            "metaName": "PortExpandedState",
                                                            "metadata": [
                                                                {
                                                                    "metaName": "output",
                                                                    "metaType": "string",
                                                                    "metaValue": "1"
                                                                }
                                                            ]
                                                        }
                                                    ]
                                                },
                                                {
                                                    "nodeName": "get_current_face_edge",
                                                    "nodeType": "Core::Array::get_from_array",
                                                    "metadata": [
                                                        {
                                                            "metaName": "DisplayMode",
                                                            "metaType": "string",
                                                            "metaValue": "2"
                                                        },
                                                        {
                                                            "metaName": "LayoutPos",
                                                            "metaType": "string",
                                                            "metaValue": "332.934 234.356"
                                                        }
                                                    ]
                                                },
                                                {
                                                    "nodeName": "access_offset_array",
                                                    "nodeType": "Geometry::Common::access_offset_array",
                                                    "metadata": [
                                                        {
                                                            "metaName": "DisplayMode",
                                                            "metaType": "string",
                                                            "metaValue": "2"
                                                        },
                                                        {
                                                            "metaName": "LayoutPos",
                                                            "metaType": "string",
                                                            "metaValue": "925 -30.0063"
                                                        }
                                                    ]
                                                },
                                                {
                                                    "nodeName": "add",
                                                    "nodeType": "Core::Math::add",
                                                    "multiInPortNames": [
                                                        "start",
                                                        "side"
                                                    ],
                                                    "metadata": [
                                                        {
                                                            "metaName": "DisplayMode",
                                                            "metaType": "string",
                                                            "metaValue": "2"
                                                        },
                                                        {
                                                            "metaName": "LayoutPos",
                                                            "metaType": "string",
                                                            "metaValue": "1230 180.109"
                                                        }
                                                    ]
                                                },
                                                {
                                                    "nodeName": "build_array2",
                                                    "nodeType": "Core::Array::build_array",
                                                    "multiInPortNames": [
                                                        "point_neighbours_state",
                                                        "output"
                                                    ],
                                                    "metadata": [
                                                        {
                                                            "metaName": "DisplayMode",
                                                            "metaType": "string",
                                                            "metaValue": "2"
                                                        },
                                                        {
                                                            "metaName": "LayoutPos",
                                                            "metaType": "string",
                                                            "metaValue": "1840 52"
                                                        }
                                                    ]
                                                },
                                                {
                                                    "nodeName": "to_unsigned_int",
                                                    "nodeType": "Core::Type_Conversion::to_unsigned_int",
                                                    "metadata": [
                                                        {
                                                            "metaName": "DisplayMode",
                                                            "metaType": "string",
                                                            "metaValue": "2"
                                                        },
                                                        {
                                                            "metaName": "LayoutPos",
                                                            "metaType": "string",
                                                            "metaValue": "1525.34 123.006"
                                                        }
                                                    ]
                                                }
                                            ],
                                            "connections": [
                                                {
                                                    "source": "value2.output.face",
                                                    "target": "access_offset_array.index"
                                                },
                                                {
                                                    "source": "value2.output.side",
                                                    "target": "add.first.side"
                                                },
                                                {
                                                    "source": "get_current_face_edge.value",
                                                    "target": "value2.value"
                                                },
                                                {
                                                    "source": "access_offset_array.start",
                                                    "target": "add.first.start"
                                                },
                                                {
                                                    "source": "add.output",
                                                    "target": "to_unsigned_int.from"
                                                },
                                                {
                                                    "source": "build_array2.array",
                                                    "target": ".point_adjacent_face_vertex"
                                                },
                                                {
                                                    "source": "to_unsigned_int.unsigned_int",
                                                    "target": "build_array2.first.output"
                                                },
                                                {
                                                    "source": ".current_fv_index",
                                                    "target": "get_current_face_edge.index"
                                                },
                                                {
                                                    "source": ".point_neighbours_state",
                                                    "target": "build_array2.first.point_neighbours_state"
                                                },
                                                {
                                                    "source": ".face_offset",
                                                    "target": "access_offset_array.offset_array"
                                                },
                                                {
                                                    "source": ".point_face_adjacency",
                                                    "target": "get_current_face_edge.array"
                                                }
                                            ],
                                            "values": [
                                                {
                                                    "valueName": "value2.value",
                                                    "valueType": "Geometry::Mesh::FaceEdge",
                                                    "value": {
                                                        "face": "0U",
                                                        "side": "0U"
                                                    }
                                                }
                                            ],
                                            "reservedNodeNames": [
                                                {
                                                    "name": "input"
                                                },
                                                {
                                                    "name": "output"
                                                }
                                            ],
                                            "iterateCompound": {
                                                "ports": [
                                                    {
                                                        "portKind": "state",
                                                        "inputPortName": "point_neighbours_state",
                                                        "outputPortName": "point_adjacent_face_vertex"
                                                    }
                                                ]
                                            }
                                        }
                                    ],
                                    "compoundNodes": [
                                        {
                                            "nodeName": "iterate_adjacent_face_points",
                                            "nodeType": "iterate_adjacent_face_points",
                                            "metadata": [
                                                {
                                                    "metaName": "DisplayMode",
                                                    "metaType": "string",
                                                    "metaValue": "2"
                                                },
                                                {
                                                    "metaName": "LayoutPos",
                                                    "metaType": "string",
                                                    "metaValue": "627.891 193.971"
                                                }
                                            ]
                                        },
                                        {
                                            "nodeName": "access_offset_array",
                                            "nodeType": "Geometry::Common::access_offset_array",
                                            "metadata": [
                                                {
                                                    "metaName": "DisplayMode",
                                                    "metaType": "string",
                                                    "metaValue": "2"
                                                },
                                                {
                                                    "metaName": "LayoutPos",
                                                    "metaType": "string",
                                                    "metaValue": "330.781 102.373"
                                                }
                                            ]
                                        }
                                    ],
                                    "connections": [
                                        {
                                            "source": "iterate_adjacent_face_points.point_adjacent_face_vertex",
                                            "target": ".point_neighbours"
                                        },
                                        {
                                            "source": "access_offset_array.start",
                                            "target": "iterate_adjacent_face_points.current_fv_index"
                                        },
                                        {
                                            "source": "access_offset_array.length",
                                            "target": "iterate_adjacent_face_points.max_iterations"
                                        },
                                        {
                                            "source": ".point_index",
                                            "target": "access_offset_array.index"
                                        },
                                        {
                                            "source": ".face_offset",
                                            "target": "iterate_adjacent_face_points.face_offset"
                                        },
                                        {
                                            "source": ".face_vertex_adjacent_edge",
                                            "target": "iterate_adjacent_face_points.face_vertex_adjacent_edge"
                                        },
                                        {
                                            "source": ".point_face_adjacency",
                                            "target": "iterate_adjacent_face_points.point_face_adjacency"
                                        },
                                        {
                                            "source": ".point_face_adjacency_index",
                                            "target": "access_offset_array.offset_array"
                                        }
                                    ],
                                    "values": [
                                        {
                                            "valueName": "iterate_adjacent_face_points.max_iterations",
                                            "valueType": "long",
                                            "value": "10"
                                        }
                                    ],
                                    "reservedNodeNames": [
                                        {
                                            "name": "input"
                                        },
                                        {
                                            "name": "output"
                                        }
                                    ]
                                }
                            ],
                            "compoundNodes": [
                                {
                                    "nodeName": "point_face_vertices_from_adjancency_info",
                                    "nodeType": "point_face_vertices_from_adjancency_info",
                                    "metadata": [
                                        {
                                            "metaName": "DisplayMode",
                                            "metaType": "string",
                                            "metaValue": "2"
                                        },
                                        {
                                            "metaName": "LayoutPos",
                                            "metaType": "string",
                                            "metaValue": "315 10"
                                        }
                                    ]
                                }
                            ],
                            "connections": [
                                {
                                    "source": "point_face_vertices_from_adjancency_info.point_neighbours",
                                    "target": ".value"
                                },
                                {
                                    "source": ".current_index",
                                    "target": "point_face_vertices_from_adjancency_info.point_index"
                                },
                                {
                                    "source": ".face_vertex",
                                    "target": "point_face_vertices_from_adjancency_info.face_vertex"
                                },
                                {
                                    "source": ".face_offset",
                                    "target": "point_face_vertices_from_adjancency_info.face_offset"
                                },
                                {
                                    "source": ".face_vertex_adjacent_edge",
                                    "target": "point_face_vertices_from_adjancency_info.face_vertex_adjacent_edge"
                                },
                                {
                                    "source": ".point_face_adjacency",
                                    "target": "point_face_vertices_from_adjancency_info.point_face_adjacency"
                                },
                                {
                                    "source": ".point_face_adjacency_index",
                                    "target": "point_face_vertices_from_adjancency_info.point_face_adjacency_index"
                                }
                            ],
                            "values": [
                                {
                                    "valueName": "point_face_vertices_from_adjancency_info.point_index",
                                    "valueType": "long",
                                    "value": "0"
                                }
                            ],
                            "reservedNodeNames": [
                                {
                                    "name": "input"
                                },
                                {
                                    "name": "output"
                                }
                            ],
                            "forEachCompound": {
                                "ports": [],
                                "grainSize": "1"
                            }
                        }
                    ],
                    "compoundNodes": [
                        {
                            "nodeName": "set_property",
                            "nodeType": "Core::Object::set_property",
                            "metadata": [
                                {
                                    "metaName": "DisplayMode",
                                    "metaType": "string",
                                    "metaValue": "2"
                                },
                                {
                                    "metaName": "LayoutPos",
                                    "metaType": "string",
                                    "metaValue": "648.566 250.176"
                                }
                            ]
                        },
                        {
                            "nodeName": "update_mesh_adjacency",
                            "nodeType": "Geometry::Internal::update_mesh_adjacency",
                            "metadata": [
                                {
                                    "metaName": "DisplayMode",
                                    "metaType": "string",
                                    "metaValue": "2"
                                },
                                {
                                    "metaName": "LayoutPos",
                                    "metaType": "string",
                                    "metaValue": "-36.3214 749.043"
                                }
                            ]
                        },
                        {
                            "nodeName": "get_mesh_structure",
                            "nodeType": "Geometry::Mesh::get_mesh_structure",
                            "metadata": [
                                {
                                    "metaName": "DisplayMode",
                                    "metaType": "string",
                                    "metaValue": "2"
                                },
                                {
                                    "metaName": "LayoutPos",
                                    "metaType": "string",
                                    "metaValue": "-39.107 250.245"
                                }
                            ]
                        },
                        {
                            "nodeName": "for_each",
                            "nodeType": "for_each",
                            "metadata": [
                                {
                                    "metaName": "DisplayMode",
                                    "metaType": "string",
                                    "metaValue": "2"
                                },
                                {
                                    "metaName": "LayoutPos",
                                    "metaType": "string",
                                    "metaValue": "326.104 421.776"
                                }
                            ]
                        }
                    ],
                    "connections": [
                        {
                            "source": "set_property.out_object",
                            "target": ".out_mesh"
                        },
                        {
                            "source": "update_mesh_adjacency.face_vertex_adjacent_edge",
                            "target": "for_each.face_vertex_adjacent_edge"
                        },
                        {
                            "source": "update_mesh_adjacency.point_face_adjacency",
                            "target": "for_each.point_face_adjacency"
                        },
                        {
                            "source": "update_mesh_adjacency.point_face_adjacency_index",
                            "target": "for_each.point_face_adjacency_index"
                        },
                        {
                            "source": "get_mesh_structure.point_count",
                            "target": "for_each.max_iterations"
                        },
                        {
                            "source": "get_mesh_structure.face_vertex",
                            "target": "for_each.face_vertex"
                        },
                        {
                            "source": "get_mesh_structure.face_offset",
                            "target": "for_each.face_offset"
                        },
                        {
                            "source": "for_each.value",
                            "target": ".out_adjacent_face_vertices"
                        },
                        {
                            "source": "for_each.value",
                            "target": "set_property.value"
                        },
                        {
                            "source": ".mesh",
                            "target": "set_property.object"
                        },
                        {
                            "source": ".mesh",
                            "target": "update_mesh_adjacency.mesh"
                        },
                        {
                            "source": ".mesh",
                            "target": "get_mesh_structure.mesh"
                        }
                    ],
                    "values": [
                        {
                            "valueName": "set_property.key",
                            "valueType": "string",
                            "value": "point_face_vertex_neighbors"
                        },
                        {
                            "valueName": "for_each.max_iterations",
                            "valueType": "long",
                            "value": "10"
                        }
                    ],
                    "reservedNodeNames": [
                        {
                            "name": "input"
                        },
                        {
                            "name": "output"
                        }
                    ]
                }
            ],
            "compoundNodes": [
                {
                    "nodeName": "for_each_point",
                    "nodeType": "for_each_point",
                    "metadata": [
                        {
                            "metaName": "DisplayMode",
                            "metaType": "string",
                            "metaValue": "2"
                        },
                        {
                            "metaName": "LayoutPos",
                            "metaType": "string",
                            "metaValue": "-170.006 -185.895"
                        }
                    ]
                },
                {
                    "nodeName": "update_point_adjacent_face_vertices",
                    "nodeType": "update_point_adjacent_face_vertices",
                    "metadata": [
                        {
                            "metaName": "DisplayMode",
                            "metaType": "string",
                            "metaValue": "2"
                        },
                        {
                            "metaName": "LayoutPos",
                            "metaType": "string",
                            "metaValue": "-759.46 -306.095"
                        }
                    ]
                },
                {
                    "nodeName": "get_mesh_structure",
                    "nodeType": "Geometry::Mesh::get_mesh_structure",
                    "metadata": [
                        {
                            "metaName": "DisplayMode",
                            "metaType": "string",
                            "metaValue": "2"
                        },
                        {
                            "metaName": "LayoutPos",
                            "metaType": "string",
                            "metaValue": "-974.151 30.7836"
                        }
                    ]
                },
                {
                    "nodeName": "pass",
                    "nodeType": "Core::Graph::pass",
                    "metadata": [
                        {
                            "metaName": "DisplayMode",
                            "metaType": "string",
                            "metaValue": "2"
                        },
                        {
                            "metaName": "LayoutPos",
                            "metaType": "string",
                            "metaValue": "-1334.64 -303.554"
                        }
                    ]
                },
                {
                    "nodeName": "get_geo_property",
                    "nodeType": "Geometry::Properties::get_geo_property",
                    "metadata": [
                        {
                            "metaName": "DisplayMode",
                            "metaType": "string",
                            "metaValue": "2"
                        },
                        {
                            "metaName": "LayoutPos",
                            "metaType": "string",
                            "metaValue": "-1008.68 426.554"
                        }
                    ]
                }
            ],
            "connections": [
                {
                    "source": "update_point_adjacent_face_vertices.out_adjacent_face_vertices",
                    "target": "for_each_point.adjacent_face_vertices"
                },
                {
                    "source": "get_mesh_structure.point_count",
                    "target": "for_each_point.max_iterations"
                },
                {
                    "source": "pass.output",
                    "target": "get_mesh_structure.mesh"
                },
                {
                    "source": "pass.output",
                    "target": "update_point_adjacent_face_vertices.mesh"
                },
                {
                    "source": "pass.output",
                    "target": ".output"
                },
                {
                    "source": ".cube_mesh",
                    "target": "pass.input"
                },
                {
                    "source": "pass.output",
                    "target": "get_geo_property.geometry"
                },
                {
                    "source": "get_geo_property.data",
                    "target": "for_each_point.face_vertex_values"
                },
                {
                    "source": ".property",
                    "target": "get_geo_property.property"
                },
                {
                    "source": ".type",
                    "target": "get_geo_property.type"
                },
                {
                    "source": "for_each_point.per_point_values",
                    "target": ".per_point_values1"
                }
            ],
            "values": [
                {
                    "valueName": "for_each_point.max_iterations",
                    "valueType": "long",
                    "value": "10"
                },
                {
                    "valueName": "get_geo_property.property",
                    "valueType": "string",
                    "value": "jaw"
                },
                {
                    "valueName": "get_geo_property.type",
                    "valueType": "array<Math::float4>",
                    "value": []
                }
            ],
            "reservedNodeNames": [
                {
                    "name": "input"
                },
                {
                    "name": "output"
                }
            ]
        }
    ]
}